filename	split	source	food_name	food_id	db_food_name	q_grade	q_label	q_ratio	angle	weight_base_g	kcal_base	weight_g	kcal
side_ÁÖ¸Ô¹ä±è¹ä·ù_Á¢½Ã_±è¹ä_Q1_00001.JPG	train	train	±è¹ä	0	ÀÏ¹Ý±è¹ä	Q1	0	0.25	side	200	348.87	50	87.22
side_ÁÖ¸Ô¹ä±è¹ä·ù_Á¢½Ã_±è¹ä_Q1_00002.JPG	train	train	±è¹ä	0	ÀÏ¹Ý±è¹ä	Q1	0	0.25	side	200	348.87	50	87.22
side_ÁÖ¸Ô¹ä±è¹ä·ù_Á¢½Ã_±è¹ä_Q1_00004.JPG	train	train	±è¹ä	0	ÀÏ¹Ý±è¹ä	Q1	0	0.25	side	200	348.87	50	87.22
side_ÁÖ¸Ô¹ä±è¹ä·ù_Á¢½Ã_±è¹ä_Q1_00005.JPG	train	train	±è¹ä	0	ÀÏ¹Ý±è¹ä	Q1	0	0.25	side	200	348.87	50	87.22
side_ÁÖ¸Ô¹ä±è¹ä·ù_Á¢½Ã_±è¹ä_Q1_00006.JPG	train	train	±è¹ä	0	ÀÏ¹Ý±è¹ä	Q1	0	0.25	side	200	348.87	50	87.22
side_ÁÖ¸Ô¹ä±è¹ä·ù_Á¢½Ã_±è¹ä_Q1_00007.JPG	train	train	±è¹ä	0	ÀÏ¹Ý±è¹ä	Q1	0	0.25	side	200	348.87	50	87.22
side_ÁÖ¸Ô¹ä±è¹ä·ù_Á¢½Ã_±è¹ä_Q1_00008.JPG	train	train	±è¹ä	0	ÀÏ¹Ý±è¹ä	Q1	0	0.25	side	200	348.87	50	87.22
side_ÁÖ¸Ô¹ä±è¹ä·ù_Á¢½Ã_±è¹ä_Q1_00009.JPG	train	train	±è¹ä	0	ÀÏ¹Ý±è¹ä	Q1	0	0.25	side	200	348.87	50	87.22
side_ÁÖ¸Ô¹ä±è¹ä·ù_Á¢½Ã_±è¹ä_Q1_00010.JPG	train	train	±è¹ä	0	ÀÏ¹Ý±è¹ä	Q1	0	0.25	side	200	348.87	50	87.22
side_ÁÖ¸Ô¹ä±è¹ä·ù_Á¢½Ã_±è¹ä_Q1_00012.JPG	train	train	±è¹ä	0	ÀÏ¹Ý±è¹ä	Q1	0	0.25	side	200	348.87	50	87.22
side_ÁÖ¸Ô¹ä±è¹ä·ù_Á¢½Ã_±è¹ä_Q1_00013.JPG	train	train	±è¹ä	0	ÀÏ¹Ý±è¹ä	Q1	0	0.25	side	200	348.87	50	87.22
side_ÁÖ¸Ô¹ä±è¹ä·ù_Á¢½Ã_±è¹ä_Q1_00014.JPG	train	train	±è¹ä	0	ÀÏ¹Ý±è¹ä	Q1	0	0.25	side	200	348.87	50	87.22
side_ÁÖ¸Ô¹ä±è¹ä·ù_Á¢½Ã_±è¹ä_Q1_00015.JPG	train	train	±è¹ä	0	ÀÏ¹Ý±è¹ä	Q1	0	0.25	side	200	348.87	50	87.22
side_ÁÖ¸Ô¹ä±è¹ä·ù_Á¢½Ã_±è¹ä_Q1_00016.JPG	train	train	±è¹ä	0	ÀÏ¹Ý±è¹ä	Q1	0	0.25	side	200	348.87	50	87.22
side_ÁÖ¸Ô¹ä±è¹ä·ù_Á¢½Ã_±è¹ä_Q1_00018.JPG	train	train	±è¹ä	0	ÀÏ¹Ý±è¹ä	Q1	0	0.25	side	200	348.87	50	87.22
side_ÁÖ¸Ô¹ä±è¹ä·ù_Á¢½Ã_±è¹ä_Q1_00019.JPG	train	train	±è¹ä	0	ÀÏ¹Ý±è¹ä	Q1	0	0.25	side	200	348.87	50	87.22
side_ÁÖ¸Ô¹ä±è¹ä·ù_Á¢½Ã_±è¹ä_Q1_00022.JPG	train	train	±è¹ä	0	ÀÏ¹Ý±è¹ä	Q1	0	0.25	side	200	348.87	50	87.22
side_ÁÖ¸Ô¹ä±è¹ä·ù_Á¢½Ã_±è¹ä_Q1_00023.JPG	train	train	±è¹ä	0	ÀÏ¹Ý±è¹ä	Q1	0	0.25	side	200	348.87	50	87.22
side_ÁÖ¸Ô¹ä±è¹ä·ù_Á¢½Ã_±è¹ä_Q1_00024.JPG	train	train	±è¹ä	0	ÀÏ¹Ý±è¹ä	Q1	0	0.25	side	200	348.87	50	87.22
side_ÁÖ¸Ô¹ä±è¹ä·ù_Á¢½Ã_±è¹ä_Q1_00026.JPG	train	train	±è¹ä	0	ÀÏ¹Ý±è¹ä	Q1	0	0.25	side	200	348.87	50	87.22
side_ÁÖ¸Ô¹ä±è¹ä·ù_Á¢½Ã_±è¹ä_Q1_00027.JPG	train	train	±è¹ä	0	ÀÏ¹Ý±è¹ä	Q1	0	0.25	side	200	348.87	50	87.22
side_ÁÖ¸Ô¹ä±è¹ä·ù_Á¢½Ã_±è¹ä_Q1_00029.JPG	train	train	±è¹ä	0	ÀÏ¹Ý±è¹ä	Q1	0	0.25	side	200	348.87	50	87.22
side_ÁÖ¸Ô¹ä±è¹ä·ù_Á¢½Ã_±è¹ä_Q1_00030.JPG	train	train	±è¹ä	0	ÀÏ¹Ý±è¹ä	Q1	0	0.25	side	200	348.87	50	87.22
side_ÁÖ¸Ô¹ä±è¹ä·ù_Á¢½Ã_±è¹ä_Q1_00031.JPG	train	train	±è¹ä	0	ÀÏ¹Ý±è¹ä	Q1	0	0.25	side	200	348.87	50	87.22
side_ÁÖ¸Ô¹ä±è¹ä·ù_Á¢½Ã_±è¹ä_Q1_00032.JPG	train	train	±è¹ä	0	ÀÏ¹Ý±è¹ä	Q1	0	0.25	side	200	348.87	50	87.22
side_ÁÖ¸Ô¹ä±è¹ä·ù_Á¢½Ã_±è¹ä_Q1_00033.JPG	train	train	±è¹ä	0	ÀÏ¹Ý±è¹ä	Q1	0	0.25	side	200	348.87	50	87.22
side_ÁÖ¸Ô¹ä±è¹ä·ù_Á¢½Ã_±è¹ä_Q1_00034.JPG	train	train	±è¹ä	0	ÀÏ¹Ý±è¹ä	Q1	0	0.25	side	200	348.87	50	87.22
side_ÁÖ¸Ô¹ä±è¹ä·ù_Á¢½Ã_±è¹ä_Q1_00035.JPG	train	train	±è¹ä	0	ÀÏ¹Ý±è¹ä	Q1	0	0.25	side	200	348.87	50	87.22
side_ÁÖ¸Ô¹ä±è¹ä·ù_Á¢½Ã_±è¹ä_Q1_00036.JPG	train	train	±è¹ä	0	ÀÏ¹Ý±è¹ä	Q1	0	0.25	side	200	348.87	50	87.22
side_ÁÖ¸Ô¹ä±è¹ä·ù_Á¢½Ã_±è¹ä_Q1_00037.JPG	train	train	±è¹ä	0	ÀÏ¹Ý±è¹ä	Q1	0	0.25	side	200	348.87	50	87.22
side_ÁÖ¸Ô¹ä±è¹ä·ù_Á¢½Ã_±è¹ä_Q1_00038.JPG	train	train	±è¹ä	0	ÀÏ¹Ý±è¹ä	Q1	0	0.25	side	200	348.87	50	87.22
side_ÁÖ¸Ô¹ä±è¹ä·ù_Á¢½Ã_±è¹ä_Q1_00039.JPG	train	train	±è¹ä	0	ÀÏ¹Ý±è¹ä	Q1	0	0.25	side	200	348.87	50	87.22
side_ÁÖ¸Ô¹ä±è¹ä·ù_Á¢½Ã_±è¹ä_Q1_00040.JPG	train	train	±è¹ä	0	ÀÏ¹Ý±è¹ä	Q1	0	0.25	side	200	348.87	50	87.22
side_ÁÖ¸Ô¹ä±è¹ä·ù_Á¢½Ã_±è¹ä_Q1_00041.JPG	train	train	±è¹ä	0	ÀÏ¹Ý±è¹ä	Q1	0	0.25	side	200	348.87	50	87.22
side_ÁÖ¸Ô¹ä±è¹ä·ù_Á¢½Ã_±è¹ä_Q1_00042.JPG	train	train	±è¹ä	0	ÀÏ¹Ý±è¹ä	Q1	0	0.25	side	200	348.87	50	87.22
side_ÁÖ¸Ô¹ä±è¹ä·ù_Á¢½Ã_±è¹ä_Q1_00043.JPG	train	train	±è¹ä	0	ÀÏ¹Ý±è¹ä	Q1	0	0.25	side	200	348.87	50	87.22
side_ÁÖ¸Ô¹ä±è¹ä·ù_Á¢½Ã_±è¹ä_Q1_00044.JPG	train	train	±è¹ä	0	ÀÏ¹Ý±è¹ä	Q1	0	0.25	side	200	348.87	50	87.22
side_ÁÖ¸Ô¹ä±è¹ä·ù_Á¢½Ã_±è¹ä_Q1_00046.JPG	train	train	±è¹ä	0	ÀÏ¹Ý±è¹ä	Q1	0	0.25	side	200	348.87	50	87.22
side_ÁÖ¸Ô¹ä±è¹ä·ù_Á¢½Ã_±è¹ä_Q1_00047.JPG	train	train	±è¹ä	0	ÀÏ¹Ý±è¹ä	Q1	0	0.25	side	200	348.87	50	87.22
side_ÁÖ¸Ô¹ä±è¹ä·ù_Á¢½Ã_±è¹ä_Q1_00048.JPG	train	train	±è¹ä	0	ÀÏ¹Ý±è¹ä	Q1	0	0.25	side	200	348.87	50	87.22
side_ÁÖ¸Ô¹ä±è¹ä·ù_Á¢½Ã_±è¹ä_Q1_00049.JPG	train	train	±è¹ä	0	ÀÏ¹Ý±è¹ä	Q1	0	0.25	side	200	348.87	50	87.22
side_ÁÖ¸Ô¹ä±è¹ä·ù_Á¢½Ã_±è¹ä_Q1_00050.JPG	train	train	±è¹ä	0	ÀÏ¹Ý±è¹ä	Q1	0	0.25	side	200	348.87	50	87.22
side_ÁÖ¸Ô¹ä±è¹ä·ù_Á¢½Ã_±è¹ä_Q1_00051.JPG	train	train	±è¹ä	0	ÀÏ¹Ý±è¹ä	Q1	0	0.25	side	200	348.87	50	87.22
side_ÁÖ¸Ô¹ä±è¹ä·ù_Á¢½Ã_±è¹ä_Q1_00053.JPG	train	train	±è¹ä	0	ÀÏ¹Ý±è¹ä	Q1	0	0.25	side	200	348.87	50	87.22
side_ÁÖ¸Ô¹ä±è¹ä·ù_Á¢½Ã_±è¹ä_Q1_00054.JPG	train	train	±è¹ä	0	ÀÏ¹Ý±è¹ä	Q1	0	0.25	side	200	348.87	50	87.22
side_ÁÖ¸Ô¹ä±è¹ä·ù_Á¢½Ã_±è¹ä_Q1_00055.JPG	train	train	±è¹ä	0	ÀÏ¹Ý±è¹ä	Q1	0	0.25	side	200	348.87	50	87.22
top_ÁÖ¸Ô¹ä±è¹ä·ù_Á¢½Ã_±è¹ä_Q1_00002.JPG	train	train	±è¹ä	0	ÀÏ¹Ý±è¹ä	Q1	0	0.25	top	200	348.87	50	87.22
top_ÁÖ¸Ô¹ä±è¹ä·ù_Á¢½Ã_±è¹ä_Q1_00003.JPG	train	train	±è¹ä	0	ÀÏ¹Ý±è¹ä	Q1	0	0.25	top	200	348.87	50	87.22
top_ÁÖ¸Ô¹ä±è¹ä·ù_Á¢½Ã_±è¹ä_Q1_00005.JPG	train	train	±è¹ä	0	ÀÏ¹Ý±è¹ä	Q1	0	0.25	top	200	348.87	50	87.22
top_ÁÖ¸Ô¹ä±è¹ä·ù_Á¢½Ã_±è¹ä_Q1_00008.JPG	train	train	±è¹ä	0	ÀÏ¹Ý±è¹ä	Q1	0	0.25	top	200	348.87	50	87.22
top_ÁÖ¸Ô¹ä±è¹ä·ù_Á¢½Ã_±è¹ä_Q1_00009.JPG	train	train	±è¹ä	0	ÀÏ¹Ý±è¹ä	Q1	0	0.25	top	200	348.87	50	87.22
top_ÁÖ¸Ô¹ä±è¹ä·ù_Á¢½Ã_±è¹ä_Q1_00012.JPG	train	train	±è¹ä	0	ÀÏ¹Ý±è¹ä	Q1	0	0.25	top	200	348.87	50	87.22
top_ÁÖ¸Ô¹ä±è¹ä·ù_Á¢½Ã_±è¹ä_Q1_00013.JPG	train	train	±è¹ä	0	ÀÏ¹Ý±è¹ä	Q1	0	0.25	top	200	348.87	50	87.22
top_ÁÖ¸Ô¹ä±è¹ä·ù_Á¢½Ã_±è¹ä_Q1_00014.JPG	train	train	±è¹ä	0	ÀÏ¹Ý±è¹ä	Q1	0	0.25	top	200	348.87	50	87.22
top_ÁÖ¸Ô¹ä±è¹ä·ù_Á¢½Ã_±è¹ä_Q1_00016.JPG	train	train	±è¹ä	0	ÀÏ¹Ý±è¹ä	Q1	0	0.25	top	200	348.87	50	87.22
top_ÁÖ¸Ô¹ä±è¹ä·ù_Á¢½Ã_±è¹ä_Q1_00017.JPG	train	train	±è¹ä	0	ÀÏ¹Ý±è¹ä	Q1	0	0.25	top	200	348.87	50	87.22
top_ÁÖ¸Ô¹ä±è¹ä·ù_Á¢½Ã_±è¹ä_Q1_00019.JPG	train	train	±è¹ä	0	ÀÏ¹Ý±è¹ä	Q1	0	0.25	top	200	348.87	50	87.22
top_ÁÖ¸Ô¹ä±è¹ä·ù_Á¢½Ã_±è¹ä_Q1_00020.JPG	train	train	±è¹ä	0	ÀÏ¹Ý±è¹ä	Q1	0	0.25	top	200	348.87	50	87.22
top_ÁÖ¸Ô¹ä±è¹ä·ù_Á¢½Ã_±è¹ä_Q1_00021.JPG	train	train	±è¹ä	0	ÀÏ¹Ý±è¹ä	Q1	0	0.25	top	200	348.87	50	87.22
top_ÁÖ¸Ô¹ä±è¹ä·ù_Á¢½Ã_±è¹ä_Q1_00022.JPG	train	train	±è¹ä	0	ÀÏ¹Ý±è¹ä	Q1	0	0.25	top	200	348.87	50	87.22
top_ÁÖ¸Ô¹ä±è¹ä·ù_Á¢½Ã_±è¹ä_Q1_00024.JPG	train	train	±è¹ä	0	ÀÏ¹Ý±è¹ä	Q1	0	0.25	top	200	348.87	50	87.22
top_ÁÖ¸Ô¹ä±è¹ä·ù_Á¢½Ã_±è¹ä_Q1_00025.JPG	train	train	±è¹ä	0	ÀÏ¹Ý±è¹ä	Q1	0	0.25	top	200	348.87	50	87.22
top_ÁÖ¸Ô¹ä±è¹ä·ù_Á¢½Ã_±è¹ä_Q1_00027.JPG	train	train	±è¹ä	0	ÀÏ¹Ý±è¹ä	Q1	0	0.25	top	200	348.87	50	87.22
top_ÁÖ¸Ô¹ä±è¹ä·ù_Á¢½Ã_±è¹ä_Q1_00028.JPG	train	train	±è¹ä	0	ÀÏ¹Ý±è¹ä	Q1	0	0.25	top	200	348.87	50	87.22
top_ÁÖ¸Ô¹ä±è¹ä·ù_Á¢½Ã_±è¹ä_Q1_00029.JPG	train	train	±è¹ä	0	ÀÏ¹Ý±è¹ä	Q1	0	0.25	top	200	348.87	50	87.22
top_ÁÖ¸Ô¹ä±è¹ä·ù_Á¢½Ã_±è¹ä_Q1_00031.JPG	train	train	±è¹ä	0	ÀÏ¹Ý±è¹ä	Q1	0	0.25	top	200	348.87	50	87.22
top_ÁÖ¸Ô¹ä±è¹ä·ù_Á¢½Ã_±è¹ä_Q1_00032.JPG	train	train	±è¹ä	0	ÀÏ¹Ý±è¹ä	Q1	0	0.25	top	200	348.87	50	87.22
top_ÁÖ¸Ô¹ä±è¹ä·ù_Á¢½Ã_±è¹ä_Q1_00033.JPG	train	train	±è¹ä	0	ÀÏ¹Ý±è¹ä	Q1	0	0.25	top	200	348.87	50	87.22
top_ÁÖ¸Ô¹ä±è¹ä·ù_Á¢½Ã_±è¹ä_Q1_00034.JPG	train	train	±è¹ä	0	ÀÏ¹Ý±è¹ä	Q1	0	0.25	top	200	348.87	50	87.22
top_ÁÖ¸Ô¹ä±è¹ä·ù_Á¢½Ã_±è¹ä_Q1_00035.JPG	train	train	±è¹ä	0	ÀÏ¹Ý±è¹ä	Q1	0	0.25	top	200	348.87	50	87.22
top_ÁÖ¸Ô¹ä±è¹ä·ù_Á¢½Ã_±è¹ä_Q1_00036.JPG	train	train	±è¹ä	0	ÀÏ¹Ý±è¹ä	Q1	0	0.25	top	200	348.87	50	87.22
top_ÁÖ¸Ô¹ä±è¹ä·ù_Á¢½Ã_±è¹ä_Q1_00037.JPG	train	train	±è¹ä	0	ÀÏ¹Ý±è¹ä	Q1	0	0.25	top	200	348.87	50	87.22
top_ÁÖ¸Ô¹ä±è¹ä·ù_Á¢½Ã_±è¹ä_Q1_00038.JPG	train	train	±è¹ä	0	ÀÏ¹Ý±è¹ä	Q1	0	0.25	top	200	348.87	50	87.22
top_ÁÖ¸Ô¹ä±è¹ä·ù_Á¢½Ã_±è¹ä_Q1_00039.JPG	train	train	±è¹ä	0	ÀÏ¹Ý±è¹ä	Q1	0	0.25	top	200	348.87	50	87.22
top_ÁÖ¸Ô¹ä±è¹ä·ù_Á¢½Ã_±è¹ä_Q1_00041.JPG	train	train	±è¹ä	0	ÀÏ¹Ý±è¹ä	Q1	0	0.25	top	200	348.87	50	87.22
top_ÁÖ¸Ô¹ä±è¹ä·ù_Á¢½Ã_±è¹ä_Q1_00042.JPG	train	train	±è¹ä	0	ÀÏ¹Ý±è¹ä	Q1	0	0.25	top	200	348.87	50	87.22
top_ÁÖ¸Ô¹ä±è¹ä·ù_Á¢½Ã_±è¹ä_Q1_00043.JPG	train	train	±è¹ä	0	ÀÏ¹Ý±è¹ä	Q1	0	0.25	top	200	348.87	50	87.22
top_ÁÖ¸Ô¹ä±è¹ä·ù_Á¢½Ã_±è¹ä_Q1_00044.JPG	train	train	±è¹ä	0	ÀÏ¹Ý±è¹ä	Q1	0	0.25	top	200	348.87	50	87.22
top_ÁÖ¸Ô¹ä±è¹ä·ù_Á¢½Ã_±è¹ä_Q1_00045.JPG	train	train	±è¹ä	0	ÀÏ¹Ý±è¹ä	Q1	0	0.25	top	200	348.87	50	87.22
top_ÁÖ¸Ô¹ä±è¹ä·ù_Á¢½Ã_±è¹ä_Q1_00046.JPG	train	train	±è¹ä	0	ÀÏ¹Ý±è¹ä	Q1	0	0.25	top	200	348.87	50	87.22
top_ÁÖ¸Ô¹ä±è¹ä·ù_Á¢½Ã_±è¹ä_Q1_00047.JPG	train	train	±è¹ä	0	ÀÏ¹Ý±è¹ä	Q1	0	0.25	top	200	348.87	50	87.22
top_ÁÖ¸Ô¹ä±è¹ä·ù_Á¢½Ã_±è¹ä_Q1_00048.JPG	train	train	±è¹ä	0	ÀÏ¹Ý±è¹ä	Q1	0	0.25	top	200	348.87	50	87.22
top_ÁÖ¸Ô¹ä±è¹ä·ù_Á¢½Ã_±è¹ä_Q1_00049.JPG	train	train	±è¹ä	0	ÀÏ¹Ý±è¹ä	Q1	0	0.25	top	200	348.87	50	87.22
top_ÁÖ¸Ô¹ä±è¹ä·ù_Á¢½Ã_±è¹ä_Q1_00050.JPG	train	train	±è¹ä	0	ÀÏ¹Ý±è¹ä	Q1	0	0.25	top	200	348.87	50	87.22
top_ÁÖ¸Ô¹ä±è¹ä·ù_Á¢½Ã_±è¹ä_Q1_00051.JPG	train	train	±è¹ä	0	ÀÏ¹Ý±è¹ä	Q1	0	0.25	top	200	348.87	50	87.22
top_ÁÖ¸Ô¹ä±è¹ä·ù_Á¢½Ã_±è¹ä_Q1_00052.JPG	train	train	±è¹ä	0	ÀÏ¹Ý±è¹ä	Q1	0	0.25	top	200	348.87	50	87.22
side_ÁÖ¸Ô¹ä±è¹ä·ù_Á¢½Ã_±è¹ä_Q2_00001.JPG	train	train	±è¹ä	0	ÀÏ¹Ý±è¹ä	Q2	1	0.5	side	200	348.87	100	174.44
side_ÁÖ¸Ô¹ä±è¹ä·ù_Á¢½Ã_±è¹ä_Q2_00002.JPG	train	train	±è¹ä	0	ÀÏ¹Ý±è¹ä	Q2	1	0.5	side	200	348.87	100	174.44
side_ÁÖ¸Ô¹ä±è¹ä·ù_Á¢½Ã_±è¹ä_Q2_00004.JPG	train	train	±è¹ä	0	ÀÏ¹Ý±è¹ä	Q2	1	0.5	side	200	348.87	100	174.44
side_ÁÖ¸Ô¹ä±è¹ä·ù_Á¢½Ã_±è¹ä_Q2_00005.JPG	train	train	±è¹ä	0	ÀÏ¹Ý±è¹ä	Q2	1	0.5	side	200	348.87	100	174.44
side_ÁÖ¸Ô¹ä±è¹ä·ù_Á¢½Ã_±è¹ä_Q2_00006.JPG	train	train	±è¹ä	0	ÀÏ¹Ý±è¹ä	Q2	1	0.5	side	200	348.87	100	174.44
side_ÁÖ¸Ô¹ä±è¹ä·ù_Á¢½Ã_±è¹ä_Q2_00007.JPG	train	train	±è¹ä	0	ÀÏ¹Ý±è¹ä	Q2	1	0.5	side	200	348.87	100	174.44
side_ÁÖ¸Ô¹ä±è¹ä·ù_Á¢½Ã_±è¹ä_Q2_00008.JPG	train	train	±è¹ä	0	ÀÏ¹Ý±è¹ä	Q2	1	0.5	side	200	348.87	100	174.44
side_ÁÖ¸Ô¹ä±è¹ä·ù_Á¢½Ã_±è¹ä_Q2_00009.JPG	train	train	±è¹ä	0	ÀÏ¹Ý±è¹ä	Q2	1	0.5	side	200	348.87	100	174.44
side_ÁÖ¸Ô¹ä±è¹ä·ù_Á¢½Ã_±è¹ä_Q2_00011.JPG	train	train	±è¹ä	0	ÀÏ¹Ý±è¹ä	Q2	1	0.5	side	200	348.87	100	174.44
side_ÁÖ¸Ô¹ä±è¹ä·ù_Á¢½Ã_±è¹ä_Q2_00014.JPG	train	train	±è¹ä	0	ÀÏ¹Ý±è¹ä	Q2	1	0.5	side	200	348.87	100	174.44
side_ÁÖ¸Ô¹ä±è¹ä·ù_Á¢½Ã_±è¹ä_Q2_00016.JPG	train	train	±è¹ä	0	ÀÏ¹Ý±è¹ä	Q2	1	0.5	side	200	348.87	100	174.44
side_ÁÖ¸Ô¹ä±è¹ä·ù_Á¢½Ã_±è¹ä_Q2_00017.JPG	train	train	±è¹ä	0	ÀÏ¹Ý±è¹ä	Q2	1	0.5	side	200	348.87	100	174.44
side_ÁÖ¸Ô¹ä±è¹ä·ù_Á¢½Ã_±è¹ä_Q2_00018.JPG	train	train	±è¹ä	0	ÀÏ¹Ý±è¹ä	Q2	1	0.5	side	200	348.87	100	174.44
side_ÁÖ¸Ô¹ä±è¹ä·ù_Á¢½Ã_±è¹ä_Q2_00019.JPG	train	train	±è¹ä	0	ÀÏ¹Ý±è¹ä	Q2	1	0.5	side	200	348.87	100	174.44
side_ÁÖ¸Ô¹ä±è¹ä·ù_Á¢½Ã_±è¹ä_Q2_00020.JPG	train	train	±è¹ä	0	ÀÏ¹Ý±è¹ä	Q2	1	0.5	side	200	348.87	100	174.44
side_ÁÖ¸Ô¹ä±è¹ä·ù_Á¢½Ã_±è¹ä_Q2_00021.JPG	train	train	±è¹ä	0	ÀÏ¹Ý±è¹ä	Q2	1	0.5	side	200	348.87	100	174.44
side_ÁÖ¸Ô¹ä±è¹ä·ù_Á¢½Ã_±è¹ä_Q2_00022.JPG	train	train	±è¹ä	0	ÀÏ¹Ý±è¹ä	Q2	1	0.5	side	200	348.87	100	174.44
side_ÁÖ¸Ô¹ä±è¹ä·ù_Á¢½Ã_±è¹ä_Q2_00023.JPG	train	train	±è¹ä	0	ÀÏ¹Ý±è¹ä	Q2	1	0.5	side	200	348.87	100	174.44
side_ÁÖ¸Ô¹ä±è¹ä·ù_Á¢½Ã_±è¹ä_Q2_00027.JPG	train	train	±è¹ä	0	ÀÏ¹Ý±è¹ä	Q2	1	0.5	side	200	348.87	100	174.44
side_ÁÖ¸Ô¹ä±è¹ä·ù_Á¢½Ã_±è¹ä_Q2_00028.JPG	train	train	±è¹ä	0	ÀÏ¹Ý±è¹ä	Q2	1	0.5	side	200	348.87	100	174.44
side_ÁÖ¸Ô¹ä±è¹ä·ù_Á¢½Ã_±è¹ä_Q2_00029.JPG	train	train	±è¹ä	0	ÀÏ¹Ý±è¹ä	Q2	1	0.5	side	200	348.87	100	174.44
side_ÁÖ¸Ô¹ä±è¹ä·ù_Á¢½Ã_±è¹ä_Q2_00031.JPG	train	train	±è¹ä	0	ÀÏ¹Ý±è¹ä	Q2	1	0.5	side	200	348.87	100	174.44
side_ÁÖ¸Ô¹ä±è¹ä·ù_Á¢½Ã_±è¹ä_Q2_00032.JPG	train	train	±è¹ä	0	ÀÏ¹Ý±è¹ä	Q2	1	0.5	side	200	348.87	100	174.44
side_ÁÖ¸Ô¹ä±è¹ä·ù_Á¢½Ã_±è¹ä_Q2_00033.JPG	train	train	±è¹ä	0	ÀÏ¹Ý±è¹ä	Q2	1	0.5	side	200	348.87	100	174.44
side_ÁÖ¸Ô¹ä±è¹ä·ù_Á¢½Ã_±è¹ä_Q2_00034.JPG	train	train	±è¹ä	0	ÀÏ¹Ý±è¹ä	Q2	1	0.5	side	200	348.87	100	174.44
side_ÁÖ¸Ô¹ä±è¹ä·ù_Á¢½Ã_±è¹ä_Q2_00035.JPG	train	train	±è¹ä	0	ÀÏ¹Ý±è¹ä	Q2	1	0.5	side	200	348.87	100	174.44
side_ÁÖ¸Ô¹ä±è¹ä·ù_Á¢½Ã_±è¹ä_Q2_00036.JPG	train	train	±è¹ä	0	ÀÏ¹Ý±è¹ä	Q2	1	0.5	side	200	348.87	100	174.44
side_ÁÖ¸Ô¹ä±è¹ä·ù_Á¢½Ã_±è¹ä_Q2_00037.JPG	train	train	±è¹ä	0	ÀÏ¹Ý±è¹ä	Q2	1	0.5	side	200	348.87	100	174.44
side_ÁÖ¸Ô¹ä±è¹ä·ù_Á¢½Ã_±è¹ä_Q2_00038.JPG	train	train	±è¹ä	0	ÀÏ¹Ý±è¹ä	Q2	1	0.5	side	200	348.87	100	174.44
side_ÁÖ¸Ô¹ä±è¹ä·ù_Á¢½Ã_±è¹ä_Q2_00039.JPG	train	train	±è¹ä	0	ÀÏ¹Ý±è¹ä	Q2	1	0.5	side	200	348.87	100	174.44
side_ÁÖ¸Ô¹ä±è¹ä·ù_Á¢½Ã_±è¹ä_Q2_00040.JPG	train	train	±è¹ä	0	ÀÏ¹Ý±è¹ä	Q2	1	0.5	side	200	348.87	100	174.44
side_ÁÖ¸Ô¹ä±è¹ä·ù_Á¢½Ã_±è¹ä_Q2_00041.JPG	train	train	±è¹ä	0	ÀÏ¹Ý±è¹ä	Q2	1	0.5	side	200	348.87	100	174.44
side_ÁÖ¸Ô¹ä±è¹ä·ù_Á¢½Ã_±è¹ä_Q2_00042.JPG	train	train	±è¹ä	0	ÀÏ¹Ý±è¹ä	Q2	1	0.5	side	200	348.87	100	174.44
side_ÁÖ¸Ô¹ä±è¹ä·ù_Á¢½Ã_±è¹ä_Q2_00043.JPG	train	train	±è¹ä	0	ÀÏ¹Ý±è¹ä	Q2	1	0.5	side	200	348.87	100	174.44
side_ÁÖ¸Ô¹ä±è¹ä·ù_Á¢½Ã_±è¹ä_Q2_00044.JPG	train	train	±è¹ä	0	ÀÏ¹Ý±è¹ä	Q2	1	0.5	side	200	348.87	100	174.44
side_ÁÖ¸Ô¹ä±è¹ä·ù_Á¢½Ã_±è¹ä_Q2_00045.JPG	train	train	±è¹ä	0	ÀÏ¹Ý±è¹ä	Q2	1	0.5	side	200	348.87	100	174.44
side_ÁÖ¸Ô¹ä±è¹ä·ù_Á¢½Ã_±è¹ä_Q2_00046.JPG	train	train	±è¹ä	0	ÀÏ¹Ý±è¹ä	Q2	1	0.5	side	200	348.87	100	174.44
side_ÁÖ¸Ô¹ä±è¹ä·ù_Á¢½Ã_±è¹ä_Q2_00047.JPG	train	train	±è¹ä	0	ÀÏ¹Ý±è¹ä	Q2	1	0.5	side	200	348.87	100	174.44
side_ÁÖ¸Ô¹ä±è¹ä·ù_Á¢½Ã_±è¹ä_Q2_00048.JPG	train	train	±è¹ä	0	ÀÏ¹Ý±è¹ä	Q2	1	0.5	side	200	348.87	100	174.44
side_ÁÖ¸Ô¹ä±è¹ä·ù_Á¢½Ã_±è¹ä_Q2_00049.JPG	train	train	±è¹ä	0	ÀÏ¹Ý±è¹ä	Q2	1	0.5	side	200	348.87	100	174.44
side_ÁÖ¸Ô¹ä±è¹ä·ù_Á¢½Ã_±è¹ä_Q2_00050.JPG	train	train	±è¹ä	0	ÀÏ¹Ý±è¹ä	Q2	1	0.5	side	200	348.87	100	174.44
side_ÁÖ¸Ô¹ä±è¹ä·ù_Á¢½Ã_±è¹ä_Q2_00052.JPG	train	train	±è¹ä	0	ÀÏ¹Ý±è¹ä	Q2	1	0.5	side	200	348.87	100	174.44
side_ÁÖ¸Ô¹ä±è¹ä·ù_Á¢½Ã_±è¹ä_Q2_00053.JPG	train	train	±è¹ä	0	ÀÏ¹Ý±è¹ä	Q2	1	0.5	side	200	348.87	100	174.44
top_ÁÖ¸Ô¹ä±è¹ä·ù_Á¢½Ã_±è¹ä_Q2_00001.JPG	train	train	±è¹ä	0	ÀÏ¹Ý±è¹ä	Q2	1	0.5	top	200	348.87	100	174.44
top_ÁÖ¸Ô¹ä±è¹ä·ù_Á¢½Ã_±è¹ä_Q2_00002.JPG	train	train	±è¹ä	0	ÀÏ¹Ý±è¹ä	Q2	1	0.5	top	200	348.87	100	174.44
top_ÁÖ¸Ô¹ä±è¹ä·ù_Á¢½Ã_±è¹ä_Q2_00003.JPG	train	train	±è¹ä	0	ÀÏ¹Ý±è¹ä	Q2	1	0.5	top	200	348.87	100	174.44
top_ÁÖ¸Ô¹ä±è¹ä·ù_Á¢½Ã_±è¹ä_Q2_00004.JPG	train	train	±è¹ä	0	ÀÏ¹Ý±è¹ä	Q2	1	0.5	top	200	348.87	100	174.44
top_ÁÖ¸Ô¹ä±è¹ä·ù_Á¢½Ã_±è¹ä_Q2_00005.JPG	train	train	±è¹ä	0	ÀÏ¹Ý±è¹ä	Q2	1	0.5	top	200	348.87	100	174.44
top_ÁÖ¸Ô¹ä±è¹ä·ù_Á¢½Ã_±è¹ä_Q2_00006.JPG	train	train	±è¹ä	0	ÀÏ¹Ý±è¹ä	Q2	1	0.5	top	200	348.87	100	174.44
top_ÁÖ¸Ô¹ä±è¹ä·ù_Á¢½Ã_±è¹ä_Q2_00007.JPG	train	train	±è¹ä	0	ÀÏ¹Ý±è¹ä	Q2	1	0.5	top	200	348.87	100	174.44
top_ÁÖ¸Ô¹ä±è¹ä·ù_Á¢½Ã_±è¹ä_Q2_00008.JPG	train	train	±è¹ä	0	ÀÏ¹Ý±è¹ä	Q2	1	0.5	top	200	348.87	100	174.44
top_ÁÖ¸Ô¹ä±è¹ä·ù_Á¢½Ã_±è¹ä_Q2_00009.JPG	train	train	±è¹ä	0	ÀÏ¹Ý±è¹ä	Q2	1	0.5	top	200	348.87	100	174.44
top_ÁÖ¸Ô¹ä±è¹ä·ù_Á¢½Ã_±è¹ä_Q2_00010.JPG	train	train	±è¹ä	0	ÀÏ¹Ý±è¹ä	Q2	1	0.5	top	200	348.87	100	174.44
top_ÁÖ¸Ô¹ä±è¹ä·ù_Á¢½Ã_±è¹ä_Q2_00011.JPG	train	train	±è¹ä	0	ÀÏ¹Ý±è¹ä	Q2	1	0.5	top	200	348.87	100	174.44
top_ÁÖ¸Ô¹ä±è¹ä·ù_Á¢½Ã_±è¹ä_Q2_00012.JPG	train	train	±è¹ä	0	ÀÏ¹Ý±è¹ä	Q2	1	0.5	top	200	348.87	100	174.44
top_ÁÖ¸Ô¹ä±è¹ä·ù_Á¢½Ã_±è¹ä_Q2_00013.JPG	train	train	±è¹ä	0	ÀÏ¹Ý±è¹ä	Q2	1	0.5	top	200	348.87	100	174.44
top_ÁÖ¸Ô¹ä±è¹ä·ù_Á¢½Ã_±è¹ä_Q2_00014.JPG	train	train	±è¹ä	0	ÀÏ¹Ý±è¹ä	Q2	1	0.5	top	200	348.87	100	174.44
top_ÁÖ¸Ô¹ä±è¹ä·ù_Á¢½Ã_±è¹ä_Q2_00015.JPG	train	train	±è¹ä	0	ÀÏ¹Ý±è¹ä	Q2	1	0.5	top	200	348.87	100	174.44
top_ÁÖ¸Ô¹ä±è¹ä·ù_Á¢½Ã_±è¹ä_Q2_00016.JPG	train	train	±è¹ä	0	ÀÏ¹Ý±è¹ä	Q2	1	0.5	top	200	348.87	100	174.44
top_ÁÖ¸Ô¹ä±è¹ä·ù_Á¢½Ã_±è¹ä_Q2_00017.JPG	train	train	±è¹ä	0	ÀÏ¹Ý±è¹ä	Q2	1	0.5	top	200	348.87	100	174.44
top_ÁÖ¸Ô¹ä±è¹ä·ù_Á¢½Ã_±è¹ä_Q2_00018.JPG	train	train	±è¹ä	0	ÀÏ¹Ý±è¹ä	Q2	1	0.5	top	200	348.87	100	174.44
top_ÁÖ¸Ô¹ä±è¹ä·ù_Á¢½Ã_±è¹ä_Q2_00019.JPG	train	train	±è¹ä	0	ÀÏ¹Ý±è¹ä	Q2	1	0.5	top	200	348.87	100	174.44
top_ÁÖ¸Ô¹ä±è¹ä·ù_Á¢½Ã_±è¹ä_Q2_00020.JPG	train	train	±è¹ä	0	ÀÏ¹Ý±è¹ä	Q2	1	0.5	top	200	348.87	100	174.44
top_ÁÖ¸Ô¹ä±è¹ä·ù_Á¢½Ã_±è¹ä_Q2_00021.JPG	train	train	±è¹ä	0	ÀÏ¹Ý±è¹ä	Q2	1	0.5	top	200	348.87	100	174.44
top_ÁÖ¸Ô¹ä±è¹ä·ù_Á¢½Ã_±è¹ä_Q2_00022.JPG	train	train	±è¹ä	0	ÀÏ¹Ý±è¹ä	Q2	1	0.5	top	200	348.87	100	174.44
top_ÁÖ¸Ô¹ä±è¹ä·ù_Á¢½Ã_±è¹ä_Q2_00023.JPG	train	train	±è¹ä	0	ÀÏ¹Ý±è¹ä	Q2	1	0.5	top	200	348.87	100	174.44
top_ÁÖ¸Ô¹ä±è¹ä·ù_Á¢½Ã_±è¹ä_Q2_00024.JPG	train	train	±è¹ä	0	ÀÏ¹Ý±è¹ä	Q2	1	0.5	top	200	348.87	100	174.44
top_ÁÖ¸Ô¹ä±è¹ä·ù_Á¢½Ã_±è¹ä_Q2_00026.JPG	train	train	±è¹ä	0	ÀÏ¹Ý±è¹ä	Q2	1	0.5	top	200	348.87	100	174.44
top_ÁÖ¸Ô¹ä±è¹ä·ù_Á¢½Ã_±è¹ä_Q2_00027.JPG	train	train	±è¹ä	0	ÀÏ¹Ý±è¹ä	Q2	1	0.5	top	200	348.87	100	174.44
top_ÁÖ¸Ô¹ä±è¹ä·ù_Á¢½Ã_±è¹ä_Q2_00028.JPG	train	train	±è¹ä	0	ÀÏ¹Ý±è¹ä	Q2	1	0.5	top	200	348.87	100	174.44
top_ÁÖ¸Ô¹ä±è¹ä·ù_Á¢½Ã_±è¹ä_Q2_00029.JPG	train	train	±è¹ä	0	ÀÏ¹Ý±è¹ä	Q2	1	0.5	top	200	348.87	100	174.44
top_ÁÖ¸Ô¹ä±è¹ä·ù_Á¢½Ã_±è¹ä_Q2_00030.JPG	train	train	±è¹ä	0	ÀÏ¹Ý±è¹ä	Q2	1	0.5	top	200	348.87	100	174.44
top_ÁÖ¸Ô¹ä±è¹ä·ù_Á¢½Ã_±è¹ä_Q2_00033.JPG	train	train	±è¹ä	0	ÀÏ¹Ý±è¹ä	Q2	1	0.5	top	200	348.87	100	174.44
top_ÁÖ¸Ô¹ä±è¹ä·ù_Á¢½Ã_±è¹ä_Q2_00035.JPG	train	train	±è¹ä	0	ÀÏ¹Ý±è¹ä	Q2	1	0.5	top	200	348.87	100	174.44
top_ÁÖ¸Ô¹ä±è¹ä·ù_Á¢½Ã_±è¹ä_Q2_00038.JPG	train	train	±è¹ä	0	ÀÏ¹Ý±è¹ä	Q2	1	0.5	top	200	348.87	100	174.44
top_ÁÖ¸Ô¹ä±è¹ä·ù_Á¢½Ã_±è¹ä_Q2_00039.JPG	train	train	±è¹ä	0	ÀÏ¹Ý±è¹ä	Q2	1	0.5	top	200	348.87	100	174.44
top_ÁÖ¸Ô¹ä±è¹ä·ù_Á¢½Ã_±è¹ä_Q2_00040.JPG	train	train	±è¹ä	0	ÀÏ¹Ý±è¹ä	Q2	1	0.5	top	200	348.87	100	174.44
top_ÁÖ¸Ô¹ä±è¹ä·ù_Á¢½Ã_±è¹ä_Q2_00041.JPG	train	train	±è¹ä	0	ÀÏ¹Ý±è¹ä	Q2	1	0.5	top	200	348.87	100	174.44
top_ÁÖ¸Ô¹ä±è¹ä·ù_Á¢½Ã_±è¹ä_Q2_00042.JPG	train	train	±è¹ä	0	ÀÏ¹Ý±è¹ä	Q2	1	0.5	top	200	348.87	100	174.44
top_ÁÖ¸Ô¹ä±è¹ä·ù_Á¢½Ã_±è¹ä_Q2_00044.JPG	train	train	±è¹ä	0	ÀÏ¹Ý±è¹ä	Q2	1	0.5	top	200	348.87	100	174.44
top_ÁÖ¸Ô¹ä±è¹ä·ù_Á¢½Ã_±è¹ä_Q2_00045.JPG	train	train	±è¹ä	0	ÀÏ¹Ý±è¹ä	Q2	1	0.5	top	200	348.87	100	174.44
top_ÁÖ¸Ô¹ä±è¹ä·ù_Á¢½Ã_±è¹ä_Q2_00046.JPG	train	train	±è¹ä	0	ÀÏ¹Ý±è¹ä	Q2	1	0.5	top	200	348.87	100	174.44
top_ÁÖ¸Ô¹ä±è¹ä·ù_Á¢½Ã_±è¹ä_Q2_00047.JPG	train	train	±è¹ä	0	ÀÏ¹Ý±è¹ä	Q2	1	0.5	top	200	348.87	100	174.44
top_ÁÖ¸Ô¹ä±è¹ä·ù_Á¢½Ã_±è¹ä_Q2_00049.JPG	train	train	±è¹ä	0	ÀÏ¹Ý±è¹ä	Q2	1	0.5	top	200	348.87	100	174.44
top_ÁÖ¸Ô¹ä±è¹ä·ù_Á¢½Ã_±è¹ä_Q2_00050.JPG	train	train	±è¹ä	0	ÀÏ¹Ý±è¹ä	Q2	1	0.5	top	200	348.87	100	174.44
side_ÁÖ¸Ô¹ä±è¹ä·ù_Á¢½Ã_±è¹ä_Q3_00002.JPG	train	train	±è¹ä	0	ÀÏ¹Ý±è¹ä	Q3	2	0.75	side	200	348.87	150	261.65
side_ÁÖ¸Ô¹ä±è¹ä·ù_Á¢½Ã_±è¹ä_Q3_00003.JPG	train	train	±è¹ä	0	ÀÏ¹Ý±è¹ä	Q3	2	0.75	side	200	348.87	150	261.65
side_ÁÖ¸Ô¹ä±è¹ä·ù_Á¢½Ã_±è¹ä_Q3_00004.JPG	train	train	±è¹ä	0	ÀÏ¹Ý±è¹ä	Q3	2	0.75	side	200	348.87	150	261.65
side_ÁÖ¸Ô¹ä±è¹ä·ù_Á¢½Ã_±è¹ä_Q3_00005.JPG	train	train	±è¹ä	0	ÀÏ¹Ý±è¹ä	Q3	2	0.75	side	200	348.87	150	261.65
side_ÁÖ¸Ô¹ä±è¹ä·ù_Á¢½Ã_±è¹ä_Q3_00006.JPG	train	train	±è¹ä	0	ÀÏ¹Ý±è¹ä	Q3	2	0.75	side	200	348.87	150	261.65
side_ÁÖ¸Ô¹ä±è¹ä·ù_Á¢½Ã_±è¹ä_Q3_00007.JPG	train	train	±è¹ä	0	ÀÏ¹Ý±è¹ä	Q3	2	0.75	side	200	348.87	150	261.65
side_ÁÖ¸Ô¹ä±è¹ä·ù_Á¢½Ã_±è¹ä_Q3_00010.JPG	train	train	±è¹ä	0	ÀÏ¹Ý±è¹ä	Q3	2	0.75	side	200	348.87	150	261.65
side_ÁÖ¸Ô¹ä±è¹ä·ù_Á¢½Ã_±è¹ä_Q3_00011.JPG	train	train	±è¹ä	0	ÀÏ¹Ý±è¹ä	Q3	2	0.75	side	200	348.87	150	261.65
side_ÁÖ¸Ô¹ä±è¹ä·ù_Á¢½Ã_±è¹ä_Q3_00012.JPG	train	train	±è¹ä	0	ÀÏ¹Ý±è¹ä	Q3	2	0.75	side	200	348.87	150	261.65
side_ÁÖ¸Ô¹ä±è¹ä·ù_Á¢½Ã_±è¹ä_Q3_00014.JPG	train	train	±è¹ä	0	ÀÏ¹Ý±è¹ä	Q3	2	0.75	side	200	348.87	150	261.65
side_ÁÖ¸Ô¹ä±è¹ä·ù_Á¢½Ã_±è¹ä_Q3_00015.JPG	train	train	±è¹ä	0	ÀÏ¹Ý±è¹ä	Q3	2	0.75	side	200	348.87	150	261.65
side_ÁÖ¸Ô¹ä±è¹ä·ù_Á¢½Ã_±è¹ä_Q3_00017.JPG	train	train	±è¹ä	0	ÀÏ¹Ý±è¹ä	Q3	2	0.75	side	200	348.87	150	261.65
side_ÁÖ¸Ô¹ä±è¹ä·ù_Á¢½Ã_±è¹ä_Q3_00018.JPG	train	train	±è¹ä	0	ÀÏ¹Ý±è¹ä	Q3	2	0.75	side	200	348.87	150	261.65
side_ÁÖ¸Ô¹ä±è¹ä·ù_Á¢½Ã_±è¹ä_Q3_00019.JPG	train	train	±è¹ä	0	ÀÏ¹Ý±è¹ä	Q3	2	0.75	side	200	348.87	150	261.65
side_ÁÖ¸Ô¹ä±è¹ä·ù_Á¢½Ã_±è¹ä_Q3_00020.JPG	train	train	±è¹ä	0	ÀÏ¹Ý±è¹ä	Q3	2	0.75	side	200	348.87	150	261.65
side_ÁÖ¸Ô¹ä±è¹ä·ù_Á¢½Ã_±è¹ä_Q3_00021.JPG	train	train	±è¹ä	0	ÀÏ¹Ý±è¹ä	Q3	2	0.75	side	200	348.87	150	261.65
side_ÁÖ¸Ô¹ä±è¹ä·ù_Á¢½Ã_±è¹ä_Q3_00022.JPG	train	train	±è¹ä	0	ÀÏ¹Ý±è¹ä	Q3	2	0.75	side	200	348.87	150	261.65
side_ÁÖ¸Ô¹ä±è¹ä·ù_Á¢½Ã_±è¹ä_Q3_00023.JPG	train	train	±è¹ä	0	ÀÏ¹Ý±è¹ä	Q3	2	0.75	side	200	348.87	150	261.65
side_ÁÖ¸Ô¹ä±è¹ä·ù_Á¢½Ã_±è¹ä_Q3_00024.JPG	train	train	±è¹ä	0	ÀÏ¹Ý±è¹ä	Q3	2	0.75	side	200	348.87	150	261.65
side_ÁÖ¸Ô¹ä±è¹ä·ù_Á¢½Ã_±è¹ä_Q3_00025.JPG	train	train	±è¹ä	0	ÀÏ¹Ý±è¹ä	Q3	2	0.75	side	200	348.87	150	261.65
side_ÁÖ¸Ô¹ä±è¹ä·ù_Á¢½Ã_±è¹ä_Q3_00026.JPG	train	train	±è¹ä	0	ÀÏ¹Ý±è¹ä	Q3	2	0.75	side	200	348.87	150	261.65
side_ÁÖ¸Ô¹ä±è¹ä·ù_Á¢½Ã_±è¹ä_Q3_00027.JPG	train	train	±è¹ä	0	ÀÏ¹Ý±è¹ä	Q3	2	0.75	side	200	348.87	150	261.65
side_ÁÖ¸Ô¹ä±è¹ä·ù_Á¢½Ã_±è¹ä_Q3_00028.JPG	train	train	±è¹ä	0	ÀÏ¹Ý±è¹ä	Q3	2	0.75	side	200	348.87	150	261.65
side_ÁÖ¸Ô¹ä±è¹ä·ù_Á¢½Ã_±è¹ä_Q3_00029.JPG	train	train	±è¹ä	0	ÀÏ¹Ý±è¹ä	Q3	2	0.75	side	200	348.87	150	261.65
side_ÁÖ¸Ô¹ä±è¹ä·ù_Á¢½Ã_±è¹ä_Q3_00030.JPG	train	train	±è¹ä	0	ÀÏ¹Ý±è¹ä	Q3	2	0.75	side	200	348.87	150	261.65
side_ÁÖ¸Ô¹ä±è¹ä·ù_Á¢½Ã_±è¹ä_Q3_00031.JPG	train	train	±è¹ä	0	ÀÏ¹Ý±è¹ä	Q3	2	0.75	side	200	348.87	150	261.65
side_ÁÖ¸Ô¹ä±è¹ä·ù_Á¢½Ã_±è¹ä_Q3_00032.JPG	train	train	±è¹ä	0	ÀÏ¹Ý±è¹ä	Q3	2	0.75	side	200	348.87	150	261.65
side_ÁÖ¸Ô¹ä±è¹ä·ù_Á¢½Ã_±è¹ä_Q3_00033.JPG	train	train	±è¹ä	0	ÀÏ¹Ý±è¹ä	Q3	2	0.75	side	200	348.87	150	261.65
side_ÁÖ¸Ô¹ä±è¹ä·ù_Á¢½Ã_±è¹ä_Q3_00035.JPG	train	train	±è¹ä	0	ÀÏ¹Ý±è¹ä	Q3	2	0.75	side	200	348.87	150	261.65
side_ÁÖ¸Ô¹ä±è¹ä·ù_Á¢½Ã_±è¹ä_Q3_00037.JPG	train	train	±è¹ä	0	ÀÏ¹Ý±è¹ä	Q3	2	0.75	side	200	348.87	150	261.65
side_ÁÖ¸Ô¹ä±è¹ä·ù_Á¢½Ã_±è¹ä_Q3_00038.JPG	train	train	±è¹ä	0	ÀÏ¹Ý±è¹ä	Q3	2	0.75	side	200	348.87	150	261.65
side_ÁÖ¸Ô¹ä±è¹ä·ù_Á¢½Ã_±è¹ä_Q3_00039.JPG	train	train	±è¹ä	0	ÀÏ¹Ý±è¹ä	Q3	2	0.75	side	200	348.87	150	261.65
side_ÁÖ¸Ô¹ä±è¹ä·ù_Á¢½Ã_±è¹ä_Q3_00040.JPG	train	train	±è¹ä	0	ÀÏ¹Ý±è¹ä	Q3	2	0.75	side	200	348.87	150	261.65
side_ÁÖ¸Ô¹ä±è¹ä·ù_Á¢½Ã_±è¹ä_Q3_00041.JPG	train	train	±è¹ä	0	ÀÏ¹Ý±è¹ä	Q3	2	0.75	side	200	348.87	150	261.65
side_ÁÖ¸Ô¹ä±è¹ä·ù_Á¢½Ã_±è¹ä_Q3_00042.JPG	train	train	±è¹ä	0	ÀÏ¹Ý±è¹ä	Q3	2	0.75	side	200	348.87	150	261.65
side_ÁÖ¸Ô¹ä±è¹ä·ù_Á¢½Ã_±è¹ä_Q3_00043.JPG	train	train	±è¹ä	0	ÀÏ¹Ý±è¹ä	Q3	2	0.75	side	200	348.87	150	261.65
side_ÁÖ¸Ô¹ä±è¹ä·ù_Á¢½Ã_±è¹ä_Q3_00045.JPG	train	train	±è¹ä	0	ÀÏ¹Ý±è¹ä	Q3	2	0.75	side	200	348.87	150	261.65
side_ÁÖ¸Ô¹ä±è¹ä·ù_Á¢½Ã_±è¹ä_Q3_00046.JPG	train	train	±è¹ä	0	ÀÏ¹Ý±è¹ä	Q3	2	0.75	side	200	348.87	150	261.65
side_ÁÖ¸Ô¹ä±è¹ä·ù_Á¢½Ã_±è¹ä_Q3_00049.JPG	train	train	±è¹ä	0	ÀÏ¹Ý±è¹ä	Q3	2	0.75	side	200	348.87	150	261.65
side_ÁÖ¸Ô¹ä±è¹ä·ù_Á¢½Ã_±è¹ä_Q3_00050.JPG	train	train	±è¹ä	0	ÀÏ¹Ý±è¹ä	Q3	2	0.75	side	200	348.87	150	261.65
side_ÁÖ¸Ô¹ä±è¹ä·ù_Á¢½Ã_±è¹ä_Q3_00051.JPG	train	train	±è¹ä	0	ÀÏ¹Ý±è¹ä	Q3	2	0.75	side	200	348.87	150	261.65
side_ÁÖ¸Ô¹ä±è¹ä·ù_Á¢½Ã_±è¹ä_Q3_00052.JPG	train	train	±è¹ä	0	ÀÏ¹Ý±è¹ä	Q3	2	0.75	side	200	348.87	150	261.65
side_ÁÖ¸Ô¹ä±è¹ä·ù_Á¢½Ã_±è¹ä_Q3_00053.JPG	train	train	±è¹ä	0	ÀÏ¹Ý±è¹ä	Q3	2	0.75	side	200	348.87	150	261.65
top_ÁÖ¸Ô¹ä±è¹ä·ù_Á¢½Ã_±è¹ä_Q3_00002.JPG	train	train	±è¹ä	0	ÀÏ¹Ý±è¹ä	Q3	2	0.75	top	200	348.87	150	261.65
top_ÁÖ¸Ô¹ä±è¹ä·ù_Á¢½Ã_±è¹ä_Q3_00003.JPG	train	train	±è¹ä	0	ÀÏ¹Ý±è¹ä	Q3	2	0.75	top	200	348.87	150	261.65
top_ÁÖ¸Ô¹ä±è¹ä·ù_Á¢½Ã_±è¹ä_Q3_00004.JPG	train	train	±è¹ä	0	ÀÏ¹Ý±è¹ä	Q3	2	0.75	top	200	348.87	150	261.65
top_ÁÖ¸Ô¹ä±è¹ä·ù_Á¢½Ã_±è¹ä_Q3_00006.JPG	train	train	±è¹ä	0	ÀÏ¹Ý±è¹ä	Q3	2	0.75	top	200	348.87	150	261.65
top_ÁÖ¸Ô¹ä±è¹ä·ù_Á¢½Ã_±è¹ä_Q3_00007.JPG	train	train	±è¹ä	0	ÀÏ¹Ý±è¹ä	Q3	2	0.75	top	200	348.87	150	261.65
top_ÁÖ¸Ô¹ä±è¹ä·ù_Á¢½Ã_±è¹ä_Q3_00008.JPG	train	train	±è¹ä	0	ÀÏ¹Ý±è¹ä	Q3	2	0.75	top	200	348.87	150	261.65
top_ÁÖ¸Ô¹ä±è¹ä·ù_Á¢½Ã_±è¹ä_Q3_00009.JPG	train	train	±è¹ä	0	ÀÏ¹Ý±è¹ä	Q3	2	0.75	top	200	348.87	150	261.65
top_ÁÖ¸Ô¹ä±è¹ä·ù_Á¢½Ã_±è¹ä_Q3_00010.JPG	train	train	±è¹ä	0	ÀÏ¹Ý±è¹ä	Q3	2	0.75	top	200	348.87	150	261.65
top_ÁÖ¸Ô¹ä±è¹ä·ù_Á¢½Ã_±è¹ä_Q3_00011.JPG	train	train	±è¹ä	0	ÀÏ¹Ý±è¹ä	Q3	2	0.75	top	200	348.87	150	261.65
top_ÁÖ¸Ô¹ä±è¹ä·ù_Á¢½Ã_±è¹ä_Q3_00012.JPG	train	train	±è¹ä	0	ÀÏ¹Ý±è¹ä	Q3	2	0.75	top	200	348.87	150	261.65
top_ÁÖ¸Ô¹ä±è¹ä·ù_Á¢½Ã_±è¹ä_Q3_00013.JPG	train	train	±è¹ä	0	ÀÏ¹Ý±è¹ä	Q3	2	0.75	top	200	348.87	150	261.65
top_ÁÖ¸Ô¹ä±è¹ä·ù_Á¢½Ã_±è¹ä_Q3_00014.JPG	train	train	±è¹ä	0	ÀÏ¹Ý±è¹ä	Q3	2	0.75	top	200	348.87	150	261.65
top_ÁÖ¸Ô¹ä±è¹ä·ù_Á¢½Ã_±è¹ä_Q3_00015.JPG	train	train	±è¹ä	0	ÀÏ¹Ý±è¹ä	Q3	2	0.75	top	200	348.87	150	261.65
top_ÁÖ¸Ô¹ä±è¹ä·ù_Á¢½Ã_±è¹ä_Q3_00016.JPG	train	train	±è¹ä	0	ÀÏ¹Ý±è¹ä	Q3	2	0.75	top	200	348.87	150	261.65
top_ÁÖ¸Ô¹ä±è¹ä·ù_Á¢½Ã_±è¹ä_Q3_00017.JPG	train	train	±è¹ä	0	ÀÏ¹Ý±è¹ä	Q3	2	0.75	top	200	348.87	150	261.65
top_ÁÖ¸Ô¹ä±è¹ä·ù_Á¢½Ã_±è¹ä_Q3_00018.JPG	train	train	±è¹ä	0	ÀÏ¹Ý±è¹ä	Q3	2	0.75	top	200	348.87	150	261.65
top_ÁÖ¸Ô¹ä±è¹ä·ù_Á¢½Ã_±è¹ä_Q3_00019.JPG	train	train	±è¹ä	0	ÀÏ¹Ý±è¹ä	Q3	2	0.75	top	200	348.87	150	261.65
top_ÁÖ¸Ô¹ä±è¹ä·ù_Á¢½Ã_±è¹ä_Q3_00021.JPG	train	train	±è¹ä	0	ÀÏ¹Ý±è¹ä	Q3	2	0.75	top	200	348.87	150	261.65
top_ÁÖ¸Ô¹ä±è¹ä·ù_Á¢½Ã_±è¹ä_Q3_00022.JPG	train	train	±è¹ä	0	ÀÏ¹Ý±è¹ä	Q3	2	0.75	top	200	348.87	150	261.65
top_ÁÖ¸Ô¹ä±è¹ä·ù_Á¢½Ã_±è¹ä_Q3_00026.JPG	train	train	±è¹ä	0	ÀÏ¹Ý±è¹ä	Q3	2	0.75	top	200	348.87	150	261.65
top_ÁÖ¸Ô¹ä±è¹ä·ù_Á¢½Ã_±è¹ä_Q3_00028.JPG	train	train	±è¹ä	0	ÀÏ¹Ý±è¹ä	Q3	2	0.75	top	200	348.87	150	261.65
top_ÁÖ¸Ô¹ä±è¹ä·ù_Á¢½Ã_±è¹ä_Q3_00029.JPG	train	train	±è¹ä	0	ÀÏ¹Ý±è¹ä	Q3	2	0.75	top	200	348.87	150	261.65
top_ÁÖ¸Ô¹ä±è¹ä·ù_Á¢½Ã_±è¹ä_Q3_00030.JPG	train	train	±è¹ä	0	ÀÏ¹Ý±è¹ä	Q3	2	0.75	top	200	348.87	150	261.65
top_ÁÖ¸Ô¹ä±è¹ä·ù_Á¢½Ã_±è¹ä_Q3_00031.JPG	train	train	±è¹ä	0	ÀÏ¹Ý±è¹ä	Q3	2	0.75	top	200	348.87	150	261.65
top_ÁÖ¸Ô¹ä±è¹ä·ù_Á¢½Ã_±è¹ä_Q3_00032.JPG	train	train	±è¹ä	0	ÀÏ¹Ý±è¹ä	Q3	2	0.75	top	200	348.87	150	261.65
top_ÁÖ¸Ô¹ä±è¹ä·ù_Á¢½Ã_±è¹ä_Q3_00033.JPG	train	train	±è¹ä	0	ÀÏ¹Ý±è¹ä	Q3	2	0.75	top	200	348.87	150	261.65
top_ÁÖ¸Ô¹ä±è¹ä·ù_Á¢½Ã_±è¹ä_Q3_00035.JPG	train	train	±è¹ä	0	ÀÏ¹Ý±è¹ä	Q3	2	0.75	top	200	348.87	150	261.65
top_ÁÖ¸Ô¹ä±è¹ä·ù_Á¢½Ã_±è¹ä_Q3_00036.JPG	train	train	±è¹ä	0	ÀÏ¹Ý±è¹ä	Q3	2	0.75	top	200	348.87	150	261.65
top_ÁÖ¸Ô¹ä±è¹ä·ù_Á¢½Ã_±è¹ä_Q3_00037.JPG	train	train	±è¹ä	0	ÀÏ¹Ý±è¹ä	Q3	2	0.75	top	200	348.87	150	261.65
top_ÁÖ¸Ô¹ä±è¹ä·ù_Á¢½Ã_±è¹ä_Q3_00039.JPG	train	train	±è¹ä	0	ÀÏ¹Ý±è¹ä	Q3	2	0.75	top	200	348.87	150	261.65
top_ÁÖ¸Ô¹ä±è¹ä·ù_Á¢½Ã_±è¹ä_Q3_00040.JPG	train	train	±è¹ä	0	ÀÏ¹Ý±è¹ä	Q3	2	0.75	top	200	348.87	150	261.65
top_ÁÖ¸Ô¹ä±è¹ä·ù_Á¢½Ã_±è¹ä_Q3_00042.JPG	train	train	±è¹ä	0	ÀÏ¹Ý±è¹ä	Q3	2	0.75	top	200	348.87	150	261.65
top_ÁÖ¸Ô¹ä±è¹ä·ù_Á¢½Ã_±è¹ä_Q3_00043.JPG	train	train	±è¹ä	0	ÀÏ¹Ý±è¹ä	Q3	2	0.75	top	200	348.87	150	261.65
top_ÁÖ¸Ô¹ä±è¹ä·ù_Á¢½Ã_±è¹ä_Q3_00044.JPG	train	train	±è¹ä	0	ÀÏ¹Ý±è¹ä	Q3	2	0.75	top	200	348.87	150	261.65
top_ÁÖ¸Ô¹ä±è¹ä·ù_Á¢½Ã_±è¹ä_Q3_00045.JPG	train	train	±è¹ä	0	ÀÏ¹Ý±è¹ä	Q3	2	0.75	top	200	348.87	150	261.65
top_ÁÖ¸Ô¹ä±è¹ä·ù_Á¢½Ã_±è¹ä_Q3_00046.JPG	train	train	±è¹ä	0	ÀÏ¹Ý±è¹ä	Q3	2	0.75	top	200	348.87	150	261.65
top_ÁÖ¸Ô¹ä±è¹ä·ù_Á¢½Ã_±è¹ä_Q3_00047.JPG	train	train	±è¹ä	0	ÀÏ¹Ý±è¹ä	Q3	2	0.75	top	200	348.87	150	261.65
top_ÁÖ¸Ô¹ä±è¹ä·ù_Á¢½Ã_±è¹ä_Q3_00048.JPG	train	train	±è¹ä	0	ÀÏ¹Ý±è¹ä	Q3	2	0.75	top	200	348.87	150	261.65
top_ÁÖ¸Ô¹ä±è¹ä·ù_Á¢½Ã_±è¹ä_Q3_00049.JPG	train	train	±è¹ä	0	ÀÏ¹Ý±è¹ä	Q3	2	0.75	top	200	348.87	150	261.65
top_ÁÖ¸Ô¹ä±è¹ä·ù_Á¢½Ã_±è¹ä_Q3_00050.JPG	train	train	±è¹ä	0	ÀÏ¹Ý±è¹ä	Q3	2	0.75	top	200	348.87	150	261.65
top_ÁÖ¸Ô¹ä±è¹ä·ù_Á¢½Ã_±è¹ä_Q3_00051.JPG	train	train	±è¹ä	0	ÀÏ¹Ý±è¹ä	Q3	2	0.75	top	200	348.87	150	261.65
top_ÁÖ¸Ô¹ä±è¹ä·ù_Á¢½Ã_±è¹ä_Q3_00052.JPG	train	train	±è¹ä	0	ÀÏ¹Ý±è¹ä	Q3	2	0.75	top	200	348.87	150	261.65
side_ÁÖ¸Ô¹ä±è¹ä·ù_Á¢½Ã_±è¹ä_Q4_00001.JPG	train	train	±è¹ä	0	ÀÏ¹Ý±è¹ä	Q4	3	1	side	200	348.87	200	348.87
side_ÁÖ¸Ô¹ä±è¹ä·ù_Á¢½Ã_±è¹ä_Q4_00002.JPG	train	train	±è¹ä	0	ÀÏ¹Ý±è¹ä	Q4	3	1	side	200	348.87	200	348.87
side_ÁÖ¸Ô¹ä±è¹ä·ù_Á¢½Ã_±è¹ä_Q4_00003.JPG	train	train	±è¹ä	0	ÀÏ¹Ý±è¹ä	Q4	3	1	side	200	348.87	200	348.87
side_ÁÖ¸Ô¹ä±è¹ä·ù_Á¢½Ã_±è¹ä_Q4_00005.JPG	train	train	±è¹ä	0	ÀÏ¹Ý±è¹ä	Q4	3	1	side	200	348.87	200	348.87
side_ÁÖ¸Ô¹ä±è¹ä·ù_Á¢½Ã_±è¹ä_Q4_00006.JPG	train	train	±è¹ä	0	ÀÏ¹Ý±è¹ä	Q4	3	1	side	200	348.87	200	348.87
side_ÁÖ¸Ô¹ä±è¹ä·ù_Á¢½Ã_±è¹ä_Q4_00008.JPG	train	train	±è¹ä	0	ÀÏ¹Ý±è¹ä	Q4	3	1	side	200	348.87	200	348.87
side_ÁÖ¸Ô¹ä±è¹ä·ù_Á¢½Ã_±è¹ä_Q4_00009.JPG	train	train	±è¹ä	0	ÀÏ¹Ý±è¹ä	Q4	3	1	side	200	348.87	200	348.87
side_ÁÖ¸Ô¹ä±è¹ä·ù_Á¢½Ã_±è¹ä_Q4_00010.JPG	train	train	±è¹ä	0	ÀÏ¹Ý±è¹ä	Q4	3	1	side	200	348.87	200	348.87
side_ÁÖ¸Ô¹ä±è¹ä·ù_Á¢½Ã_±è¹ä_Q4_00011.JPG	train	train	±è¹ä	0	ÀÏ¹Ý±è¹ä	Q4	3	1	side	200	348.87	200	348.87
side_ÁÖ¸Ô¹ä±è¹ä·ù_Á¢½Ã_±è¹ä_Q4_00012.JPG	train	train	±è¹ä	0	ÀÏ¹Ý±è¹ä	Q4	3	1	side	200	348.87	200	348.87
side_ÁÖ¸Ô¹ä±è¹ä·ù_Á¢½Ã_±è¹ä_Q4_00013.JPG	train	train	±è¹ä	0	ÀÏ¹Ý±è¹ä	Q4	3	1	side	200	348.87	200	348.87
side_ÁÖ¸Ô¹ä±è¹ä·ù_Á¢½Ã_±è¹ä_Q4_00014.JPG	train	train	±è¹ä	0	ÀÏ¹Ý±è¹ä	Q4	3	1	side	200	348.87	200	348.87
side_ÁÖ¸Ô¹ä±è¹ä·ù_Á¢½Ã_±è¹ä_Q4_00016.JPG	train	train	±è¹ä	0	ÀÏ¹Ý±è¹ä	Q4	3	1	side	200	348.87	200	348.87
side_ÁÖ¸Ô¹ä±è¹ä·ù_Á¢½Ã_±è¹ä_Q4_00017.JPG	train	train	±è¹ä	0	ÀÏ¹Ý±è¹ä	Q4	3	1	side	200	348.87	200	348.87
side_ÁÖ¸Ô¹ä±è¹ä·ù_Á¢½Ã_±è¹ä_Q4_00018.JPG	train	train	±è¹ä	0	ÀÏ¹Ý±è¹ä	Q4	3	1	side	200	348.87	200	348.87
side_ÁÖ¸Ô¹ä±è¹ä·ù_Á¢½Ã_±è¹ä_Q4_00020.JPG	train	train	±è¹ä	0	ÀÏ¹Ý±è¹ä	Q4	3	1	side	200	348.87	200	348.87
side_ÁÖ¸Ô¹ä±è¹ä·ù_Á¢½Ã_±è¹ä_Q4_00021.JPG	train	train	±è¹ä	0	ÀÏ¹Ý±è¹ä	Q4	3	1	side	200	348.87	200	348.87
side_ÁÖ¸Ô¹ä±è¹ä·ù_Á¢½Ã_±è¹ä_Q4_00023.JPG	train	train	±è¹ä	0	ÀÏ¹Ý±è¹ä	Q4	3	1	side	200	348.87	200	348.87
side_ÁÖ¸Ô¹ä±è¹ä·ù_Á¢½Ã_±è¹ä_Q4_00026.JPG	train	train	±è¹ä	0	ÀÏ¹Ý±è¹ä	Q4	3	1	side	200	348.87	200	348.87
side_ÁÖ¸Ô¹ä±è¹ä·ù_Á¢½Ã_±è¹ä_Q4_00027.JPG	train	train	±è¹ä	0	ÀÏ¹Ý±è¹ä	Q4	3	1	side	200	348.87	200	348.87
side_ÁÖ¸Ô¹ä±è¹ä·ù_Á¢½Ã_±è¹ä_Q4_00028.JPG	train	train	±è¹ä	0	ÀÏ¹Ý±è¹ä	Q4	3	1	side	200	348.87	200	348.87
side_ÁÖ¸Ô¹ä±è¹ä·ù_Á¢½Ã_±è¹ä_Q4_00029.JPG	train	train	±è¹ä	0	ÀÏ¹Ý±è¹ä	Q4	3	1	side	200	348.87	200	348.87
side_ÁÖ¸Ô¹ä±è¹ä·ù_Á¢½Ã_±è¹ä_Q4_00030.JPG	train	train	±è¹ä	0	ÀÏ¹Ý±è¹ä	Q4	3	1	side	200	348.87	200	348.87
side_ÁÖ¸Ô¹ä±è¹ä·ù_Á¢½Ã_±è¹ä_Q4_00031.JPG	train	train	±è¹ä	0	ÀÏ¹Ý±è¹ä	Q4	3	1	side	200	348.87	200	348.87
side_ÁÖ¸Ô¹ä±è¹ä·ù_Á¢½Ã_±è¹ä_Q4_00033.JPG	train	train	±è¹ä	0	ÀÏ¹Ý±è¹ä	Q4	3	1	side	200	348.87	200	348.87
side_ÁÖ¸Ô¹ä±è¹ä·ù_Á¢½Ã_±è¹ä_Q4_00035.JPG	train	train	±è¹ä	0	ÀÏ¹Ý±è¹ä	Q4	3	1	side	200	348.87	200	348.87
side_ÁÖ¸Ô¹ä±è¹ä·ù_Á¢½Ã_±è¹ä_Q4_00036.JPG	train	train	±è¹ä	0	ÀÏ¹Ý±è¹ä	Q4	3	1	side	200	348.87	200	348.87
side_ÁÖ¸Ô¹ä±è¹ä·ù_Á¢½Ã_±è¹ä_Q4_00037.JPG	train	train	±è¹ä	0	ÀÏ¹Ý±è¹ä	Q4	3	1	side	200	348.87	200	348.87
side_ÁÖ¸Ô¹ä±è¹ä·ù_Á¢½Ã_±è¹ä_Q4_00038.JPG	train	train	±è¹ä	0	ÀÏ¹Ý±è¹ä	Q4	3	1	side	200	348.87	200	348.87
side_ÁÖ¸Ô¹ä±è¹ä·ù_Á¢½Ã_±è¹ä_Q4_00039.JPG	train	train	±è¹ä	0	ÀÏ¹Ý±è¹ä	Q4	3	1	side	200	348.87	200	348.87
side_ÁÖ¸Ô¹ä±è¹ä·ù_Á¢½Ã_±è¹ä_Q4_00041.JPG	train	train	±è¹ä	0	ÀÏ¹Ý±è¹ä	Q4	3	1	side	200	348.87	200	348.87
side_ÁÖ¸Ô¹ä±è¹ä·ù_Á¢½Ã_±è¹ä_Q4_00042.JPG	train	train	±è¹ä	0	ÀÏ¹Ý±è¹ä	Q4	3	1	side	200	348.87	200	348.87
side_ÁÖ¸Ô¹ä±è¹ä·ù_Á¢½Ã_±è¹ä_Q4_00044.JPG	train	train	±è¹ä	0	ÀÏ¹Ý±è¹ä	Q4	3	1	side	200	348.87	200	348.87
side_ÁÖ¸Ô¹ä±è¹ä·ù_Á¢½Ã_±è¹ä_Q4_00045.JPG	train	train	±è¹ä	0	ÀÏ¹Ý±è¹ä	Q4	3	1	side	200	348.87	200	348.87
side_ÁÖ¸Ô¹ä±è¹ä·ù_Á¢½Ã_±è¹ä_Q4_00046.JPG	train	train	±è¹ä	0	ÀÏ¹Ý±è¹ä	Q4	3	1	side	200	348.87	200	348.87
side_ÁÖ¸Ô¹ä±è¹ä·ù_Á¢½Ã_±è¹ä_Q4_00047.JPG	train	train	±è¹ä	0	ÀÏ¹Ý±è¹ä	Q4	3	1	side	200	348.87	200	348.87
side_ÁÖ¸Ô¹ä±è¹ä·ù_Á¢½Ã_±è¹ä_Q4_00048.JPG	train	train	±è¹ä	0	ÀÏ¹Ý±è¹ä	Q4	3	1	side	200	348.87	200	348.87
side_ÁÖ¸Ô¹ä±è¹ä·ù_Á¢½Ã_±è¹ä_Q4_00049.JPG	train	train	±è¹ä	0	ÀÏ¹Ý±è¹ä	Q4	3	1	side	200	348.87	200	348.87
side_ÁÖ¸Ô¹ä±è¹ä·ù_Á¢½Ã_±è¹ä_Q4_00050.JPG	train	train	±è¹ä	0	ÀÏ¹Ý±è¹ä	Q4	3	1	side	200	348.87	200	348.87
side_ÁÖ¸Ô¹ä±è¹ä·ù_Á¢½Ã_±è¹ä_Q4_00051.JPG	train	train	±è¹ä	0	ÀÏ¹Ý±è¹ä	Q4	3	1	side	200	348.87	200	348.87
side_ÁÖ¸Ô¹ä±è¹ä·ù_Á¢½Ã_±è¹ä_Q4_00052.JPG	train	train	±è¹ä	0	ÀÏ¹Ý±è¹ä	Q4	3	1	side	200	348.87	200	348.87
side_ÁÖ¸Ô¹ä±è¹ä·ù_Á¢½Ã_±è¹ä_Q4_00053.JPG	train	train	±è¹ä	0	ÀÏ¹Ý±è¹ä	Q4	3	1	side	200	348.87	200	348.87
side_ÁÖ¸Ô¹ä±è¹ä·ù_Á¢½Ã_±è¹ä_Q4_00054.JPG	train	train	±è¹ä	0	ÀÏ¹Ý±è¹ä	Q4	3	1	side	200	348.87	200	348.87
side_ÁÖ¸Ô¹ä±è¹ä·ù_Á¢½Ã_±è¹ä_Q4_00055.JPG	train	train	±è¹ä	0	ÀÏ¹Ý±è¹ä	Q4	3	1	side	200	348.87	200	348.87
side_ÁÖ¸Ô¹ä±è¹ä·ù_Á¢½Ã_±è¹ä_Q4_00056.JPG	train	train	±è¹ä	0	ÀÏ¹Ý±è¹ä	Q4	3	1	side	200	348.87	200	348.87
side_ÁÖ¸Ô¹ä±è¹ä·ù_Á¢½Ã_±è¹ä_Q4_00057.JPG	train	train	±è¹ä	0	ÀÏ¹Ý±è¹ä	Q4	3	1	side	200	348.87	200	348.87
side_ÁÖ¸Ô¹ä±è¹ä·ù_Á¢½Ã_±è¹ä_Q4_00058.JPG	train	train	±è¹ä	0	ÀÏ¹Ý±è¹ä	Q4	3	1	side	200	348.87	200	348.87
top_ÁÖ¸Ô¹ä±è¹ä·ù_Á¢½Ã_±è¹ä_Q4_00001.JPG	train	train	±è¹ä	0	ÀÏ¹Ý±è¹ä	Q4	3	1	top	200	348.87	200	348.87
top_ÁÖ¸Ô¹ä±è¹ä·ù_Á¢½Ã_±è¹ä_Q4_00003.JPG	train	train	±è¹ä	0	ÀÏ¹Ý±è¹ä	Q4	3	1	top	200	348.87	200	348.87
top_ÁÖ¸Ô¹ä±è¹ä·ù_Á¢½Ã_±è¹ä_Q4_00004.JPG	train	train	±è¹ä	0	ÀÏ¹Ý±è¹ä	Q4	3	1	top	200	348.87	200	348.87
top_ÁÖ¸Ô¹ä±è¹ä·ù_Á¢½Ã_±è¹ä_Q4_00006.JPG	train	train	±è¹ä	0	ÀÏ¹Ý±è¹ä	Q4	3	1	top	200	348.87	200	348.87
top_ÁÖ¸Ô¹ä±è¹ä·ù_Á¢½Ã_±è¹ä_Q4_00007.JPG	train	train	±è¹ä	0	ÀÏ¹Ý±è¹ä	Q4	3	1	top	200	348.87	200	348.87
top_ÁÖ¸Ô¹ä±è¹ä·ù_Á¢½Ã_±è¹ä_Q4_00008.JPG	train	train	±è¹ä	0	ÀÏ¹Ý±è¹ä	Q4	3	1	top	200	348.87	200	348.87
top_ÁÖ¸Ô¹ä±è¹ä·ù_Á¢½Ã_±è¹ä_Q4_00009.JPG	train	train	±è¹ä	0	ÀÏ¹Ý±è¹ä	Q4	3	1	top	200	348.87	200	348.87
top_ÁÖ¸Ô¹ä±è¹ä·ù_Á¢½Ã_±è¹ä_Q4_00010.JPG	train	train	±è¹ä	0	ÀÏ¹Ý±è¹ä	Q4	3	1	top	200	348.87	200	348.87
top_ÁÖ¸Ô¹ä±è¹ä·ù_Á¢½Ã_±è¹ä_Q4_00012.JPG	train	train	±è¹ä	0	ÀÏ¹Ý±è¹ä	Q4	3	1	top	200	348.87	200	348.87
top_ÁÖ¸Ô¹ä±è¹ä·ù_Á¢½Ã_±è¹ä_Q4_00013.JPG	train	train	±è¹ä	0	ÀÏ¹Ý±è¹ä	Q4	3	1	top	200	348.87	200	348.87
top_ÁÖ¸Ô¹ä±è¹ä·ù_Á¢½Ã_±è¹ä_Q4_00015.JPG	train	train	±è¹ä	0	ÀÏ¹Ý±è¹ä	Q4	3	1	top	200	348.87	200	348.87
top_ÁÖ¸Ô¹ä±è¹ä·ù_Á¢½Ã_±è¹ä_Q4_00016.JPG	train	train	±è¹ä	0	ÀÏ¹Ý±è¹ä	Q4	3	1	top	200	348.87	200	348.87
top_ÁÖ¸Ô¹ä±è¹ä·ù_Á¢½Ã_±è¹ä_Q4_00017.JPG	train	train	±è¹ä	0	ÀÏ¹Ý±è¹ä	Q4	3	1	top	200	348.87	200	348.87
top_ÁÖ¸Ô¹ä±è¹ä·ù_Á¢½Ã_±è¹ä_Q4_00018.JPG	train	train	±è¹ä	0	ÀÏ¹Ý±è¹ä	Q4	3	1	top	200	348.87	200	348.87
top_ÁÖ¸Ô¹ä±è¹ä·ù_Á¢½Ã_±è¹ä_Q4_00019.JPG	train	train	±è¹ä	0	ÀÏ¹Ý±è¹ä	Q4	3	1	top	200	348.87	200	348.87
top_ÁÖ¸Ô¹ä±è¹ä·ù_Á¢½Ã_±è¹ä_Q4_00020.JPG	train	train	±è¹ä	0	ÀÏ¹Ý±è¹ä	Q4	3	1	top	200	348.87	200	348.87
top_ÁÖ¸Ô¹ä±è¹ä·ù_Á¢½Ã_±è¹ä_Q4_00021.JPG	train	train	±è¹ä	0	ÀÏ¹Ý±è¹ä	Q4	3	1	top	200	348.87	200	348.87
top_ÁÖ¸Ô¹ä±è¹ä·ù_Á¢½Ã_±è¹ä_Q4_00022.JPG	train	train	±è¹ä	0	ÀÏ¹Ý±è¹ä	Q4	3	1	top	200	348.87	200	348.87
top_ÁÖ¸Ô¹ä±è¹ä·ù_Á¢½Ã_±è¹ä_Q4_00024.JPG	train	train	±è¹ä	0	ÀÏ¹Ý±è¹ä	Q4	3	1	top	200	348.87	200	348.87
top_ÁÖ¸Ô¹ä±è¹ä·ù_Á¢½Ã_±è¹ä_Q4_00025.JPG	train	train	±è¹ä	0	ÀÏ¹Ý±è¹ä	Q4	3	1	top	200	348.87	200	348.87
top_ÁÖ¸Ô¹ä±è¹ä·ù_Á¢½Ã_±è¹ä_Q4_00026.JPG	train	train	±è¹ä	0	ÀÏ¹Ý±è¹ä	Q4	3	1	top	200	348.87	200	348.87
top_ÁÖ¸Ô¹ä±è¹ä·ù_Á¢½Ã_±è¹ä_Q4_00027.JPG	train	train	±è¹ä	0	ÀÏ¹Ý±è¹ä	Q4	3	1	top	200	348.87	200	348.87
top_ÁÖ¸Ô¹ä±è¹ä·ù_Á¢½Ã_±è¹ä_Q4_00028.JPG	train	train	±è¹ä	0	ÀÏ¹Ý±è¹ä	Q4	3	1	top	200	348.87	200	348.87
top_ÁÖ¸Ô¹ä±è¹ä·ù_Á¢½Ã_±è¹ä_Q4_00030.JPG	train	train	±è¹ä	0	ÀÏ¹Ý±è¹ä	Q4	3	1	top	200	348.87	200	348.87
top_ÁÖ¸Ô¹ä±è¹ä·ù_Á¢½Ã_±è¹ä_Q4_00031.JPG	train	train	±è¹ä	0	ÀÏ¹Ý±è¹ä	Q4	3	1	top	200	348.87	200	348.87
top_ÁÖ¸Ô¹ä±è¹ä·ù_Á¢½Ã_±è¹ä_Q4_00032.JPG	train	train	±è¹ä	0	ÀÏ¹Ý±è¹ä	Q4	3	1	top	200	348.87	200	348.87
top_ÁÖ¸Ô¹ä±è¹ä·ù_Á¢½Ã_±è¹ä_Q4_00034.JPG	train	train	±è¹ä	0	ÀÏ¹Ý±è¹ä	Q4	3	1	top	200	348.87	200	348.87
top_ÁÖ¸Ô¹ä±è¹ä·ù_Á¢½Ã_±è¹ä_Q4_00035.JPG	train	train	±è¹ä	0	ÀÏ¹Ý±è¹ä	Q4	3	1	top	200	348.87	200	348.87
top_ÁÖ¸Ô¹ä±è¹ä·ù_Á¢½Ã_±è¹ä_Q4_00036.JPG	train	train	±è¹ä	0	ÀÏ¹Ý±è¹ä	Q4	3	1	top	200	348.87	200	348.87
top_ÁÖ¸Ô¹ä±è¹ä·ù_Á¢½Ã_±è¹ä_Q4_00038.JPG	train	train	±è¹ä	0	ÀÏ¹Ý±è¹ä	Q4	3	1	top	200	348.87	200	348.87
top_ÁÖ¸Ô¹ä±è¹ä·ù_Á¢½Ã_±è¹ä_Q4_00039.JPG	train	train	±è¹ä	0	ÀÏ¹Ý±è¹ä	Q4	3	1	top	200	348.87	200	348.87
top_ÁÖ¸Ô¹ä±è¹ä·ù_Á¢½Ã_±è¹ä_Q4_00040.JPG	train	train	±è¹ä	0	ÀÏ¹Ý±è¹ä	Q4	3	1	top	200	348.87	200	348.87
top_ÁÖ¸Ô¹ä±è¹ä·ù_Á¢½Ã_±è¹ä_Q4_00041.JPG	train	train	±è¹ä	0	ÀÏ¹Ý±è¹ä	Q4	3	1	top	200	348.87	200	348.87
top_ÁÖ¸Ô¹ä±è¹ä·ù_Á¢½Ã_±è¹ä_Q4_00042.JPG	train	train	±è¹ä	0	ÀÏ¹Ý±è¹ä	Q4	3	1	top	200	348.87	200	348.87
top_ÁÖ¸Ô¹ä±è¹ä·ù_Á¢½Ã_±è¹ä_Q4_00043.JPG	train	train	±è¹ä	0	ÀÏ¹Ý±è¹ä	Q4	3	1	top	200	348.87	200	348.87
top_ÁÖ¸Ô¹ä±è¹ä·ù_Á¢½Ã_±è¹ä_Q4_00045.JPG	train	train	±è¹ä	0	ÀÏ¹Ý±è¹ä	Q4	3	1	top	200	348.87	200	348.87
top_ÁÖ¸Ô¹ä±è¹ä·ù_Á¢½Ã_±è¹ä_Q4_00047.JPG	train	train	±è¹ä	0	ÀÏ¹Ý±è¹ä	Q4	3	1	top	200	348.87	200	348.87
top_ÁÖ¸Ô¹ä±è¹ä·ù_Á¢½Ã_±è¹ä_Q4_00048.JPG	train	train	±è¹ä	0	ÀÏ¹Ý±è¹ä	Q4	3	1	top	200	348.87	200	348.87
top_ÁÖ¸Ô¹ä±è¹ä·ù_Á¢½Ã_±è¹ä_Q4_00049.JPG	train	train	±è¹ä	0	ÀÏ¹Ý±è¹ä	Q4	3	1	top	200	348.87	200	348.87
top_ÁÖ¸Ô¹ä±è¹ä·ù_Á¢½Ã_±è¹ä_Q4_00051.JPG	train	train	±è¹ä	0	ÀÏ¹Ý±è¹ä	Q4	3	1	top	200	348.87	200	348.87
top_ÁÖ¸Ô¹ä±è¹ä·ù_Á¢½Ã_±è¹ä_Q4_00052.JPG	train	train	±è¹ä	0	ÀÏ¹Ý±è¹ä	Q4	3	1	top	200	348.87	200	348.87
top_ÁÖ¸Ô¹ä±è¹ä·ù_Á¢½Ã_±è¹ä_Q4_00053.JPG	train	train	±è¹ä	0	ÀÏ¹Ý±è¹ä	Q4	3	1	top	200	348.87	200	348.87
side_ÁÖ¸Ô¹ä±è¹ä·ù_Á¢½Ã_±è¹ä_Q5_00001.JPG	train	train	±è¹ä	0	ÀÏ¹Ý±è¹ä	Q5	4	1.25	side	200	348.87	250	436.09
side_ÁÖ¸Ô¹ä±è¹ä·ù_Á¢½Ã_±è¹ä_Q5_00002.JPG	train	train	±è¹ä	0	ÀÏ¹Ý±è¹ä	Q5	4	1.25	side	200	348.87	250	436.09
side_ÁÖ¸Ô¹ä±è¹ä·ù_Á¢½Ã_±è¹ä_Q5_00003.JPG	train	train	±è¹ä	0	ÀÏ¹Ý±è¹ä	Q5	4	1.25	side	200	348.87	250	436.09
side_ÁÖ¸Ô¹ä±è¹ä·ù_Á¢½Ã_±è¹ä_Q5_00004.JPG	train	train	±è¹ä	0	ÀÏ¹Ý±è¹ä	Q5	4	1.25	side	200	348.87	250	436.09
side_ÁÖ¸Ô¹ä±è¹ä·ù_Á¢½Ã_±è¹ä_Q5_00005.JPG	train	train	±è¹ä	0	ÀÏ¹Ý±è¹ä	Q5	4	1.25	side	200	348.87	250	436.09
side_ÁÖ¸Ô¹ä±è¹ä·ù_Á¢½Ã_±è¹ä_Q5_00006.JPG	train	train	±è¹ä	0	ÀÏ¹Ý±è¹ä	Q5	4	1.25	side	200	348.87	250	436.09
side_ÁÖ¸Ô¹ä±è¹ä·ù_Á¢½Ã_±è¹ä_Q5_00007.JPG	train	train	±è¹ä	0	ÀÏ¹Ý±è¹ä	Q5	4	1.25	side	200	348.87	250	436.09
side_ÁÖ¸Ô¹ä±è¹ä·ù_Á¢½Ã_±è¹ä_Q5_00009.JPG	train	train	±è¹ä	0	ÀÏ¹Ý±è¹ä	Q5	4	1.25	side	200	348.87	250	436.09
side_ÁÖ¸Ô¹ä±è¹ä·ù_Á¢½Ã_±è¹ä_Q5_00010.JPG	train	train	±è¹ä	0	ÀÏ¹Ý±è¹ä	Q5	4	1.25	side	200	348.87	250	436.09
side_ÁÖ¸Ô¹ä±è¹ä·ù_Á¢½Ã_±è¹ä_Q5_00011.JPG	train	train	±è¹ä	0	ÀÏ¹Ý±è¹ä	Q5	4	1.25	side	200	348.87	250	436.09
side_ÁÖ¸Ô¹ä±è¹ä·ù_Á¢½Ã_±è¹ä_Q5_00012.JPG	train	train	±è¹ä	0	ÀÏ¹Ý±è¹ä	Q5	4	1.25	side	200	348.87	250	436.09
side_ÁÖ¸Ô¹ä±è¹ä·ù_Á¢½Ã_±è¹ä_Q5_00013.JPG	train	train	±è¹ä	0	ÀÏ¹Ý±è¹ä	Q5	4	1.25	side	200	348.87	250	436.09
side_ÁÖ¸Ô¹ä±è¹ä·ù_Á¢½Ã_±è¹ä_Q5_00014.JPG	train	train	±è¹ä	0	ÀÏ¹Ý±è¹ä	Q5	4	1.25	side	200	348.87	250	436.09
side_ÁÖ¸Ô¹ä±è¹ä·ù_Á¢½Ã_±è¹ä_Q5_00015.JPG	train	train	±è¹ä	0	ÀÏ¹Ý±è¹ä	Q5	4	1.25	side	200	348.87	250	436.09
side_ÁÖ¸Ô¹ä±è¹ä·ù_Á¢½Ã_±è¹ä_Q5_00017.JPG	train	train	±è¹ä	0	ÀÏ¹Ý±è¹ä	Q5	4	1.25	side	200	348.87	250	436.09
side_ÁÖ¸Ô¹ä±è¹ä·ù_Á¢½Ã_±è¹ä_Q5_00018.JPG	train	train	±è¹ä	0	ÀÏ¹Ý±è¹ä	Q5	4	1.25	side	200	348.87	250	436.09
side_ÁÖ¸Ô¹ä±è¹ä·ù_Á¢½Ã_±è¹ä_Q5_00019.JPG	train	train	±è¹ä	0	ÀÏ¹Ý±è¹ä	Q5	4	1.25	side	200	348.87	250	436.09
side_ÁÖ¸Ô¹ä±è¹ä·ù_Á¢½Ã_±è¹ä_Q5_00020.JPG	train	train	±è¹ä	0	ÀÏ¹Ý±è¹ä	Q5	4	1.25	side	200	348.87	250	436.09
side_ÁÖ¸Ô¹ä±è¹ä·ù_Á¢½Ã_±è¹ä_Q5_00021.JPG	train	train	±è¹ä	0	ÀÏ¹Ý±è¹ä	Q5	4	1.25	side	200	348.87	250	436.09
side_ÁÖ¸Ô¹ä±è¹ä·ù_Á¢½Ã_±è¹ä_Q5_00022.JPG	train	train	±è¹ä	0	ÀÏ¹Ý±è¹ä	Q5	4	1.25	side	200	348.87	250	436.09
side_ÁÖ¸Ô¹ä±è¹ä·ù_Á¢½Ã_±è¹ä_Q5_00024.JPG	train	train	±è¹ä	0	ÀÏ¹Ý±è¹ä	Q5	4	1.25	side	200	348.87	250	436.09
side_ÁÖ¸Ô¹ä±è¹ä·ù_Á¢½Ã_±è¹ä_Q5_00025.JPG	train	train	±è¹ä	0	ÀÏ¹Ý±è¹ä	Q5	4	1.25	side	200	348.87	250	436.09
side_ÁÖ¸Ô¹ä±è¹ä·ù_Á¢½Ã_±è¹ä_Q5_00026.JPG	train	train	±è¹ä	0	ÀÏ¹Ý±è¹ä	Q5	4	1.25	side	200	348.87	250	436.09
side_ÁÖ¸Ô¹ä±è¹ä·ù_Á¢½Ã_±è¹ä_Q5_00027.JPG	train	train	±è¹ä	0	ÀÏ¹Ý±è¹ä	Q5	4	1.25	side	200	348.87	250	436.09
side_ÁÖ¸Ô¹ä±è¹ä·ù_Á¢½Ã_±è¹ä_Q5_00028.JPG	train	train	±è¹ä	0	ÀÏ¹Ý±è¹ä	Q5	4	1.25	side	200	348.87	250	436.09
side_ÁÖ¸Ô¹ä±è¹ä·ù_Á¢½Ã_±è¹ä_Q5_00029.JPG	train	train	±è¹ä	0	ÀÏ¹Ý±è¹ä	Q5	4	1.25	side	200	348.87	250	436.09
side_ÁÖ¸Ô¹ä±è¹ä·ù_Á¢½Ã_±è¹ä_Q5_00032.JPG	train	train	±è¹ä	0	ÀÏ¹Ý±è¹ä	Q5	4	1.25	side	200	348.87	250	436.09
side_ÁÖ¸Ô¹ä±è¹ä·ù_Á¢½Ã_±è¹ä_Q5_00034.JPG	train	train	±è¹ä	0	ÀÏ¹Ý±è¹ä	Q5	4	1.25	side	200	348.87	250	436.09
side_ÁÖ¸Ô¹ä±è¹ä·ù_Á¢½Ã_±è¹ä_Q5_00035.JPG	train	train	±è¹ä	0	ÀÏ¹Ý±è¹ä	Q5	4	1.25	side	200	348.87	250	436.09
side_ÁÖ¸Ô¹ä±è¹ä·ù_Á¢½Ã_±è¹ä_Q5_00036.JPG	train	train	±è¹ä	0	ÀÏ¹Ý±è¹ä	Q5	4	1.25	side	200	348.87	250	436.09
side_ÁÖ¸Ô¹ä±è¹ä·ù_Á¢½Ã_±è¹ä_Q5_00037.JPG	train	train	±è¹ä	0	ÀÏ¹Ý±è¹ä	Q5	4	1.25	side	200	348.87	250	436.09
side_ÁÖ¸Ô¹ä±è¹ä·ù_Á¢½Ã_±è¹ä_Q5_00038.JPG	train	train	±è¹ä	0	ÀÏ¹Ý±è¹ä	Q5	4	1.25	side	200	348.87	250	436.09
side_ÁÖ¸Ô¹ä±è¹ä·ù_Á¢½Ã_±è¹ä_Q5_00039.JPG	train	train	±è¹ä	0	ÀÏ¹Ý±è¹ä	Q5	4	1.25	side	200	348.87	250	436.09
side_ÁÖ¸Ô¹ä±è¹ä·ù_Á¢½Ã_±è¹ä_Q5_00040.JPG	train	train	±è¹ä	0	ÀÏ¹Ý±è¹ä	Q5	4	1.25	side	200	348.87	250	436.09
side_ÁÖ¸Ô¹ä±è¹ä·ù_Á¢½Ã_±è¹ä_Q5_00042.JPG	train	train	±è¹ä	0	ÀÏ¹Ý±è¹ä	Q5	4	1.25	side	200	348.87	250	436.09
side_ÁÖ¸Ô¹ä±è¹ä·ù_Á¢½Ã_±è¹ä_Q5_00045.JPG	train	train	±è¹ä	0	ÀÏ¹Ý±è¹ä	Q5	4	1.25	side	200	348.87	250	436.09
side_ÁÖ¸Ô¹ä±è¹ä·ù_Á¢½Ã_±è¹ä_Q5_00046.JPG	train	train	±è¹ä	0	ÀÏ¹Ý±è¹ä	Q5	4	1.25	side	200	348.87	250	436.09
side_ÁÖ¸Ô¹ä±è¹ä·ù_Á¢½Ã_±è¹ä_Q5_00047.JPG	train	train	±è¹ä	0	ÀÏ¹Ý±è¹ä	Q5	4	1.25	side	200	348.87	250	436.09
side_ÁÖ¸Ô¹ä±è¹ä·ù_Á¢½Ã_±è¹ä_Q5_00048.JPG	train	train	±è¹ä	0	ÀÏ¹Ý±è¹ä	Q5	4	1.25	side	200	348.87	250	436.09
side_ÁÖ¸Ô¹ä±è¹ä·ù_Á¢½Ã_±è¹ä_Q5_00049.JPG	train	train	±è¹ä	0	ÀÏ¹Ý±è¹ä	Q5	4	1.25	side	200	348.87	250	436.09
side_ÁÖ¸Ô¹ä±è¹ä·ù_Á¢½Ã_±è¹ä_Q5_00051.JPG	train	train	±è¹ä	0	ÀÏ¹Ý±è¹ä	Q5	4	1.25	side	200	348.87	250	436.09
side_ÁÖ¸Ô¹ä±è¹ä·ù_Á¢½Ã_±è¹ä_Q5_00052.JPG	train	train	±è¹ä	0	ÀÏ¹Ý±è¹ä	Q5	4	1.25	side	200	348.87	250	436.09
side_ÁÖ¸Ô¹ä±è¹ä·ù_Á¢½Ã_±è¹ä_Q5_00053.JPG	train	train	±è¹ä	0	ÀÏ¹Ý±è¹ä	Q5	4	1.25	side	200	348.87	250	436.09
side_ÁÖ¸Ô¹ä±è¹ä·ù_Á¢½Ã_±è¹ä_Q5_00054.JPG	train	train	±è¹ä	0	ÀÏ¹Ý±è¹ä	Q5	4	1.25	side	200	348.87	250	436.09
side_ÁÖ¸Ô¹ä±è¹ä·ù_Á¢½Ã_±è¹ä_Q5_00055.JPG	train	train	±è¹ä	0	ÀÏ¹Ý±è¹ä	Q5	4	1.25	side	200	348.87	250	436.09
top_ÁÖ¸Ô¹ä±è¹ä·ù_Á¢½Ã_±è¹ä_Q5_00001.JPG	train	train	±è¹ä	0	ÀÏ¹Ý±è¹ä	Q5	4	1.25	top	200	348.87	250	436.09
top_ÁÖ¸Ô¹ä±è¹ä·ù_Á¢½Ã_±è¹ä_Q5_00002.JPG	train	train	±è¹ä	0	ÀÏ¹Ý±è¹ä	Q5	4	1.25	top	200	348.87	250	436.09
top_ÁÖ¸Ô¹ä±è¹ä·ù_Á¢½Ã_±è¹ä_Q5_00003.JPG	train	train	±è¹ä	0	ÀÏ¹Ý±è¹ä	Q5	4	1.25	top	200	348.87	250	436.09
top_ÁÖ¸Ô¹ä±è¹ä·ù_Á¢½Ã_±è¹ä_Q5_00004.JPG	train	train	±è¹ä	0	ÀÏ¹Ý±è¹ä	Q5	4	1.25	top	200	348.87	250	436.09
top_ÁÖ¸Ô¹ä±è¹ä·ù_Á¢½Ã_±è¹ä_Q5_00005.JPG	train	train	±è¹ä	0	ÀÏ¹Ý±è¹ä	Q5	4	1.25	top	200	348.87	250	436.09
top_ÁÖ¸Ô¹ä±è¹ä·ù_Á¢½Ã_±è¹ä_Q5_00006.JPG	train	train	±è¹ä	0	ÀÏ¹Ý±è¹ä	Q5	4	1.25	top	200	348.87	250	436.09
top_ÁÖ¸Ô¹ä±è¹ä·ù_Á¢½Ã_±è¹ä_Q5_00008.JPG	train	train	±è¹ä	0	ÀÏ¹Ý±è¹ä	Q5	4	1.25	top	200	348.87	250	436.09
top_ÁÖ¸Ô¹ä±è¹ä·ù_Á¢½Ã_±è¹ä_Q5_00009.JPG	train	train	±è¹ä	0	ÀÏ¹Ý±è¹ä	Q5	4	1.25	top	200	348.87	250	436.09
top_ÁÖ¸Ô¹ä±è¹ä·ù_Á¢½Ã_±è¹ä_Q5_00010.JPG	train	train	±è¹ä	0	ÀÏ¹Ý±è¹ä	Q5	4	1.25	top	200	348.87	250	436.09
top_ÁÖ¸Ô¹ä±è¹ä·ù_Á¢½Ã_±è¹ä_Q5_00011.JPG	train	train	±è¹ä	0	ÀÏ¹Ý±è¹ä	Q5	4	1.25	top	200	348.87	250	436.09
top_ÁÖ¸Ô¹ä±è¹ä·ù_Á¢½Ã_±è¹ä_Q5_00014.JPG	train	train	±è¹ä	0	ÀÏ¹Ý±è¹ä	Q5	4	1.25	top	200	348.87	250	436.09
top_ÁÖ¸Ô¹ä±è¹ä·ù_Á¢½Ã_±è¹ä_Q5_00015.JPG	train	train	±è¹ä	0	ÀÏ¹Ý±è¹ä	Q5	4	1.25	top	200	348.87	250	436.09
top_ÁÖ¸Ô¹ä±è¹ä·ù_Á¢½Ã_±è¹ä_Q5_00016.JPG	train	train	±è¹ä	0	ÀÏ¹Ý±è¹ä	Q5	4	1.25	top	200	348.87	250	436.09
top_ÁÖ¸Ô¹ä±è¹ä·ù_Á¢½Ã_±è¹ä_Q5_00017.JPG	train	train	±è¹ä	0	ÀÏ¹Ý±è¹ä	Q5	4	1.25	top	200	348.87	250	436.09
top_ÁÖ¸Ô¹ä±è¹ä·ù_Á¢½Ã_±è¹ä_Q5_00018.JPG	train	train	±è¹ä	0	ÀÏ¹Ý±è¹ä	Q5	4	1.25	top	200	348.87	250	436.09
top_ÁÖ¸Ô¹ä±è¹ä·ù_Á¢½Ã_±è¹ä_Q5_00019.JPG	train	train	±è¹ä	0	ÀÏ¹Ý±è¹ä	Q5	4	1.25	top	200	348.87	250	436.09
top_ÁÖ¸Ô¹ä±è¹ä·ù_Á¢½Ã_±è¹ä_Q5_00021.JPG	train	train	±è¹ä	0	ÀÏ¹Ý±è¹ä	Q5	4	1.25	top	200	348.87	250	436.09
top_ÁÖ¸Ô¹ä±è¹ä·ù_Á¢½Ã_±è¹ä_Q5_00022.JPG	train	train	±è¹ä	0	ÀÏ¹Ý±è¹ä	Q5	4	1.25	top	200	348.87	250	436.09
top_ÁÖ¸Ô¹ä±è¹ä·ù_Á¢½Ã_±è¹ä_Q5_00023.JPG	train	train	±è¹ä	0	ÀÏ¹Ý±è¹ä	Q5	4	1.25	top	200	348.87	250	436.09
top_ÁÖ¸Ô¹ä±è¹ä·ù_Á¢½Ã_±è¹ä_Q5_00024.JPG	train	train	±è¹ä	0	ÀÏ¹Ý±è¹ä	Q5	4	1.25	top	200	348.87	250	436.09
top_ÁÖ¸Ô¹ä±è¹ä·ù_Á¢½Ã_±è¹ä_Q5_00025.JPG	train	train	±è¹ä	0	ÀÏ¹Ý±è¹ä	Q5	4	1.25	top	200	348.87	250	436.09
top_ÁÖ¸Ô¹ä±è¹ä·ù_Á¢½Ã_±è¹ä_Q5_00026.JPG	train	train	±è¹ä	0	ÀÏ¹Ý±è¹ä	Q5	4	1.25	top	200	348.87	250	436.09
top_ÁÖ¸Ô¹ä±è¹ä·ù_Á¢½Ã_±è¹ä_Q5_00027.JPG	train	train	±è¹ä	0	ÀÏ¹Ý±è¹ä	Q5	4	1.25	top	200	348.87	250	436.09
top_ÁÖ¸Ô¹ä±è¹ä·ù_Á¢½Ã_±è¹ä_Q5_00029.JPG	train	train	±è¹ä	0	ÀÏ¹Ý±è¹ä	Q5	4	1.25	top	200	348.87	250	436.09
top_ÁÖ¸Ô¹ä±è¹ä·ù_Á¢½Ã_±è¹ä_Q5_00030.JPG	train	train	±è¹ä	0	ÀÏ¹Ý±è¹ä	Q5	4	1.25	top	200	348.87	250	436.09
top_ÁÖ¸Ô¹ä±è¹ä·ù_Á¢½Ã_±è¹ä_Q5_00032.JPG	train	train	±è¹ä	0	ÀÏ¹Ý±è¹ä	Q5	4	1.25	top	200	348.87	250	436.09
top_ÁÖ¸Ô¹ä±è¹ä·ù_Á¢½Ã_±è¹ä_Q5_00033.JPG	train	train	±è¹ä	0	ÀÏ¹Ý±è¹ä	Q5	4	1.25	top	200	348.87	250	436.09
top_ÁÖ¸Ô¹ä±è¹ä·ù_Á¢½Ã_±è¹ä_Q5_00036.JPG	train	train	±è¹ä	0	ÀÏ¹Ý±è¹ä	Q5	4	1.25	top	200	348.87	250	436.09
top_ÁÖ¸Ô¹ä±è¹ä·ù_Á¢½Ã_±è¹ä_Q5_00037.JPG	train	train	±è¹ä	0	ÀÏ¹Ý±è¹ä	Q5	4	1.25	top	200	348.87	250	436.09
top_ÁÖ¸Ô¹ä±è¹ä·ù_Á¢½Ã_±è¹ä_Q5_00038.JPG	train	train	±è¹ä	0	ÀÏ¹Ý±è¹ä	Q5	4	1.25	top	200	348.87	250	436.09
top_ÁÖ¸Ô¹ä±è¹ä·ù_Á¢½Ã_±è¹ä_Q5_00039.JPG	train	train	±è¹ä	0	ÀÏ¹Ý±è¹ä	Q5	4	1.25	top	200	348.87	250	436.09
top_ÁÖ¸Ô¹ä±è¹ä·ù_Á¢½Ã_±è¹ä_Q5_00041.JPG	train	train	±è¹ä	0	ÀÏ¹Ý±è¹ä	Q5	4	1.25	top	200	348.87	250	436.09
top_ÁÖ¸Ô¹ä±è¹ä·ù_Á¢½Ã_±è¹ä_Q5_00042.JPG	train	train	±è¹ä	0	ÀÏ¹Ý±è¹ä	Q5	4	1.25	top	200	348.87	250	436.09
top_ÁÖ¸Ô¹ä±è¹ä·ù_Á¢½Ã_±è¹ä_Q5_00043.JPG	train	train	±è¹ä	0	ÀÏ¹Ý±è¹ä	Q5	4	1.25	top	200	348.87	250	436.09
top_ÁÖ¸Ô¹ä±è¹ä·ù_Á¢½Ã_±è¹ä_Q5_00045.JPG	train	train	±è¹ä	0	ÀÏ¹Ý±è¹ä	Q5	4	1.25	top	200	348.87	250	436.09
top_ÁÖ¸Ô¹ä±è¹ä·ù_Á¢½Ã_±è¹ä_Q5_00047.JPG	train	train	±è¹ä	0	ÀÏ¹Ý±è¹ä	Q5	4	1.25	top	200	348.87	250	436.09
top_ÁÖ¸Ô¹ä±è¹ä·ù_Á¢½Ã_±è¹ä_Q5_00048.JPG	train	train	±è¹ä	0	ÀÏ¹Ý±è¹ä	Q5	4	1.25	top	200	348.87	250	436.09
top_ÁÖ¸Ô¹ä±è¹ä·ù_Á¢½Ã_±è¹ä_Q5_00049.JPG	train	train	±è¹ä	0	ÀÏ¹Ý±è¹ä	Q5	4	1.25	top	200	348.87	250	436.09
top_ÁÖ¸Ô¹ä±è¹ä·ù_Á¢½Ã_±è¹ä_Q5_00050.JPG	train	train	±è¹ä	0	ÀÏ¹Ý±è¹ä	Q5	4	1.25	top	200	348.87	250	436.09
top_ÁÖ¸Ô¹ä±è¹ä·ù_Á¢½Ã_±è¹ä_Q5_00051.JPG	train	train	±è¹ä	0	ÀÏ¹Ý±è¹ä	Q5	4	1.25	top	200	348.87	250	436.09
top_ÁÖ¸Ô¹ä±è¹ä·ù_Á¢½Ã_±è¹ä_Q5_00052.JPG	train	train	±è¹ä	0	ÀÏ¹Ý±è¹ä	Q5	4	1.25	top	200	348.87	250	436.09
top_ÁÖ¸Ô¹ä±è¹ä·ù_Á¢½Ã_±è¹ä_Q5_00053.JPG	train	train	±è¹ä	0	ÀÏ¹Ý±è¹ä	Q5	4	1.25	top	200	348.87	250	436.09
side_ººÀ½¹ä·ù_³·°íÅ«ÆÄ½ºÅ¸º¼_±èÄ¡ººÀ½¹ä_Q1_00001.JPG	train	train	±èÄ¡ººÀ½¹ä	1	±èÄ¡ººÀ½¹ä	Q1	0	0.25	side	500	656.98	125	164.25
side_ººÀ½¹ä·ù_³·°íÅ«ÆÄ½ºÅ¸º¼_±èÄ¡ººÀ½¹ä_Q1_00002.JPG	train	train	±èÄ¡ººÀ½¹ä	1	±èÄ¡ººÀ½¹ä	Q1	0	0.25	side	500	656.98	125	164.25
side_ººÀ½¹ä·ù_³·°íÅ«ÆÄ½ºÅ¸º¼_±èÄ¡ººÀ½¹ä_Q1_00003.JPG	train	train	±èÄ¡ººÀ½¹ä	1	±èÄ¡ººÀ½¹ä	Q1	0	0.25	side	500	656.98	125	164.25
side_ººÀ½¹ä·ù_³·°íÅ«ÆÄ½ºÅ¸º¼_±èÄ¡ººÀ½¹ä_Q1_00004.JPG	train	train	±èÄ¡ººÀ½¹ä	1	±èÄ¡ººÀ½¹ä	Q1	0	0.25	side	500	656.98	125	164.25
side_ººÀ½¹ä·ù_³·°íÅ«ÆÄ½ºÅ¸º¼_±èÄ¡ººÀ½¹ä_Q1_00005.JPG	train	train	±èÄ¡ººÀ½¹ä	1	±èÄ¡ººÀ½¹ä	Q1	0	0.25	side	500	656.98	125	164.25
side_ººÀ½¹ä·ù_³·°íÅ«ÆÄ½ºÅ¸º¼_±èÄ¡ººÀ½¹ä_Q1_00006.JPG	train	train	±èÄ¡ººÀ½¹ä	1	±èÄ¡ººÀ½¹ä	Q1	0	0.25	side	500	656.98	125	164.25
side_ººÀ½¹ä·ù_³·°íÅ«ÆÄ½ºÅ¸º¼_±èÄ¡ººÀ½¹ä_Q1_00007.JPG	train	train	±èÄ¡ººÀ½¹ä	1	±èÄ¡ººÀ½¹ä	Q1	0	0.25	side	500	656.98	125	164.25
side_ººÀ½¹ä·ù_³·°íÅ«ÆÄ½ºÅ¸º¼_±èÄ¡ººÀ½¹ä_Q1_00009.JPG	train	train	±èÄ¡ººÀ½¹ä	1	±èÄ¡ººÀ½¹ä	Q1	0	0.25	side	500	656.98	125	164.25
side_ººÀ½¹ä·ù_³·°íÅ«ÆÄ½ºÅ¸º¼_±èÄ¡ººÀ½¹ä_Q1_00010.JPG	train	train	±èÄ¡ººÀ½¹ä	1	±èÄ¡ººÀ½¹ä	Q1	0	0.25	side	500	656.98	125	164.25
side_ººÀ½¹ä·ù_³·°íÅ«ÆÄ½ºÅ¸º¼_±èÄ¡ººÀ½¹ä_Q1_00011.JPG	train	train	±èÄ¡ººÀ½¹ä	1	±èÄ¡ººÀ½¹ä	Q1	0	0.25	side	500	656.98	125	164.25
side_ººÀ½¹ä·ù_³·°íÅ«ÆÄ½ºÅ¸º¼_±èÄ¡ººÀ½¹ä_Q1_00013.JPG	train	train	±èÄ¡ººÀ½¹ä	1	±èÄ¡ººÀ½¹ä	Q1	0	0.25	side	500	656.98	125	164.25
side_ººÀ½¹ä·ù_³·°íÅ«ÆÄ½ºÅ¸º¼_±èÄ¡ººÀ½¹ä_Q1_00015.JPG	train	train	±èÄ¡ººÀ½¹ä	1	±èÄ¡ººÀ½¹ä	Q1	0	0.25	side	500	656.98	125	164.25
side_ººÀ½¹ä·ù_³·°íÅ«ÆÄ½ºÅ¸º¼_±èÄ¡ººÀ½¹ä_Q1_00016.JPG	train	train	±èÄ¡ººÀ½¹ä	1	±èÄ¡ººÀ½¹ä	Q1	0	0.25	side	500	656.98	125	164.25
side_ººÀ½¹ä·ù_³·°íÅ«ÆÄ½ºÅ¸º¼_±èÄ¡ººÀ½¹ä_Q1_00017.JPG	train	train	±èÄ¡ººÀ½¹ä	1	±èÄ¡ººÀ½¹ä	Q1	0	0.25	side	500	656.98	125	164.25
side_ººÀ½¹ä·ù_³·°íÅ«ÆÄ½ºÅ¸º¼_±èÄ¡ººÀ½¹ä_Q1_00019.JPG	train	train	±èÄ¡ººÀ½¹ä	1	±èÄ¡ººÀ½¹ä	Q1	0	0.25	side	500	656.98	125	164.25
side_ººÀ½¹ä·ù_³·°íÅ«ÆÄ½ºÅ¸º¼_±èÄ¡ººÀ½¹ä_Q1_00020.JPG	train	train	±èÄ¡ººÀ½¹ä	1	±èÄ¡ººÀ½¹ä	Q1	0	0.25	side	500	656.98	125	164.25
side_ººÀ½¹ä·ù_³·°íÅ«ÆÄ½ºÅ¸º¼_±èÄ¡ººÀ½¹ä_Q1_00022.JPG	train	train	±èÄ¡ººÀ½¹ä	1	±èÄ¡ººÀ½¹ä	Q1	0	0.25	side	500	656.98	125	164.25
side_ººÀ½¹ä·ù_³·°íÅ«ÆÄ½ºÅ¸º¼_±èÄ¡ººÀ½¹ä_Q1_00023.JPG	train	train	±èÄ¡ººÀ½¹ä	1	±èÄ¡ººÀ½¹ä	Q1	0	0.25	side	500	656.98	125	164.25
side_ººÀ½¹ä·ù_³·°íÅ«ÆÄ½ºÅ¸º¼_±èÄ¡ººÀ½¹ä_Q1_00025.JPG	train	train	±èÄ¡ººÀ½¹ä	1	±èÄ¡ººÀ½¹ä	Q1	0	0.25	side	500	656.98	125	164.25
side_ººÀ½¹ä·ù_³·°íÅ«ÆÄ½ºÅ¸º¼_±èÄ¡ººÀ½¹ä_Q1_00026.JPG	train	train	±èÄ¡ººÀ½¹ä	1	±èÄ¡ººÀ½¹ä	Q1	0	0.25	side	500	656.98	125	164.25
side_ººÀ½¹ä·ù_³·°íÅ«ÆÄ½ºÅ¸º¼_±èÄ¡ººÀ½¹ä_Q1_00027.JPG	train	train	±èÄ¡ººÀ½¹ä	1	±èÄ¡ººÀ½¹ä	Q1	0	0.25	side	500	656.98	125	164.25
side_ººÀ½¹ä·ù_³·°íÅ«ÆÄ½ºÅ¸º¼_±èÄ¡ººÀ½¹ä_Q1_00028.JPG	train	train	±èÄ¡ººÀ½¹ä	1	±èÄ¡ººÀ½¹ä	Q1	0	0.25	side	500	656.98	125	164.25
side_ººÀ½¹ä·ù_³·°íÅ«ÆÄ½ºÅ¸º¼_±èÄ¡ººÀ½¹ä_Q1_00029.JPG	train	train	±èÄ¡ººÀ½¹ä	1	±èÄ¡ººÀ½¹ä	Q1	0	0.25	side	500	656.98	125	164.25
side_ººÀ½¹ä·ù_³·°íÅ«ÆÄ½ºÅ¸º¼_±èÄ¡ººÀ½¹ä_Q1_00033.JPG	train	train	±èÄ¡ººÀ½¹ä	1	±èÄ¡ººÀ½¹ä	Q1	0	0.25	side	500	656.98	125	164.25
side_ººÀ½¹ä·ù_³·°íÅ«ÆÄ½ºÅ¸º¼_±èÄ¡ººÀ½¹ä_Q1_00034.JPG	train	train	±èÄ¡ººÀ½¹ä	1	±èÄ¡ººÀ½¹ä	Q1	0	0.25	side	500	656.98	125	164.25
side_ººÀ½¹ä·ù_³·°íÅ«ÆÄ½ºÅ¸º¼_±èÄ¡ººÀ½¹ä_Q1_00037.JPG	train	train	±èÄ¡ººÀ½¹ä	1	±èÄ¡ººÀ½¹ä	Q1	0	0.25	side	500	656.98	125	164.25
side_ººÀ½¹ä·ù_³·°íÅ«ÆÄ½ºÅ¸º¼_±èÄ¡ººÀ½¹ä_Q1_00038.JPG	train	train	±èÄ¡ººÀ½¹ä	1	±èÄ¡ººÀ½¹ä	Q1	0	0.25	side	500	656.98	125	164.25
side_ººÀ½¹ä·ù_³·°íÅ«ÆÄ½ºÅ¸º¼_±èÄ¡ººÀ½¹ä_Q1_00039.JPG	train	train	±èÄ¡ººÀ½¹ä	1	±èÄ¡ººÀ½¹ä	Q1	0	0.25	side	500	656.98	125	164.25
side_ººÀ½¹ä·ù_³·°íÅ«ÆÄ½ºÅ¸º¼_±èÄ¡ººÀ½¹ä_Q1_00041.JPG	train	train	±èÄ¡ººÀ½¹ä	1	±èÄ¡ººÀ½¹ä	Q1	0	0.25	side	500	656.98	125	164.25
side_ººÀ½¹ä·ù_³·°íÅ«ÆÄ½ºÅ¸º¼_±èÄ¡ººÀ½¹ä_Q1_00042.JPG	train	train	±èÄ¡ººÀ½¹ä	1	±èÄ¡ººÀ½¹ä	Q1	0	0.25	side	500	656.98	125	164.25
side_ººÀ½¹ä·ù_³·°íÅ«ÆÄ½ºÅ¸º¼_±èÄ¡ººÀ½¹ä_Q1_00043.JPG	train	train	±èÄ¡ººÀ½¹ä	1	±èÄ¡ººÀ½¹ä	Q1	0	0.25	side	500	656.98	125	164.25
side_ººÀ½¹ä·ù_³·°íÅ«ÆÄ½ºÅ¸º¼_±èÄ¡ººÀ½¹ä_Q1_00044.JPG	train	train	±èÄ¡ººÀ½¹ä	1	±èÄ¡ººÀ½¹ä	Q1	0	0.25	side	500	656.98	125	164.25
side_ººÀ½¹ä·ù_³·°íÅ«ÆÄ½ºÅ¸º¼_±èÄ¡ººÀ½¹ä_Q1_00045.JPG	train	train	±èÄ¡ººÀ½¹ä	1	±èÄ¡ººÀ½¹ä	Q1	0	0.25	side	500	656.98	125	164.25
side_ººÀ½¹ä·ù_³·°íÅ«ÆÄ½ºÅ¸º¼_±èÄ¡ººÀ½¹ä_Q1_00046.JPG	train	train	±èÄ¡ººÀ½¹ä	1	±èÄ¡ººÀ½¹ä	Q1	0	0.25	side	500	656.98	125	164.25
side_ººÀ½¹ä·ù_³·°íÅ«ÆÄ½ºÅ¸º¼_±èÄ¡ººÀ½¹ä_Q1_00047.JPG	train	train	±èÄ¡ººÀ½¹ä	1	±èÄ¡ººÀ½¹ä	Q1	0	0.25	side	500	656.98	125	164.25
side_ººÀ½¹ä·ù_³·°íÅ«ÆÄ½ºÅ¸º¼_±èÄ¡ººÀ½¹ä_Q1_00048.JPG	train	train	±èÄ¡ººÀ½¹ä	1	±èÄ¡ººÀ½¹ä	Q1	0	0.25	side	500	656.98	125	164.25
side_ººÀ½¹ä·ù_³·°íÅ«ÆÄ½ºÅ¸º¼_±èÄ¡ººÀ½¹ä_Q1_00049.JPG	train	train	±èÄ¡ººÀ½¹ä	1	±èÄ¡ººÀ½¹ä	Q1	0	0.25	side	500	656.98	125	164.25
side_ººÀ½¹ä·ù_³·°íÅ«ÆÄ½ºÅ¸º¼_±èÄ¡ººÀ½¹ä_Q1_00050.JPG	train	train	±èÄ¡ººÀ½¹ä	1	±èÄ¡ººÀ½¹ä	Q1	0	0.25	side	500	656.98	125	164.25
side_ººÀ½¹ä·ù_³·°íÅ«ÆÄ½ºÅ¸º¼_±èÄ¡ººÀ½¹ä_Q1_00051.JPG	train	train	±èÄ¡ººÀ½¹ä	1	±èÄ¡ººÀ½¹ä	Q1	0	0.25	side	500	656.98	125	164.25
side_ººÀ½¹ä·ù_³·°íÅ«ÆÄ½ºÅ¸º¼_±èÄ¡ººÀ½¹ä_Q1_00052.JPG	train	train	±èÄ¡ººÀ½¹ä	1	±èÄ¡ººÀ½¹ä	Q1	0	0.25	side	500	656.98	125	164.25
side_ººÀ½¹ä·ù_³·°íÅ«ÆÄ½ºÅ¸º¼_±èÄ¡ººÀ½¹ä_Q1_00053.JPG	train	train	±èÄ¡ººÀ½¹ä	1	±èÄ¡ººÀ½¹ä	Q1	0	0.25	side	500	656.98	125	164.25
side_ººÀ½¹ä·ù_³·°íÅ«ÆÄ½ºÅ¸º¼_±èÄ¡ººÀ½¹ä_Q1_00055.JPG	train	train	±èÄ¡ººÀ½¹ä	1	±èÄ¡ººÀ½¹ä	Q1	0	0.25	side	500	656.98	125	164.25
side_ººÀ½¹ä·ù_³·°íÅ«ÆÄ½ºÅ¸º¼_±èÄ¡ººÀ½¹ä_Q1_00056.JPG	train	train	±èÄ¡ººÀ½¹ä	1	±èÄ¡ººÀ½¹ä	Q1	0	0.25	side	500	656.98	125	164.25
top_ººÀ½¹ä·ù_³·°íÅ«ÆÄ½ºÅ¸º¼_±èÄ¡ººÀ½¹ä_Q1_00001.JPG	train	train	±èÄ¡ººÀ½¹ä	1	±èÄ¡ººÀ½¹ä	Q1	0	0.25	top	500	656.98	125	164.25
top_ººÀ½¹ä·ù_³·°íÅ«ÆÄ½ºÅ¸º¼_±èÄ¡ººÀ½¹ä_Q1_00002.JPG	train	train	±èÄ¡ººÀ½¹ä	1	±èÄ¡ººÀ½¹ä	Q1	0	0.25	top	500	656.98	125	164.25
top_ººÀ½¹ä·ù_³·°íÅ«ÆÄ½ºÅ¸º¼_±èÄ¡ººÀ½¹ä_Q1_00003.JPG	train	train	±èÄ¡ººÀ½¹ä	1	±èÄ¡ººÀ½¹ä	Q1	0	0.25	top	500	656.98	125	164.25
top_ººÀ½¹ä·ù_³·°íÅ«ÆÄ½ºÅ¸º¼_±èÄ¡ººÀ½¹ä_Q1_00004.JPG	train	train	±èÄ¡ººÀ½¹ä	1	±èÄ¡ººÀ½¹ä	Q1	0	0.25	top	500	656.98	125	164.25
top_ººÀ½¹ä·ù_³·°íÅ«ÆÄ½ºÅ¸º¼_±èÄ¡ººÀ½¹ä_Q1_00005.JPG	train	train	±èÄ¡ººÀ½¹ä	1	±èÄ¡ººÀ½¹ä	Q1	0	0.25	top	500	656.98	125	164.25
top_ººÀ½¹ä·ù_³·°íÅ«ÆÄ½ºÅ¸º¼_±èÄ¡ººÀ½¹ä_Q1_00006.JPG	train	train	±èÄ¡ººÀ½¹ä	1	±èÄ¡ººÀ½¹ä	Q1	0	0.25	top	500	656.98	125	164.25
top_ººÀ½¹ä·ù_³·°íÅ«ÆÄ½ºÅ¸º¼_±èÄ¡ººÀ½¹ä_Q1_00007.JPG	train	train	±èÄ¡ººÀ½¹ä	1	±èÄ¡ººÀ½¹ä	Q1	0	0.25	top	500	656.98	125	164.25
top_ººÀ½¹ä·ù_³·°íÅ«ÆÄ½ºÅ¸º¼_±èÄ¡ººÀ½¹ä_Q1_00008.JPG	train	train	±èÄ¡ººÀ½¹ä	1	±èÄ¡ººÀ½¹ä	Q1	0	0.25	top	500	656.98	125	164.25
top_ººÀ½¹ä·ù_³·°íÅ«ÆÄ½ºÅ¸º¼_±èÄ¡ººÀ½¹ä_Q1_00009.JPG	train	train	±èÄ¡ººÀ½¹ä	1	±èÄ¡ººÀ½¹ä	Q1	0	0.25	top	500	656.98	125	164.25
top_ººÀ½¹ä·ù_³·°íÅ«ÆÄ½ºÅ¸º¼_±èÄ¡ººÀ½¹ä_Q1_00010.JPG	train	train	±èÄ¡ººÀ½¹ä	1	±èÄ¡ººÀ½¹ä	Q1	0	0.25	top	500	656.98	125	164.25
top_ººÀ½¹ä·ù_³·°íÅ«ÆÄ½ºÅ¸º¼_±èÄ¡ººÀ½¹ä_Q1_00011.JPG	train	train	±èÄ¡ººÀ½¹ä	1	±èÄ¡ººÀ½¹ä	Q1	0	0.25	top	500	656.98	125	164.25
top_ººÀ½¹ä·ù_³·°íÅ«ÆÄ½ºÅ¸º¼_±èÄ¡ººÀ½¹ä_Q1_00012.JPG	train	train	±èÄ¡ººÀ½¹ä	1	±èÄ¡ººÀ½¹ä	Q1	0	0.25	top	500	656.98	125	164.25
top_ººÀ½¹ä·ù_³·°íÅ«ÆÄ½ºÅ¸º¼_±èÄ¡ººÀ½¹ä_Q1_00013.JPG	train	train	±èÄ¡ººÀ½¹ä	1	±èÄ¡ººÀ½¹ä	Q1	0	0.25	top	500	656.98	125	164.25
top_ººÀ½¹ä·ù_³·°íÅ«ÆÄ½ºÅ¸º¼_±èÄ¡ººÀ½¹ä_Q1_00014.JPG	train	train	±èÄ¡ººÀ½¹ä	1	±èÄ¡ººÀ½¹ä	Q1	0	0.25	top	500	656.98	125	164.25
top_ººÀ½¹ä·ù_³·°íÅ«ÆÄ½ºÅ¸º¼_±èÄ¡ººÀ½¹ä_Q1_00016.JPG	train	train	±èÄ¡ººÀ½¹ä	1	±èÄ¡ººÀ½¹ä	Q1	0	0.25	top	500	656.98	125	164.25
top_ººÀ½¹ä·ù_³·°íÅ«ÆÄ½ºÅ¸º¼_±èÄ¡ººÀ½¹ä_Q1_00017.JPG	train	train	±èÄ¡ººÀ½¹ä	1	±èÄ¡ººÀ½¹ä	Q1	0	0.25	top	500	656.98	125	164.25
top_ººÀ½¹ä·ù_³·°íÅ«ÆÄ½ºÅ¸º¼_±èÄ¡ººÀ½¹ä_Q1_00018.JPG	train	train	±èÄ¡ººÀ½¹ä	1	±èÄ¡ººÀ½¹ä	Q1	0	0.25	top	500	656.98	125	164.25
top_ººÀ½¹ä·ù_³·°íÅ«ÆÄ½ºÅ¸º¼_±èÄ¡ººÀ½¹ä_Q1_00020.JPG	train	train	±èÄ¡ººÀ½¹ä	1	±èÄ¡ººÀ½¹ä	Q1	0	0.25	top	500	656.98	125	164.25
top_ººÀ½¹ä·ù_³·°íÅ«ÆÄ½ºÅ¸º¼_±èÄ¡ººÀ½¹ä_Q1_00021.JPG	train	train	±èÄ¡ººÀ½¹ä	1	±èÄ¡ººÀ½¹ä	Q1	0	0.25	top	500	656.98	125	164.25
top_ººÀ½¹ä·ù_³·°íÅ«ÆÄ½ºÅ¸º¼_±èÄ¡ººÀ½¹ä_Q1_00022.JPG	train	train	±èÄ¡ººÀ½¹ä	1	±èÄ¡ººÀ½¹ä	Q1	0	0.25	top	500	656.98	125	164.25
top_ººÀ½¹ä·ù_³·°íÅ«ÆÄ½ºÅ¸º¼_±èÄ¡ººÀ½¹ä_Q1_00023.JPG	train	train	±èÄ¡ººÀ½¹ä	1	±èÄ¡ººÀ½¹ä	Q1	0	0.25	top	500	656.98	125	164.25
top_ººÀ½¹ä·ù_³·°íÅ«ÆÄ½ºÅ¸º¼_±èÄ¡ººÀ½¹ä_Q1_00024.JPG	train	train	±èÄ¡ººÀ½¹ä	1	±èÄ¡ººÀ½¹ä	Q1	0	0.25	top	500	656.98	125	164.25
top_ººÀ½¹ä·ù_³·°íÅ«ÆÄ½ºÅ¸º¼_±èÄ¡ººÀ½¹ä_Q1_00025.JPG	train	train	±èÄ¡ººÀ½¹ä	1	±èÄ¡ººÀ½¹ä	Q1	0	0.25	top	500	656.98	125	164.25
top_ººÀ½¹ä·ù_³·°íÅ«ÆÄ½ºÅ¸º¼_±èÄ¡ººÀ½¹ä_Q1_00026.JPG	train	train	±èÄ¡ººÀ½¹ä	1	±èÄ¡ººÀ½¹ä	Q1	0	0.25	top	500	656.98	125	164.25
top_ººÀ½¹ä·ù_³·°íÅ«ÆÄ½ºÅ¸º¼_±èÄ¡ººÀ½¹ä_Q1_00027.JPG	train	train	±èÄ¡ººÀ½¹ä	1	±èÄ¡ººÀ½¹ä	Q1	0	0.25	top	500	656.98	125	164.25
top_ººÀ½¹ä·ù_³·°íÅ«ÆÄ½ºÅ¸º¼_±èÄ¡ººÀ½¹ä_Q1_00029.JPG	train	train	±èÄ¡ººÀ½¹ä	1	±èÄ¡ººÀ½¹ä	Q1	0	0.25	top	500	656.98	125	164.25
top_ººÀ½¹ä·ù_³·°íÅ«ÆÄ½ºÅ¸º¼_±èÄ¡ººÀ½¹ä_Q1_00030.JPG	train	train	±èÄ¡ººÀ½¹ä	1	±èÄ¡ººÀ½¹ä	Q1	0	0.25	top	500	656.98	125	164.25
top_ººÀ½¹ä·ù_³·°íÅ«ÆÄ½ºÅ¸º¼_±èÄ¡ººÀ½¹ä_Q1_00031.JPG	train	train	±èÄ¡ººÀ½¹ä	1	±èÄ¡ººÀ½¹ä	Q1	0	0.25	top	500	656.98	125	164.25
top_ººÀ½¹ä·ù_³·°íÅ«ÆÄ½ºÅ¸º¼_±èÄ¡ººÀ½¹ä_Q1_00032.JPG	train	train	±èÄ¡ººÀ½¹ä	1	±èÄ¡ººÀ½¹ä	Q1	0	0.25	top	500	656.98	125	164.25
top_ººÀ½¹ä·ù_³·°íÅ«ÆÄ½ºÅ¸º¼_±èÄ¡ººÀ½¹ä_Q1_00034.JPG	train	train	±èÄ¡ººÀ½¹ä	1	±èÄ¡ººÀ½¹ä	Q1	0	0.25	top	500	656.98	125	164.25
top_ººÀ½¹ä·ù_³·°íÅ«ÆÄ½ºÅ¸º¼_±èÄ¡ººÀ½¹ä_Q1_00035.JPG	train	train	±èÄ¡ººÀ½¹ä	1	±èÄ¡ººÀ½¹ä	Q1	0	0.25	top	500	656.98	125	164.25
top_ººÀ½¹ä·ù_³·°íÅ«ÆÄ½ºÅ¸º¼_±èÄ¡ººÀ½¹ä_Q1_00036.JPG	train	train	±èÄ¡ººÀ½¹ä	1	±èÄ¡ººÀ½¹ä	Q1	0	0.25	top	500	656.98	125	164.25
top_ººÀ½¹ä·ù_³·°íÅ«ÆÄ½ºÅ¸º¼_±èÄ¡ººÀ½¹ä_Q1_00037.JPG	train	train	±èÄ¡ººÀ½¹ä	1	±èÄ¡ººÀ½¹ä	Q1	0	0.25	top	500	656.98	125	164.25
top_ººÀ½¹ä·ù_³·°íÅ«ÆÄ½ºÅ¸º¼_±èÄ¡ººÀ½¹ä_Q1_00038.JPG	train	train	±èÄ¡ººÀ½¹ä	1	±èÄ¡ººÀ½¹ä	Q1	0	0.25	top	500	656.98	125	164.25
top_ººÀ½¹ä·ù_³·°íÅ«ÆÄ½ºÅ¸º¼_±èÄ¡ººÀ½¹ä_Q1_00039.JPG	train	train	±èÄ¡ººÀ½¹ä	1	±èÄ¡ººÀ½¹ä	Q1	0	0.25	top	500	656.98	125	164.25
top_ººÀ½¹ä·ù_³·°íÅ«ÆÄ½ºÅ¸º¼_±èÄ¡ººÀ½¹ä_Q1_00041.JPG	train	train	±èÄ¡ººÀ½¹ä	1	±èÄ¡ººÀ½¹ä	Q1	0	0.25	top	500	656.98	125	164.25
top_ººÀ½¹ä·ù_³·°íÅ«ÆÄ½ºÅ¸º¼_±èÄ¡ººÀ½¹ä_Q1_00043.JPG	train	train	±èÄ¡ººÀ½¹ä	1	±èÄ¡ººÀ½¹ä	Q1	0	0.25	top	500	656.98	125	164.25
top_ººÀ½¹ä·ù_³·°íÅ«ÆÄ½ºÅ¸º¼_±èÄ¡ººÀ½¹ä_Q1_00045.JPG	train	train	±èÄ¡ººÀ½¹ä	1	±èÄ¡ººÀ½¹ä	Q1	0	0.25	top	500	656.98	125	164.25
top_ººÀ½¹ä·ù_³·°íÅ«ÆÄ½ºÅ¸º¼_±èÄ¡ººÀ½¹ä_Q1_00047.JPG	train	train	±èÄ¡ººÀ½¹ä	1	±èÄ¡ººÀ½¹ä	Q1	0	0.25	top	500	656.98	125	164.25
top_ººÀ½¹ä·ù_³·°íÅ«ÆÄ½ºÅ¸º¼_±èÄ¡ººÀ½¹ä_Q1_00049.JPG	train	train	±èÄ¡ººÀ½¹ä	1	±èÄ¡ººÀ½¹ä	Q1	0	0.25	top	500	656.98	125	164.25
top_ººÀ½¹ä·ù_³·°íÅ«ÆÄ½ºÅ¸º¼_±èÄ¡ººÀ½¹ä_Q1_00050.JPG	train	train	±èÄ¡ººÀ½¹ä	1	±èÄ¡ººÀ½¹ä	Q1	0	0.25	top	500	656.98	125	164.25
top_ººÀ½¹ä·ù_³·°íÅ«ÆÄ½ºÅ¸º¼_±èÄ¡ººÀ½¹ä_Q1_00051.JPG	train	train	±èÄ¡ººÀ½¹ä	1	±èÄ¡ººÀ½¹ä	Q1	0	0.25	top	500	656.98	125	164.25
top_ººÀ½¹ä·ù_³·°íÅ«ÆÄ½ºÅ¸º¼_±èÄ¡ººÀ½¹ä_Q1_00052.JPG	train	train	±èÄ¡ººÀ½¹ä	1	±èÄ¡ººÀ½¹ä	Q1	0	0.25	top	500	656.98	125	164.25
top_ººÀ½¹ä·ù_³·°íÅ«ÆÄ½ºÅ¸º¼_±èÄ¡ººÀ½¹ä_Q1_00053.JPG	train	train	±èÄ¡ººÀ½¹ä	1	±èÄ¡ººÀ½¹ä	Q1	0	0.25	top	500	656.98	125	164.25
top_ººÀ½¹ä·ù_³·°íÅ«ÆÄ½ºÅ¸º¼_±èÄ¡ººÀ½¹ä_Q1_00054.JPG	train	train	±èÄ¡ººÀ½¹ä	1	±èÄ¡ººÀ½¹ä	Q1	0	0.25	top	500	656.98	125	164.25
side_ººÀ½¹ä·ù_³·°íÅ«ÆÄ½ºÅ¸º¼_±èÄ¡ººÀ½¹ä_Q2_00003.JPG	train	train	±èÄ¡ººÀ½¹ä	1	±èÄ¡ººÀ½¹ä	Q2	1	0.5	side	500	656.98	250	328.49
side_ººÀ½¹ä·ù_³·°íÅ«ÆÄ½ºÅ¸º¼_±èÄ¡ººÀ½¹ä_Q2_00004.JPG	train	train	±èÄ¡ººÀ½¹ä	1	±èÄ¡ººÀ½¹ä	Q2	1	0.5	side	500	656.98	250	328.49
side_ººÀ½¹ä·ù_³·°íÅ«ÆÄ½ºÅ¸º¼_±èÄ¡ººÀ½¹ä_Q2_00006.JPG	train	train	±èÄ¡ººÀ½¹ä	1	±èÄ¡ººÀ½¹ä	Q2	1	0.5	side	500	656.98	250	328.49
side_ººÀ½¹ä·ù_³·°íÅ«ÆÄ½ºÅ¸º¼_±èÄ¡ººÀ½¹ä_Q2_00007.JPG	train	train	±èÄ¡ººÀ½¹ä	1	±èÄ¡ººÀ½¹ä	Q2	1	0.5	side	500	656.98	250	328.49
side_ººÀ½¹ä·ù_³·°íÅ«ÆÄ½ºÅ¸º¼_±èÄ¡ººÀ½¹ä_Q2_00008.JPG	train	train	±èÄ¡ººÀ½¹ä	1	±èÄ¡ººÀ½¹ä	Q2	1	0.5	side	500	656.98	250	328.49
side_ººÀ½¹ä·ù_³·°íÅ«ÆÄ½ºÅ¸º¼_±èÄ¡ººÀ½¹ä_Q2_00009.JPG	train	train	±èÄ¡ººÀ½¹ä	1	±èÄ¡ººÀ½¹ä	Q2	1	0.5	side	500	656.98	250	328.49
side_ººÀ½¹ä·ù_³·°íÅ«ÆÄ½ºÅ¸º¼_±èÄ¡ººÀ½¹ä_Q2_00010.JPG	train	train	±èÄ¡ººÀ½¹ä	1	±èÄ¡ººÀ½¹ä	Q2	1	0.5	side	500	656.98	250	328.49
side_ººÀ½¹ä·ù_³·°íÅ«ÆÄ½ºÅ¸º¼_±èÄ¡ººÀ½¹ä_Q2_00011.JPG	train	train	±èÄ¡ººÀ½¹ä	1	±èÄ¡ººÀ½¹ä	Q2	1	0.5	side	500	656.98	250	328.49
side_ººÀ½¹ä·ù_³·°íÅ«ÆÄ½ºÅ¸º¼_±èÄ¡ººÀ½¹ä_Q2_00012.JPG	train	train	±èÄ¡ººÀ½¹ä	1	±èÄ¡ººÀ½¹ä	Q2	1	0.5	side	500	656.98	250	328.49
side_ººÀ½¹ä·ù_³·°íÅ«ÆÄ½ºÅ¸º¼_±èÄ¡ººÀ½¹ä_Q2_00013.JPG	train	train	±èÄ¡ººÀ½¹ä	1	±èÄ¡ººÀ½¹ä	Q2	1	0.5	side	500	656.98	250	328.49
side_ººÀ½¹ä·ù_³·°íÅ«ÆÄ½ºÅ¸º¼_±èÄ¡ººÀ½¹ä_Q2_00014.JPG	train	train	±èÄ¡ººÀ½¹ä	1	±èÄ¡ººÀ½¹ä	Q2	1	0.5	side	500	656.98	250	328.49
side_ººÀ½¹ä·ù_³·°íÅ«ÆÄ½ºÅ¸º¼_±èÄ¡ººÀ½¹ä_Q2_00015.JPG	train	train	±èÄ¡ººÀ½¹ä	1	±èÄ¡ººÀ½¹ä	Q2	1	0.5	side	500	656.98	250	328.49
side_ººÀ½¹ä·ù_³·°íÅ«ÆÄ½ºÅ¸º¼_±èÄ¡ººÀ½¹ä_Q2_00016.JPG	train	train	±èÄ¡ººÀ½¹ä	1	±èÄ¡ººÀ½¹ä	Q2	1	0.5	side	500	656.98	250	328.49
side_ººÀ½¹ä·ù_³·°íÅ«ÆÄ½ºÅ¸º¼_±èÄ¡ººÀ½¹ä_Q2_00021.JPG	train	train	±èÄ¡ººÀ½¹ä	1	±èÄ¡ººÀ½¹ä	Q2	1	0.5	side	500	656.98	250	328.49
side_ººÀ½¹ä·ù_³·°íÅ«ÆÄ½ºÅ¸º¼_±èÄ¡ººÀ½¹ä_Q2_00022.JPG	train	train	±èÄ¡ººÀ½¹ä	1	±èÄ¡ººÀ½¹ä	Q2	1	0.5	side	500	656.98	250	328.49
side_ººÀ½¹ä·ù_³·°íÅ«ÆÄ½ºÅ¸º¼_±èÄ¡ººÀ½¹ä_Q2_00023.JPG	train	train	±èÄ¡ººÀ½¹ä	1	±èÄ¡ººÀ½¹ä	Q2	1	0.5	side	500	656.98	250	328.49
side_ººÀ½¹ä·ù_³·°íÅ«ÆÄ½ºÅ¸º¼_±èÄ¡ººÀ½¹ä_Q2_00024.JPG	train	train	±èÄ¡ººÀ½¹ä	1	±èÄ¡ººÀ½¹ä	Q2	1	0.5	side	500	656.98	250	328.49
side_ººÀ½¹ä·ù_³·°íÅ«ÆÄ½ºÅ¸º¼_±èÄ¡ººÀ½¹ä_Q2_00025.JPG	train	train	±èÄ¡ººÀ½¹ä	1	±èÄ¡ººÀ½¹ä	Q2	1	0.5	side	500	656.98	250	328.49
side_ººÀ½¹ä·ù_³·°íÅ«ÆÄ½ºÅ¸º¼_±èÄ¡ººÀ½¹ä_Q2_00026.JPG	train	train	±èÄ¡ººÀ½¹ä	1	±èÄ¡ººÀ½¹ä	Q2	1	0.5	side	500	656.98	250	328.49
side_ººÀ½¹ä·ù_³·°íÅ«ÆÄ½ºÅ¸º¼_±èÄ¡ººÀ½¹ä_Q2_00027.JPG	train	train	±èÄ¡ººÀ½¹ä	1	±èÄ¡ººÀ½¹ä	Q2	1	0.5	side	500	656.98	250	328.49
side_ººÀ½¹ä·ù_³·°íÅ«ÆÄ½ºÅ¸º¼_±èÄ¡ººÀ½¹ä_Q2_00028.JPG	train	train	±èÄ¡ººÀ½¹ä	1	±èÄ¡ººÀ½¹ä	Q2	1	0.5	side	500	656.98	250	328.49
side_ººÀ½¹ä·ù_³·°íÅ«ÆÄ½ºÅ¸º¼_±èÄ¡ººÀ½¹ä_Q2_00030.JPG	train	train	±èÄ¡ººÀ½¹ä	1	±èÄ¡ººÀ½¹ä	Q2	1	0.5	side	500	656.98	250	328.49
side_ººÀ½¹ä·ù_³·°íÅ«ÆÄ½ºÅ¸º¼_±èÄ¡ººÀ½¹ä_Q2_00031.JPG	train	train	±èÄ¡ººÀ½¹ä	1	±èÄ¡ººÀ½¹ä	Q2	1	0.5	side	500	656.98	250	328.49
side_ººÀ½¹ä·ù_³·°íÅ«ÆÄ½ºÅ¸º¼_±èÄ¡ººÀ½¹ä_Q2_00033.JPG	train	train	±èÄ¡ººÀ½¹ä	1	±èÄ¡ººÀ½¹ä	Q2	1	0.5	side	500	656.98	250	328.49
side_ººÀ½¹ä·ù_³·°íÅ«ÆÄ½ºÅ¸º¼_±èÄ¡ººÀ½¹ä_Q2_00035.JPG	train	train	±èÄ¡ººÀ½¹ä	1	±èÄ¡ººÀ½¹ä	Q2	1	0.5	side	500	656.98	250	328.49
side_ººÀ½¹ä·ù_³·°íÅ«ÆÄ½ºÅ¸º¼_±èÄ¡ººÀ½¹ä_Q2_00036.JPG	train	train	±èÄ¡ººÀ½¹ä	1	±èÄ¡ººÀ½¹ä	Q2	1	0.5	side	500	656.98	250	328.49
side_ººÀ½¹ä·ù_³·°íÅ«ÆÄ½ºÅ¸º¼_±èÄ¡ººÀ½¹ä_Q2_00037.JPG	train	train	±èÄ¡ººÀ½¹ä	1	±èÄ¡ººÀ½¹ä	Q2	1	0.5	side	500	656.98	250	328.49
side_ººÀ½¹ä·ù_³·°íÅ«ÆÄ½ºÅ¸º¼_±èÄ¡ººÀ½¹ä_Q2_00038.JPG	train	train	±èÄ¡ººÀ½¹ä	1	±èÄ¡ººÀ½¹ä	Q2	1	0.5	side	500	656.98	250	328.49
side_ººÀ½¹ä·ù_³·°íÅ«ÆÄ½ºÅ¸º¼_±èÄ¡ººÀ½¹ä_Q2_00039.JPG	train	train	±èÄ¡ººÀ½¹ä	1	±èÄ¡ººÀ½¹ä	Q2	1	0.5	side	500	656.98	250	328.49
side_ººÀ½¹ä·ù_³·°íÅ«ÆÄ½ºÅ¸º¼_±èÄ¡ººÀ½¹ä_Q2_00041.JPG	train	train	±èÄ¡ººÀ½¹ä	1	±èÄ¡ººÀ½¹ä	Q2	1	0.5	side	500	656.98	250	328.49
side_ººÀ½¹ä·ù_³·°íÅ«ÆÄ½ºÅ¸º¼_±èÄ¡ººÀ½¹ä_Q2_00042.JPG	train	train	±èÄ¡ººÀ½¹ä	1	±èÄ¡ººÀ½¹ä	Q2	1	0.5	side	500	656.98	250	328.49
side_ººÀ½¹ä·ù_³·°íÅ«ÆÄ½ºÅ¸º¼_±èÄ¡ººÀ½¹ä_Q2_00043.JPG	train	train	±èÄ¡ººÀ½¹ä	1	±èÄ¡ººÀ½¹ä	Q2	1	0.5	side	500	656.98	250	328.49
side_ººÀ½¹ä·ù_³·°íÅ«ÆÄ½ºÅ¸º¼_±èÄ¡ººÀ½¹ä_Q2_00044.JPG	train	train	±èÄ¡ººÀ½¹ä	1	±èÄ¡ººÀ½¹ä	Q2	1	0.5	side	500	656.98	250	328.49
side_ººÀ½¹ä·ù_³·°íÅ«ÆÄ½ºÅ¸º¼_±èÄ¡ººÀ½¹ä_Q2_00045.JPG	train	train	±èÄ¡ººÀ½¹ä	1	±èÄ¡ººÀ½¹ä	Q2	1	0.5	side	500	656.98	250	328.49
side_ººÀ½¹ä·ù_³·°íÅ«ÆÄ½ºÅ¸º¼_±èÄ¡ººÀ½¹ä_Q2_00046.JPG	train	train	±èÄ¡ººÀ½¹ä	1	±èÄ¡ººÀ½¹ä	Q2	1	0.5	side	500	656.98	250	328.49
side_ººÀ½¹ä·ù_³·°íÅ«ÆÄ½ºÅ¸º¼_±èÄ¡ººÀ½¹ä_Q2_00047.JPG	train	train	±èÄ¡ººÀ½¹ä	1	±èÄ¡ººÀ½¹ä	Q2	1	0.5	side	500	656.98	250	328.49
side_ººÀ½¹ä·ù_³·°íÅ«ÆÄ½ºÅ¸º¼_±èÄ¡ººÀ½¹ä_Q2_00048.JPG	train	train	±èÄ¡ººÀ½¹ä	1	±èÄ¡ººÀ½¹ä	Q2	1	0.5	side	500	656.98	250	328.49
side_ººÀ½¹ä·ù_³·°íÅ«ÆÄ½ºÅ¸º¼_±èÄ¡ººÀ½¹ä_Q2_00049.JPG	train	train	±èÄ¡ººÀ½¹ä	1	±èÄ¡ººÀ½¹ä	Q2	1	0.5	side	500	656.98	250	328.49
side_ººÀ½¹ä·ù_³·°íÅ«ÆÄ½ºÅ¸º¼_±èÄ¡ººÀ½¹ä_Q2_00050.JPG	train	train	±èÄ¡ººÀ½¹ä	1	±èÄ¡ººÀ½¹ä	Q2	1	0.5	side	500	656.98	250	328.49
side_ººÀ½¹ä·ù_³·°íÅ«ÆÄ½ºÅ¸º¼_±èÄ¡ººÀ½¹ä_Q2_00051.JPG	train	train	±èÄ¡ººÀ½¹ä	1	±èÄ¡ººÀ½¹ä	Q2	1	0.5	side	500	656.98	250	328.49
side_ººÀ½¹ä·ù_³·°íÅ«ÆÄ½ºÅ¸º¼_±èÄ¡ººÀ½¹ä_Q2_00052.JPG	train	train	±èÄ¡ººÀ½¹ä	1	±èÄ¡ººÀ½¹ä	Q2	1	0.5	side	500	656.98	250	328.49
side_ººÀ½¹ä·ù_³·°íÅ«ÆÄ½ºÅ¸º¼_±èÄ¡ººÀ½¹ä_Q2_00053.JPG	train	train	±èÄ¡ººÀ½¹ä	1	±èÄ¡ººÀ½¹ä	Q2	1	0.5	side	500	656.98	250	328.49
side_ººÀ½¹ä·ù_³·°íÅ«ÆÄ½ºÅ¸º¼_±èÄ¡ººÀ½¹ä_Q2_00054.JPG	train	train	±èÄ¡ººÀ½¹ä	1	±èÄ¡ººÀ½¹ä	Q2	1	0.5	side	500	656.98	250	328.49
top_ººÀ½¹ä·ù_³·°íÅ«ÆÄ½ºÅ¸º¼_±èÄ¡ººÀ½¹ä_Q2_00001.JPG	train	train	±èÄ¡ººÀ½¹ä	1	±èÄ¡ººÀ½¹ä	Q2	1	0.5	top	500	656.98	250	328.49
top_ººÀ½¹ä·ù_³·°íÅ«ÆÄ½ºÅ¸º¼_±èÄ¡ººÀ½¹ä_Q2_00002.JPG	train	train	±èÄ¡ººÀ½¹ä	1	±èÄ¡ººÀ½¹ä	Q2	1	0.5	top	500	656.98	250	328.49
top_ººÀ½¹ä·ù_³·°íÅ«ÆÄ½ºÅ¸º¼_±èÄ¡ººÀ½¹ä_Q2_00003.JPG	train	train	±èÄ¡ººÀ½¹ä	1	±èÄ¡ººÀ½¹ä	Q2	1	0.5	top	500	656.98	250	328.49
top_ººÀ½¹ä·ù_³·°íÅ«ÆÄ½ºÅ¸º¼_±èÄ¡ººÀ½¹ä_Q2_00004.JPG	train	train	±èÄ¡ººÀ½¹ä	1	±èÄ¡ººÀ½¹ä	Q2	1	0.5	top	500	656.98	250	328.49
top_ººÀ½¹ä·ù_³·°íÅ«ÆÄ½ºÅ¸º¼_±èÄ¡ººÀ½¹ä_Q2_00007.JPG	train	train	±èÄ¡ººÀ½¹ä	1	±èÄ¡ººÀ½¹ä	Q2	1	0.5	top	500	656.98	250	328.49
top_ººÀ½¹ä·ù_³·°íÅ«ÆÄ½ºÅ¸º¼_±èÄ¡ººÀ½¹ä_Q2_00008.JPG	train	train	±èÄ¡ººÀ½¹ä	1	±èÄ¡ººÀ½¹ä	Q2	1	0.5	top	500	656.98	250	328.49
top_ººÀ½¹ä·ù_³·°íÅ«ÆÄ½ºÅ¸º¼_±èÄ¡ººÀ½¹ä_Q2_00010.JPG	train	train	±èÄ¡ººÀ½¹ä	1	±èÄ¡ººÀ½¹ä	Q2	1	0.5	top	500	656.98	250	328.49
top_ººÀ½¹ä·ù_³·°íÅ«ÆÄ½ºÅ¸º¼_±èÄ¡ººÀ½¹ä_Q2_00011.JPG	train	train	±èÄ¡ººÀ½¹ä	1	±èÄ¡ººÀ½¹ä	Q2	1	0.5	top	500	656.98	250	328.49
top_ººÀ½¹ä·ù_³·°íÅ«ÆÄ½ºÅ¸º¼_±èÄ¡ººÀ½¹ä_Q2_00012.JPG	train	train	±èÄ¡ººÀ½¹ä	1	±èÄ¡ººÀ½¹ä	Q2	1	0.5	top	500	656.98	250	328.49
top_ººÀ½¹ä·ù_³·°íÅ«ÆÄ½ºÅ¸º¼_±èÄ¡ººÀ½¹ä_Q2_00013.JPG	train	train	±èÄ¡ººÀ½¹ä	1	±èÄ¡ººÀ½¹ä	Q2	1	0.5	top	500	656.98	250	328.49
top_ººÀ½¹ä·ù_³·°íÅ«ÆÄ½ºÅ¸º¼_±èÄ¡ººÀ½¹ä_Q2_00014.JPG	train	train	±èÄ¡ººÀ½¹ä	1	±èÄ¡ººÀ½¹ä	Q2	1	0.5	top	500	656.98	250	328.49
top_ººÀ½¹ä·ù_³·°íÅ«ÆÄ½ºÅ¸º¼_±èÄ¡ººÀ½¹ä_Q2_00015.JPG	train	train	±èÄ¡ººÀ½¹ä	1	±èÄ¡ººÀ½¹ä	Q2	1	0.5	top	500	656.98	250	328.49
top_ººÀ½¹ä·ù_³·°íÅ«ÆÄ½ºÅ¸º¼_±èÄ¡ººÀ½¹ä_Q2_00016.JPG	train	train	±èÄ¡ººÀ½¹ä	1	±èÄ¡ººÀ½¹ä	Q2	1	0.5	top	500	656.98	250	328.49
top_ººÀ½¹ä·ù_³·°íÅ«ÆÄ½ºÅ¸º¼_±èÄ¡ººÀ½¹ä_Q2_00017.JPG	train	train	±èÄ¡ººÀ½¹ä	1	±èÄ¡ººÀ½¹ä	Q2	1	0.5	top	500	656.98	250	328.49
top_ººÀ½¹ä·ù_³·°íÅ«ÆÄ½ºÅ¸º¼_±èÄ¡ººÀ½¹ä_Q2_00018.JPG	train	train	±èÄ¡ººÀ½¹ä	1	±èÄ¡ººÀ½¹ä	Q2	1	0.5	top	500	656.98	250	328.49
top_ººÀ½¹ä·ù_³·°íÅ«ÆÄ½ºÅ¸º¼_±èÄ¡ººÀ½¹ä_Q2_00019.JPG	train	train	±èÄ¡ººÀ½¹ä	1	±èÄ¡ººÀ½¹ä	Q2	1	0.5	top	500	656.98	250	328.49
top_ººÀ½¹ä·ù_³·°íÅ«ÆÄ½ºÅ¸º¼_±èÄ¡ººÀ½¹ä_Q2_00020.JPG	train	train	±èÄ¡ººÀ½¹ä	1	±èÄ¡ººÀ½¹ä	Q2	1	0.5	top	500	656.98	250	328.49
top_ººÀ½¹ä·ù_³·°íÅ«ÆÄ½ºÅ¸º¼_±èÄ¡ººÀ½¹ä_Q2_00021.JPG	train	train	±èÄ¡ººÀ½¹ä	1	±èÄ¡ººÀ½¹ä	Q2	1	0.5	top	500	656.98	250	328.49
top_ººÀ½¹ä·ù_³·°íÅ«ÆÄ½ºÅ¸º¼_±èÄ¡ººÀ½¹ä_Q2_00022.JPG	train	train	±èÄ¡ººÀ½¹ä	1	±èÄ¡ººÀ½¹ä	Q2	1	0.5	top	500	656.98	250	328.49
top_ººÀ½¹ä·ù_³·°íÅ«ÆÄ½ºÅ¸º¼_±èÄ¡ººÀ½¹ä_Q2_00023.JPG	train	train	±èÄ¡ººÀ½¹ä	1	±èÄ¡ººÀ½¹ä	Q2	1	0.5	top	500	656.98	250	328.49
top_ººÀ½¹ä·ù_³·°íÅ«ÆÄ½ºÅ¸º¼_±èÄ¡ººÀ½¹ä_Q2_00024.JPG	train	train	±èÄ¡ººÀ½¹ä	1	±èÄ¡ººÀ½¹ä	Q2	1	0.5	top	500	656.98	250	328.49
top_ººÀ½¹ä·ù_³·°íÅ«ÆÄ½ºÅ¸º¼_±èÄ¡ººÀ½¹ä_Q2_00027.JPG	train	train	±èÄ¡ººÀ½¹ä	1	±èÄ¡ººÀ½¹ä	Q2	1	0.5	top	500	656.98	250	328.49
top_ººÀ½¹ä·ù_³·°íÅ«ÆÄ½ºÅ¸º¼_±èÄ¡ººÀ½¹ä_Q2_00028.JPG	train	train	±èÄ¡ººÀ½¹ä	1	±èÄ¡ººÀ½¹ä	Q2	1	0.5	top	500	656.98	250	328.49
top_ººÀ½¹ä·ù_³·°íÅ«ÆÄ½ºÅ¸º¼_±èÄ¡ººÀ½¹ä_Q2_00029.JPG	train	train	±èÄ¡ººÀ½¹ä	1	±èÄ¡ººÀ½¹ä	Q2	1	0.5	top	500	656.98	250	328.49
top_ººÀ½¹ä·ù_³·°íÅ«ÆÄ½ºÅ¸º¼_±èÄ¡ººÀ½¹ä_Q2_00030.JPG	train	train	±èÄ¡ººÀ½¹ä	1	±èÄ¡ººÀ½¹ä	Q2	1	0.5	top	500	656.98	250	328.49
top_ººÀ½¹ä·ù_³·°íÅ«ÆÄ½ºÅ¸º¼_±èÄ¡ººÀ½¹ä_Q2_00031.JPG	train	train	±èÄ¡ººÀ½¹ä	1	±èÄ¡ººÀ½¹ä	Q2	1	0.5	top	500	656.98	250	328.49
top_ººÀ½¹ä·ù_³·°íÅ«ÆÄ½ºÅ¸º¼_±èÄ¡ººÀ½¹ä_Q2_00032.JPG	train	train	±èÄ¡ººÀ½¹ä	1	±èÄ¡ººÀ½¹ä	Q2	1	0.5	top	500	656.98	250	328.49
top_ººÀ½¹ä·ù_³·°íÅ«ÆÄ½ºÅ¸º¼_±èÄ¡ººÀ½¹ä_Q2_00033.JPG	train	train	±èÄ¡ººÀ½¹ä	1	±èÄ¡ººÀ½¹ä	Q2	1	0.5	top	500	656.98	250	328.49
top_ººÀ½¹ä·ù_³·°íÅ«ÆÄ½ºÅ¸º¼_±èÄ¡ººÀ½¹ä_Q2_00035.JPG	train	train	±èÄ¡ººÀ½¹ä	1	±èÄ¡ººÀ½¹ä	Q2	1	0.5	top	500	656.98	250	328.49
top_ººÀ½¹ä·ù_³·°íÅ«ÆÄ½ºÅ¸º¼_±èÄ¡ººÀ½¹ä_Q2_00037.JPG	train	train	±èÄ¡ººÀ½¹ä	1	±èÄ¡ººÀ½¹ä	Q2	1	0.5	top	500	656.98	250	328.49
top_ººÀ½¹ä·ù_³·°íÅ«ÆÄ½ºÅ¸º¼_±èÄ¡ººÀ½¹ä_Q2_00038.JPG	train	train	±èÄ¡ººÀ½¹ä	1	±èÄ¡ººÀ½¹ä	Q2	1	0.5	top	500	656.98	250	328.49
top_ººÀ½¹ä·ù_³·°íÅ«ÆÄ½ºÅ¸º¼_±èÄ¡ººÀ½¹ä_Q2_00039.JPG	train	train	±èÄ¡ººÀ½¹ä	1	±èÄ¡ººÀ½¹ä	Q2	1	0.5	top	500	656.98	250	328.49
top_ººÀ½¹ä·ù_³·°íÅ«ÆÄ½ºÅ¸º¼_±èÄ¡ººÀ½¹ä_Q2_00040.JPG	train	train	±èÄ¡ººÀ½¹ä	1	±èÄ¡ººÀ½¹ä	Q2	1	0.5	top	500	656.98	250	328.49
top_ººÀ½¹ä·ù_³·°íÅ«ÆÄ½ºÅ¸º¼_±èÄ¡ººÀ½¹ä_Q2_00041.JPG	train	train	±èÄ¡ººÀ½¹ä	1	±èÄ¡ººÀ½¹ä	Q2	1	0.5	top	500	656.98	250	328.49
top_ººÀ½¹ä·ù_³·°íÅ«ÆÄ½ºÅ¸º¼_±èÄ¡ººÀ½¹ä_Q2_00042.JPG	train	train	±èÄ¡ººÀ½¹ä	1	±èÄ¡ººÀ½¹ä	Q2	1	0.5	top	500	656.98	250	328.49
top_ººÀ½¹ä·ù_³·°íÅ«ÆÄ½ºÅ¸º¼_±èÄ¡ººÀ½¹ä_Q2_00043.JPG	train	train	±èÄ¡ººÀ½¹ä	1	±èÄ¡ººÀ½¹ä	Q2	1	0.5	top	500	656.98	250	328.49
top_ººÀ½¹ä·ù_³·°íÅ«ÆÄ½ºÅ¸º¼_±èÄ¡ººÀ½¹ä_Q2_00044.JPG	train	train	±èÄ¡ººÀ½¹ä	1	±èÄ¡ººÀ½¹ä	Q2	1	0.5	top	500	656.98	250	328.49
top_ººÀ½¹ä·ù_³·°íÅ«ÆÄ½ºÅ¸º¼_±èÄ¡ººÀ½¹ä_Q2_00045.JPG	train	train	±èÄ¡ººÀ½¹ä	1	±èÄ¡ººÀ½¹ä	Q2	1	0.5	top	500	656.98	250	328.49
top_ººÀ½¹ä·ù_³·°íÅ«ÆÄ½ºÅ¸º¼_±èÄ¡ººÀ½¹ä_Q2_00046.JPG	train	train	±èÄ¡ººÀ½¹ä	1	±èÄ¡ººÀ½¹ä	Q2	1	0.5	top	500	656.98	250	328.49
top_ººÀ½¹ä·ù_³·°íÅ«ÆÄ½ºÅ¸º¼_±èÄ¡ººÀ½¹ä_Q2_00048.JPG	train	train	±èÄ¡ººÀ½¹ä	1	±èÄ¡ººÀ½¹ä	Q2	1	0.5	top	500	656.98	250	328.49
top_ººÀ½¹ä·ù_³·°íÅ«ÆÄ½ºÅ¸º¼_±èÄ¡ººÀ½¹ä_Q2_00049.JPG	train	train	±èÄ¡ººÀ½¹ä	1	±èÄ¡ººÀ½¹ä	Q2	1	0.5	top	500	656.98	250	328.49
top_ººÀ½¹ä·ù_³·°íÅ«ÆÄ½ºÅ¸º¼_±èÄ¡ººÀ½¹ä_Q2_00050.JPG	train	train	±èÄ¡ººÀ½¹ä	1	±èÄ¡ººÀ½¹ä	Q2	1	0.5	top	500	656.98	250	328.49
top_ººÀ½¹ä·ù_³·°íÅ«ÆÄ½ºÅ¸º¼_±èÄ¡ººÀ½¹ä_Q2_00052.JPG	train	train	±èÄ¡ººÀ½¹ä	1	±èÄ¡ººÀ½¹ä	Q2	1	0.5	top	500	656.98	250	328.49
side_ººÀ½¹ä·ù_³·°íÅ«ÆÄ½ºÅ¸º¼_±èÄ¡ººÀ½¹ä_Q3_00001.JPG	train	train	±èÄ¡ººÀ½¹ä	1	±èÄ¡ººÀ½¹ä	Q3	2	0.75	side	500	656.98	375	492.74
side_ººÀ½¹ä·ù_³·°íÅ«ÆÄ½ºÅ¸º¼_±èÄ¡ººÀ½¹ä_Q3_00002.JPG	train	train	±èÄ¡ººÀ½¹ä	1	±èÄ¡ººÀ½¹ä	Q3	2	0.75	side	500	656.98	375	492.74
side_ººÀ½¹ä·ù_³·°íÅ«ÆÄ½ºÅ¸º¼_±èÄ¡ººÀ½¹ä_Q3_00003.JPG	train	train	±èÄ¡ººÀ½¹ä	1	±èÄ¡ººÀ½¹ä	Q3	2	0.75	side	500	656.98	375	492.74
side_ººÀ½¹ä·ù_³·°íÅ«ÆÄ½ºÅ¸º¼_±èÄ¡ººÀ½¹ä_Q3_00006.JPG	train	train	±èÄ¡ººÀ½¹ä	1	±èÄ¡ººÀ½¹ä	Q3	2	0.75	side	500	656.98	375	492.74
side_ººÀ½¹ä·ù_³·°íÅ«ÆÄ½ºÅ¸º¼_±èÄ¡ººÀ½¹ä_Q3_00007.JPG	train	train	±èÄ¡ººÀ½¹ä	1	±èÄ¡ººÀ½¹ä	Q3	2	0.75	side	500	656.98	375	492.74
side_ººÀ½¹ä·ù_³·°íÅ«ÆÄ½ºÅ¸º¼_±èÄ¡ººÀ½¹ä_Q3_00008.JPG	train	train	±èÄ¡ººÀ½¹ä	1	±èÄ¡ººÀ½¹ä	Q3	2	0.75	side	500	656.98	375	492.74
side_ººÀ½¹ä·ù_³·°íÅ«ÆÄ½ºÅ¸º¼_±èÄ¡ººÀ½¹ä_Q3_00009.JPG	train	train	±èÄ¡ººÀ½¹ä	1	±èÄ¡ººÀ½¹ä	Q3	2	0.75	side	500	656.98	375	492.74
side_ººÀ½¹ä·ù_³·°íÅ«ÆÄ½ºÅ¸º¼_±èÄ¡ººÀ½¹ä_Q3_00010.JPG	train	train	±èÄ¡ººÀ½¹ä	1	±èÄ¡ººÀ½¹ä	Q3	2	0.75	side	500	656.98	375	492.74
side_ººÀ½¹ä·ù_³·°íÅ«ÆÄ½ºÅ¸º¼_±èÄ¡ººÀ½¹ä_Q3_00011.JPG	train	train	±èÄ¡ººÀ½¹ä	1	±èÄ¡ººÀ½¹ä	Q3	2	0.75	side	500	656.98	375	492.74
side_ººÀ½¹ä·ù_³·°íÅ«ÆÄ½ºÅ¸º¼_±èÄ¡ººÀ½¹ä_Q3_00012.JPG	train	train	±èÄ¡ººÀ½¹ä	1	±èÄ¡ººÀ½¹ä	Q3	2	0.75	side	500	656.98	375	492.74
side_ººÀ½¹ä·ù_³·°íÅ«ÆÄ½ºÅ¸º¼_±èÄ¡ººÀ½¹ä_Q3_00013.JPG	train	train	±èÄ¡ººÀ½¹ä	1	±èÄ¡ººÀ½¹ä	Q3	2	0.75	side	500	656.98	375	492.74
side_ººÀ½¹ä·ù_³·°íÅ«ÆÄ½ºÅ¸º¼_±èÄ¡ººÀ½¹ä_Q3_00016.JPG	train	train	±èÄ¡ººÀ½¹ä	1	±èÄ¡ººÀ½¹ä	Q3	2	0.75	side	500	656.98	375	492.74
side_ººÀ½¹ä·ù_³·°íÅ«ÆÄ½ºÅ¸º¼_±èÄ¡ººÀ½¹ä_Q3_00017.JPG	train	train	±èÄ¡ººÀ½¹ä	1	±èÄ¡ººÀ½¹ä	Q3	2	0.75	side	500	656.98	375	492.74
side_ººÀ½¹ä·ù_³·°íÅ«ÆÄ½ºÅ¸º¼_±èÄ¡ººÀ½¹ä_Q3_00018.JPG	train	train	±èÄ¡ººÀ½¹ä	1	±èÄ¡ººÀ½¹ä	Q3	2	0.75	side	500	656.98	375	492.74
side_ººÀ½¹ä·ù_³·°íÅ«ÆÄ½ºÅ¸º¼_±èÄ¡ººÀ½¹ä_Q3_00019.JPG	train	train	±èÄ¡ººÀ½¹ä	1	±èÄ¡ººÀ½¹ä	Q3	2	0.75	side	500	656.98	375	492.74
side_ººÀ½¹ä·ù_³·°íÅ«ÆÄ½ºÅ¸º¼_±èÄ¡ººÀ½¹ä_Q3_00020.JPG	train	train	±èÄ¡ººÀ½¹ä	1	±èÄ¡ººÀ½¹ä	Q3	2	0.75	side	500	656.98	375	492.74
side_ººÀ½¹ä·ù_³·°íÅ«ÆÄ½ºÅ¸º¼_±èÄ¡ººÀ½¹ä_Q3_00021.JPG	train	train	±èÄ¡ººÀ½¹ä	1	±èÄ¡ººÀ½¹ä	Q3	2	0.75	side	500	656.98	375	492.74
side_ººÀ½¹ä·ù_³·°íÅ«ÆÄ½ºÅ¸º¼_±èÄ¡ººÀ½¹ä_Q3_00022.JPG	train	train	±èÄ¡ººÀ½¹ä	1	±èÄ¡ººÀ½¹ä	Q3	2	0.75	side	500	656.98	375	492.74
side_ººÀ½¹ä·ù_³·°íÅ«ÆÄ½ºÅ¸º¼_±èÄ¡ººÀ½¹ä_Q3_00023.JPG	train	train	±èÄ¡ººÀ½¹ä	1	±èÄ¡ººÀ½¹ä	Q3	2	0.75	side	500	656.98	375	492.74
side_ººÀ½¹ä·ù_³·°íÅ«ÆÄ½ºÅ¸º¼_±èÄ¡ººÀ½¹ä_Q3_00024.JPG	train	train	±èÄ¡ººÀ½¹ä	1	±èÄ¡ººÀ½¹ä	Q3	2	0.75	side	500	656.98	375	492.74
side_ººÀ½¹ä·ù_³·°íÅ«ÆÄ½ºÅ¸º¼_±èÄ¡ººÀ½¹ä_Q3_00025.JPG	train	train	±èÄ¡ººÀ½¹ä	1	±èÄ¡ººÀ½¹ä	Q3	2	0.75	side	500	656.98	375	492.74
side_ººÀ½¹ä·ù_³·°íÅ«ÆÄ½ºÅ¸º¼_±èÄ¡ººÀ½¹ä_Q3_00026.JPG	train	train	±èÄ¡ººÀ½¹ä	1	±èÄ¡ººÀ½¹ä	Q3	2	0.75	side	500	656.98	375	492.74
side_ººÀ½¹ä·ù_³·°íÅ«ÆÄ½ºÅ¸º¼_±èÄ¡ººÀ½¹ä_Q3_00028.JPG	train	train	±èÄ¡ººÀ½¹ä	1	±èÄ¡ººÀ½¹ä	Q3	2	0.75	side	500	656.98	375	492.74
side_ººÀ½¹ä·ù_³·°íÅ«ÆÄ½ºÅ¸º¼_±èÄ¡ººÀ½¹ä_Q3_00029.JPG	train	train	±èÄ¡ººÀ½¹ä	1	±èÄ¡ººÀ½¹ä	Q3	2	0.75	side	500	656.98	375	492.74
side_ººÀ½¹ä·ù_³·°íÅ«ÆÄ½ºÅ¸º¼_±èÄ¡ººÀ½¹ä_Q3_00030.JPG	train	train	±èÄ¡ººÀ½¹ä	1	±èÄ¡ººÀ½¹ä	Q3	2	0.75	side	500	656.98	375	492.74
side_ººÀ½¹ä·ù_³·°íÅ«ÆÄ½ºÅ¸º¼_±èÄ¡ººÀ½¹ä_Q3_00031.JPG	train	train	±èÄ¡ººÀ½¹ä	1	±èÄ¡ººÀ½¹ä	Q3	2	0.75	side	500	656.98	375	492.74
side_ººÀ½¹ä·ù_³·°íÅ«ÆÄ½ºÅ¸º¼_±èÄ¡ººÀ½¹ä_Q3_00032.JPG	train	train	±èÄ¡ººÀ½¹ä	1	±èÄ¡ººÀ½¹ä	Q3	2	0.75	side	500	656.98	375	492.74
side_ººÀ½¹ä·ù_³·°íÅ«ÆÄ½ºÅ¸º¼_±èÄ¡ººÀ½¹ä_Q3_00033.JPG	train	train	±èÄ¡ººÀ½¹ä	1	±èÄ¡ººÀ½¹ä	Q3	2	0.75	side	500	656.98	375	492.74
side_ººÀ½¹ä·ù_³·°íÅ«ÆÄ½ºÅ¸º¼_±èÄ¡ººÀ½¹ä_Q3_00034.JPG	train	train	±èÄ¡ººÀ½¹ä	1	±èÄ¡ººÀ½¹ä	Q3	2	0.75	side	500	656.98	375	492.74
side_ººÀ½¹ä·ù_³·°íÅ«ÆÄ½ºÅ¸º¼_±èÄ¡ººÀ½¹ä_Q3_00035.JPG	train	train	±èÄ¡ººÀ½¹ä	1	±èÄ¡ººÀ½¹ä	Q3	2	0.75	side	500	656.98	375	492.74
side_ººÀ½¹ä·ù_³·°íÅ«ÆÄ½ºÅ¸º¼_±èÄ¡ººÀ½¹ä_Q3_00036.JPG	train	train	±èÄ¡ººÀ½¹ä	1	±èÄ¡ººÀ½¹ä	Q3	2	0.75	side	500	656.98	375	492.74
side_ººÀ½¹ä·ù_³·°íÅ«ÆÄ½ºÅ¸º¼_±èÄ¡ººÀ½¹ä_Q3_00037.JPG	train	train	±èÄ¡ººÀ½¹ä	1	±èÄ¡ººÀ½¹ä	Q3	2	0.75	side	500	656.98	375	492.74
side_ººÀ½¹ä·ù_³·°íÅ«ÆÄ½ºÅ¸º¼_±èÄ¡ººÀ½¹ä_Q3_00038.JPG	train	train	±èÄ¡ººÀ½¹ä	1	±èÄ¡ººÀ½¹ä	Q3	2	0.75	side	500	656.98	375	492.74
side_ººÀ½¹ä·ù_³·°íÅ«ÆÄ½ºÅ¸º¼_±èÄ¡ººÀ½¹ä_Q3_00039.JPG	train	train	±èÄ¡ººÀ½¹ä	1	±èÄ¡ººÀ½¹ä	Q3	2	0.75	side	500	656.98	375	492.74
side_ººÀ½¹ä·ù_³·°íÅ«ÆÄ½ºÅ¸º¼_±èÄ¡ººÀ½¹ä_Q3_00040.JPG	train	train	±èÄ¡ººÀ½¹ä	1	±èÄ¡ººÀ½¹ä	Q3	2	0.75	side	500	656.98	375	492.74
side_ººÀ½¹ä·ù_³·°íÅ«ÆÄ½ºÅ¸º¼_±èÄ¡ººÀ½¹ä_Q3_00041.JPG	train	train	±èÄ¡ººÀ½¹ä	1	±èÄ¡ººÀ½¹ä	Q3	2	0.75	side	500	656.98	375	492.74
side_ººÀ½¹ä·ù_³·°íÅ«ÆÄ½ºÅ¸º¼_±èÄ¡ººÀ½¹ä_Q3_00044.JPG	train	train	±èÄ¡ººÀ½¹ä	1	±èÄ¡ººÀ½¹ä	Q3	2	0.75	side	500	656.98	375	492.74
side_ººÀ½¹ä·ù_³·°íÅ«ÆÄ½ºÅ¸º¼_±èÄ¡ººÀ½¹ä_Q3_00046.JPG	train	train	±èÄ¡ººÀ½¹ä	1	±èÄ¡ººÀ½¹ä	Q3	2	0.75	side	500	656.98	375	492.74
side_ººÀ½¹ä·ù_³·°íÅ«ÆÄ½ºÅ¸º¼_±èÄ¡ººÀ½¹ä_Q3_00048.JPG	train	train	±èÄ¡ººÀ½¹ä	1	±èÄ¡ººÀ½¹ä	Q3	2	0.75	side	500	656.98	375	492.74
side_ººÀ½¹ä·ù_³·°íÅ«ÆÄ½ºÅ¸º¼_±èÄ¡ººÀ½¹ä_Q3_00049.JPG	train	train	±èÄ¡ººÀ½¹ä	1	±èÄ¡ººÀ½¹ä	Q3	2	0.75	side	500	656.98	375	492.74
side_ººÀ½¹ä·ù_³·°íÅ«ÆÄ½ºÅ¸º¼_±èÄ¡ººÀ½¹ä_Q3_00051.JPG	train	train	±èÄ¡ººÀ½¹ä	1	±èÄ¡ººÀ½¹ä	Q3	2	0.75	side	500	656.98	375	492.74
side_ººÀ½¹ä·ù_³·°íÅ«ÆÄ½ºÅ¸º¼_±èÄ¡ººÀ½¹ä_Q3_00052.JPG	train	train	±èÄ¡ººÀ½¹ä	1	±èÄ¡ººÀ½¹ä	Q3	2	0.75	side	500	656.98	375	492.74
top_ººÀ½¹ä·ù_³·°íÅ«ÆÄ½ºÅ¸º¼_±èÄ¡ººÀ½¹ä_Q3_00001.JPG	train	train	±èÄ¡ººÀ½¹ä	1	±èÄ¡ººÀ½¹ä	Q3	2	0.75	top	500	656.98	375	492.74
top_ººÀ½¹ä·ù_³·°íÅ«ÆÄ½ºÅ¸º¼_±èÄ¡ººÀ½¹ä_Q3_00002.JPG	train	train	±èÄ¡ººÀ½¹ä	1	±èÄ¡ººÀ½¹ä	Q3	2	0.75	top	500	656.98	375	492.74
top_ººÀ½¹ä·ù_³·°íÅ«ÆÄ½ºÅ¸º¼_±èÄ¡ººÀ½¹ä_Q3_00006.JPG	train	train	±èÄ¡ººÀ½¹ä	1	±èÄ¡ººÀ½¹ä	Q3	2	0.75	top	500	656.98	375	492.74
top_ººÀ½¹ä·ù_³·°íÅ«ÆÄ½ºÅ¸º¼_±èÄ¡ººÀ½¹ä_Q3_00008.JPG	train	train	±èÄ¡ººÀ½¹ä	1	±èÄ¡ººÀ½¹ä	Q3	2	0.75	top	500	656.98	375	492.74
top_ººÀ½¹ä·ù_³·°íÅ«ÆÄ½ºÅ¸º¼_±èÄ¡ººÀ½¹ä_Q3_00009.JPG	train	train	±èÄ¡ººÀ½¹ä	1	±èÄ¡ººÀ½¹ä	Q3	2	0.75	top	500	656.98	375	492.74
top_ººÀ½¹ä·ù_³·°íÅ«ÆÄ½ºÅ¸º¼_±èÄ¡ººÀ½¹ä_Q3_00010.JPG	train	train	±èÄ¡ººÀ½¹ä	1	±èÄ¡ººÀ½¹ä	Q3	2	0.75	top	500	656.98	375	492.74
top_ººÀ½¹ä·ù_³·°íÅ«ÆÄ½ºÅ¸º¼_±èÄ¡ººÀ½¹ä_Q3_00011.JPG	train	train	±èÄ¡ººÀ½¹ä	1	±èÄ¡ººÀ½¹ä	Q3	2	0.75	top	500	656.98	375	492.74
top_ººÀ½¹ä·ù_³·°íÅ«ÆÄ½ºÅ¸º¼_±èÄ¡ººÀ½¹ä_Q3_00012.JPG	train	train	±èÄ¡ººÀ½¹ä	1	±èÄ¡ººÀ½¹ä	Q3	2	0.75	top	500	656.98	375	492.74
top_ººÀ½¹ä·ù_³·°íÅ«ÆÄ½ºÅ¸º¼_±èÄ¡ººÀ½¹ä_Q3_00013.JPG	train	train	±èÄ¡ººÀ½¹ä	1	±èÄ¡ººÀ½¹ä	Q3	2	0.75	top	500	656.98	375	492.74
top_ººÀ½¹ä·ù_³·°íÅ«ÆÄ½ºÅ¸º¼_±èÄ¡ººÀ½¹ä_Q3_00014.JPG	train	train	±èÄ¡ººÀ½¹ä	1	±èÄ¡ººÀ½¹ä	Q3	2	0.75	top	500	656.98	375	492.74
top_ººÀ½¹ä·ù_³·°íÅ«ÆÄ½ºÅ¸º¼_±èÄ¡ººÀ½¹ä_Q3_00015.JPG	train	train	±èÄ¡ººÀ½¹ä	1	±èÄ¡ººÀ½¹ä	Q3	2	0.75	top	500	656.98	375	492.74
top_ººÀ½¹ä·ù_³·°íÅ«ÆÄ½ºÅ¸º¼_±èÄ¡ººÀ½¹ä_Q3_00016.JPG	train	train	±èÄ¡ººÀ½¹ä	1	±èÄ¡ººÀ½¹ä	Q3	2	0.75	top	500	656.98	375	492.74
top_ººÀ½¹ä·ù_³·°íÅ«ÆÄ½ºÅ¸º¼_±èÄ¡ººÀ½¹ä_Q3_00017.JPG	train	train	±èÄ¡ººÀ½¹ä	1	±èÄ¡ººÀ½¹ä	Q3	2	0.75	top	500	656.98	375	492.74
top_ººÀ½¹ä·ù_³·°íÅ«ÆÄ½ºÅ¸º¼_±èÄ¡ººÀ½¹ä_Q3_00019.JPG	train	train	±èÄ¡ººÀ½¹ä	1	±èÄ¡ººÀ½¹ä	Q3	2	0.75	top	500	656.98	375	492.74
top_ººÀ½¹ä·ù_³·°íÅ«ÆÄ½ºÅ¸º¼_±èÄ¡ººÀ½¹ä_Q3_00020.JPG	train	train	±èÄ¡ººÀ½¹ä	1	±èÄ¡ººÀ½¹ä	Q3	2	0.75	top	500	656.98	375	492.74
top_ººÀ½¹ä·ù_³·°íÅ«ÆÄ½ºÅ¸º¼_±èÄ¡ººÀ½¹ä_Q3_00021.JPG	train	train	±èÄ¡ººÀ½¹ä	1	±èÄ¡ººÀ½¹ä	Q3	2	0.75	top	500	656.98	375	492.74
top_ººÀ½¹ä·ù_³·°íÅ«ÆÄ½ºÅ¸º¼_±èÄ¡ººÀ½¹ä_Q3_00022.JPG	train	train	±èÄ¡ººÀ½¹ä	1	±èÄ¡ººÀ½¹ä	Q3	2	0.75	top	500	656.98	375	492.74
top_ººÀ½¹ä·ù_³·°íÅ«ÆÄ½ºÅ¸º¼_±èÄ¡ººÀ½¹ä_Q3_00023.JPG	train	train	±èÄ¡ººÀ½¹ä	1	±èÄ¡ººÀ½¹ä	Q3	2	0.75	top	500	656.98	375	492.74
top_ººÀ½¹ä·ù_³·°íÅ«ÆÄ½ºÅ¸º¼_±èÄ¡ººÀ½¹ä_Q3_00024.JPG	train	train	±èÄ¡ººÀ½¹ä	1	±èÄ¡ººÀ½¹ä	Q3	2	0.75	top	500	656.98	375	492.74
top_ººÀ½¹ä·ù_³·°íÅ«ÆÄ½ºÅ¸º¼_±èÄ¡ººÀ½¹ä_Q3_00025.JPG	train	train	±èÄ¡ººÀ½¹ä	1	±èÄ¡ººÀ½¹ä	Q3	2	0.75	top	500	656.98	375	492.74
top_ººÀ½¹ä·ù_³·°íÅ«ÆÄ½ºÅ¸º¼_±èÄ¡ººÀ½¹ä_Q3_00026.JPG	train	train	±èÄ¡ººÀ½¹ä	1	±èÄ¡ººÀ½¹ä	Q3	2	0.75	top	500	656.98	375	492.74
top_ººÀ½¹ä·ù_³·°íÅ«ÆÄ½ºÅ¸º¼_±èÄ¡ººÀ½¹ä_Q3_00027.JPG	train	train	±èÄ¡ººÀ½¹ä	1	±èÄ¡ººÀ½¹ä	Q3	2	0.75	top	500	656.98	375	492.74
top_ººÀ½¹ä·ù_³·°íÅ«ÆÄ½ºÅ¸º¼_±èÄ¡ººÀ½¹ä_Q3_00028.JPG	train	train	±èÄ¡ººÀ½¹ä	1	±èÄ¡ººÀ½¹ä	Q3	2	0.75	top	500	656.98	375	492.74
top_ººÀ½¹ä·ù_³·°íÅ«ÆÄ½ºÅ¸º¼_±èÄ¡ººÀ½¹ä_Q3_00029.JPG	train	train	±èÄ¡ººÀ½¹ä	1	±èÄ¡ººÀ½¹ä	Q3	2	0.75	top	500	656.98	375	492.74
top_ººÀ½¹ä·ù_³·°íÅ«ÆÄ½ºÅ¸º¼_±èÄ¡ººÀ½¹ä_Q3_00031.JPG	train	train	±èÄ¡ººÀ½¹ä	1	±èÄ¡ººÀ½¹ä	Q3	2	0.75	top	500	656.98	375	492.74
top_ººÀ½¹ä·ù_³·°íÅ«ÆÄ½ºÅ¸º¼_±èÄ¡ººÀ½¹ä_Q3_00032.JPG	train	train	±èÄ¡ººÀ½¹ä	1	±èÄ¡ººÀ½¹ä	Q3	2	0.75	top	500	656.98	375	492.74
top_ººÀ½¹ä·ù_³·°íÅ«ÆÄ½ºÅ¸º¼_±èÄ¡ººÀ½¹ä_Q3_00033.JPG	train	train	±èÄ¡ººÀ½¹ä	1	±èÄ¡ººÀ½¹ä	Q3	2	0.75	top	500	656.98	375	492.74
top_ººÀ½¹ä·ù_³·°íÅ«ÆÄ½ºÅ¸º¼_±èÄ¡ººÀ½¹ä_Q3_00034.JPG	train	train	±èÄ¡ººÀ½¹ä	1	±èÄ¡ººÀ½¹ä	Q3	2	0.75	top	500	656.98	375	492.74
top_ººÀ½¹ä·ù_³·°íÅ«ÆÄ½ºÅ¸º¼_±èÄ¡ººÀ½¹ä_Q3_00035.JPG	train	train	±èÄ¡ººÀ½¹ä	1	±èÄ¡ººÀ½¹ä	Q3	2	0.75	top	500	656.98	375	492.74
top_ººÀ½¹ä·ù_³·°íÅ«ÆÄ½ºÅ¸º¼_±èÄ¡ººÀ½¹ä_Q3_00036.JPG	train	train	±èÄ¡ººÀ½¹ä	1	±èÄ¡ººÀ½¹ä	Q3	2	0.75	top	500	656.98	375	492.74
top_ººÀ½¹ä·ù_³·°íÅ«ÆÄ½ºÅ¸º¼_±èÄ¡ººÀ½¹ä_Q3_00038.JPG	train	train	±èÄ¡ººÀ½¹ä	1	±èÄ¡ººÀ½¹ä	Q3	2	0.75	top	500	656.98	375	492.74
top_ººÀ½¹ä·ù_³·°íÅ«ÆÄ½ºÅ¸º¼_±èÄ¡ººÀ½¹ä_Q3_00039.JPG	train	train	±èÄ¡ººÀ½¹ä	1	±èÄ¡ººÀ½¹ä	Q3	2	0.75	top	500	656.98	375	492.74
top_ººÀ½¹ä·ù_³·°íÅ«ÆÄ½ºÅ¸º¼_±èÄ¡ººÀ½¹ä_Q3_00040.JPG	train	train	±èÄ¡ººÀ½¹ä	1	±èÄ¡ººÀ½¹ä	Q3	2	0.75	top	500	656.98	375	492.74
top_ººÀ½¹ä·ù_³·°íÅ«ÆÄ½ºÅ¸º¼_±èÄ¡ººÀ½¹ä_Q3_00041.JPG	train	train	±èÄ¡ººÀ½¹ä	1	±èÄ¡ººÀ½¹ä	Q3	2	0.75	top	500	656.98	375	492.74
top_ººÀ½¹ä·ù_³·°íÅ«ÆÄ½ºÅ¸º¼_±èÄ¡ººÀ½¹ä_Q3_00043.JPG	train	train	±èÄ¡ººÀ½¹ä	1	±èÄ¡ººÀ½¹ä	Q3	2	0.75	top	500	656.98	375	492.74
top_ººÀ½¹ä·ù_³·°íÅ«ÆÄ½ºÅ¸º¼_±èÄ¡ººÀ½¹ä_Q3_00045.JPG	train	train	±èÄ¡ººÀ½¹ä	1	±èÄ¡ººÀ½¹ä	Q3	2	0.75	top	500	656.98	375	492.74
top_ººÀ½¹ä·ù_³·°íÅ«ÆÄ½ºÅ¸º¼_±èÄ¡ººÀ½¹ä_Q3_00047.JPG	train	train	±èÄ¡ººÀ½¹ä	1	±èÄ¡ººÀ½¹ä	Q3	2	0.75	top	500	656.98	375	492.74
top_ººÀ½¹ä·ù_³·°íÅ«ÆÄ½ºÅ¸º¼_±èÄ¡ººÀ½¹ä_Q3_00048.JPG	train	train	±èÄ¡ººÀ½¹ä	1	±èÄ¡ººÀ½¹ä	Q3	2	0.75	top	500	656.98	375	492.74
top_ººÀ½¹ä·ù_³·°íÅ«ÆÄ½ºÅ¸º¼_±èÄ¡ººÀ½¹ä_Q3_00049.JPG	train	train	±èÄ¡ººÀ½¹ä	1	±èÄ¡ººÀ½¹ä	Q3	2	0.75	top	500	656.98	375	492.74
top_ººÀ½¹ä·ù_³·°íÅ«ÆÄ½ºÅ¸º¼_±èÄ¡ººÀ½¹ä_Q3_00050.JPG	train	train	±èÄ¡ººÀ½¹ä	1	±èÄ¡ººÀ½¹ä	Q3	2	0.75	top	500	656.98	375	492.74
top_ººÀ½¹ä·ù_³·°íÅ«ÆÄ½ºÅ¸º¼_±èÄ¡ººÀ½¹ä_Q3_00051.JPG	train	train	±èÄ¡ººÀ½¹ä	1	±èÄ¡ººÀ½¹ä	Q3	2	0.75	top	500	656.98	375	492.74
top_ººÀ½¹ä·ù_³·°íÅ«ÆÄ½ºÅ¸º¼_±èÄ¡ººÀ½¹ä_Q3_00052.JPG	train	train	±èÄ¡ººÀ½¹ä	1	±èÄ¡ººÀ½¹ä	Q3	2	0.75	top	500	656.98	375	492.74
top_ººÀ½¹ä·ù_³·°íÅ«ÆÄ½ºÅ¸º¼_±èÄ¡ººÀ½¹ä_Q3_00053.JPG	train	train	±èÄ¡ººÀ½¹ä	1	±èÄ¡ººÀ½¹ä	Q3	2	0.75	top	500	656.98	375	492.74
top_ººÀ½¹ä·ù_³·°íÅ«ÆÄ½ºÅ¸º¼_±èÄ¡ººÀ½¹ä_Q3_00054.JPG	train	train	±èÄ¡ººÀ½¹ä	1	±èÄ¡ººÀ½¹ä	Q3	2	0.75	top	500	656.98	375	492.74
side_ººÀ½¹ä·ù_³·°íÅ«ÆÄ½ºÅ¸º¼_±èÄ¡ººÀ½¹ä_Q4_00001.JPG	train	train	±èÄ¡ººÀ½¹ä	1	±èÄ¡ººÀ½¹ä	Q4	3	1	side	500	656.98	500	656.98
side_ººÀ½¹ä·ù_³·°íÅ«ÆÄ½ºÅ¸º¼_±èÄ¡ººÀ½¹ä_Q4_00002.JPG	train	train	±èÄ¡ººÀ½¹ä	1	±èÄ¡ººÀ½¹ä	Q4	3	1	side	500	656.98	500	656.98
side_ººÀ½¹ä·ù_³·°íÅ«ÆÄ½ºÅ¸º¼_±èÄ¡ººÀ½¹ä_Q4_00003.JPG	train	train	±èÄ¡ººÀ½¹ä	1	±èÄ¡ººÀ½¹ä	Q4	3	1	side	500	656.98	500	656.98
side_ººÀ½¹ä·ù_³·°íÅ«ÆÄ½ºÅ¸º¼_±èÄ¡ººÀ½¹ä_Q4_00004.JPG	train	train	±èÄ¡ººÀ½¹ä	1	±èÄ¡ººÀ½¹ä	Q4	3	1	side	500	656.98	500	656.98
side_ººÀ½¹ä·ù_³·°íÅ«ÆÄ½ºÅ¸º¼_±èÄ¡ººÀ½¹ä_Q4_00006.JPG	train	train	±èÄ¡ººÀ½¹ä	1	±èÄ¡ººÀ½¹ä	Q4	3	1	side	500	656.98	500	656.98
side_ººÀ½¹ä·ù_³·°íÅ«ÆÄ½ºÅ¸º¼_±èÄ¡ººÀ½¹ä_Q4_00007.JPG	train	train	±èÄ¡ººÀ½¹ä	1	±èÄ¡ººÀ½¹ä	Q4	3	1	side	500	656.98	500	656.98
side_ººÀ½¹ä·ù_³·°íÅ«ÆÄ½ºÅ¸º¼_±èÄ¡ººÀ½¹ä_Q4_00008.JPG	train	train	±èÄ¡ººÀ½¹ä	1	±èÄ¡ººÀ½¹ä	Q4	3	1	side	500	656.98	500	656.98
side_ººÀ½¹ä·ù_³·°íÅ«ÆÄ½ºÅ¸º¼_±èÄ¡ººÀ½¹ä_Q4_00011.JPG	train	train	±èÄ¡ººÀ½¹ä	1	±èÄ¡ººÀ½¹ä	Q4	3	1	side	500	656.98	500	656.98
side_ººÀ½¹ä·ù_³·°íÅ«ÆÄ½ºÅ¸º¼_±èÄ¡ººÀ½¹ä_Q4_00012.JPG	train	train	±èÄ¡ººÀ½¹ä	1	±èÄ¡ººÀ½¹ä	Q4	3	1	side	500	656.98	500	656.98
side_ººÀ½¹ä·ù_³·°íÅ«ÆÄ½ºÅ¸º¼_±èÄ¡ººÀ½¹ä_Q4_00013.JPG	train	train	±èÄ¡ººÀ½¹ä	1	±èÄ¡ººÀ½¹ä	Q4	3	1	side	500	656.98	500	656.98
side_ººÀ½¹ä·ù_³·°íÅ«ÆÄ½ºÅ¸º¼_±èÄ¡ººÀ½¹ä_Q4_00014.JPG	train	train	±èÄ¡ººÀ½¹ä	1	±èÄ¡ººÀ½¹ä	Q4	3	1	side	500	656.98	500	656.98
side_ººÀ½¹ä·ù_³·°íÅ«ÆÄ½ºÅ¸º¼_±èÄ¡ººÀ½¹ä_Q4_00015.JPG	train	train	±èÄ¡ººÀ½¹ä	1	±èÄ¡ººÀ½¹ä	Q4	3	1	side	500	656.98	500	656.98
side_ººÀ½¹ä·ù_³·°íÅ«ÆÄ½ºÅ¸º¼_±èÄ¡ººÀ½¹ä_Q4_00017.JPG	train	train	±èÄ¡ººÀ½¹ä	1	±èÄ¡ººÀ½¹ä	Q4	3	1	side	500	656.98	500	656.98
side_ººÀ½¹ä·ù_³·°íÅ«ÆÄ½ºÅ¸º¼_±èÄ¡ººÀ½¹ä_Q4_00018.JPG	train	train	±èÄ¡ººÀ½¹ä	1	±èÄ¡ººÀ½¹ä	Q4	3	1	side	500	656.98	500	656.98
side_ººÀ½¹ä·ù_³·°íÅ«ÆÄ½ºÅ¸º¼_±èÄ¡ººÀ½¹ä_Q4_00019.JPG	train	train	±èÄ¡ººÀ½¹ä	1	±èÄ¡ººÀ½¹ä	Q4	3	1	side	500	656.98	500	656.98
side_ººÀ½¹ä·ù_³·°íÅ«ÆÄ½ºÅ¸º¼_±èÄ¡ººÀ½¹ä_Q4_00020.JPG	train	train	±èÄ¡ººÀ½¹ä	1	±èÄ¡ººÀ½¹ä	Q4	3	1	side	500	656.98	500	656.98
side_ººÀ½¹ä·ù_³·°íÅ«ÆÄ½ºÅ¸º¼_±èÄ¡ººÀ½¹ä_Q4_00021.JPG	train	train	±èÄ¡ººÀ½¹ä	1	±èÄ¡ººÀ½¹ä	Q4	3	1	side	500	656.98	500	656.98
side_ººÀ½¹ä·ù_³·°íÅ«ÆÄ½ºÅ¸º¼_±èÄ¡ººÀ½¹ä_Q4_00023.JPG	train	train	±èÄ¡ººÀ½¹ä	1	±èÄ¡ººÀ½¹ä	Q4	3	1	side	500	656.98	500	656.98
side_ººÀ½¹ä·ù_³·°íÅ«ÆÄ½ºÅ¸º¼_±èÄ¡ººÀ½¹ä_Q4_00025.JPG	train	train	±èÄ¡ººÀ½¹ä	1	±èÄ¡ººÀ½¹ä	Q4	3	1	side	500	656.98	500	656.98
side_ººÀ½¹ä·ù_³·°íÅ«ÆÄ½ºÅ¸º¼_±èÄ¡ººÀ½¹ä_Q4_00026.JPG	train	train	±èÄ¡ººÀ½¹ä	1	±èÄ¡ººÀ½¹ä	Q4	3	1	side	500	656.98	500	656.98
side_ººÀ½¹ä·ù_³·°íÅ«ÆÄ½ºÅ¸º¼_±èÄ¡ººÀ½¹ä_Q4_00027.JPG	train	train	±èÄ¡ººÀ½¹ä	1	±èÄ¡ººÀ½¹ä	Q4	3	1	side	500	656.98	500	656.98
side_ººÀ½¹ä·ù_³·°íÅ«ÆÄ½ºÅ¸º¼_±èÄ¡ººÀ½¹ä_Q4_00029.JPG	train	train	±èÄ¡ººÀ½¹ä	1	±èÄ¡ººÀ½¹ä	Q4	3	1	side	500	656.98	500	656.98
side_ººÀ½¹ä·ù_³·°íÅ«ÆÄ½ºÅ¸º¼_±èÄ¡ººÀ½¹ä_Q4_00030.JPG	train	train	±èÄ¡ººÀ½¹ä	1	±èÄ¡ººÀ½¹ä	Q4	3	1	side	500	656.98	500	656.98
side_ººÀ½¹ä·ù_³·°íÅ«ÆÄ½ºÅ¸º¼_±èÄ¡ººÀ½¹ä_Q4_00032.JPG	train	train	±èÄ¡ººÀ½¹ä	1	±èÄ¡ººÀ½¹ä	Q4	3	1	side	500	656.98	500	656.98
side_ººÀ½¹ä·ù_³·°íÅ«ÆÄ½ºÅ¸º¼_±èÄ¡ººÀ½¹ä_Q4_00034.JPG	train	train	±èÄ¡ººÀ½¹ä	1	±èÄ¡ººÀ½¹ä	Q4	3	1	side	500	656.98	500	656.98
side_ººÀ½¹ä·ù_³·°íÅ«ÆÄ½ºÅ¸º¼_±èÄ¡ººÀ½¹ä_Q4_00035.JPG	train	train	±èÄ¡ººÀ½¹ä	1	±èÄ¡ººÀ½¹ä	Q4	3	1	side	500	656.98	500	656.98
side_ººÀ½¹ä·ù_³·°íÅ«ÆÄ½ºÅ¸º¼_±èÄ¡ººÀ½¹ä_Q4_00036.JPG	train	train	±èÄ¡ººÀ½¹ä	1	±èÄ¡ººÀ½¹ä	Q4	3	1	side	500	656.98	500	656.98
side_ººÀ½¹ä·ù_³·°íÅ«ÆÄ½ºÅ¸º¼_±èÄ¡ººÀ½¹ä_Q4_00038.JPG	train	train	±èÄ¡ººÀ½¹ä	1	±èÄ¡ººÀ½¹ä	Q4	3	1	side	500	656.98	500	656.98
side_ººÀ½¹ä·ù_³·°íÅ«ÆÄ½ºÅ¸º¼_±èÄ¡ººÀ½¹ä_Q4_00039.JPG	train	train	±èÄ¡ººÀ½¹ä	1	±èÄ¡ººÀ½¹ä	Q4	3	1	side	500	656.98	500	656.98
side_ººÀ½¹ä·ù_³·°íÅ«ÆÄ½ºÅ¸º¼_±èÄ¡ººÀ½¹ä_Q4_00040.JPG	train	train	±èÄ¡ººÀ½¹ä	1	±èÄ¡ººÀ½¹ä	Q4	3	1	side	500	656.98	500	656.98
side_ººÀ½¹ä·ù_³·°íÅ«ÆÄ½ºÅ¸º¼_±èÄ¡ººÀ½¹ä_Q4_00041.JPG	train	train	±èÄ¡ººÀ½¹ä	1	±èÄ¡ººÀ½¹ä	Q4	3	1	side	500	656.98	500	656.98
side_ººÀ½¹ä·ù_³·°íÅ«ÆÄ½ºÅ¸º¼_±èÄ¡ººÀ½¹ä_Q4_00042.JPG	train	train	±èÄ¡ººÀ½¹ä	1	±èÄ¡ººÀ½¹ä	Q4	3	1	side	500	656.98	500	656.98
side_ººÀ½¹ä·ù_³·°íÅ«ÆÄ½ºÅ¸º¼_±èÄ¡ººÀ½¹ä_Q4_00043.JPG	train	train	±èÄ¡ººÀ½¹ä	1	±èÄ¡ººÀ½¹ä	Q4	3	1	side	500	656.98	500	656.98
side_ººÀ½¹ä·ù_³·°íÅ«ÆÄ½ºÅ¸º¼_±èÄ¡ººÀ½¹ä_Q4_00044.JPG	train	train	±èÄ¡ººÀ½¹ä	1	±èÄ¡ººÀ½¹ä	Q4	3	1	side	500	656.98	500	656.98
side_ººÀ½¹ä·ù_³·°íÅ«ÆÄ½ºÅ¸º¼_±èÄ¡ººÀ½¹ä_Q4_00046.JPG	train	train	±èÄ¡ººÀ½¹ä	1	±èÄ¡ººÀ½¹ä	Q4	3	1	side	500	656.98	500	656.98
side_ººÀ½¹ä·ù_³·°íÅ«ÆÄ½ºÅ¸º¼_±èÄ¡ººÀ½¹ä_Q4_00047.JPG	train	train	±èÄ¡ººÀ½¹ä	1	±èÄ¡ººÀ½¹ä	Q4	3	1	side	500	656.98	500	656.98
side_ººÀ½¹ä·ù_³·°íÅ«ÆÄ½ºÅ¸º¼_±èÄ¡ººÀ½¹ä_Q4_00048.JPG	train	train	±èÄ¡ººÀ½¹ä	1	±èÄ¡ººÀ½¹ä	Q4	3	1	side	500	656.98	500	656.98
side_ººÀ½¹ä·ù_³·°íÅ«ÆÄ½ºÅ¸º¼_±èÄ¡ººÀ½¹ä_Q4_00049.JPG	train	train	±èÄ¡ººÀ½¹ä	1	±èÄ¡ººÀ½¹ä	Q4	3	1	side	500	656.98	500	656.98
side_ººÀ½¹ä·ù_³·°íÅ«ÆÄ½ºÅ¸º¼_±èÄ¡ººÀ½¹ä_Q4_00051.JPG	train	train	±èÄ¡ººÀ½¹ä	1	±èÄ¡ººÀ½¹ä	Q4	3	1	side	500	656.98	500	656.98
side_ººÀ½¹ä·ù_³·°íÅ«ÆÄ½ºÅ¸º¼_±èÄ¡ººÀ½¹ä_Q4_00053.JPG	train	train	±èÄ¡ººÀ½¹ä	1	±èÄ¡ººÀ½¹ä	Q4	3	1	side	500	656.98	500	656.98
side_ººÀ½¹ä·ù_³·°íÅ«ÆÄ½ºÅ¸º¼_±èÄ¡ººÀ½¹ä_Q4_00054.JPG	train	train	±èÄ¡ººÀ½¹ä	1	±èÄ¡ººÀ½¹ä	Q4	3	1	side	500	656.98	500	656.98
top_ººÀ½¹ä·ù_³·°íÅ«ÆÄ½ºÅ¸º¼_±èÄ¡ººÀ½¹ä_Q4_00002.JPG	train	train	±èÄ¡ººÀ½¹ä	1	±èÄ¡ººÀ½¹ä	Q4	3	1	top	500	656.98	500	656.98
top_ººÀ½¹ä·ù_³·°íÅ«ÆÄ½ºÅ¸º¼_±èÄ¡ººÀ½¹ä_Q4_00003.JPG	train	train	±èÄ¡ººÀ½¹ä	1	±èÄ¡ººÀ½¹ä	Q4	3	1	top	500	656.98	500	656.98
top_ººÀ½¹ä·ù_³·°íÅ«ÆÄ½ºÅ¸º¼_±èÄ¡ººÀ½¹ä_Q4_00005.JPG	train	train	±èÄ¡ººÀ½¹ä	1	±èÄ¡ººÀ½¹ä	Q4	3	1	top	500	656.98	500	656.98
top_ººÀ½¹ä·ù_³·°íÅ«ÆÄ½ºÅ¸º¼_±èÄ¡ººÀ½¹ä_Q4_00007.JPG	train	train	±èÄ¡ººÀ½¹ä	1	±èÄ¡ººÀ½¹ä	Q4	3	1	top	500	656.98	500	656.98
top_ººÀ½¹ä·ù_³·°íÅ«ÆÄ½ºÅ¸º¼_±èÄ¡ººÀ½¹ä_Q4_00009.JPG	train	train	±èÄ¡ººÀ½¹ä	1	±èÄ¡ººÀ½¹ä	Q4	3	1	top	500	656.98	500	656.98
top_ººÀ½¹ä·ù_³·°íÅ«ÆÄ½ºÅ¸º¼_±èÄ¡ººÀ½¹ä_Q4_00010.JPG	train	train	±èÄ¡ººÀ½¹ä	1	±èÄ¡ººÀ½¹ä	Q4	3	1	top	500	656.98	500	656.98
top_ººÀ½¹ä·ù_³·°íÅ«ÆÄ½ºÅ¸º¼_±èÄ¡ººÀ½¹ä_Q4_00011.JPG	train	train	±èÄ¡ººÀ½¹ä	1	±èÄ¡ººÀ½¹ä	Q4	3	1	top	500	656.98	500	656.98
top_ººÀ½¹ä·ù_³·°íÅ«ÆÄ½ºÅ¸º¼_±èÄ¡ººÀ½¹ä_Q4_00012.JPG	train	train	±èÄ¡ººÀ½¹ä	1	±èÄ¡ººÀ½¹ä	Q4	3	1	top	500	656.98	500	656.98
top_ººÀ½¹ä·ù_³·°íÅ«ÆÄ½ºÅ¸º¼_±èÄ¡ººÀ½¹ä_Q4_00013.JPG	train	train	±èÄ¡ººÀ½¹ä	1	±èÄ¡ººÀ½¹ä	Q4	3	1	top	500	656.98	500	656.98
top_ººÀ½¹ä·ù_³·°íÅ«ÆÄ½ºÅ¸º¼_±èÄ¡ººÀ½¹ä_Q4_00014.JPG	train	train	±èÄ¡ººÀ½¹ä	1	±èÄ¡ººÀ½¹ä	Q4	3	1	top	500	656.98	500	656.98
top_ººÀ½¹ä·ù_³·°íÅ«ÆÄ½ºÅ¸º¼_±èÄ¡ººÀ½¹ä_Q4_00015.JPG	train	train	±èÄ¡ººÀ½¹ä	1	±èÄ¡ººÀ½¹ä	Q4	3	1	top	500	656.98	500	656.98
top_ººÀ½¹ä·ù_³·°íÅ«ÆÄ½ºÅ¸º¼_±èÄ¡ººÀ½¹ä_Q4_00016.JPG	train	train	±èÄ¡ººÀ½¹ä	1	±èÄ¡ººÀ½¹ä	Q4	3	1	top	500	656.98	500	656.98
top_ººÀ½¹ä·ù_³·°íÅ«ÆÄ½ºÅ¸º¼_±èÄ¡ººÀ½¹ä_Q4_00017.JPG	train	train	±èÄ¡ººÀ½¹ä	1	±èÄ¡ººÀ½¹ä	Q4	3	1	top	500	656.98	500	656.98
top_ººÀ½¹ä·ù_³·°íÅ«ÆÄ½ºÅ¸º¼_±èÄ¡ººÀ½¹ä_Q4_00018.JPG	train	train	±èÄ¡ººÀ½¹ä	1	±èÄ¡ººÀ½¹ä	Q4	3	1	top	500	656.98	500	656.98
top_ººÀ½¹ä·ù_³·°íÅ«ÆÄ½ºÅ¸º¼_±èÄ¡ººÀ½¹ä_Q4_00019.JPG	train	train	±èÄ¡ººÀ½¹ä	1	±èÄ¡ººÀ½¹ä	Q4	3	1	top	500	656.98	500	656.98
top_ººÀ½¹ä·ù_³·°íÅ«ÆÄ½ºÅ¸º¼_±èÄ¡ººÀ½¹ä_Q4_00020.JPG	train	train	±èÄ¡ººÀ½¹ä	1	±èÄ¡ººÀ½¹ä	Q4	3	1	top	500	656.98	500	656.98
top_ººÀ½¹ä·ù_³·°íÅ«ÆÄ½ºÅ¸º¼_±èÄ¡ººÀ½¹ä_Q4_00021.JPG	train	train	±èÄ¡ººÀ½¹ä	1	±èÄ¡ººÀ½¹ä	Q4	3	1	top	500	656.98	500	656.98
top_ººÀ½¹ä·ù_³·°íÅ«ÆÄ½ºÅ¸º¼_±èÄ¡ººÀ½¹ä_Q4_00022.JPG	train	train	±èÄ¡ººÀ½¹ä	1	±èÄ¡ººÀ½¹ä	Q4	3	1	top	500	656.98	500	656.98
top_ººÀ½¹ä·ù_³·°íÅ«ÆÄ½ºÅ¸º¼_±èÄ¡ººÀ½¹ä_Q4_00023.JPG	train	train	±èÄ¡ººÀ½¹ä	1	±èÄ¡ººÀ½¹ä	Q4	3	1	top	500	656.98	500	656.98
top_ººÀ½¹ä·ù_³·°íÅ«ÆÄ½ºÅ¸º¼_±èÄ¡ººÀ½¹ä_Q4_00024.JPG	train	train	±èÄ¡ººÀ½¹ä	1	±èÄ¡ººÀ½¹ä	Q4	3	1	top	500	656.98	500	656.98
top_ººÀ½¹ä·ù_³·°íÅ«ÆÄ½ºÅ¸º¼_±èÄ¡ººÀ½¹ä_Q4_00025.JPG	train	train	±èÄ¡ººÀ½¹ä	1	±èÄ¡ººÀ½¹ä	Q4	3	1	top	500	656.98	500	656.98
top_ººÀ½¹ä·ù_³·°íÅ«ÆÄ½ºÅ¸º¼_±èÄ¡ººÀ½¹ä_Q4_00027.JPG	train	train	±èÄ¡ººÀ½¹ä	1	±èÄ¡ººÀ½¹ä	Q4	3	1	top	500	656.98	500	656.98
top_ººÀ½¹ä·ù_³·°íÅ«ÆÄ½ºÅ¸º¼_±èÄ¡ººÀ½¹ä_Q4_00028.JPG	train	train	±èÄ¡ººÀ½¹ä	1	±èÄ¡ººÀ½¹ä	Q4	3	1	top	500	656.98	500	656.98
top_ººÀ½¹ä·ù_³·°íÅ«ÆÄ½ºÅ¸º¼_±èÄ¡ººÀ½¹ä_Q4_00029.JPG	train	train	±èÄ¡ººÀ½¹ä	1	±èÄ¡ººÀ½¹ä	Q4	3	1	top	500	656.98	500	656.98
top_ººÀ½¹ä·ù_³·°íÅ«ÆÄ½ºÅ¸º¼_±èÄ¡ººÀ½¹ä_Q4_00030.JPG	train	train	±èÄ¡ººÀ½¹ä	1	±èÄ¡ººÀ½¹ä	Q4	3	1	top	500	656.98	500	656.98
top_ººÀ½¹ä·ù_³·°íÅ«ÆÄ½ºÅ¸º¼_±èÄ¡ººÀ½¹ä_Q4_00032.JPG	train	train	±èÄ¡ººÀ½¹ä	1	±èÄ¡ººÀ½¹ä	Q4	3	1	top	500	656.98	500	656.98
top_ººÀ½¹ä·ù_³·°íÅ«ÆÄ½ºÅ¸º¼_±èÄ¡ººÀ½¹ä_Q4_00033.JPG	train	train	±èÄ¡ººÀ½¹ä	1	±èÄ¡ººÀ½¹ä	Q4	3	1	top	500	656.98	500	656.98
top_ººÀ½¹ä·ù_³·°íÅ«ÆÄ½ºÅ¸º¼_±èÄ¡ººÀ½¹ä_Q4_00034.JPG	train	train	±èÄ¡ººÀ½¹ä	1	±èÄ¡ººÀ½¹ä	Q4	3	1	top	500	656.98	500	656.98
top_ººÀ½¹ä·ù_³·°íÅ«ÆÄ½ºÅ¸º¼_±èÄ¡ººÀ½¹ä_Q4_00035.JPG	train	train	±èÄ¡ººÀ½¹ä	1	±èÄ¡ººÀ½¹ä	Q4	3	1	top	500	656.98	500	656.98
top_ººÀ½¹ä·ù_³·°íÅ«ÆÄ½ºÅ¸º¼_±èÄ¡ººÀ½¹ä_Q4_00036.JPG	train	train	±èÄ¡ººÀ½¹ä	1	±èÄ¡ººÀ½¹ä	Q4	3	1	top	500	656.98	500	656.98
top_ººÀ½¹ä·ù_³·°íÅ«ÆÄ½ºÅ¸º¼_±èÄ¡ººÀ½¹ä_Q4_00037.JPG	train	train	±èÄ¡ººÀ½¹ä	1	±èÄ¡ººÀ½¹ä	Q4	3	1	top	500	656.98	500	656.98
top_ººÀ½¹ä·ù_³·°íÅ«ÆÄ½ºÅ¸º¼_±èÄ¡ººÀ½¹ä_Q4_00038.JPG	train	train	±èÄ¡ººÀ½¹ä	1	±èÄ¡ººÀ½¹ä	Q4	3	1	top	500	656.98	500	656.98
top_ººÀ½¹ä·ù_³·°íÅ«ÆÄ½ºÅ¸º¼_±èÄ¡ººÀ½¹ä_Q4_00039.JPG	train	train	±èÄ¡ººÀ½¹ä	1	±èÄ¡ººÀ½¹ä	Q4	3	1	top	500	656.98	500	656.98
top_ººÀ½¹ä·ù_³·°íÅ«ÆÄ½ºÅ¸º¼_±èÄ¡ººÀ½¹ä_Q4_00040.JPG	train	train	±èÄ¡ººÀ½¹ä	1	±èÄ¡ººÀ½¹ä	Q4	3	1	top	500	656.98	500	656.98
top_ººÀ½¹ä·ù_³·°íÅ«ÆÄ½ºÅ¸º¼_±èÄ¡ººÀ½¹ä_Q4_00041.JPG	train	train	±èÄ¡ººÀ½¹ä	1	±èÄ¡ººÀ½¹ä	Q4	3	1	top	500	656.98	500	656.98
top_ººÀ½¹ä·ù_³·°íÅ«ÆÄ½ºÅ¸º¼_±èÄ¡ººÀ½¹ä_Q4_00043.JPG	train	train	±èÄ¡ººÀ½¹ä	1	±èÄ¡ººÀ½¹ä	Q4	3	1	top	500	656.98	500	656.98
top_ººÀ½¹ä·ù_³·°íÅ«ÆÄ½ºÅ¸º¼_±èÄ¡ººÀ½¹ä_Q4_00044.JPG	train	train	±èÄ¡ººÀ½¹ä	1	±èÄ¡ººÀ½¹ä	Q4	3	1	top	500	656.98	500	656.98
top_ººÀ½¹ä·ù_³·°íÅ«ÆÄ½ºÅ¸º¼_±èÄ¡ººÀ½¹ä_Q4_00045.JPG	train	train	±èÄ¡ººÀ½¹ä	1	±èÄ¡ººÀ½¹ä	Q4	3	1	top	500	656.98	500	656.98
top_ººÀ½¹ä·ù_³·°íÅ«ÆÄ½ºÅ¸º¼_±èÄ¡ººÀ½¹ä_Q4_00046.JPG	train	train	±èÄ¡ººÀ½¹ä	1	±èÄ¡ººÀ½¹ä	Q4	3	1	top	500	656.98	500	656.98
top_ººÀ½¹ä·ù_³·°íÅ«ÆÄ½ºÅ¸º¼_±èÄ¡ººÀ½¹ä_Q4_00047.JPG	train	train	±èÄ¡ººÀ½¹ä	1	±èÄ¡ººÀ½¹ä	Q4	3	1	top	500	656.98	500	656.98
top_ººÀ½¹ä·ù_³·°íÅ«ÆÄ½ºÅ¸º¼_±èÄ¡ººÀ½¹ä_Q4_00048.JPG	train	train	±èÄ¡ººÀ½¹ä	1	±èÄ¡ººÀ½¹ä	Q4	3	1	top	500	656.98	500	656.98
top_ººÀ½¹ä·ù_³·°íÅ«ÆÄ½ºÅ¸º¼_±èÄ¡ººÀ½¹ä_Q4_00049.JPG	train	train	±èÄ¡ººÀ½¹ä	1	±èÄ¡ººÀ½¹ä	Q4	3	1	top	500	656.98	500	656.98
top_ººÀ½¹ä·ù_³·°íÅ«ÆÄ½ºÅ¸º¼_±èÄ¡ººÀ½¹ä_Q4_00050.JPG	train	train	±èÄ¡ººÀ½¹ä	1	±èÄ¡ººÀ½¹ä	Q4	3	1	top	500	656.98	500	656.98
top_ººÀ½¹ä·ù_³·°íÅ«ÆÄ½ºÅ¸º¼_±èÄ¡ººÀ½¹ä_Q4_00052.JPG	train	train	±èÄ¡ººÀ½¹ä	1	±èÄ¡ººÀ½¹ä	Q4	3	1	top	500	656.98	500	656.98
side_ººÀ½¹ä·ù_³·°íÅ«ÆÄ½ºÅ¸º¼_±èÄ¡ººÀ½¹ä_Q5_00001.JPG	train	train	±èÄ¡ººÀ½¹ä	1	±èÄ¡ººÀ½¹ä	Q5	4	1.25	side	500	656.98	625	821.23
side_ººÀ½¹ä·ù_³·°íÅ«ÆÄ½ºÅ¸º¼_±èÄ¡ººÀ½¹ä_Q5_00002.JPG	train	train	±èÄ¡ººÀ½¹ä	1	±èÄ¡ººÀ½¹ä	Q5	4	1.25	side	500	656.98	625	821.23
side_ººÀ½¹ä·ù_³·°íÅ«ÆÄ½ºÅ¸º¼_±èÄ¡ººÀ½¹ä_Q5_00003.JPG	train	train	±èÄ¡ººÀ½¹ä	1	±èÄ¡ººÀ½¹ä	Q5	4	1.25	side	500	656.98	625	821.23
side_ººÀ½¹ä·ù_³·°íÅ«ÆÄ½ºÅ¸º¼_±èÄ¡ººÀ½¹ä_Q5_00004.JPG	train	train	±èÄ¡ººÀ½¹ä	1	±èÄ¡ººÀ½¹ä	Q5	4	1.25	side	500	656.98	625	821.23
side_ººÀ½¹ä·ù_³·°íÅ«ÆÄ½ºÅ¸º¼_±èÄ¡ººÀ½¹ä_Q5_00005.JPG	train	train	±èÄ¡ººÀ½¹ä	1	±èÄ¡ººÀ½¹ä	Q5	4	1.25	side	500	656.98	625	821.23
side_ººÀ½¹ä·ù_³·°íÅ«ÆÄ½ºÅ¸º¼_±èÄ¡ººÀ½¹ä_Q5_00011.JPG	train	train	±èÄ¡ººÀ½¹ä	1	±èÄ¡ººÀ½¹ä	Q5	4	1.25	side	500	656.98	625	821.23
side_ººÀ½¹ä·ù_³·°íÅ«ÆÄ½ºÅ¸º¼_±èÄ¡ººÀ½¹ä_Q5_00012.JPG	train	train	±èÄ¡ººÀ½¹ä	1	±èÄ¡ººÀ½¹ä	Q5	4	1.25	side	500	656.98	625	821.23
side_ººÀ½¹ä·ù_³·°íÅ«ÆÄ½ºÅ¸º¼_±èÄ¡ººÀ½¹ä_Q5_00013.JPG	train	train	±èÄ¡ººÀ½¹ä	1	±èÄ¡ººÀ½¹ä	Q5	4	1.25	side	500	656.98	625	821.23
side_ººÀ½¹ä·ù_³·°íÅ«ÆÄ½ºÅ¸º¼_±èÄ¡ººÀ½¹ä_Q5_00014.JPG	train	train	±èÄ¡ººÀ½¹ä	1	±èÄ¡ººÀ½¹ä	Q5	4	1.25	side	500	656.98	625	821.23
side_ººÀ½¹ä·ù_³·°íÅ«ÆÄ½ºÅ¸º¼_±èÄ¡ººÀ½¹ä_Q5_00015.JPG	train	train	±èÄ¡ººÀ½¹ä	1	±èÄ¡ººÀ½¹ä	Q5	4	1.25	side	500	656.98	625	821.23
side_ººÀ½¹ä·ù_³·°íÅ«ÆÄ½ºÅ¸º¼_±èÄ¡ººÀ½¹ä_Q5_00016.JPG	train	train	±èÄ¡ººÀ½¹ä	1	±èÄ¡ººÀ½¹ä	Q5	4	1.25	side	500	656.98	625	821.23
side_ººÀ½¹ä·ù_³·°íÅ«ÆÄ½ºÅ¸º¼_±èÄ¡ººÀ½¹ä_Q5_00018.JPG	train	train	±èÄ¡ººÀ½¹ä	1	±èÄ¡ººÀ½¹ä	Q5	4	1.25	side	500	656.98	625	821.23
side_ººÀ½¹ä·ù_³·°íÅ«ÆÄ½ºÅ¸º¼_±èÄ¡ººÀ½¹ä_Q5_00020.JPG	train	train	±èÄ¡ººÀ½¹ä	1	±èÄ¡ººÀ½¹ä	Q5	4	1.25	side	500	656.98	625	821.23
side_ººÀ½¹ä·ù_³·°íÅ«ÆÄ½ºÅ¸º¼_±èÄ¡ººÀ½¹ä_Q5_00021.JPG	train	train	±èÄ¡ººÀ½¹ä	1	±èÄ¡ººÀ½¹ä	Q5	4	1.25	side	500	656.98	625	821.23
side_ººÀ½¹ä·ù_³·°íÅ«ÆÄ½ºÅ¸º¼_±èÄ¡ººÀ½¹ä_Q5_00023.JPG	train	train	±èÄ¡ººÀ½¹ä	1	±èÄ¡ººÀ½¹ä	Q5	4	1.25	side	500	656.98	625	821.23
side_ººÀ½¹ä·ù_³·°íÅ«ÆÄ½ºÅ¸º¼_±èÄ¡ººÀ½¹ä_Q5_00024.JPG	train	train	±èÄ¡ººÀ½¹ä	1	±èÄ¡ººÀ½¹ä	Q5	4	1.25	side	500	656.98	625	821.23
side_ººÀ½¹ä·ù_³·°íÅ«ÆÄ½ºÅ¸º¼_±èÄ¡ººÀ½¹ä_Q5_00025.JPG	train	train	±èÄ¡ººÀ½¹ä	1	±èÄ¡ººÀ½¹ä	Q5	4	1.25	side	500	656.98	625	821.23
side_ººÀ½¹ä·ù_³·°íÅ«ÆÄ½ºÅ¸º¼_±èÄ¡ººÀ½¹ä_Q5_00026.JPG	train	train	±èÄ¡ººÀ½¹ä	1	±èÄ¡ººÀ½¹ä	Q5	4	1.25	side	500	656.98	625	821.23
side_ººÀ½¹ä·ù_³·°íÅ«ÆÄ½ºÅ¸º¼_±èÄ¡ººÀ½¹ä_Q5_00027.JPG	train	train	±èÄ¡ººÀ½¹ä	1	±èÄ¡ººÀ½¹ä	Q5	4	1.25	side	500	656.98	625	821.23
side_ººÀ½¹ä·ù_³·°íÅ«ÆÄ½ºÅ¸º¼_±èÄ¡ººÀ½¹ä_Q5_00028.JPG	train	train	±èÄ¡ººÀ½¹ä	1	±èÄ¡ººÀ½¹ä	Q5	4	1.25	side	500	656.98	625	821.23
side_ººÀ½¹ä·ù_³·°íÅ«ÆÄ½ºÅ¸º¼_±èÄ¡ººÀ½¹ä_Q5_00029.JPG	train	train	±èÄ¡ººÀ½¹ä	1	±èÄ¡ººÀ½¹ä	Q5	4	1.25	side	500	656.98	625	821.23
side_ººÀ½¹ä·ù_³·°íÅ«ÆÄ½ºÅ¸º¼_±èÄ¡ººÀ½¹ä_Q5_00030.JPG	train	train	±èÄ¡ººÀ½¹ä	1	±èÄ¡ººÀ½¹ä	Q5	4	1.25	side	500	656.98	625	821.23
side_ººÀ½¹ä·ù_³·°íÅ«ÆÄ½ºÅ¸º¼_±èÄ¡ººÀ½¹ä_Q5_00031.JPG	train	train	±èÄ¡ººÀ½¹ä	1	±èÄ¡ººÀ½¹ä	Q5	4	1.25	side	500	656.98	625	821.23
side_ººÀ½¹ä·ù_³·°íÅ«ÆÄ½ºÅ¸º¼_±èÄ¡ººÀ½¹ä_Q5_00032.JPG	train	train	±èÄ¡ººÀ½¹ä	1	±èÄ¡ººÀ½¹ä	Q5	4	1.25	side	500	656.98	625	821.23
side_ººÀ½¹ä·ù_³·°íÅ«ÆÄ½ºÅ¸º¼_±èÄ¡ººÀ½¹ä_Q5_00033.JPG	train	train	±èÄ¡ººÀ½¹ä	1	±èÄ¡ººÀ½¹ä	Q5	4	1.25	side	500	656.98	625	821.23
side_ººÀ½¹ä·ù_³·°íÅ«ÆÄ½ºÅ¸º¼_±èÄ¡ººÀ½¹ä_Q5_00034.JPG	train	train	±èÄ¡ººÀ½¹ä	1	±èÄ¡ººÀ½¹ä	Q5	4	1.25	side	500	656.98	625	821.23
side_ººÀ½¹ä·ù_³·°íÅ«ÆÄ½ºÅ¸º¼_±èÄ¡ººÀ½¹ä_Q5_00037.JPG	train	train	±èÄ¡ººÀ½¹ä	1	±èÄ¡ººÀ½¹ä	Q5	4	1.25	side	500	656.98	625	821.23
side_ººÀ½¹ä·ù_³·°íÅ«ÆÄ½ºÅ¸º¼_±èÄ¡ººÀ½¹ä_Q5_00038.JPG	train	train	±èÄ¡ººÀ½¹ä	1	±èÄ¡ººÀ½¹ä	Q5	4	1.25	side	500	656.98	625	821.23
side_ººÀ½¹ä·ù_³·°íÅ«ÆÄ½ºÅ¸º¼_±èÄ¡ººÀ½¹ä_Q5_00039.JPG	train	train	±èÄ¡ººÀ½¹ä	1	±èÄ¡ººÀ½¹ä	Q5	4	1.25	side	500	656.98	625	821.23
side_ººÀ½¹ä·ù_³·°íÅ«ÆÄ½ºÅ¸º¼_±èÄ¡ººÀ½¹ä_Q5_00040.JPG	train	train	±èÄ¡ººÀ½¹ä	1	±èÄ¡ººÀ½¹ä	Q5	4	1.25	side	500	656.98	625	821.23
side_ººÀ½¹ä·ù_³·°íÅ«ÆÄ½ºÅ¸º¼_±èÄ¡ººÀ½¹ä_Q5_00042.JPG	train	train	±èÄ¡ººÀ½¹ä	1	±èÄ¡ººÀ½¹ä	Q5	4	1.25	side	500	656.98	625	821.23
side_ººÀ½¹ä·ù_³·°íÅ«ÆÄ½ºÅ¸º¼_±èÄ¡ººÀ½¹ä_Q5_00043.JPG	train	train	±èÄ¡ººÀ½¹ä	1	±èÄ¡ººÀ½¹ä	Q5	4	1.25	side	500	656.98	625	821.23
side_ººÀ½¹ä·ù_³·°íÅ«ÆÄ½ºÅ¸º¼_±èÄ¡ººÀ½¹ä_Q5_00044.JPG	train	train	±èÄ¡ººÀ½¹ä	1	±èÄ¡ººÀ½¹ä	Q5	4	1.25	side	500	656.98	625	821.23
side_ººÀ½¹ä·ù_³·°íÅ«ÆÄ½ºÅ¸º¼_±èÄ¡ººÀ½¹ä_Q5_00045.JPG	train	train	±èÄ¡ººÀ½¹ä	1	±èÄ¡ººÀ½¹ä	Q5	4	1.25	side	500	656.98	625	821.23
side_ººÀ½¹ä·ù_³·°íÅ«ÆÄ½ºÅ¸º¼_±èÄ¡ººÀ½¹ä_Q5_00046.JPG	train	train	±èÄ¡ººÀ½¹ä	1	±èÄ¡ººÀ½¹ä	Q5	4	1.25	side	500	656.98	625	821.23
side_ººÀ½¹ä·ù_³·°íÅ«ÆÄ½ºÅ¸º¼_±èÄ¡ººÀ½¹ä_Q5_00047.JPG	train	train	±èÄ¡ººÀ½¹ä	1	±èÄ¡ººÀ½¹ä	Q5	4	1.25	side	500	656.98	625	821.23
side_ººÀ½¹ä·ù_³·°íÅ«ÆÄ½ºÅ¸º¼_±èÄ¡ººÀ½¹ä_Q5_00048.JPG	train	train	±èÄ¡ººÀ½¹ä	1	±èÄ¡ººÀ½¹ä	Q5	4	1.25	side	500	656.98	625	821.23
side_ººÀ½¹ä·ù_³·°íÅ«ÆÄ½ºÅ¸º¼_±èÄ¡ººÀ½¹ä_Q5_00049.JPG	train	train	±èÄ¡ººÀ½¹ä	1	±èÄ¡ººÀ½¹ä	Q5	4	1.25	side	500	656.98	625	821.23
side_ººÀ½¹ä·ù_³·°íÅ«ÆÄ½ºÅ¸º¼_±èÄ¡ººÀ½¹ä_Q5_00054.JPG	train	train	±èÄ¡ººÀ½¹ä	1	±èÄ¡ººÀ½¹ä	Q5	4	1.25	side	500	656.98	625	821.23
top_ººÀ½¹ä·ù_³·°íÅ«ÆÄ½ºÅ¸º¼_±èÄ¡ººÀ½¹ä_Q5_00001.JPG	train	train	±èÄ¡ººÀ½¹ä	1	±èÄ¡ººÀ½¹ä	Q5	4	1.25	top	500	656.98	625	821.23
top_ººÀ½¹ä·ù_³·°íÅ«ÆÄ½ºÅ¸º¼_±èÄ¡ººÀ½¹ä_Q5_00002.JPG	train	train	±èÄ¡ººÀ½¹ä	1	±èÄ¡ººÀ½¹ä	Q5	4	1.25	top	500	656.98	625	821.23
top_ººÀ½¹ä·ù_³·°íÅ«ÆÄ½ºÅ¸º¼_±èÄ¡ººÀ½¹ä_Q5_00003.JPG	train	train	±èÄ¡ººÀ½¹ä	1	±èÄ¡ººÀ½¹ä	Q5	4	1.25	top	500	656.98	625	821.23
top_ººÀ½¹ä·ù_³·°íÅ«ÆÄ½ºÅ¸º¼_±èÄ¡ººÀ½¹ä_Q5_00004.JPG	train	train	±èÄ¡ººÀ½¹ä	1	±èÄ¡ººÀ½¹ä	Q5	4	1.25	top	500	656.98	625	821.23
top_ººÀ½¹ä·ù_³·°íÅ«ÆÄ½ºÅ¸º¼_±èÄ¡ººÀ½¹ä_Q5_00005.JPG	train	train	±èÄ¡ººÀ½¹ä	1	±èÄ¡ººÀ½¹ä	Q5	4	1.25	top	500	656.98	625	821.23
top_ººÀ½¹ä·ù_³·°íÅ«ÆÄ½ºÅ¸º¼_±èÄ¡ººÀ½¹ä_Q5_00006.JPG	train	train	±èÄ¡ººÀ½¹ä	1	±èÄ¡ººÀ½¹ä	Q5	4	1.25	top	500	656.98	625	821.23
top_ººÀ½¹ä·ù_³·°íÅ«ÆÄ½ºÅ¸º¼_±èÄ¡ººÀ½¹ä_Q5_00008.JPG	train	train	±èÄ¡ººÀ½¹ä	1	±èÄ¡ººÀ½¹ä	Q5	4	1.25	top	500	656.98	625	821.23
top_ººÀ½¹ä·ù_³·°íÅ«ÆÄ½ºÅ¸º¼_±èÄ¡ººÀ½¹ä_Q5_00009.JPG	train	train	±èÄ¡ººÀ½¹ä	1	±èÄ¡ººÀ½¹ä	Q5	4	1.25	top	500	656.98	625	821.23
top_ººÀ½¹ä·ù_³·°íÅ«ÆÄ½ºÅ¸º¼_±èÄ¡ººÀ½¹ä_Q5_00010.JPG	train	train	±èÄ¡ººÀ½¹ä	1	±èÄ¡ººÀ½¹ä	Q5	4	1.25	top	500	656.98	625	821.23
top_ººÀ½¹ä·ù_³·°íÅ«ÆÄ½ºÅ¸º¼_±èÄ¡ººÀ½¹ä_Q5_00012.JPG	train	train	±èÄ¡ººÀ½¹ä	1	±èÄ¡ººÀ½¹ä	Q5	4	1.25	top	500	656.98	625	821.23
top_ººÀ½¹ä·ù_³·°íÅ«ÆÄ½ºÅ¸º¼_±èÄ¡ººÀ½¹ä_Q5_00013.JPG	train	train	±èÄ¡ººÀ½¹ä	1	±èÄ¡ººÀ½¹ä	Q5	4	1.25	top	500	656.98	625	821.23
top_ººÀ½¹ä·ù_³·°íÅ«ÆÄ½ºÅ¸º¼_±èÄ¡ººÀ½¹ä_Q5_00014.JPG	train	train	±èÄ¡ººÀ½¹ä	1	±èÄ¡ººÀ½¹ä	Q5	4	1.25	top	500	656.98	625	821.23
top_ººÀ½¹ä·ù_³·°íÅ«ÆÄ½ºÅ¸º¼_±èÄ¡ººÀ½¹ä_Q5_00015.JPG	train	train	±èÄ¡ººÀ½¹ä	1	±èÄ¡ººÀ½¹ä	Q5	4	1.25	top	500	656.98	625	821.23
top_ººÀ½¹ä·ù_³·°íÅ«ÆÄ½ºÅ¸º¼_±èÄ¡ººÀ½¹ä_Q5_00016.JPG	train	train	±èÄ¡ººÀ½¹ä	1	±èÄ¡ººÀ½¹ä	Q5	4	1.25	top	500	656.98	625	821.23
top_ººÀ½¹ä·ù_³·°íÅ«ÆÄ½ºÅ¸º¼_±èÄ¡ººÀ½¹ä_Q5_00017.JPG	train	train	±èÄ¡ººÀ½¹ä	1	±èÄ¡ººÀ½¹ä	Q5	4	1.25	top	500	656.98	625	821.23
top_ººÀ½¹ä·ù_³·°íÅ«ÆÄ½ºÅ¸º¼_±èÄ¡ººÀ½¹ä_Q5_00018.JPG	train	train	±èÄ¡ººÀ½¹ä	1	±èÄ¡ººÀ½¹ä	Q5	4	1.25	top	500	656.98	625	821.23
top_ººÀ½¹ä·ù_³·°íÅ«ÆÄ½ºÅ¸º¼_±èÄ¡ººÀ½¹ä_Q5_00019.JPG	train	train	±èÄ¡ººÀ½¹ä	1	±èÄ¡ººÀ½¹ä	Q5	4	1.25	top	500	656.98	625	821.23
top_ººÀ½¹ä·ù_³·°íÅ«ÆÄ½ºÅ¸º¼_±èÄ¡ººÀ½¹ä_Q5_00020.JPG	train	train	±èÄ¡ººÀ½¹ä	1	±èÄ¡ººÀ½¹ä	Q5	4	1.25	top	500	656.98	625	821.23
top_ººÀ½¹ä·ù_³·°íÅ«ÆÄ½ºÅ¸º¼_±èÄ¡ººÀ½¹ä_Q5_00021.JPG	train	train	±èÄ¡ººÀ½¹ä	1	±èÄ¡ººÀ½¹ä	Q5	4	1.25	top	500	656.98	625	821.23
top_ººÀ½¹ä·ù_³·°íÅ«ÆÄ½ºÅ¸º¼_±èÄ¡ººÀ½¹ä_Q5_00022.JPG	train	train	±èÄ¡ººÀ½¹ä	1	±èÄ¡ººÀ½¹ä	Q5	4	1.25	top	500	656.98	625	821.23
top_ººÀ½¹ä·ù_³·°íÅ«ÆÄ½ºÅ¸º¼_±èÄ¡ººÀ½¹ä_Q5_00023.JPG	train	train	±èÄ¡ººÀ½¹ä	1	±èÄ¡ººÀ½¹ä	Q5	4	1.25	top	500	656.98	625	821.23
top_ººÀ½¹ä·ù_³·°íÅ«ÆÄ½ºÅ¸º¼_±èÄ¡ººÀ½¹ä_Q5_00024.JPG	train	train	±èÄ¡ººÀ½¹ä	1	±èÄ¡ººÀ½¹ä	Q5	4	1.25	top	500	656.98	625	821.23
top_ººÀ½¹ä·ù_³·°íÅ«ÆÄ½ºÅ¸º¼_±èÄ¡ººÀ½¹ä_Q5_00026.JPG	train	train	±èÄ¡ººÀ½¹ä	1	±èÄ¡ººÀ½¹ä	Q5	4	1.25	top	500	656.98	625	821.23
top_ººÀ½¹ä·ù_³·°íÅ«ÆÄ½ºÅ¸º¼_±èÄ¡ººÀ½¹ä_Q5_00027.JPG	train	train	±èÄ¡ººÀ½¹ä	1	±èÄ¡ººÀ½¹ä	Q5	4	1.25	top	500	656.98	625	821.23
top_ººÀ½¹ä·ù_³·°íÅ«ÆÄ½ºÅ¸º¼_±èÄ¡ººÀ½¹ä_Q5_00028.JPG	train	train	±èÄ¡ººÀ½¹ä	1	±èÄ¡ººÀ½¹ä	Q5	4	1.25	top	500	656.98	625	821.23
top_ººÀ½¹ä·ù_³·°íÅ«ÆÄ½ºÅ¸º¼_±èÄ¡ººÀ½¹ä_Q5_00029.JPG	train	train	±èÄ¡ººÀ½¹ä	1	±èÄ¡ººÀ½¹ä	Q5	4	1.25	top	500	656.98	625	821.23
top_ººÀ½¹ä·ù_³·°íÅ«ÆÄ½ºÅ¸º¼_±èÄ¡ººÀ½¹ä_Q5_00030.JPG	train	train	±èÄ¡ººÀ½¹ä	1	±èÄ¡ººÀ½¹ä	Q5	4	1.25	top	500	656.98	625	821.23
top_ººÀ½¹ä·ù_³·°íÅ«ÆÄ½ºÅ¸º¼_±èÄ¡ººÀ½¹ä_Q5_00031.JPG	train	train	±èÄ¡ººÀ½¹ä	1	±èÄ¡ººÀ½¹ä	Q5	4	1.25	top	500	656.98	625	821.23
top_ººÀ½¹ä·ù_³·°íÅ«ÆÄ½ºÅ¸º¼_±èÄ¡ººÀ½¹ä_Q5_00032.JPG	train	train	±èÄ¡ººÀ½¹ä	1	±èÄ¡ººÀ½¹ä	Q5	4	1.25	top	500	656.98	625	821.23
top_ººÀ½¹ä·ù_³·°íÅ«ÆÄ½ºÅ¸º¼_±èÄ¡ººÀ½¹ä_Q5_00034.JPG	train	train	±èÄ¡ººÀ½¹ä	1	±èÄ¡ººÀ½¹ä	Q5	4	1.25	top	500	656.98	625	821.23
top_ººÀ½¹ä·ù_³·°íÅ«ÆÄ½ºÅ¸º¼_±èÄ¡ººÀ½¹ä_Q5_00035.JPG	train	train	±èÄ¡ººÀ½¹ä	1	±èÄ¡ººÀ½¹ä	Q5	4	1.25	top	500	656.98	625	821.23
top_ººÀ½¹ä·ù_³·°íÅ«ÆÄ½ºÅ¸º¼_±èÄ¡ººÀ½¹ä_Q5_00036.JPG	train	train	±èÄ¡ººÀ½¹ä	1	±èÄ¡ººÀ½¹ä	Q5	4	1.25	top	500	656.98	625	821.23
top_ººÀ½¹ä·ù_³·°íÅ«ÆÄ½ºÅ¸º¼_±èÄ¡ººÀ½¹ä_Q5_00037.JPG	train	train	±èÄ¡ººÀ½¹ä	1	±èÄ¡ººÀ½¹ä	Q5	4	1.25	top	500	656.98	625	821.23
top_ººÀ½¹ä·ù_³·°íÅ«ÆÄ½ºÅ¸º¼_±èÄ¡ººÀ½¹ä_Q5_00038.JPG	train	train	±èÄ¡ººÀ½¹ä	1	±èÄ¡ººÀ½¹ä	Q5	4	1.25	top	500	656.98	625	821.23
top_ººÀ½¹ä·ù_³·°íÅ«ÆÄ½ºÅ¸º¼_±èÄ¡ººÀ½¹ä_Q5_00039.JPG	train	train	±èÄ¡ººÀ½¹ä	1	±èÄ¡ººÀ½¹ä	Q5	4	1.25	top	500	656.98	625	821.23
top_ººÀ½¹ä·ù_³·°íÅ«ÆÄ½ºÅ¸º¼_±èÄ¡ººÀ½¹ä_Q5_00040.JPG	train	train	±èÄ¡ººÀ½¹ä	1	±èÄ¡ººÀ½¹ä	Q5	4	1.25	top	500	656.98	625	821.23
top_ººÀ½¹ä·ù_³·°íÅ«ÆÄ½ºÅ¸º¼_±èÄ¡ººÀ½¹ä_Q5_00041.JPG	train	train	±èÄ¡ººÀ½¹ä	1	±èÄ¡ººÀ½¹ä	Q5	4	1.25	top	500	656.98	625	821.23
top_ººÀ½¹ä·ù_³·°íÅ«ÆÄ½ºÅ¸º¼_±èÄ¡ººÀ½¹ä_Q5_00042.JPG	train	train	±èÄ¡ººÀ½¹ä	1	±èÄ¡ººÀ½¹ä	Q5	4	1.25	top	500	656.98	625	821.23
top_ººÀ½¹ä·ù_³·°íÅ«ÆÄ½ºÅ¸º¼_±èÄ¡ººÀ½¹ä_Q5_00043.JPG	train	train	±èÄ¡ººÀ½¹ä	1	±èÄ¡ººÀ½¹ä	Q5	4	1.25	top	500	656.98	625	821.23
top_ººÀ½¹ä·ù_³·°íÅ«ÆÄ½ºÅ¸º¼_±èÄ¡ººÀ½¹ä_Q5_00044.JPG	train	train	±èÄ¡ººÀ½¹ä	1	±èÄ¡ººÀ½¹ä	Q5	4	1.25	top	500	656.98	625	821.23
top_ººÀ½¹ä·ù_³·°íÅ«ÆÄ½ºÅ¸º¼_±èÄ¡ººÀ½¹ä_Q5_00045.JPG	train	train	±èÄ¡ººÀ½¹ä	1	±èÄ¡ººÀ½¹ä	Q5	4	1.25	top	500	656.98	625	821.23
top_ººÀ½¹ä·ù_³·°íÅ«ÆÄ½ºÅ¸º¼_±èÄ¡ººÀ½¹ä_Q5_00046.JPG	train	train	±èÄ¡ººÀ½¹ä	1	±èÄ¡ººÀ½¹ä	Q5	4	1.25	top	500	656.98	625	821.23
top_ººÀ½¹ä·ù_³·°íÅ«ÆÄ½ºÅ¸º¼_±èÄ¡ººÀ½¹ä_Q5_00047.JPG	train	train	±èÄ¡ººÀ½¹ä	1	±èÄ¡ººÀ½¹ä	Q5	4	1.25	top	500	656.98	625	821.23
top_ººÀ½¹ä·ù_³·°íÅ«ÆÄ½ºÅ¸º¼_±èÄ¡ººÀ½¹ä_Q5_00048.JPG	train	train	±èÄ¡ººÀ½¹ä	1	±èÄ¡ººÀ½¹ä	Q5	4	1.25	top	500	656.98	625	821.23
top_ººÀ½¹ä·ù_³·°íÅ«ÆÄ½ºÅ¸º¼_±èÄ¡ººÀ½¹ä_Q5_00049.JPG	train	train	±èÄ¡ººÀ½¹ä	1	±èÄ¡ººÀ½¹ä	Q5	4	1.25	top	500	656.98	625	821.23
top_ººÀ½¹ä·ù_³·°íÅ«ÆÄ½ºÅ¸º¼_±èÄ¡ººÀ½¹ä_Q5_00050.JPG	train	train	±èÄ¡ººÀ½¹ä	1	±èÄ¡ººÀ½¹ä	Q5	4	1.25	top	500	656.98	625	821.23
top_ººÀ½¹ä·ù_³·°íÅ«ÆÄ½ºÅ¸º¼_±èÄ¡ººÀ½¹ä_Q5_00052.JPG	train	train	±èÄ¡ººÀ½¹ä	1	±èÄ¡ººÀ½¹ä	Q5	4	1.25	top	500	656.98	625	821.23
top_ººÀ½¹ä·ù_³·°íÅ«ÆÄ½ºÅ¸º¼_±èÄ¡ººÀ½¹ä_Q5_00053.JPG	train	train	±èÄ¡ººÀ½¹ä	1	±èÄ¡ººÀ½¹ä	Q5	4	1.25	top	500	656.98	625	821.23
top_ººÀ½¹ä·ù_³·°íÅ«ÆÄ½ºÅ¸º¼_±èÄ¡ººÀ½¹ä_Q5_00055.JPG	train	train	±èÄ¡ººÀ½¹ä	1	±èÄ¡ººÀ½¹ä	Q5	4	1.25	top	500	656.98	625	821.23
top_ººÀ½¹ä·ù_³·°íÅ«ÆÄ½ºÅ¸º¼_±èÄ¡ººÀ½¹ä_Q5_00056.JPG	train	train	±èÄ¡ººÀ½¹ä	1	±èÄ¡ººÀ½¹ä	Q5	4	1.25	top	500	656.98	625	821.23
top_ººÀ½¹ä·ù_³·°íÅ«ÆÄ½ºÅ¸º¼_±èÄ¡ººÀ½¹ä_Q5_00057.JPG	train	train	±èÄ¡ººÀ½¹ä	1	±èÄ¡ººÀ½¹ä	Q5	4	1.25	top	500	656.98	625	821.23
top_ººÀ½¹ä·ù_³·°íÅ«ÆÄ½ºÅ¸º¼_±èÄ¡ººÀ½¹ä_Q5_00059.JPG	train	train	±èÄ¡ººÀ½¹ä	1	±èÄ¡ººÀ½¹ä	Q5	4	1.25	top	500	656.98	625	821.23
top_ººÀ½¹ä·ù_³·°íÅ«ÆÄ½ºÅ¸º¼_±èÄ¡ººÀ½¹ä_Q5_00060.JPG	train	train	±èÄ¡ººÀ½¹ä	1	±èÄ¡ººÀ½¹ä	Q5	4	1.25	top	500	656.98	625	821.23
side_ººÀ½¹ä·ù_Á¢½Ã_»ï¼±ººÀ½¹ä_Q1_00001.JPG	train	train	»ï¼±ººÀ½¹ä	2	»ï¼±ººÀ½¹ä	Q1	0	0.25	side	400	683.617	100	170.9
side_ººÀ½¹ä·ù_Á¢½Ã_»ï¼±ººÀ½¹ä_Q1_00002.JPG	train	train	»ï¼±ººÀ½¹ä	2	»ï¼±ººÀ½¹ä	Q1	0	0.25	side	400	683.617	100	170.9
side_ººÀ½¹ä·ù_Á¢½Ã_»ï¼±ººÀ½¹ä_Q1_00003.JPG	train	train	»ï¼±ººÀ½¹ä	2	»ï¼±ººÀ½¹ä	Q1	0	0.25	side	400	683.617	100	170.9
side_ººÀ½¹ä·ù_Á¢½Ã_»ï¼±ººÀ½¹ä_Q1_00005.JPG	train	train	»ï¼±ººÀ½¹ä	2	»ï¼±ººÀ½¹ä	Q1	0	0.25	side	400	683.617	100	170.9
side_ººÀ½¹ä·ù_Á¢½Ã_»ï¼±ººÀ½¹ä_Q1_00006.JPG	train	train	»ï¼±ººÀ½¹ä	2	»ï¼±ººÀ½¹ä	Q1	0	0.25	side	400	683.617	100	170.9
side_ººÀ½¹ä·ù_Á¢½Ã_»ï¼±ººÀ½¹ä_Q1_00007.JPG	train	train	»ï¼±ººÀ½¹ä	2	»ï¼±ººÀ½¹ä	Q1	0	0.25	side	400	683.617	100	170.9
side_ººÀ½¹ä·ù_Á¢½Ã_»ï¼±ººÀ½¹ä_Q1_00009.JPG	train	train	»ï¼±ººÀ½¹ä	2	»ï¼±ººÀ½¹ä	Q1	0	0.25	side	400	683.617	100	170.9
side_ººÀ½¹ä·ù_Á¢½Ã_»ï¼±ººÀ½¹ä_Q1_00010.JPG	train	train	»ï¼±ººÀ½¹ä	2	»ï¼±ººÀ½¹ä	Q1	0	0.25	side	400	683.617	100	170.9
side_ººÀ½¹ä·ù_Á¢½Ã_»ï¼±ººÀ½¹ä_Q1_00011.JPG	train	train	»ï¼±ººÀ½¹ä	2	»ï¼±ººÀ½¹ä	Q1	0	0.25	side	400	683.617	100	170.9
side_ººÀ½¹ä·ù_Á¢½Ã_»ï¼±ººÀ½¹ä_Q1_00012.JPG	train	train	»ï¼±ººÀ½¹ä	2	»ï¼±ººÀ½¹ä	Q1	0	0.25	side	400	683.617	100	170.9
side_ººÀ½¹ä·ù_Á¢½Ã_»ï¼±ººÀ½¹ä_Q1_00014.JPG	train	train	»ï¼±ººÀ½¹ä	2	»ï¼±ººÀ½¹ä	Q1	0	0.25	side	400	683.617	100	170.9
side_ººÀ½¹ä·ù_Á¢½Ã_»ï¼±ººÀ½¹ä_Q1_00015.JPG	train	train	»ï¼±ººÀ½¹ä	2	»ï¼±ººÀ½¹ä	Q1	0	0.25	side	400	683.617	100	170.9
side_ººÀ½¹ä·ù_Á¢½Ã_»ï¼±ººÀ½¹ä_Q1_00016.JPG	train	train	»ï¼±ººÀ½¹ä	2	»ï¼±ººÀ½¹ä	Q1	0	0.25	side	400	683.617	100	170.9
side_ººÀ½¹ä·ù_Á¢½Ã_»ï¼±ººÀ½¹ä_Q1_00017.JPG	train	train	»ï¼±ººÀ½¹ä	2	»ï¼±ººÀ½¹ä	Q1	0	0.25	side	400	683.617	100	170.9
side_ººÀ½¹ä·ù_Á¢½Ã_»ï¼±ººÀ½¹ä_Q1_00019.JPG	train	train	»ï¼±ººÀ½¹ä	2	»ï¼±ººÀ½¹ä	Q1	0	0.25	side	400	683.617	100	170.9
side_ººÀ½¹ä·ù_Á¢½Ã_»ï¼±ººÀ½¹ä_Q1_00020.JPG	train	train	»ï¼±ººÀ½¹ä	2	»ï¼±ººÀ½¹ä	Q1	0	0.25	side	400	683.617	100	170.9
side_ººÀ½¹ä·ù_Á¢½Ã_»ï¼±ººÀ½¹ä_Q1_00022.JPG	train	train	»ï¼±ººÀ½¹ä	2	»ï¼±ººÀ½¹ä	Q1	0	0.25	side	400	683.617	100	170.9
side_ººÀ½¹ä·ù_Á¢½Ã_»ï¼±ººÀ½¹ä_Q1_00023.JPG	train	train	»ï¼±ººÀ½¹ä	2	»ï¼±ººÀ½¹ä	Q1	0	0.25	side	400	683.617	100	170.9
side_ººÀ½¹ä·ù_Á¢½Ã_»ï¼±ººÀ½¹ä_Q1_00026.JPG	train	train	»ï¼±ººÀ½¹ä	2	»ï¼±ººÀ½¹ä	Q1	0	0.25	side	400	683.617	100	170.9
side_ººÀ½¹ä·ù_Á¢½Ã_»ï¼±ººÀ½¹ä_Q1_00027.JPG	train	train	»ï¼±ººÀ½¹ä	2	»ï¼±ººÀ½¹ä	Q1	0	0.25	side	400	683.617	100	170.9
side_ººÀ½¹ä·ù_Á¢½Ã_»ï¼±ººÀ½¹ä_Q1_00028.JPG	train	train	»ï¼±ººÀ½¹ä	2	»ï¼±ººÀ½¹ä	Q1	0	0.25	side	400	683.617	100	170.9
side_ººÀ½¹ä·ù_Á¢½Ã_»ï¼±ººÀ½¹ä_Q1_00030.JPG	train	train	»ï¼±ººÀ½¹ä	2	»ï¼±ººÀ½¹ä	Q1	0	0.25	side	400	683.617	100	170.9
side_ººÀ½¹ä·ù_Á¢½Ã_»ï¼±ººÀ½¹ä_Q1_00031.JPG	train	train	»ï¼±ººÀ½¹ä	2	»ï¼±ººÀ½¹ä	Q1	0	0.25	side	400	683.617	100	170.9
side_ººÀ½¹ä·ù_Á¢½Ã_»ï¼±ººÀ½¹ä_Q1_00032.JPG	train	train	»ï¼±ººÀ½¹ä	2	»ï¼±ººÀ½¹ä	Q1	0	0.25	side	400	683.617	100	170.9
side_ººÀ½¹ä·ù_Á¢½Ã_»ï¼±ººÀ½¹ä_Q1_00033.JPG	train	train	»ï¼±ººÀ½¹ä	2	»ï¼±ººÀ½¹ä	Q1	0	0.25	side	400	683.617	100	170.9
side_ººÀ½¹ä·ù_Á¢½Ã_»ï¼±ººÀ½¹ä_Q1_00034.JPG	train	train	»ï¼±ººÀ½¹ä	2	»ï¼±ººÀ½¹ä	Q1	0	0.25	side	400	683.617	100	170.9
side_ººÀ½¹ä·ù_Á¢½Ã_»ï¼±ººÀ½¹ä_Q1_00035.JPG	train	train	»ï¼±ººÀ½¹ä	2	»ï¼±ººÀ½¹ä	Q1	0	0.25	side	400	683.617	100	170.9
side_ººÀ½¹ä·ù_Á¢½Ã_»ï¼±ººÀ½¹ä_Q1_00036.JPG	train	train	»ï¼±ººÀ½¹ä	2	»ï¼±ººÀ½¹ä	Q1	0	0.25	side	400	683.617	100	170.9
side_ººÀ½¹ä·ù_Á¢½Ã_»ï¼±ººÀ½¹ä_Q1_00037.JPG	train	train	»ï¼±ººÀ½¹ä	2	»ï¼±ººÀ½¹ä	Q1	0	0.25	side	400	683.617	100	170.9
side_ººÀ½¹ä·ù_Á¢½Ã_»ï¼±ººÀ½¹ä_Q1_00038.JPG	train	train	»ï¼±ººÀ½¹ä	2	»ï¼±ººÀ½¹ä	Q1	0	0.25	side	400	683.617	100	170.9
side_ººÀ½¹ä·ù_Á¢½Ã_»ï¼±ººÀ½¹ä_Q1_00039.JPG	train	train	»ï¼±ººÀ½¹ä	2	»ï¼±ººÀ½¹ä	Q1	0	0.25	side	400	683.617	100	170.9
side_ººÀ½¹ä·ù_Á¢½Ã_»ï¼±ººÀ½¹ä_Q1_00040.JPG	train	train	»ï¼±ººÀ½¹ä	2	»ï¼±ººÀ½¹ä	Q1	0	0.25	side	400	683.617	100	170.9
side_ººÀ½¹ä·ù_Á¢½Ã_»ï¼±ººÀ½¹ä_Q1_00041.JPG	train	train	»ï¼±ººÀ½¹ä	2	»ï¼±ººÀ½¹ä	Q1	0	0.25	side	400	683.617	100	170.9
side_ººÀ½¹ä·ù_Á¢½Ã_»ï¼±ººÀ½¹ä_Q1_00043.JPG	train	train	»ï¼±ººÀ½¹ä	2	»ï¼±ººÀ½¹ä	Q1	0	0.25	side	400	683.617	100	170.9
side_ººÀ½¹ä·ù_Á¢½Ã_»ï¼±ººÀ½¹ä_Q1_00044.JPG	train	train	»ï¼±ººÀ½¹ä	2	»ï¼±ººÀ½¹ä	Q1	0	0.25	side	400	683.617	100	170.9
side_ººÀ½¹ä·ù_Á¢½Ã_»ï¼±ººÀ½¹ä_Q1_00045.JPG	train	train	»ï¼±ººÀ½¹ä	2	»ï¼±ººÀ½¹ä	Q1	0	0.25	side	400	683.617	100	170.9
side_ººÀ½¹ä·ù_Á¢½Ã_»ï¼±ººÀ½¹ä_Q1_00046.JPG	train	train	»ï¼±ººÀ½¹ä	2	»ï¼±ººÀ½¹ä	Q1	0	0.25	side	400	683.617	100	170.9
side_ººÀ½¹ä·ù_Á¢½Ã_»ï¼±ººÀ½¹ä_Q1_00047.JPG	train	train	»ï¼±ººÀ½¹ä	2	»ï¼±ººÀ½¹ä	Q1	0	0.25	side	400	683.617	100	170.9
side_ººÀ½¹ä·ù_Á¢½Ã_»ï¼±ººÀ½¹ä_Q1_00048.JPG	train	train	»ï¼±ººÀ½¹ä	2	»ï¼±ººÀ½¹ä	Q1	0	0.25	side	400	683.617	100	170.9
side_ººÀ½¹ä·ù_Á¢½Ã_»ï¼±ººÀ½¹ä_Q1_00049.JPG	train	train	»ï¼±ººÀ½¹ä	2	»ï¼±ººÀ½¹ä	Q1	0	0.25	side	400	683.617	100	170.9
side_ººÀ½¹ä·ù_Á¢½Ã_»ï¼±ººÀ½¹ä_Q1_00050.JPG	train	train	»ï¼±ººÀ½¹ä	2	»ï¼±ººÀ½¹ä	Q1	0	0.25	side	400	683.617	100	170.9
side_ººÀ½¹ä·ù_Á¢½Ã_»ï¼±ººÀ½¹ä_Q1_00051.JPG	train	train	»ï¼±ººÀ½¹ä	2	»ï¼±ººÀ½¹ä	Q1	0	0.25	side	400	683.617	100	170.9
side_ººÀ½¹ä·ù_Á¢½Ã_»ï¼±ººÀ½¹ä_Q1_00052.JPG	train	train	»ï¼±ººÀ½¹ä	2	»ï¼±ººÀ½¹ä	Q1	0	0.25	side	400	683.617	100	170.9
side_ººÀ½¹ä·ù_Á¢½Ã_»ï¼±ººÀ½¹ä_Q1_00053.JPG	train	train	»ï¼±ººÀ½¹ä	2	»ï¼±ººÀ½¹ä	Q1	0	0.25	side	400	683.617	100	170.9
side_ººÀ½¹ä·ù_Á¢½Ã_»ï¼±ººÀ½¹ä_Q1_00054.JPG	train	train	»ï¼±ººÀ½¹ä	2	»ï¼±ººÀ½¹ä	Q1	0	0.25	side	400	683.617	100	170.9
side_ººÀ½¹ä·ù_Á¢½Ã_»ï¼±ººÀ½¹ä_Q1_00055.JPG	train	train	»ï¼±ººÀ½¹ä	2	»ï¼±ººÀ½¹ä	Q1	0	0.25	side	400	683.617	100	170.9
side_ººÀ½¹ä·ù_Á¢½Ã_»ï¼±ººÀ½¹ä_Q1_00056.JPG	train	train	»ï¼±ººÀ½¹ä	2	»ï¼±ººÀ½¹ä	Q1	0	0.25	side	400	683.617	100	170.9
side_ººÀ½¹ä·ù_Á¢½Ã_»ï¼±ººÀ½¹ä_Q1_00057.JPG	train	train	»ï¼±ººÀ½¹ä	2	»ï¼±ººÀ½¹ä	Q1	0	0.25	side	400	683.617	100	170.9
side_ººÀ½¹ä·ù_Á¢½Ã_»ï¼±ººÀ½¹ä_Q1_00059.JPG	train	train	»ï¼±ººÀ½¹ä	2	»ï¼±ººÀ½¹ä	Q1	0	0.25	side	400	683.617	100	170.9
top_ººÀ½¹ä·ù_Á¢½Ã_»ï¼±ººÀ½¹ä_Q1_00001.JPG	train	train	»ï¼±ººÀ½¹ä	2	»ï¼±ººÀ½¹ä	Q1	0	0.25	top	400	683.617	100	170.9
top_ººÀ½¹ä·ù_Á¢½Ã_»ï¼±ººÀ½¹ä_Q1_00002.JPG	train	train	»ï¼±ººÀ½¹ä	2	»ï¼±ººÀ½¹ä	Q1	0	0.25	top	400	683.617	100	170.9
top_ººÀ½¹ä·ù_Á¢½Ã_»ï¼±ººÀ½¹ä_Q1_00003.JPG	train	train	»ï¼±ººÀ½¹ä	2	»ï¼±ººÀ½¹ä	Q1	0	0.25	top	400	683.617	100	170.9
top_ººÀ½¹ä·ù_Á¢½Ã_»ï¼±ººÀ½¹ä_Q1_00004.JPG	train	train	»ï¼±ººÀ½¹ä	2	»ï¼±ººÀ½¹ä	Q1	0	0.25	top	400	683.617	100	170.9
top_ººÀ½¹ä·ù_Á¢½Ã_»ï¼±ººÀ½¹ä_Q1_00005.JPG	train	train	»ï¼±ººÀ½¹ä	2	»ï¼±ººÀ½¹ä	Q1	0	0.25	top	400	683.617	100	170.9
top_ººÀ½¹ä·ù_Á¢½Ã_»ï¼±ººÀ½¹ä_Q1_00006.JPG	train	train	»ï¼±ººÀ½¹ä	2	»ï¼±ººÀ½¹ä	Q1	0	0.25	top	400	683.617	100	170.9
top_ººÀ½¹ä·ù_Á¢½Ã_»ï¼±ººÀ½¹ä_Q1_00011.JPG	train	train	»ï¼±ººÀ½¹ä	2	»ï¼±ººÀ½¹ä	Q1	0	0.25	top	400	683.617	100	170.9
top_ººÀ½¹ä·ù_Á¢½Ã_»ï¼±ººÀ½¹ä_Q1_00012.JPG	train	train	»ï¼±ººÀ½¹ä	2	»ï¼±ººÀ½¹ä	Q1	0	0.25	top	400	683.617	100	170.9
top_ººÀ½¹ä·ù_Á¢½Ã_»ï¼±ººÀ½¹ä_Q1_00013.JPG	train	train	»ï¼±ººÀ½¹ä	2	»ï¼±ººÀ½¹ä	Q1	0	0.25	top	400	683.617	100	170.9
top_ººÀ½¹ä·ù_Á¢½Ã_»ï¼±ººÀ½¹ä_Q1_00015.JPG	train	train	»ï¼±ººÀ½¹ä	2	»ï¼±ººÀ½¹ä	Q1	0	0.25	top	400	683.617	100	170.9
top_ººÀ½¹ä·ù_Á¢½Ã_»ï¼±ººÀ½¹ä_Q1_00017.JPG	train	train	»ï¼±ººÀ½¹ä	2	»ï¼±ººÀ½¹ä	Q1	0	0.25	top	400	683.617	100	170.9
top_ººÀ½¹ä·ù_Á¢½Ã_»ï¼±ººÀ½¹ä_Q1_00018.JPG	train	train	»ï¼±ººÀ½¹ä	2	»ï¼±ººÀ½¹ä	Q1	0	0.25	top	400	683.617	100	170.9
top_ººÀ½¹ä·ù_Á¢½Ã_»ï¼±ººÀ½¹ä_Q1_00019.JPG	train	train	»ï¼±ººÀ½¹ä	2	»ï¼±ººÀ½¹ä	Q1	0	0.25	top	400	683.617	100	170.9
top_ººÀ½¹ä·ù_Á¢½Ã_»ï¼±ººÀ½¹ä_Q1_00020.JPG	train	train	»ï¼±ººÀ½¹ä	2	»ï¼±ººÀ½¹ä	Q1	0	0.25	top	400	683.617	100	170.9
top_ººÀ½¹ä·ù_Á¢½Ã_»ï¼±ººÀ½¹ä_Q1_00021.JPG	train	train	»ï¼±ººÀ½¹ä	2	»ï¼±ººÀ½¹ä	Q1	0	0.25	top	400	683.617	100	170.9
top_ººÀ½¹ä·ù_Á¢½Ã_»ï¼±ººÀ½¹ä_Q1_00022.JPG	train	train	»ï¼±ººÀ½¹ä	2	»ï¼±ººÀ½¹ä	Q1	0	0.25	top	400	683.617	100	170.9
top_ººÀ½¹ä·ù_Á¢½Ã_»ï¼±ººÀ½¹ä_Q1_00023.JPG	train	train	»ï¼±ººÀ½¹ä	2	»ï¼±ººÀ½¹ä	Q1	0	0.25	top	400	683.617	100	170.9
top_ººÀ½¹ä·ù_Á¢½Ã_»ï¼±ººÀ½¹ä_Q1_00025.JPG	train	train	»ï¼±ººÀ½¹ä	2	»ï¼±ººÀ½¹ä	Q1	0	0.25	top	400	683.617	100	170.9
top_ººÀ½¹ä·ù_Á¢½Ã_»ï¼±ººÀ½¹ä_Q1_00026.JPG	train	train	»ï¼±ººÀ½¹ä	2	»ï¼±ººÀ½¹ä	Q1	0	0.25	top	400	683.617	100	170.9
top_ººÀ½¹ä·ù_Á¢½Ã_»ï¼±ººÀ½¹ä_Q1_00027.JPG	train	train	»ï¼±ººÀ½¹ä	2	»ï¼±ººÀ½¹ä	Q1	0	0.25	top	400	683.617	100	170.9
top_ººÀ½¹ä·ù_Á¢½Ã_»ï¼±ººÀ½¹ä_Q1_00028.JPG	train	train	»ï¼±ººÀ½¹ä	2	»ï¼±ººÀ½¹ä	Q1	0	0.25	top	400	683.617	100	170.9
top_ººÀ½¹ä·ù_Á¢½Ã_»ï¼±ººÀ½¹ä_Q1_00030.JPG	train	train	»ï¼±ººÀ½¹ä	2	»ï¼±ººÀ½¹ä	Q1	0	0.25	top	400	683.617	100	170.9
top_ººÀ½¹ä·ù_Á¢½Ã_»ï¼±ººÀ½¹ä_Q1_00031.JPG	train	train	»ï¼±ººÀ½¹ä	2	»ï¼±ººÀ½¹ä	Q1	0	0.25	top	400	683.617	100	170.9
top_ººÀ½¹ä·ù_Á¢½Ã_»ï¼±ººÀ½¹ä_Q1_00033.JPG	train	train	»ï¼±ººÀ½¹ä	2	»ï¼±ººÀ½¹ä	Q1	0	0.25	top	400	683.617	100	170.9
top_ººÀ½¹ä·ù_Á¢½Ã_»ï¼±ººÀ½¹ä_Q1_00034.JPG	train	train	»ï¼±ººÀ½¹ä	2	»ï¼±ººÀ½¹ä	Q1	0	0.25	top	400	683.617	100	170.9
top_ººÀ½¹ä·ù_Á¢½Ã_»ï¼±ººÀ½¹ä_Q1_00036.JPG	train	train	»ï¼±ººÀ½¹ä	2	»ï¼±ººÀ½¹ä	Q1	0	0.25	top	400	683.617	100	170.9
top_ººÀ½¹ä·ù_Á¢½Ã_»ï¼±ººÀ½¹ä_Q1_00037.JPG	train	train	»ï¼±ººÀ½¹ä	2	»ï¼±ººÀ½¹ä	Q1	0	0.25	top	400	683.617	100	170.9
top_ººÀ½¹ä·ù_Á¢½Ã_»ï¼±ººÀ½¹ä_Q1_00038.JPG	train	train	»ï¼±ººÀ½¹ä	2	»ï¼±ººÀ½¹ä	Q1	0	0.25	top	400	683.617	100	170.9
top_ººÀ½¹ä·ù_Á¢½Ã_»ï¼±ººÀ½¹ä_Q1_00039.JPG	train	train	»ï¼±ººÀ½¹ä	2	»ï¼±ººÀ½¹ä	Q1	0	0.25	top	400	683.617	100	170.9
top_ººÀ½¹ä·ù_Á¢½Ã_»ï¼±ººÀ½¹ä_Q1_00040.JPG	train	train	»ï¼±ººÀ½¹ä	2	»ï¼±ººÀ½¹ä	Q1	0	0.25	top	400	683.617	100	170.9
top_ººÀ½¹ä·ù_Á¢½Ã_»ï¼±ººÀ½¹ä_Q1_00041.JPG	train	train	»ï¼±ººÀ½¹ä	2	»ï¼±ººÀ½¹ä	Q1	0	0.25	top	400	683.617	100	170.9
top_ººÀ½¹ä·ù_Á¢½Ã_»ï¼±ººÀ½¹ä_Q1_00042.JPG	train	train	»ï¼±ººÀ½¹ä	2	»ï¼±ººÀ½¹ä	Q1	0	0.25	top	400	683.617	100	170.9
top_ººÀ½¹ä·ù_Á¢½Ã_»ï¼±ººÀ½¹ä_Q1_00043.JPG	train	train	»ï¼±ººÀ½¹ä	2	»ï¼±ººÀ½¹ä	Q1	0	0.25	top	400	683.617	100	170.9
top_ººÀ½¹ä·ù_Á¢½Ã_»ï¼±ººÀ½¹ä_Q1_00045.JPG	train	train	»ï¼±ººÀ½¹ä	2	»ï¼±ººÀ½¹ä	Q1	0	0.25	top	400	683.617	100	170.9
top_ººÀ½¹ä·ù_Á¢½Ã_»ï¼±ººÀ½¹ä_Q1_00046.JPG	train	train	»ï¼±ººÀ½¹ä	2	»ï¼±ººÀ½¹ä	Q1	0	0.25	top	400	683.617	100	170.9
top_ººÀ½¹ä·ù_Á¢½Ã_»ï¼±ººÀ½¹ä_Q1_00047.JPG	train	train	»ï¼±ººÀ½¹ä	2	»ï¼±ººÀ½¹ä	Q1	0	0.25	top	400	683.617	100	170.9
top_ººÀ½¹ä·ù_Á¢½Ã_»ï¼±ººÀ½¹ä_Q1_00048.JPG	train	train	»ï¼±ººÀ½¹ä	2	»ï¼±ººÀ½¹ä	Q1	0	0.25	top	400	683.617	100	170.9
top_ººÀ½¹ä·ù_Á¢½Ã_»ï¼±ººÀ½¹ä_Q1_00049.JPG	train	train	»ï¼±ººÀ½¹ä	2	»ï¼±ººÀ½¹ä	Q1	0	0.25	top	400	683.617	100	170.9
top_ººÀ½¹ä·ù_Á¢½Ã_»ï¼±ººÀ½¹ä_Q1_00050.JPG	train	train	»ï¼±ººÀ½¹ä	2	»ï¼±ººÀ½¹ä	Q1	0	0.25	top	400	683.617	100	170.9
top_ººÀ½¹ä·ù_Á¢½Ã_»ï¼±ººÀ½¹ä_Q1_00052.JPG	train	train	»ï¼±ººÀ½¹ä	2	»ï¼±ººÀ½¹ä	Q1	0	0.25	top	400	683.617	100	170.9
top_ººÀ½¹ä·ù_Á¢½Ã_»ï¼±ººÀ½¹ä_Q1_00053.JPG	train	train	»ï¼±ººÀ½¹ä	2	»ï¼±ººÀ½¹ä	Q1	0	0.25	top	400	683.617	100	170.9
top_ººÀ½¹ä·ù_Á¢½Ã_»ï¼±ººÀ½¹ä_Q1_00055.JPG	train	train	»ï¼±ººÀ½¹ä	2	»ï¼±ººÀ½¹ä	Q1	0	0.25	top	400	683.617	100	170.9
top_ººÀ½¹ä·ù_Á¢½Ã_»ï¼±ººÀ½¹ä_Q1_00056.JPG	train	train	»ï¼±ººÀ½¹ä	2	»ï¼±ººÀ½¹ä	Q1	0	0.25	top	400	683.617	100	170.9
side_ººÀ½¹ä·ù_Á¢½Ã_»ï¼±ººÀ½¹ä_Q2_00001.JPG	train	train	»ï¼±ººÀ½¹ä	2	»ï¼±ººÀ½¹ä	Q2	1	0.5	side	400	683.617	200	341.81
side_ººÀ½¹ä·ù_Á¢½Ã_»ï¼±ººÀ½¹ä_Q2_00002.JPG	train	train	»ï¼±ººÀ½¹ä	2	»ï¼±ººÀ½¹ä	Q2	1	0.5	side	400	683.617	200	341.81
side_ººÀ½¹ä·ù_Á¢½Ã_»ï¼±ººÀ½¹ä_Q2_00004.JPG	train	train	»ï¼±ººÀ½¹ä	2	»ï¼±ººÀ½¹ä	Q2	1	0.5	side	400	683.617	200	341.81
side_ººÀ½¹ä·ù_Á¢½Ã_»ï¼±ººÀ½¹ä_Q2_00005.JPG	train	train	»ï¼±ººÀ½¹ä	2	»ï¼±ººÀ½¹ä	Q2	1	0.5	side	400	683.617	200	341.81
side_ººÀ½¹ä·ù_Á¢½Ã_»ï¼±ººÀ½¹ä_Q2_00006.JPG	train	train	»ï¼±ººÀ½¹ä	2	»ï¼±ººÀ½¹ä	Q2	1	0.5	side	400	683.617	200	341.81
side_ººÀ½¹ä·ù_Á¢½Ã_»ï¼±ººÀ½¹ä_Q2_00007.JPG	train	train	»ï¼±ººÀ½¹ä	2	»ï¼±ººÀ½¹ä	Q2	1	0.5	side	400	683.617	200	341.81
side_ººÀ½¹ä·ù_Á¢½Ã_»ï¼±ººÀ½¹ä_Q2_00008.JPG	train	train	»ï¼±ººÀ½¹ä	2	»ï¼±ººÀ½¹ä	Q2	1	0.5	side	400	683.617	200	341.81
side_ººÀ½¹ä·ù_Á¢½Ã_»ï¼±ººÀ½¹ä_Q2_00009.JPG	train	train	»ï¼±ººÀ½¹ä	2	»ï¼±ººÀ½¹ä	Q2	1	0.5	side	400	683.617	200	341.81
side_ººÀ½¹ä·ù_Á¢½Ã_»ï¼±ººÀ½¹ä_Q2_00010.JPG	train	train	»ï¼±ººÀ½¹ä	2	»ï¼±ººÀ½¹ä	Q2	1	0.5	side	400	683.617	200	341.81
side_ººÀ½¹ä·ù_Á¢½Ã_»ï¼±ººÀ½¹ä_Q2_00012.JPG	train	train	»ï¼±ººÀ½¹ä	2	»ï¼±ººÀ½¹ä	Q2	1	0.5	side	400	683.617	200	341.81
side_ººÀ½¹ä·ù_Á¢½Ã_»ï¼±ººÀ½¹ä_Q2_00013.JPG	train	train	»ï¼±ººÀ½¹ä	2	»ï¼±ººÀ½¹ä	Q2	1	0.5	side	400	683.617	200	341.81
side_ººÀ½¹ä·ù_Á¢½Ã_»ï¼±ººÀ½¹ä_Q2_00014.JPG	train	train	»ï¼±ººÀ½¹ä	2	»ï¼±ººÀ½¹ä	Q2	1	0.5	side	400	683.617	200	341.81
side_ººÀ½¹ä·ù_Á¢½Ã_»ï¼±ººÀ½¹ä_Q2_00017.JPG	train	train	»ï¼±ººÀ½¹ä	2	»ï¼±ººÀ½¹ä	Q2	1	0.5	side	400	683.617	200	341.81
side_ººÀ½¹ä·ù_Á¢½Ã_»ï¼±ººÀ½¹ä_Q2_00019.JPG	train	train	»ï¼±ººÀ½¹ä	2	»ï¼±ººÀ½¹ä	Q2	1	0.5	side	400	683.617	200	341.81
side_ººÀ½¹ä·ù_Á¢½Ã_»ï¼±ººÀ½¹ä_Q2_00020.JPG	train	train	»ï¼±ººÀ½¹ä	2	»ï¼±ººÀ½¹ä	Q2	1	0.5	side	400	683.617	200	341.81
side_ººÀ½¹ä·ù_Á¢½Ã_»ï¼±ººÀ½¹ä_Q2_00021.JPG	train	train	»ï¼±ººÀ½¹ä	2	»ï¼±ººÀ½¹ä	Q2	1	0.5	side	400	683.617	200	341.81
side_ººÀ½¹ä·ù_Á¢½Ã_»ï¼±ººÀ½¹ä_Q2_00023.JPG	train	train	»ï¼±ººÀ½¹ä	2	»ï¼±ººÀ½¹ä	Q2	1	0.5	side	400	683.617	200	341.81
side_ººÀ½¹ä·ù_Á¢½Ã_»ï¼±ººÀ½¹ä_Q2_00024.JPG	train	train	»ï¼±ººÀ½¹ä	2	»ï¼±ººÀ½¹ä	Q2	1	0.5	side	400	683.617	200	341.81
side_ººÀ½¹ä·ù_Á¢½Ã_»ï¼±ººÀ½¹ä_Q2_00025.JPG	train	train	»ï¼±ººÀ½¹ä	2	»ï¼±ººÀ½¹ä	Q2	1	0.5	side	400	683.617	200	341.81
side_ººÀ½¹ä·ù_Á¢½Ã_»ï¼±ººÀ½¹ä_Q2_00026.JPG	train	train	»ï¼±ººÀ½¹ä	2	»ï¼±ººÀ½¹ä	Q2	1	0.5	side	400	683.617	200	341.81
side_ººÀ½¹ä·ù_Á¢½Ã_»ï¼±ººÀ½¹ä_Q2_00028.JPG	train	train	»ï¼±ººÀ½¹ä	2	»ï¼±ººÀ½¹ä	Q2	1	0.5	side	400	683.617	200	341.81
side_ººÀ½¹ä·ù_Á¢½Ã_»ï¼±ººÀ½¹ä_Q2_00029.JPG	train	train	»ï¼±ººÀ½¹ä	2	»ï¼±ººÀ½¹ä	Q2	1	0.5	side	400	683.617	200	341.81
side_ººÀ½¹ä·ù_Á¢½Ã_»ï¼±ººÀ½¹ä_Q2_00030.JPG	train	train	»ï¼±ººÀ½¹ä	2	»ï¼±ººÀ½¹ä	Q2	1	0.5	side	400	683.617	200	341.81
side_ººÀ½¹ä·ù_Á¢½Ã_»ï¼±ººÀ½¹ä_Q2_00031.JPG	train	train	»ï¼±ººÀ½¹ä	2	»ï¼±ººÀ½¹ä	Q2	1	0.5	side	400	683.617	200	341.81
side_ººÀ½¹ä·ù_Á¢½Ã_»ï¼±ººÀ½¹ä_Q2_00032.JPG	train	train	»ï¼±ººÀ½¹ä	2	»ï¼±ººÀ½¹ä	Q2	1	0.5	side	400	683.617	200	341.81
side_ººÀ½¹ä·ù_Á¢½Ã_»ï¼±ººÀ½¹ä_Q2_00034.JPG	train	train	»ï¼±ººÀ½¹ä	2	»ï¼±ººÀ½¹ä	Q2	1	0.5	side	400	683.617	200	341.81
side_ººÀ½¹ä·ù_Á¢½Ã_»ï¼±ººÀ½¹ä_Q2_00036.JPG	train	train	»ï¼±ººÀ½¹ä	2	»ï¼±ººÀ½¹ä	Q2	1	0.5	side	400	683.617	200	341.81
side_ººÀ½¹ä·ù_Á¢½Ã_»ï¼±ººÀ½¹ä_Q2_00037.JPG	train	train	»ï¼±ººÀ½¹ä	2	»ï¼±ººÀ½¹ä	Q2	1	0.5	side	400	683.617	200	341.81
side_ººÀ½¹ä·ù_Á¢½Ã_»ï¼±ººÀ½¹ä_Q2_00038.JPG	train	train	»ï¼±ººÀ½¹ä	2	»ï¼±ººÀ½¹ä	Q2	1	0.5	side	400	683.617	200	341.81
side_ººÀ½¹ä·ù_Á¢½Ã_»ï¼±ººÀ½¹ä_Q2_00039.JPG	train	train	»ï¼±ººÀ½¹ä	2	»ï¼±ººÀ½¹ä	Q2	1	0.5	side	400	683.617	200	341.81
side_ººÀ½¹ä·ù_Á¢½Ã_»ï¼±ººÀ½¹ä_Q2_00040.JPG	train	train	»ï¼±ººÀ½¹ä	2	»ï¼±ººÀ½¹ä	Q2	1	0.5	side	400	683.617	200	341.81
side_ººÀ½¹ä·ù_Á¢½Ã_»ï¼±ººÀ½¹ä_Q2_00042.JPG	train	train	»ï¼±ººÀ½¹ä	2	»ï¼±ººÀ½¹ä	Q2	1	0.5	side	400	683.617	200	341.81
side_ººÀ½¹ä·ù_Á¢½Ã_»ï¼±ººÀ½¹ä_Q2_00043.JPG	train	train	»ï¼±ººÀ½¹ä	2	»ï¼±ººÀ½¹ä	Q2	1	0.5	side	400	683.617	200	341.81
side_ººÀ½¹ä·ù_Á¢½Ã_»ï¼±ººÀ½¹ä_Q2_00044.JPG	train	train	»ï¼±ººÀ½¹ä	2	»ï¼±ººÀ½¹ä	Q2	1	0.5	side	400	683.617	200	341.81
side_ººÀ½¹ä·ù_Á¢½Ã_»ï¼±ººÀ½¹ä_Q2_00047.JPG	train	train	»ï¼±ººÀ½¹ä	2	»ï¼±ººÀ½¹ä	Q2	1	0.5	side	400	683.617	200	341.81
side_ººÀ½¹ä·ù_Á¢½Ã_»ï¼±ººÀ½¹ä_Q2_00049.JPG	train	train	»ï¼±ººÀ½¹ä	2	»ï¼±ººÀ½¹ä	Q2	1	0.5	side	400	683.617	200	341.81
side_ººÀ½¹ä·ù_Á¢½Ã_»ï¼±ººÀ½¹ä_Q2_00051.JPG	train	train	»ï¼±ººÀ½¹ä	2	»ï¼±ººÀ½¹ä	Q2	1	0.5	side	400	683.617	200	341.81
side_ººÀ½¹ä·ù_Á¢½Ã_»ï¼±ººÀ½¹ä_Q2_00052.JPG	train	train	»ï¼±ººÀ½¹ä	2	»ï¼±ººÀ½¹ä	Q2	1	0.5	side	400	683.617	200	341.81
side_ººÀ½¹ä·ù_Á¢½Ã_»ï¼±ººÀ½¹ä_Q2_00053.JPG	train	train	»ï¼±ººÀ½¹ä	2	»ï¼±ººÀ½¹ä	Q2	1	0.5	side	400	683.617	200	341.81
top_ººÀ½¹ä·ù_Á¢½Ã_»ï¼±ººÀ½¹ä_Q2_00001.JPG	train	train	»ï¼±ººÀ½¹ä	2	»ï¼±ººÀ½¹ä	Q2	1	0.5	top	400	683.617	200	341.81
top_ººÀ½¹ä·ù_Á¢½Ã_»ï¼±ººÀ½¹ä_Q2_00002.JPG	train	train	»ï¼±ººÀ½¹ä	2	»ï¼±ººÀ½¹ä	Q2	1	0.5	top	400	683.617	200	341.81
top_ººÀ½¹ä·ù_Á¢½Ã_»ï¼±ººÀ½¹ä_Q2_00003.JPG	train	train	»ï¼±ººÀ½¹ä	2	»ï¼±ººÀ½¹ä	Q2	1	0.5	top	400	683.617	200	341.81
top_ººÀ½¹ä·ù_Á¢½Ã_»ï¼±ººÀ½¹ä_Q2_00004.JPG	train	train	»ï¼±ººÀ½¹ä	2	»ï¼±ººÀ½¹ä	Q2	1	0.5	top	400	683.617	200	341.81
top_ººÀ½¹ä·ù_Á¢½Ã_»ï¼±ººÀ½¹ä_Q2_00005.JPG	train	train	»ï¼±ººÀ½¹ä	2	»ï¼±ººÀ½¹ä	Q2	1	0.5	top	400	683.617	200	341.81
top_ººÀ½¹ä·ù_Á¢½Ã_»ï¼±ººÀ½¹ä_Q2_00007.JPG	train	train	»ï¼±ººÀ½¹ä	2	»ï¼±ººÀ½¹ä	Q2	1	0.5	top	400	683.617	200	341.81
top_ººÀ½¹ä·ù_Á¢½Ã_»ï¼±ººÀ½¹ä_Q2_00008.JPG	train	train	»ï¼±ººÀ½¹ä	2	»ï¼±ººÀ½¹ä	Q2	1	0.5	top	400	683.617	200	341.81
top_ººÀ½¹ä·ù_Á¢½Ã_»ï¼±ººÀ½¹ä_Q2_00009.JPG	train	train	»ï¼±ººÀ½¹ä	2	»ï¼±ººÀ½¹ä	Q2	1	0.5	top	400	683.617	200	341.81
top_ººÀ½¹ä·ù_Á¢½Ã_»ï¼±ººÀ½¹ä_Q2_00010.JPG	train	train	»ï¼±ººÀ½¹ä	2	»ï¼±ººÀ½¹ä	Q2	1	0.5	top	400	683.617	200	341.81
top_ººÀ½¹ä·ù_Á¢½Ã_»ï¼±ººÀ½¹ä_Q2_00011.JPG	train	train	»ï¼±ººÀ½¹ä	2	»ï¼±ººÀ½¹ä	Q2	1	0.5	top	400	683.617	200	341.81
top_ººÀ½¹ä·ù_Á¢½Ã_»ï¼±ººÀ½¹ä_Q2_00012.JPG	train	train	»ï¼±ººÀ½¹ä	2	»ï¼±ººÀ½¹ä	Q2	1	0.5	top	400	683.617	200	341.81
top_ººÀ½¹ä·ù_Á¢½Ã_»ï¼±ººÀ½¹ä_Q2_00014.JPG	train	train	»ï¼±ººÀ½¹ä	2	»ï¼±ººÀ½¹ä	Q2	1	0.5	top	400	683.617	200	341.81
top_ººÀ½¹ä·ù_Á¢½Ã_»ï¼±ººÀ½¹ä_Q2_00015.JPG	train	train	»ï¼±ººÀ½¹ä	2	»ï¼±ººÀ½¹ä	Q2	1	0.5	top	400	683.617	200	341.81
top_ººÀ½¹ä·ù_Á¢½Ã_»ï¼±ººÀ½¹ä_Q2_00016.JPG	train	train	»ï¼±ººÀ½¹ä	2	»ï¼±ººÀ½¹ä	Q2	1	0.5	top	400	683.617	200	341.81
top_ººÀ½¹ä·ù_Á¢½Ã_»ï¼±ººÀ½¹ä_Q2_00017.JPG	train	train	»ï¼±ººÀ½¹ä	2	»ï¼±ººÀ½¹ä	Q2	1	0.5	top	400	683.617	200	341.81
top_ººÀ½¹ä·ù_Á¢½Ã_»ï¼±ººÀ½¹ä_Q2_00018.JPG	train	train	»ï¼±ººÀ½¹ä	2	»ï¼±ººÀ½¹ä	Q2	1	0.5	top	400	683.617	200	341.81
top_ººÀ½¹ä·ù_Á¢½Ã_»ï¼±ººÀ½¹ä_Q2_00019.JPG	train	train	»ï¼±ººÀ½¹ä	2	»ï¼±ººÀ½¹ä	Q2	1	0.5	top	400	683.617	200	341.81
top_ººÀ½¹ä·ù_Á¢½Ã_»ï¼±ººÀ½¹ä_Q2_00020.JPG	train	train	»ï¼±ººÀ½¹ä	2	»ï¼±ººÀ½¹ä	Q2	1	0.5	top	400	683.617	200	341.81
top_ººÀ½¹ä·ù_Á¢½Ã_»ï¼±ººÀ½¹ä_Q2_00021.JPG	train	train	»ï¼±ººÀ½¹ä	2	»ï¼±ººÀ½¹ä	Q2	1	0.5	top	400	683.617	200	341.81
top_ººÀ½¹ä·ù_Á¢½Ã_»ï¼±ººÀ½¹ä_Q2_00022.JPG	train	train	»ï¼±ººÀ½¹ä	2	»ï¼±ººÀ½¹ä	Q2	1	0.5	top	400	683.617	200	341.81
top_ººÀ½¹ä·ù_Á¢½Ã_»ï¼±ººÀ½¹ä_Q2_00023.JPG	train	train	»ï¼±ººÀ½¹ä	2	»ï¼±ººÀ½¹ä	Q2	1	0.5	top	400	683.617	200	341.81
top_ººÀ½¹ä·ù_Á¢½Ã_»ï¼±ººÀ½¹ä_Q2_00025.JPG	train	train	»ï¼±ººÀ½¹ä	2	»ï¼±ººÀ½¹ä	Q2	1	0.5	top	400	683.617	200	341.81
top_ººÀ½¹ä·ù_Á¢½Ã_»ï¼±ººÀ½¹ä_Q2_00026.JPG	train	train	»ï¼±ººÀ½¹ä	2	»ï¼±ººÀ½¹ä	Q2	1	0.5	top	400	683.617	200	341.81
top_ººÀ½¹ä·ù_Á¢½Ã_»ï¼±ººÀ½¹ä_Q2_00027.JPG	train	train	»ï¼±ººÀ½¹ä	2	»ï¼±ººÀ½¹ä	Q2	1	0.5	top	400	683.617	200	341.81
top_ººÀ½¹ä·ù_Á¢½Ã_»ï¼±ººÀ½¹ä_Q2_00028.JPG	train	train	»ï¼±ººÀ½¹ä	2	»ï¼±ººÀ½¹ä	Q2	1	0.5	top	400	683.617	200	341.81
top_ººÀ½¹ä·ù_Á¢½Ã_»ï¼±ººÀ½¹ä_Q2_00029.JPG	train	train	»ï¼±ººÀ½¹ä	2	»ï¼±ººÀ½¹ä	Q2	1	0.5	top	400	683.617	200	341.81
top_ººÀ½¹ä·ù_Á¢½Ã_»ï¼±ººÀ½¹ä_Q2_00030.JPG	train	train	»ï¼±ººÀ½¹ä	2	»ï¼±ººÀ½¹ä	Q2	1	0.5	top	400	683.617	200	341.81
top_ººÀ½¹ä·ù_Á¢½Ã_»ï¼±ººÀ½¹ä_Q2_00031.JPG	train	train	»ï¼±ººÀ½¹ä	2	»ï¼±ººÀ½¹ä	Q2	1	0.5	top	400	683.617	200	341.81
top_ººÀ½¹ä·ù_Á¢½Ã_»ï¼±ººÀ½¹ä_Q2_00032.JPG	train	train	»ï¼±ººÀ½¹ä	2	»ï¼±ººÀ½¹ä	Q2	1	0.5	top	400	683.617	200	341.81
top_ººÀ½¹ä·ù_Á¢½Ã_»ï¼±ººÀ½¹ä_Q2_00033.JPG	train	train	»ï¼±ººÀ½¹ä	2	»ï¼±ººÀ½¹ä	Q2	1	0.5	top	400	683.617	200	341.81
top_ººÀ½¹ä·ù_Á¢½Ã_»ï¼±ººÀ½¹ä_Q2_00034.JPG	train	train	»ï¼±ººÀ½¹ä	2	»ï¼±ººÀ½¹ä	Q2	1	0.5	top	400	683.617	200	341.81
top_ººÀ½¹ä·ù_Á¢½Ã_»ï¼±ººÀ½¹ä_Q2_00035.JPG	train	train	»ï¼±ººÀ½¹ä	2	»ï¼±ººÀ½¹ä	Q2	1	0.5	top	400	683.617	200	341.81
top_ººÀ½¹ä·ù_Á¢½Ã_»ï¼±ººÀ½¹ä_Q2_00037.JPG	train	train	»ï¼±ººÀ½¹ä	2	»ï¼±ººÀ½¹ä	Q2	1	0.5	top	400	683.617	200	341.81
top_ººÀ½¹ä·ù_Á¢½Ã_»ï¼±ººÀ½¹ä_Q2_00039.JPG	train	train	»ï¼±ººÀ½¹ä	2	»ï¼±ººÀ½¹ä	Q2	1	0.5	top	400	683.617	200	341.81
top_ººÀ½¹ä·ù_Á¢½Ã_»ï¼±ººÀ½¹ä_Q2_00040.JPG	train	train	»ï¼±ººÀ½¹ä	2	»ï¼±ººÀ½¹ä	Q2	1	0.5	top	400	683.617	200	341.81
top_ººÀ½¹ä·ù_Á¢½Ã_»ï¼±ººÀ½¹ä_Q2_00041.JPG	train	train	»ï¼±ººÀ½¹ä	2	»ï¼±ººÀ½¹ä	Q2	1	0.5	top	400	683.617	200	341.81
top_ººÀ½¹ä·ù_Á¢½Ã_»ï¼±ººÀ½¹ä_Q2_00042.JPG	train	train	»ï¼±ººÀ½¹ä	2	»ï¼±ººÀ½¹ä	Q2	1	0.5	top	400	683.617	200	341.81
top_ººÀ½¹ä·ù_Á¢½Ã_»ï¼±ººÀ½¹ä_Q2_00043.JPG	train	train	»ï¼±ººÀ½¹ä	2	»ï¼±ººÀ½¹ä	Q2	1	0.5	top	400	683.617	200	341.81
top_ººÀ½¹ä·ù_Á¢½Ã_»ï¼±ººÀ½¹ä_Q2_00045.JPG	train	train	»ï¼±ººÀ½¹ä	2	»ï¼±ººÀ½¹ä	Q2	1	0.5	top	400	683.617	200	341.81
top_ººÀ½¹ä·ù_Á¢½Ã_»ï¼±ººÀ½¹ä_Q2_00046.JPG	train	train	»ï¼±ººÀ½¹ä	2	»ï¼±ººÀ½¹ä	Q2	1	0.5	top	400	683.617	200	341.81
top_ººÀ½¹ä·ù_Á¢½Ã_»ï¼±ººÀ½¹ä_Q2_00047.JPG	train	train	»ï¼±ººÀ½¹ä	2	»ï¼±ººÀ½¹ä	Q2	1	0.5	top	400	683.617	200	341.81
top_ººÀ½¹ä·ù_Á¢½Ã_»ï¼±ººÀ½¹ä_Q2_00048.JPG	train	train	»ï¼±ººÀ½¹ä	2	»ï¼±ººÀ½¹ä	Q2	1	0.5	top	400	683.617	200	341.81
top_ººÀ½¹ä·ù_Á¢½Ã_»ï¼±ººÀ½¹ä_Q2_00050.JPG	train	train	»ï¼±ººÀ½¹ä	2	»ï¼±ººÀ½¹ä	Q2	1	0.5	top	400	683.617	200	341.81
top_ººÀ½¹ä·ù_Á¢½Ã_»ï¼±ººÀ½¹ä_Q2_00051.JPG	train	train	»ï¼±ººÀ½¹ä	2	»ï¼±ººÀ½¹ä	Q2	1	0.5	top	400	683.617	200	341.81
top_ººÀ½¹ä·ù_Á¢½Ã_»ï¼±ººÀ½¹ä_Q2_00052.JPG	train	train	»ï¼±ººÀ½¹ä	2	»ï¼±ººÀ½¹ä	Q2	1	0.5	top	400	683.617	200	341.81
top_ººÀ½¹ä·ù_Á¢½Ã_»ï¼±ººÀ½¹ä_Q2_00053.JPG	train	train	»ï¼±ººÀ½¹ä	2	»ï¼±ººÀ½¹ä	Q2	1	0.5	top	400	683.617	200	341.81
side_ººÀ½¹ä·ù_Á¢½Ã_»ï¼±ººÀ½¹ä_Q3_00001.JPG	train	train	»ï¼±ººÀ½¹ä	2	»ï¼±ººÀ½¹ä	Q3	2	0.75	side	400	683.617	300	512.71
side_ººÀ½¹ä·ù_Á¢½Ã_»ï¼±ººÀ½¹ä_Q3_00002.JPG	train	train	»ï¼±ººÀ½¹ä	2	»ï¼±ººÀ½¹ä	Q3	2	0.75	side	400	683.617	300	512.71
side_ººÀ½¹ä·ù_Á¢½Ã_»ï¼±ººÀ½¹ä_Q3_00005.JPG	train	train	»ï¼±ººÀ½¹ä	2	»ï¼±ººÀ½¹ä	Q3	2	0.75	side	400	683.617	300	512.71
side_ººÀ½¹ä·ù_Á¢½Ã_»ï¼±ººÀ½¹ä_Q3_00006.JPG	train	train	»ï¼±ººÀ½¹ä	2	»ï¼±ººÀ½¹ä	Q3	2	0.75	side	400	683.617	300	512.71
side_ººÀ½¹ä·ù_Á¢½Ã_»ï¼±ººÀ½¹ä_Q3_00007.JPG	train	train	»ï¼±ººÀ½¹ä	2	»ï¼±ººÀ½¹ä	Q3	2	0.75	side	400	683.617	300	512.71
side_ººÀ½¹ä·ù_Á¢½Ã_»ï¼±ººÀ½¹ä_Q3_00008.JPG	train	train	»ï¼±ººÀ½¹ä	2	»ï¼±ººÀ½¹ä	Q3	2	0.75	side	400	683.617	300	512.71
side_ººÀ½¹ä·ù_Á¢½Ã_»ï¼±ººÀ½¹ä_Q3_00009.JPG	train	train	»ï¼±ººÀ½¹ä	2	»ï¼±ººÀ½¹ä	Q3	2	0.75	side	400	683.617	300	512.71
side_ººÀ½¹ä·ù_Á¢½Ã_»ï¼±ººÀ½¹ä_Q3_00010.JPG	train	train	»ï¼±ººÀ½¹ä	2	»ï¼±ººÀ½¹ä	Q3	2	0.75	side	400	683.617	300	512.71
side_ººÀ½¹ä·ù_Á¢½Ã_»ï¼±ººÀ½¹ä_Q3_00012.JPG	train	train	»ï¼±ººÀ½¹ä	2	»ï¼±ººÀ½¹ä	Q3	2	0.75	side	400	683.617	300	512.71
side_ººÀ½¹ä·ù_Á¢½Ã_»ï¼±ººÀ½¹ä_Q3_00013.JPG	train	train	»ï¼±ººÀ½¹ä	2	»ï¼±ººÀ½¹ä	Q3	2	0.75	side	400	683.617	300	512.71
side_ººÀ½¹ä·ù_Á¢½Ã_»ï¼±ººÀ½¹ä_Q3_00014.JPG	train	train	»ï¼±ººÀ½¹ä	2	»ï¼±ººÀ½¹ä	Q3	2	0.75	side	400	683.617	300	512.71
side_ººÀ½¹ä·ù_Á¢½Ã_»ï¼±ººÀ½¹ä_Q3_00015.JPG	train	train	»ï¼±ººÀ½¹ä	2	»ï¼±ººÀ½¹ä	Q3	2	0.75	side	400	683.617	300	512.71
side_ººÀ½¹ä·ù_Á¢½Ã_»ï¼±ººÀ½¹ä_Q3_00016.JPG	train	train	»ï¼±ººÀ½¹ä	2	»ï¼±ººÀ½¹ä	Q3	2	0.75	side	400	683.617	300	512.71
side_ººÀ½¹ä·ù_Á¢½Ã_»ï¼±ººÀ½¹ä_Q3_00017.JPG	train	train	»ï¼±ººÀ½¹ä	2	»ï¼±ººÀ½¹ä	Q3	2	0.75	side	400	683.617	300	512.71
side_ººÀ½¹ä·ù_Á¢½Ã_»ï¼±ººÀ½¹ä_Q3_00018.JPG	train	train	»ï¼±ººÀ½¹ä	2	»ï¼±ººÀ½¹ä	Q3	2	0.75	side	400	683.617	300	512.71
side_ººÀ½¹ä·ù_Á¢½Ã_»ï¼±ººÀ½¹ä_Q3_00020.JPG	train	train	»ï¼±ººÀ½¹ä	2	»ï¼±ººÀ½¹ä	Q3	2	0.75	side	400	683.617	300	512.71
side_ººÀ½¹ä·ù_Á¢½Ã_»ï¼±ººÀ½¹ä_Q3_00021.JPG	train	train	»ï¼±ººÀ½¹ä	2	»ï¼±ººÀ½¹ä	Q3	2	0.75	side	400	683.617	300	512.71
side_ººÀ½¹ä·ù_Á¢½Ã_»ï¼±ººÀ½¹ä_Q3_00022.JPG	train	train	»ï¼±ººÀ½¹ä	2	»ï¼±ººÀ½¹ä	Q3	2	0.75	side	400	683.617	300	512.71
side_ººÀ½¹ä·ù_Á¢½Ã_»ï¼±ººÀ½¹ä_Q3_00023.JPG	train	train	»ï¼±ººÀ½¹ä	2	»ï¼±ººÀ½¹ä	Q3	2	0.75	side	400	683.617	300	512.71
side_ººÀ½¹ä·ù_Á¢½Ã_»ï¼±ººÀ½¹ä_Q3_00024.JPG	train	train	»ï¼±ººÀ½¹ä	2	»ï¼±ººÀ½¹ä	Q3	2	0.75	side	400	683.617	300	512.71
side_ººÀ½¹ä·ù_Á¢½Ã_»ï¼±ººÀ½¹ä_Q3_00027.JPG	train	train	»ï¼±ººÀ½¹ä	2	»ï¼±ººÀ½¹ä	Q3	2	0.75	side	400	683.617	300	512.71
side_ººÀ½¹ä·ù_Á¢½Ã_»ï¼±ººÀ½¹ä_Q3_00028.JPG	train	train	»ï¼±ººÀ½¹ä	2	»ï¼±ººÀ½¹ä	Q3	2	0.75	side	400	683.617	300	512.71
side_ººÀ½¹ä·ù_Á¢½Ã_»ï¼±ººÀ½¹ä_Q3_00030.JPG	train	train	»ï¼±ººÀ½¹ä	2	»ï¼±ººÀ½¹ä	Q3	2	0.75	side	400	683.617	300	512.71
side_ººÀ½¹ä·ù_Á¢½Ã_»ï¼±ººÀ½¹ä_Q3_00031.JPG	train	train	»ï¼±ººÀ½¹ä	2	»ï¼±ººÀ½¹ä	Q3	2	0.75	side	400	683.617	300	512.71
side_ººÀ½¹ä·ù_Á¢½Ã_»ï¼±ººÀ½¹ä_Q3_00032.JPG	train	train	»ï¼±ººÀ½¹ä	2	»ï¼±ººÀ½¹ä	Q3	2	0.75	side	400	683.617	300	512.71
side_ººÀ½¹ä·ù_Á¢½Ã_»ï¼±ººÀ½¹ä_Q3_00033.JPG	train	train	»ï¼±ººÀ½¹ä	2	»ï¼±ººÀ½¹ä	Q3	2	0.75	side	400	683.617	300	512.71
side_ººÀ½¹ä·ù_Á¢½Ã_»ï¼±ººÀ½¹ä_Q3_00034.JPG	train	train	»ï¼±ººÀ½¹ä	2	»ï¼±ººÀ½¹ä	Q3	2	0.75	side	400	683.617	300	512.71
side_ººÀ½¹ä·ù_Á¢½Ã_»ï¼±ººÀ½¹ä_Q3_00035.JPG	train	train	»ï¼±ººÀ½¹ä	2	»ï¼±ººÀ½¹ä	Q3	2	0.75	side	400	683.617	300	512.71
side_ººÀ½¹ä·ù_Á¢½Ã_»ï¼±ººÀ½¹ä_Q3_00038.JPG	train	train	»ï¼±ººÀ½¹ä	2	»ï¼±ººÀ½¹ä	Q3	2	0.75	side	400	683.617	300	512.71
side_ººÀ½¹ä·ù_Á¢½Ã_»ï¼±ººÀ½¹ä_Q3_00039.JPG	train	train	»ï¼±ººÀ½¹ä	2	»ï¼±ººÀ½¹ä	Q3	2	0.75	side	400	683.617	300	512.71
side_ººÀ½¹ä·ù_Á¢½Ã_»ï¼±ººÀ½¹ä_Q3_00040.JPG	train	train	»ï¼±ººÀ½¹ä	2	»ï¼±ººÀ½¹ä	Q3	2	0.75	side	400	683.617	300	512.71
side_ººÀ½¹ä·ù_Á¢½Ã_»ï¼±ººÀ½¹ä_Q3_00041.JPG	train	train	»ï¼±ººÀ½¹ä	2	»ï¼±ººÀ½¹ä	Q3	2	0.75	side	400	683.617	300	512.71
side_ººÀ½¹ä·ù_Á¢½Ã_»ï¼±ººÀ½¹ä_Q3_00042.JPG	train	train	»ï¼±ººÀ½¹ä	2	»ï¼±ººÀ½¹ä	Q3	2	0.75	side	400	683.617	300	512.71
side_ººÀ½¹ä·ù_Á¢½Ã_»ï¼±ººÀ½¹ä_Q3_00043.JPG	train	train	»ï¼±ººÀ½¹ä	2	»ï¼±ººÀ½¹ä	Q3	2	0.75	side	400	683.617	300	512.71
side_ººÀ½¹ä·ù_Á¢½Ã_»ï¼±ººÀ½¹ä_Q3_00044.JPG	train	train	»ï¼±ººÀ½¹ä	2	»ï¼±ººÀ½¹ä	Q3	2	0.75	side	400	683.617	300	512.71
side_ººÀ½¹ä·ù_Á¢½Ã_»ï¼±ººÀ½¹ä_Q3_00046.JPG	train	train	»ï¼±ººÀ½¹ä	2	»ï¼±ººÀ½¹ä	Q3	2	0.75	side	400	683.617	300	512.71
side_ººÀ½¹ä·ù_Á¢½Ã_»ï¼±ººÀ½¹ä_Q3_00047.JPG	train	train	»ï¼±ººÀ½¹ä	2	»ï¼±ººÀ½¹ä	Q3	2	0.75	side	400	683.617	300	512.71
side_ººÀ½¹ä·ù_Á¢½Ã_»ï¼±ººÀ½¹ä_Q3_00048.JPG	train	train	»ï¼±ººÀ½¹ä	2	»ï¼±ººÀ½¹ä	Q3	2	0.75	side	400	683.617	300	512.71
side_ººÀ½¹ä·ù_Á¢½Ã_»ï¼±ººÀ½¹ä_Q3_00049.JPG	train	train	»ï¼±ººÀ½¹ä	2	»ï¼±ººÀ½¹ä	Q3	2	0.75	side	400	683.617	300	512.71
side_ººÀ½¹ä·ù_Á¢½Ã_»ï¼±ººÀ½¹ä_Q3_00050.JPG	train	train	»ï¼±ººÀ½¹ä	2	»ï¼±ººÀ½¹ä	Q3	2	0.75	side	400	683.617	300	512.71
side_ººÀ½¹ä·ù_Á¢½Ã_»ï¼±ººÀ½¹ä_Q3_00051.JPG	train	train	»ï¼±ººÀ½¹ä	2	»ï¼±ººÀ½¹ä	Q3	2	0.75	side	400	683.617	300	512.71
side_ººÀ½¹ä·ù_Á¢½Ã_»ï¼±ººÀ½¹ä_Q3_00052.JPG	train	train	»ï¼±ººÀ½¹ä	2	»ï¼±ººÀ½¹ä	Q3	2	0.75	side	400	683.617	300	512.71
side_ººÀ½¹ä·ù_Á¢½Ã_»ï¼±ººÀ½¹ä_Q3_00054.JPG	train	train	»ï¼±ººÀ½¹ä	2	»ï¼±ººÀ½¹ä	Q3	2	0.75	side	400	683.617	300	512.71
side_ººÀ½¹ä·ù_Á¢½Ã_»ï¼±ººÀ½¹ä_Q3_00055.JPG	train	train	»ï¼±ººÀ½¹ä	2	»ï¼±ººÀ½¹ä	Q3	2	0.75	side	400	683.617	300	512.71
side_ººÀ½¹ä·ù_Á¢½Ã_»ï¼±ººÀ½¹ä_Q3_00056.JPG	train	train	»ï¼±ººÀ½¹ä	2	»ï¼±ººÀ½¹ä	Q3	2	0.75	side	400	683.617	300	512.71
top_ººÀ½¹ä·ù_Á¢½Ã_»ï¼±ººÀ½¹ä_Q3_00001.JPG	train	train	»ï¼±ººÀ½¹ä	2	»ï¼±ººÀ½¹ä	Q3	2	0.75	top	400	683.617	300	512.71
top_ººÀ½¹ä·ù_Á¢½Ã_»ï¼±ººÀ½¹ä_Q3_00002.JPG	train	train	»ï¼±ººÀ½¹ä	2	»ï¼±ººÀ½¹ä	Q3	2	0.75	top	400	683.617	300	512.71
top_ººÀ½¹ä·ù_Á¢½Ã_»ï¼±ººÀ½¹ä_Q3_00003.JPG	train	train	»ï¼±ººÀ½¹ä	2	»ï¼±ººÀ½¹ä	Q3	2	0.75	top	400	683.617	300	512.71
top_ººÀ½¹ä·ù_Á¢½Ã_»ï¼±ººÀ½¹ä_Q3_00004.JPG	train	train	»ï¼±ººÀ½¹ä	2	»ï¼±ººÀ½¹ä	Q3	2	0.75	top	400	683.617	300	512.71
top_ººÀ½¹ä·ù_Á¢½Ã_»ï¼±ººÀ½¹ä_Q3_00005.JPG	train	train	»ï¼±ººÀ½¹ä	2	»ï¼±ººÀ½¹ä	Q3	2	0.75	top	400	683.617	300	512.71
top_ººÀ½¹ä·ù_Á¢½Ã_»ï¼±ººÀ½¹ä_Q3_00008.JPG	train	train	»ï¼±ººÀ½¹ä	2	»ï¼±ººÀ½¹ä	Q3	2	0.75	top	400	683.617	300	512.71
top_ººÀ½¹ä·ù_Á¢½Ã_»ï¼±ººÀ½¹ä_Q3_00009.JPG	train	train	»ï¼±ººÀ½¹ä	2	»ï¼±ººÀ½¹ä	Q3	2	0.75	top	400	683.617	300	512.71
top_ººÀ½¹ä·ù_Á¢½Ã_»ï¼±ººÀ½¹ä_Q3_00010.JPG	train	train	»ï¼±ººÀ½¹ä	2	»ï¼±ººÀ½¹ä	Q3	2	0.75	top	400	683.617	300	512.71
top_ººÀ½¹ä·ù_Á¢½Ã_»ï¼±ººÀ½¹ä_Q3_00011.JPG	train	train	»ï¼±ººÀ½¹ä	2	»ï¼±ººÀ½¹ä	Q3	2	0.75	top	400	683.617	300	512.71
top_ººÀ½¹ä·ù_Á¢½Ã_»ï¼±ººÀ½¹ä_Q3_00013.JPG	train	train	»ï¼±ººÀ½¹ä	2	»ï¼±ººÀ½¹ä	Q3	2	0.75	top	400	683.617	300	512.71
top_ººÀ½¹ä·ù_Á¢½Ã_»ï¼±ººÀ½¹ä_Q3_00014.JPG	train	train	»ï¼±ººÀ½¹ä	2	»ï¼±ººÀ½¹ä	Q3	2	0.75	top	400	683.617	300	512.71
top_ººÀ½¹ä·ù_Á¢½Ã_»ï¼±ººÀ½¹ä_Q3_00015.JPG	train	train	»ï¼±ººÀ½¹ä	2	»ï¼±ººÀ½¹ä	Q3	2	0.75	top	400	683.617	300	512.71
top_ººÀ½¹ä·ù_Á¢½Ã_»ï¼±ººÀ½¹ä_Q3_00016.JPG	train	train	»ï¼±ººÀ½¹ä	2	»ï¼±ººÀ½¹ä	Q3	2	0.75	top	400	683.617	300	512.71
top_ººÀ½¹ä·ù_Á¢½Ã_»ï¼±ººÀ½¹ä_Q3_00018.JPG	train	train	»ï¼±ººÀ½¹ä	2	»ï¼±ººÀ½¹ä	Q3	2	0.75	top	400	683.617	300	512.71
top_ººÀ½¹ä·ù_Á¢½Ã_»ï¼±ººÀ½¹ä_Q3_00019.JPG	train	train	»ï¼±ººÀ½¹ä	2	»ï¼±ººÀ½¹ä	Q3	2	0.75	top	400	683.617	300	512.71
top_ººÀ½¹ä·ù_Á¢½Ã_»ï¼±ººÀ½¹ä_Q3_00020.JPG	train	train	»ï¼±ººÀ½¹ä	2	»ï¼±ººÀ½¹ä	Q3	2	0.75	top	400	683.617	300	512.71
top_ººÀ½¹ä·ù_Á¢½Ã_»ï¼±ººÀ½¹ä_Q3_00021.JPG	train	train	»ï¼±ººÀ½¹ä	2	»ï¼±ººÀ½¹ä	Q3	2	0.75	top	400	683.617	300	512.71
top_ººÀ½¹ä·ù_Á¢½Ã_»ï¼±ººÀ½¹ä_Q3_00022.JPG	train	train	»ï¼±ººÀ½¹ä	2	»ï¼±ººÀ½¹ä	Q3	2	0.75	top	400	683.617	300	512.71
top_ººÀ½¹ä·ù_Á¢½Ã_»ï¼±ººÀ½¹ä_Q3_00023.JPG	train	train	»ï¼±ººÀ½¹ä	2	»ï¼±ººÀ½¹ä	Q3	2	0.75	top	400	683.617	300	512.71
top_ººÀ½¹ä·ù_Á¢½Ã_»ï¼±ººÀ½¹ä_Q3_00025.JPG	train	train	»ï¼±ººÀ½¹ä	2	»ï¼±ººÀ½¹ä	Q3	2	0.75	top	400	683.617	300	512.71
top_ººÀ½¹ä·ù_Á¢½Ã_»ï¼±ººÀ½¹ä_Q3_00026.JPG	train	train	»ï¼±ººÀ½¹ä	2	»ï¼±ººÀ½¹ä	Q3	2	0.75	top	400	683.617	300	512.71
top_ººÀ½¹ä·ù_Á¢½Ã_»ï¼±ººÀ½¹ä_Q3_00027.JPG	train	train	»ï¼±ººÀ½¹ä	2	»ï¼±ººÀ½¹ä	Q3	2	0.75	top	400	683.617	300	512.71
top_ººÀ½¹ä·ù_Á¢½Ã_»ï¼±ººÀ½¹ä_Q3_00028.JPG	train	train	»ï¼±ººÀ½¹ä	2	»ï¼±ººÀ½¹ä	Q3	2	0.75	top	400	683.617	300	512.71
top_ººÀ½¹ä·ù_Á¢½Ã_»ï¼±ººÀ½¹ä_Q3_00029.JPG	train	train	»ï¼±ººÀ½¹ä	2	»ï¼±ººÀ½¹ä	Q3	2	0.75	top	400	683.617	300	512.71
top_ººÀ½¹ä·ù_Á¢½Ã_»ï¼±ººÀ½¹ä_Q3_00030.JPG	train	train	»ï¼±ººÀ½¹ä	2	»ï¼±ººÀ½¹ä	Q3	2	0.75	top	400	683.617	300	512.71
top_ººÀ½¹ä·ù_Á¢½Ã_»ï¼±ººÀ½¹ä_Q3_00031.JPG	train	train	»ï¼±ººÀ½¹ä	2	»ï¼±ººÀ½¹ä	Q3	2	0.75	top	400	683.617	300	512.71
top_ººÀ½¹ä·ù_Á¢½Ã_»ï¼±ººÀ½¹ä_Q3_00032.JPG	train	train	»ï¼±ººÀ½¹ä	2	»ï¼±ººÀ½¹ä	Q3	2	0.75	top	400	683.617	300	512.71
top_ººÀ½¹ä·ù_Á¢½Ã_»ï¼±ººÀ½¹ä_Q3_00033.JPG	train	train	»ï¼±ººÀ½¹ä	2	»ï¼±ººÀ½¹ä	Q3	2	0.75	top	400	683.617	300	512.71
top_ººÀ½¹ä·ù_Á¢½Ã_»ï¼±ººÀ½¹ä_Q3_00034.JPG	train	train	»ï¼±ººÀ½¹ä	2	»ï¼±ººÀ½¹ä	Q3	2	0.75	top	400	683.617	300	512.71
top_ººÀ½¹ä·ù_Á¢½Ã_»ï¼±ººÀ½¹ä_Q3_00035.JPG	train	train	»ï¼±ººÀ½¹ä	2	»ï¼±ººÀ½¹ä	Q3	2	0.75	top	400	683.617	300	512.71
top_ººÀ½¹ä·ù_Á¢½Ã_»ï¼±ººÀ½¹ä_Q3_00036.JPG	train	train	»ï¼±ººÀ½¹ä	2	»ï¼±ººÀ½¹ä	Q3	2	0.75	top	400	683.617	300	512.71
top_ººÀ½¹ä·ù_Á¢½Ã_»ï¼±ººÀ½¹ä_Q3_00037.JPG	train	train	»ï¼±ººÀ½¹ä	2	»ï¼±ººÀ½¹ä	Q3	2	0.75	top	400	683.617	300	512.71
top_ººÀ½¹ä·ù_Á¢½Ã_»ï¼±ººÀ½¹ä_Q3_00038.JPG	train	train	»ï¼±ººÀ½¹ä	2	»ï¼±ººÀ½¹ä	Q3	2	0.75	top	400	683.617	300	512.71
top_ººÀ½¹ä·ù_Á¢½Ã_»ï¼±ººÀ½¹ä_Q3_00039.JPG	train	train	»ï¼±ººÀ½¹ä	2	»ï¼±ººÀ½¹ä	Q3	2	0.75	top	400	683.617	300	512.71
top_ººÀ½¹ä·ù_Á¢½Ã_»ï¼±ººÀ½¹ä_Q3_00041.JPG	train	train	»ï¼±ººÀ½¹ä	2	»ï¼±ººÀ½¹ä	Q3	2	0.75	top	400	683.617	300	512.71
top_ººÀ½¹ä·ù_Á¢½Ã_»ï¼±ººÀ½¹ä_Q3_00043.JPG	train	train	»ï¼±ººÀ½¹ä	2	»ï¼±ººÀ½¹ä	Q3	2	0.75	top	400	683.617	300	512.71
top_ººÀ½¹ä·ù_Á¢½Ã_»ï¼±ººÀ½¹ä_Q3_00045.JPG	train	train	»ï¼±ººÀ½¹ä	2	»ï¼±ººÀ½¹ä	Q3	2	0.75	top	400	683.617	300	512.71
top_ººÀ½¹ä·ù_Á¢½Ã_»ï¼±ººÀ½¹ä_Q3_00046.JPG	train	train	»ï¼±ººÀ½¹ä	2	»ï¼±ººÀ½¹ä	Q3	2	0.75	top	400	683.617	300	512.71
top_ººÀ½¹ä·ù_Á¢½Ã_»ï¼±ººÀ½¹ä_Q3_00048.JPG	train	train	»ï¼±ººÀ½¹ä	2	»ï¼±ººÀ½¹ä	Q3	2	0.75	top	400	683.617	300	512.71
top_ººÀ½¹ä·ù_Á¢½Ã_»ï¼±ººÀ½¹ä_Q3_00049.JPG	train	train	»ï¼±ººÀ½¹ä	2	»ï¼±ººÀ½¹ä	Q3	2	0.75	top	400	683.617	300	512.71
top_ººÀ½¹ä·ù_Á¢½Ã_»ï¼±ººÀ½¹ä_Q3_00050.JPG	train	train	»ï¼±ººÀ½¹ä	2	»ï¼±ººÀ½¹ä	Q3	2	0.75	top	400	683.617	300	512.71
top_ººÀ½¹ä·ù_Á¢½Ã_»ï¼±ººÀ½¹ä_Q3_00052.JPG	train	train	»ï¼±ººÀ½¹ä	2	»ï¼±ººÀ½¹ä	Q3	2	0.75	top	400	683.617	300	512.71
top_ººÀ½¹ä·ù_Á¢½Ã_»ï¼±ººÀ½¹ä_Q3_00053.JPG	train	train	»ï¼±ººÀ½¹ä	2	»ï¼±ººÀ½¹ä	Q3	2	0.75	top	400	683.617	300	512.71
side_ººÀ½¹ä·ù_Á¢½Ã_»ï¼±ººÀ½¹ä_Q4_00001.JPG	train	train	»ï¼±ººÀ½¹ä	2	»ï¼±ººÀ½¹ä	Q4	3	1	side	400	683.617	400	683.62
side_ººÀ½¹ä·ù_Á¢½Ã_»ï¼±ººÀ½¹ä_Q4_00002.JPG	train	train	»ï¼±ººÀ½¹ä	2	»ï¼±ººÀ½¹ä	Q4	3	1	side	400	683.617	400	683.62
side_ººÀ½¹ä·ù_Á¢½Ã_»ï¼±ººÀ½¹ä_Q4_00003.JPG	train	train	»ï¼±ººÀ½¹ä	2	»ï¼±ººÀ½¹ä	Q4	3	1	side	400	683.617	400	683.62
side_ººÀ½¹ä·ù_Á¢½Ã_»ï¼±ººÀ½¹ä_Q4_00004.JPG	train	train	»ï¼±ººÀ½¹ä	2	»ï¼±ººÀ½¹ä	Q4	3	1	side	400	683.617	400	683.62
side_ººÀ½¹ä·ù_Á¢½Ã_»ï¼±ººÀ½¹ä_Q4_00006.JPG	train	train	»ï¼±ººÀ½¹ä	2	»ï¼±ººÀ½¹ä	Q4	3	1	side	400	683.617	400	683.62
side_ººÀ½¹ä·ù_Á¢½Ã_»ï¼±ººÀ½¹ä_Q4_00007.JPG	train	train	»ï¼±ººÀ½¹ä	2	»ï¼±ººÀ½¹ä	Q4	3	1	side	400	683.617	400	683.62
side_ººÀ½¹ä·ù_Á¢½Ã_»ï¼±ººÀ½¹ä_Q4_00010.JPG	train	train	»ï¼±ººÀ½¹ä	2	»ï¼±ººÀ½¹ä	Q4	3	1	side	400	683.617	400	683.62
side_ººÀ½¹ä·ù_Á¢½Ã_»ï¼±ººÀ½¹ä_Q4_00011.JPG	train	train	»ï¼±ººÀ½¹ä	2	»ï¼±ººÀ½¹ä	Q4	3	1	side	400	683.617	400	683.62
side_ººÀ½¹ä·ù_Á¢½Ã_»ï¼±ººÀ½¹ä_Q4_00012.JPG	train	train	»ï¼±ººÀ½¹ä	2	»ï¼±ººÀ½¹ä	Q4	3	1	side	400	683.617	400	683.62
side_ººÀ½¹ä·ù_Á¢½Ã_»ï¼±ººÀ½¹ä_Q4_00013.JPG	train	train	»ï¼±ººÀ½¹ä	2	»ï¼±ººÀ½¹ä	Q4	3	1	side	400	683.617	400	683.62
side_ººÀ½¹ä·ù_Á¢½Ã_»ï¼±ººÀ½¹ä_Q4_00015.JPG	train	train	»ï¼±ººÀ½¹ä	2	»ï¼±ººÀ½¹ä	Q4	3	1	side	400	683.617	400	683.62
side_ººÀ½¹ä·ù_Á¢½Ã_»ï¼±ººÀ½¹ä_Q4_00017.JPG	train	train	»ï¼±ººÀ½¹ä	2	»ï¼±ººÀ½¹ä	Q4	3	1	side	400	683.617	400	683.62
side_ººÀ½¹ä·ù_Á¢½Ã_»ï¼±ººÀ½¹ä_Q4_00019.JPG	train	train	»ï¼±ººÀ½¹ä	2	»ï¼±ººÀ½¹ä	Q4	3	1	side	400	683.617	400	683.62
side_ººÀ½¹ä·ù_Á¢½Ã_»ï¼±ººÀ½¹ä_Q4_00020.JPG	train	train	»ï¼±ººÀ½¹ä	2	»ï¼±ººÀ½¹ä	Q4	3	1	side	400	683.617	400	683.62
side_ººÀ½¹ä·ù_Á¢½Ã_»ï¼±ººÀ½¹ä_Q4_00021.JPG	train	train	»ï¼±ººÀ½¹ä	2	»ï¼±ººÀ½¹ä	Q4	3	1	side	400	683.617	400	683.62
side_ººÀ½¹ä·ù_Á¢½Ã_»ï¼±ººÀ½¹ä_Q4_00022.JPG	train	train	»ï¼±ººÀ½¹ä	2	»ï¼±ººÀ½¹ä	Q4	3	1	side	400	683.617	400	683.62
side_ººÀ½¹ä·ù_Á¢½Ã_»ï¼±ººÀ½¹ä_Q4_00023.JPG	train	train	»ï¼±ººÀ½¹ä	2	»ï¼±ººÀ½¹ä	Q4	3	1	side	400	683.617	400	683.62
side_ººÀ½¹ä·ù_Á¢½Ã_»ï¼±ººÀ½¹ä_Q4_00024.JPG	train	train	»ï¼±ººÀ½¹ä	2	»ï¼±ººÀ½¹ä	Q4	3	1	side	400	683.617	400	683.62
side_ººÀ½¹ä·ù_Á¢½Ã_»ï¼±ººÀ½¹ä_Q4_00025.JPG	train	train	»ï¼±ººÀ½¹ä	2	»ï¼±ººÀ½¹ä	Q4	3	1	side	400	683.617	400	683.62
side_ººÀ½¹ä·ù_Á¢½Ã_»ï¼±ººÀ½¹ä_Q4_00026.JPG	train	train	»ï¼±ººÀ½¹ä	2	»ï¼±ººÀ½¹ä	Q4	3	1	side	400	683.617	400	683.62
side_ººÀ½¹ä·ù_Á¢½Ã_»ï¼±ººÀ½¹ä_Q4_00027.JPG	train	train	»ï¼±ººÀ½¹ä	2	»ï¼±ººÀ½¹ä	Q4	3	1	side	400	683.617	400	683.62
side_ººÀ½¹ä·ù_Á¢½Ã_»ï¼±ººÀ½¹ä_Q4_00028.JPG	train	train	»ï¼±ººÀ½¹ä	2	»ï¼±ººÀ½¹ä	Q4	3	1	side	400	683.617	400	683.62
side_ººÀ½¹ä·ù_Á¢½Ã_»ï¼±ººÀ½¹ä_Q4_00029.JPG	train	train	»ï¼±ººÀ½¹ä	2	»ï¼±ººÀ½¹ä	Q4	3	1	side	400	683.617	400	683.62
side_ººÀ½¹ä·ù_Á¢½Ã_»ï¼±ººÀ½¹ä_Q4_00031.JPG	train	train	»ï¼±ººÀ½¹ä	2	»ï¼±ººÀ½¹ä	Q4	3	1	side	400	683.617	400	683.62
side_ººÀ½¹ä·ù_Á¢½Ã_»ï¼±ººÀ½¹ä_Q4_00032.JPG	train	train	»ï¼±ººÀ½¹ä	2	»ï¼±ººÀ½¹ä	Q4	3	1	side	400	683.617	400	683.62
side_ººÀ½¹ä·ù_Á¢½Ã_»ï¼±ººÀ½¹ä_Q4_00033.JPG	train	train	»ï¼±ººÀ½¹ä	2	»ï¼±ººÀ½¹ä	Q4	3	1	side	400	683.617	400	683.62
side_ººÀ½¹ä·ù_Á¢½Ã_»ï¼±ººÀ½¹ä_Q4_00034.JPG	train	train	»ï¼±ººÀ½¹ä	2	»ï¼±ººÀ½¹ä	Q4	3	1	side	400	683.617	400	683.62
side_ººÀ½¹ä·ù_Á¢½Ã_»ï¼±ººÀ½¹ä_Q4_00035.JPG	train	train	»ï¼±ººÀ½¹ä	2	»ï¼±ººÀ½¹ä	Q4	3	1	side	400	683.617	400	683.62
side_ººÀ½¹ä·ù_Á¢½Ã_»ï¼±ººÀ½¹ä_Q4_00036.JPG	train	train	»ï¼±ººÀ½¹ä	2	»ï¼±ººÀ½¹ä	Q4	3	1	side	400	683.617	400	683.62
side_ººÀ½¹ä·ù_Á¢½Ã_»ï¼±ººÀ½¹ä_Q4_00037.JPG	train	train	»ï¼±ººÀ½¹ä	2	»ï¼±ººÀ½¹ä	Q4	3	1	side	400	683.617	400	683.62
side_ººÀ½¹ä·ù_Á¢½Ã_»ï¼±ººÀ½¹ä_Q4_00038.JPG	train	train	»ï¼±ººÀ½¹ä	2	»ï¼±ººÀ½¹ä	Q4	3	1	side	400	683.617	400	683.62
side_ººÀ½¹ä·ù_Á¢½Ã_»ï¼±ººÀ½¹ä_Q4_00041.JPG	train	train	»ï¼±ººÀ½¹ä	2	»ï¼±ººÀ½¹ä	Q4	3	1	side	400	683.617	400	683.62
side_ººÀ½¹ä·ù_Á¢½Ã_»ï¼±ººÀ½¹ä_Q4_00043.JPG	train	train	»ï¼±ººÀ½¹ä	2	»ï¼±ººÀ½¹ä	Q4	3	1	side	400	683.617	400	683.62
side_ººÀ½¹ä·ù_Á¢½Ã_»ï¼±ººÀ½¹ä_Q4_00044.JPG	train	train	»ï¼±ººÀ½¹ä	2	»ï¼±ººÀ½¹ä	Q4	3	1	side	400	683.617	400	683.62
side_ººÀ½¹ä·ù_Á¢½Ã_»ï¼±ººÀ½¹ä_Q4_00045.JPG	train	train	»ï¼±ººÀ½¹ä	2	»ï¼±ººÀ½¹ä	Q4	3	1	side	400	683.617	400	683.62
side_ººÀ½¹ä·ù_Á¢½Ã_»ï¼±ººÀ½¹ä_Q4_00046.JPG	train	train	»ï¼±ººÀ½¹ä	2	»ï¼±ººÀ½¹ä	Q4	3	1	side	400	683.617	400	683.62
side_ººÀ½¹ä·ù_Á¢½Ã_»ï¼±ººÀ½¹ä_Q4_00047.JPG	train	train	»ï¼±ººÀ½¹ä	2	»ï¼±ººÀ½¹ä	Q4	3	1	side	400	683.617	400	683.62
side_ººÀ½¹ä·ù_Á¢½Ã_»ï¼±ººÀ½¹ä_Q4_00048.JPG	train	train	»ï¼±ººÀ½¹ä	2	»ï¼±ººÀ½¹ä	Q4	3	1	side	400	683.617	400	683.62
side_ººÀ½¹ä·ù_Á¢½Ã_»ï¼±ººÀ½¹ä_Q4_00049.JPG	train	train	»ï¼±ººÀ½¹ä	2	»ï¼±ººÀ½¹ä	Q4	3	1	side	400	683.617	400	683.62
side_ººÀ½¹ä·ù_Á¢½Ã_»ï¼±ººÀ½¹ä_Q4_00050.JPG	train	train	»ï¼±ººÀ½¹ä	2	»ï¼±ººÀ½¹ä	Q4	3	1	side	400	683.617	400	683.62
side_ººÀ½¹ä·ù_Á¢½Ã_»ï¼±ººÀ½¹ä_Q4_00051.JPG	train	train	»ï¼±ººÀ½¹ä	2	»ï¼±ººÀ½¹ä	Q4	3	1	side	400	683.617	400	683.62
side_ººÀ½¹ä·ù_Á¢½Ã_»ï¼±ººÀ½¹ä_Q4_00052.JPG	train	train	»ï¼±ººÀ½¹ä	2	»ï¼±ººÀ½¹ä	Q4	3	1	side	400	683.617	400	683.62
side_ººÀ½¹ä·ù_Á¢½Ã_»ï¼±ººÀ½¹ä_Q4_00053.JPG	train	train	»ï¼±ººÀ½¹ä	2	»ï¼±ººÀ½¹ä	Q4	3	1	side	400	683.617	400	683.62
side_ººÀ½¹ä·ù_Á¢½Ã_»ï¼±ººÀ½¹ä_Q4_00054.JPG	train	train	»ï¼±ººÀ½¹ä	2	»ï¼±ººÀ½¹ä	Q4	3	1	side	400	683.617	400	683.62
side_ººÀ½¹ä·ù_Á¢½Ã_»ï¼±ººÀ½¹ä_Q4_00055.JPG	train	train	»ï¼±ººÀ½¹ä	2	»ï¼±ººÀ½¹ä	Q4	3	1	side	400	683.617	400	683.62
side_ººÀ½¹ä·ù_Á¢½Ã_»ï¼±ººÀ½¹ä_Q4_00056.JPG	train	train	»ï¼±ººÀ½¹ä	2	»ï¼±ººÀ½¹ä	Q4	3	1	side	400	683.617	400	683.62
side_ººÀ½¹ä·ù_Á¢½Ã_»ï¼±ººÀ½¹ä_Q4_00057.JPG	train	train	»ï¼±ººÀ½¹ä	2	»ï¼±ººÀ½¹ä	Q4	3	1	side	400	683.617	400	683.62
side_ººÀ½¹ä·ù_Á¢½Ã_»ï¼±ººÀ½¹ä_Q4_00058.JPG	train	train	»ï¼±ººÀ½¹ä	2	»ï¼±ººÀ½¹ä	Q4	3	1	side	400	683.617	400	683.62
side_ººÀ½¹ä·ù_Á¢½Ã_»ï¼±ººÀ½¹ä_Q4_00059.JPG	train	train	»ï¼±ººÀ½¹ä	2	»ï¼±ººÀ½¹ä	Q4	3	1	side	400	683.617	400	683.62
side_ººÀ½¹ä·ù_Á¢½Ã_»ï¼±ººÀ½¹ä_Q4_00060.JPG	train	train	»ï¼±ººÀ½¹ä	2	»ï¼±ººÀ½¹ä	Q4	3	1	side	400	683.617	400	683.62
top_ººÀ½¹ä·ù_Á¢½Ã_»ï¼±ººÀ½¹ä_Q4_00001.JPG	train	train	»ï¼±ººÀ½¹ä	2	»ï¼±ººÀ½¹ä	Q4	3	1	top	400	683.617	400	683.62
top_ººÀ½¹ä·ù_Á¢½Ã_»ï¼±ººÀ½¹ä_Q4_00002.JPG	train	train	»ï¼±ººÀ½¹ä	2	»ï¼±ººÀ½¹ä	Q4	3	1	top	400	683.617	400	683.62
top_ººÀ½¹ä·ù_Á¢½Ã_»ï¼±ººÀ½¹ä_Q4_00004.JPG	train	train	»ï¼±ººÀ½¹ä	2	»ï¼±ººÀ½¹ä	Q4	3	1	top	400	683.617	400	683.62
top_ººÀ½¹ä·ù_Á¢½Ã_»ï¼±ººÀ½¹ä_Q4_00005.JPG	train	train	»ï¼±ººÀ½¹ä	2	»ï¼±ººÀ½¹ä	Q4	3	1	top	400	683.617	400	683.62
top_ººÀ½¹ä·ù_Á¢½Ã_»ï¼±ººÀ½¹ä_Q4_00006.JPG	train	train	»ï¼±ººÀ½¹ä	2	»ï¼±ººÀ½¹ä	Q4	3	1	top	400	683.617	400	683.62
top_ººÀ½¹ä·ù_Á¢½Ã_»ï¼±ººÀ½¹ä_Q4_00007.JPG	train	train	»ï¼±ººÀ½¹ä	2	»ï¼±ººÀ½¹ä	Q4	3	1	top	400	683.617	400	683.62
top_ººÀ½¹ä·ù_Á¢½Ã_»ï¼±ººÀ½¹ä_Q4_00008.JPG	train	train	»ï¼±ººÀ½¹ä	2	»ï¼±ººÀ½¹ä	Q4	3	1	top	400	683.617	400	683.62
top_ººÀ½¹ä·ù_Á¢½Ã_»ï¼±ººÀ½¹ä_Q4_00009.JPG	train	train	»ï¼±ººÀ½¹ä	2	»ï¼±ººÀ½¹ä	Q4	3	1	top	400	683.617	400	683.62
top_ººÀ½¹ä·ù_Á¢½Ã_»ï¼±ººÀ½¹ä_Q4_00011.JPG	train	train	»ï¼±ººÀ½¹ä	2	»ï¼±ººÀ½¹ä	Q4	3	1	top	400	683.617	400	683.62
top_ººÀ½¹ä·ù_Á¢½Ã_»ï¼±ººÀ½¹ä_Q4_00012.JPG	train	train	»ï¼±ººÀ½¹ä	2	»ï¼±ººÀ½¹ä	Q4	3	1	top	400	683.617	400	683.62
top_ººÀ½¹ä·ù_Á¢½Ã_»ï¼±ººÀ½¹ä_Q4_00014.JPG	train	train	»ï¼±ººÀ½¹ä	2	»ï¼±ººÀ½¹ä	Q4	3	1	top	400	683.617	400	683.62
top_ººÀ½¹ä·ù_Á¢½Ã_»ï¼±ººÀ½¹ä_Q4_00015.JPG	train	train	»ï¼±ººÀ½¹ä	2	»ï¼±ººÀ½¹ä	Q4	3	1	top	400	683.617	400	683.62
top_ººÀ½¹ä·ù_Á¢½Ã_»ï¼±ººÀ½¹ä_Q4_00016.JPG	train	train	»ï¼±ººÀ½¹ä	2	»ï¼±ººÀ½¹ä	Q4	3	1	top	400	683.617	400	683.62
top_ººÀ½¹ä·ù_Á¢½Ã_»ï¼±ººÀ½¹ä_Q4_00017.JPG	train	train	»ï¼±ººÀ½¹ä	2	»ï¼±ººÀ½¹ä	Q4	3	1	top	400	683.617	400	683.62
top_ººÀ½¹ä·ù_Á¢½Ã_»ï¼±ººÀ½¹ä_Q4_00019.JPG	train	train	»ï¼±ººÀ½¹ä	2	»ï¼±ººÀ½¹ä	Q4	3	1	top	400	683.617	400	683.62
top_ººÀ½¹ä·ù_Á¢½Ã_»ï¼±ººÀ½¹ä_Q4_00020.JPG	train	train	»ï¼±ººÀ½¹ä	2	»ï¼±ººÀ½¹ä	Q4	3	1	top	400	683.617	400	683.62
top_ººÀ½¹ä·ù_Á¢½Ã_»ï¼±ººÀ½¹ä_Q4_00021.JPG	train	train	»ï¼±ººÀ½¹ä	2	»ï¼±ººÀ½¹ä	Q4	3	1	top	400	683.617	400	683.62
top_ººÀ½¹ä·ù_Á¢½Ã_»ï¼±ººÀ½¹ä_Q4_00023.JPG	train	train	»ï¼±ººÀ½¹ä	2	»ï¼±ººÀ½¹ä	Q4	3	1	top	400	683.617	400	683.62
top_ººÀ½¹ä·ù_Á¢½Ã_»ï¼±ººÀ½¹ä_Q4_00025.JPG	train	train	»ï¼±ººÀ½¹ä	2	»ï¼±ººÀ½¹ä	Q4	3	1	top	400	683.617	400	683.62
top_ººÀ½¹ä·ù_Á¢½Ã_»ï¼±ººÀ½¹ä_Q4_00027.JPG	train	train	»ï¼±ººÀ½¹ä	2	»ï¼±ººÀ½¹ä	Q4	3	1	top	400	683.617	400	683.62
top_ººÀ½¹ä·ù_Á¢½Ã_»ï¼±ººÀ½¹ä_Q4_00028.JPG	train	train	»ï¼±ººÀ½¹ä	2	»ï¼±ººÀ½¹ä	Q4	3	1	top	400	683.617	400	683.62
top_ººÀ½¹ä·ù_Á¢½Ã_»ï¼±ººÀ½¹ä_Q4_00029.JPG	train	train	»ï¼±ººÀ½¹ä	2	»ï¼±ººÀ½¹ä	Q4	3	1	top	400	683.617	400	683.62
top_ººÀ½¹ä·ù_Á¢½Ã_»ï¼±ººÀ½¹ä_Q4_00030.JPG	train	train	»ï¼±ººÀ½¹ä	2	»ï¼±ººÀ½¹ä	Q4	3	1	top	400	683.617	400	683.62
top_ººÀ½¹ä·ù_Á¢½Ã_»ï¼±ººÀ½¹ä_Q4_00032.JPG	train	train	»ï¼±ººÀ½¹ä	2	»ï¼±ººÀ½¹ä	Q4	3	1	top	400	683.617	400	683.62
top_ººÀ½¹ä·ù_Á¢½Ã_»ï¼±ººÀ½¹ä_Q4_00033.JPG	train	train	»ï¼±ººÀ½¹ä	2	»ï¼±ººÀ½¹ä	Q4	3	1	top	400	683.617	400	683.62
top_ººÀ½¹ä·ù_Á¢½Ã_»ï¼±ººÀ½¹ä_Q4_00034.JPG	train	train	»ï¼±ººÀ½¹ä	2	»ï¼±ººÀ½¹ä	Q4	3	1	top	400	683.617	400	683.62
top_ººÀ½¹ä·ù_Á¢½Ã_»ï¼±ººÀ½¹ä_Q4_00035.JPG	train	train	»ï¼±ººÀ½¹ä	2	»ï¼±ººÀ½¹ä	Q4	3	1	top	400	683.617	400	683.62
top_ººÀ½¹ä·ù_Á¢½Ã_»ï¼±ººÀ½¹ä_Q4_00036.JPG	train	train	»ï¼±ººÀ½¹ä	2	»ï¼±ººÀ½¹ä	Q4	3	1	top	400	683.617	400	683.62
top_ººÀ½¹ä·ù_Á¢½Ã_»ï¼±ººÀ½¹ä_Q4_00038.JPG	train	train	»ï¼±ººÀ½¹ä	2	»ï¼±ººÀ½¹ä	Q4	3	1	top	400	683.617	400	683.62
top_ººÀ½¹ä·ù_Á¢½Ã_»ï¼±ººÀ½¹ä_Q4_00039.JPG	train	train	»ï¼±ººÀ½¹ä	2	»ï¼±ººÀ½¹ä	Q4	3	1	top	400	683.617	400	683.62
top_ººÀ½¹ä·ù_Á¢½Ã_»ï¼±ººÀ½¹ä_Q4_00040.JPG	train	train	»ï¼±ººÀ½¹ä	2	»ï¼±ººÀ½¹ä	Q4	3	1	top	400	683.617	400	683.62
top_ººÀ½¹ä·ù_Á¢½Ã_»ï¼±ººÀ½¹ä_Q4_00042.JPG	train	train	»ï¼±ººÀ½¹ä	2	»ï¼±ººÀ½¹ä	Q4	3	1	top	400	683.617	400	683.62
top_ººÀ½¹ä·ù_Á¢½Ã_»ï¼±ººÀ½¹ä_Q4_00043.JPG	train	train	»ï¼±ººÀ½¹ä	2	»ï¼±ººÀ½¹ä	Q4	3	1	top	400	683.617	400	683.62
top_ººÀ½¹ä·ù_Á¢½Ã_»ï¼±ººÀ½¹ä_Q4_00044.JPG	train	train	»ï¼±ººÀ½¹ä	2	»ï¼±ººÀ½¹ä	Q4	3	1	top	400	683.617	400	683.62
top_ººÀ½¹ä·ù_Á¢½Ã_»ï¼±ººÀ½¹ä_Q4_00045.JPG	train	train	»ï¼±ººÀ½¹ä	2	»ï¼±ººÀ½¹ä	Q4	3	1	top	400	683.617	400	683.62
top_ººÀ½¹ä·ù_Á¢½Ã_»ï¼±ººÀ½¹ä_Q4_00046.JPG	train	train	»ï¼±ººÀ½¹ä	2	»ï¼±ººÀ½¹ä	Q4	3	1	top	400	683.617	400	683.62
top_ººÀ½¹ä·ù_Á¢½Ã_»ï¼±ººÀ½¹ä_Q4_00048.JPG	train	train	»ï¼±ººÀ½¹ä	2	»ï¼±ººÀ½¹ä	Q4	3	1	top	400	683.617	400	683.62
top_ººÀ½¹ä·ù_Á¢½Ã_»ï¼±ººÀ½¹ä_Q4_00049.JPG	train	train	»ï¼±ººÀ½¹ä	2	»ï¼±ººÀ½¹ä	Q4	3	1	top	400	683.617	400	683.62
top_ººÀ½¹ä·ù_Á¢½Ã_»ï¼±ººÀ½¹ä_Q4_00050.JPG	train	train	»ï¼±ººÀ½¹ä	2	»ï¼±ººÀ½¹ä	Q4	3	1	top	400	683.617	400	683.62
top_ººÀ½¹ä·ù_Á¢½Ã_»ï¼±ººÀ½¹ä_Q4_00052.JPG	train	train	»ï¼±ººÀ½¹ä	2	»ï¼±ººÀ½¹ä	Q4	3	1	top	400	683.617	400	683.62
top_ººÀ½¹ä·ù_Á¢½Ã_»ï¼±ººÀ½¹ä_Q4_00053.JPG	train	train	»ï¼±ººÀ½¹ä	2	»ï¼±ººÀ½¹ä	Q4	3	1	top	400	683.617	400	683.62
top_ººÀ½¹ä·ù_Á¢½Ã_»ï¼±ººÀ½¹ä_Q4_00054.JPG	train	train	»ï¼±ººÀ½¹ä	2	»ï¼±ººÀ½¹ä	Q4	3	1	top	400	683.617	400	683.62
side_ººÀ½¹ä·ù_Á¢½Ã_»ï¼±ººÀ½¹ä_Q5_00001.JPG	train	train	»ï¼±ººÀ½¹ä	2	»ï¼±ººÀ½¹ä	Q5	4	1.25	side	400	683.617	500	854.52
side_ººÀ½¹ä·ù_Á¢½Ã_»ï¼±ººÀ½¹ä_Q5_00002.JPG	train	train	»ï¼±ººÀ½¹ä	2	»ï¼±ººÀ½¹ä	Q5	4	1.25	side	400	683.617	500	854.52
side_ººÀ½¹ä·ù_Á¢½Ã_»ï¼±ººÀ½¹ä_Q5_00003.JPG	train	train	»ï¼±ººÀ½¹ä	2	»ï¼±ººÀ½¹ä	Q5	4	1.25	side	400	683.617	500	854.52
side_ººÀ½¹ä·ù_Á¢½Ã_»ï¼±ººÀ½¹ä_Q5_00004.JPG	train	train	»ï¼±ººÀ½¹ä	2	»ï¼±ººÀ½¹ä	Q5	4	1.25	side	400	683.617	500	854.52
side_ººÀ½¹ä·ù_Á¢½Ã_»ï¼±ººÀ½¹ä_Q5_00005.JPG	train	train	»ï¼±ººÀ½¹ä	2	»ï¼±ººÀ½¹ä	Q5	4	1.25	side	400	683.617	500	854.52
side_ººÀ½¹ä·ù_Á¢½Ã_»ï¼±ººÀ½¹ä_Q5_00006.JPG	train	train	»ï¼±ººÀ½¹ä	2	»ï¼±ººÀ½¹ä	Q5	4	1.25	side	400	683.617	500	854.52
side_ººÀ½¹ä·ù_Á¢½Ã_»ï¼±ººÀ½¹ä_Q5_00008.JPG	train	train	»ï¼±ººÀ½¹ä	2	»ï¼±ººÀ½¹ä	Q5	4	1.25	side	400	683.617	500	854.52
side_ººÀ½¹ä·ù_Á¢½Ã_»ï¼±ººÀ½¹ä_Q5_00009.JPG	train	train	»ï¼±ººÀ½¹ä	2	»ï¼±ººÀ½¹ä	Q5	4	1.25	side	400	683.617	500	854.52
side_ººÀ½¹ä·ù_Á¢½Ã_»ï¼±ººÀ½¹ä_Q5_00010.JPG	train	train	»ï¼±ººÀ½¹ä	2	»ï¼±ººÀ½¹ä	Q5	4	1.25	side	400	683.617	500	854.52
side_ººÀ½¹ä·ù_Á¢½Ã_»ï¼±ººÀ½¹ä_Q5_00011.JPG	train	train	»ï¼±ººÀ½¹ä	2	»ï¼±ººÀ½¹ä	Q5	4	1.25	side	400	683.617	500	854.52
side_ººÀ½¹ä·ù_Á¢½Ã_»ï¼±ººÀ½¹ä_Q5_00012.JPG	train	train	»ï¼±ººÀ½¹ä	2	»ï¼±ººÀ½¹ä	Q5	4	1.25	side	400	683.617	500	854.52
side_ººÀ½¹ä·ù_Á¢½Ã_»ï¼±ººÀ½¹ä_Q5_00016.JPG	train	train	»ï¼±ººÀ½¹ä	2	»ï¼±ººÀ½¹ä	Q5	4	1.25	side	400	683.617	500	854.52
side_ººÀ½¹ä·ù_Á¢½Ã_»ï¼±ººÀ½¹ä_Q5_00017.JPG	train	train	»ï¼±ººÀ½¹ä	2	»ï¼±ººÀ½¹ä	Q5	4	1.25	side	400	683.617	500	854.52
side_ººÀ½¹ä·ù_Á¢½Ã_»ï¼±ººÀ½¹ä_Q5_00018.JPG	train	train	»ï¼±ººÀ½¹ä	2	»ï¼±ººÀ½¹ä	Q5	4	1.25	side	400	683.617	500	854.52
side_ººÀ½¹ä·ù_Á¢½Ã_»ï¼±ººÀ½¹ä_Q5_00019.JPG	train	train	»ï¼±ººÀ½¹ä	2	»ï¼±ººÀ½¹ä	Q5	4	1.25	side	400	683.617	500	854.52
side_ººÀ½¹ä·ù_Á¢½Ã_»ï¼±ººÀ½¹ä_Q5_00020.JPG	train	train	»ï¼±ººÀ½¹ä	2	»ï¼±ººÀ½¹ä	Q5	4	1.25	side	400	683.617	500	854.52
side_ººÀ½¹ä·ù_Á¢½Ã_»ï¼±ººÀ½¹ä_Q5_00021.JPG	train	train	»ï¼±ººÀ½¹ä	2	»ï¼±ººÀ½¹ä	Q5	4	1.25	side	400	683.617	500	854.52
side_ººÀ½¹ä·ù_Á¢½Ã_»ï¼±ººÀ½¹ä_Q5_00022.JPG	train	train	»ï¼±ººÀ½¹ä	2	»ï¼±ººÀ½¹ä	Q5	4	1.25	side	400	683.617	500	854.52
side_ººÀ½¹ä·ù_Á¢½Ã_»ï¼±ººÀ½¹ä_Q5_00023.JPG	train	train	»ï¼±ººÀ½¹ä	2	»ï¼±ººÀ½¹ä	Q5	4	1.25	side	400	683.617	500	854.52
side_ººÀ½¹ä·ù_Á¢½Ã_»ï¼±ººÀ½¹ä_Q5_00024.JPG	train	train	»ï¼±ººÀ½¹ä	2	»ï¼±ººÀ½¹ä	Q5	4	1.25	side	400	683.617	500	854.52
side_ººÀ½¹ä·ù_Á¢½Ã_»ï¼±ººÀ½¹ä_Q5_00027.JPG	train	train	»ï¼±ººÀ½¹ä	2	»ï¼±ººÀ½¹ä	Q5	4	1.25	side	400	683.617	500	854.52
side_ººÀ½¹ä·ù_Á¢½Ã_»ï¼±ººÀ½¹ä_Q5_00028.JPG	train	train	»ï¼±ººÀ½¹ä	2	»ï¼±ººÀ½¹ä	Q5	4	1.25	side	400	683.617	500	854.52
side_ººÀ½¹ä·ù_Á¢½Ã_»ï¼±ººÀ½¹ä_Q5_00029.JPG	train	train	»ï¼±ººÀ½¹ä	2	»ï¼±ººÀ½¹ä	Q5	4	1.25	side	400	683.617	500	854.52
side_ººÀ½¹ä·ù_Á¢½Ã_»ï¼±ººÀ½¹ä_Q5_00030.JPG	train	train	»ï¼±ººÀ½¹ä	2	»ï¼±ººÀ½¹ä	Q5	4	1.25	side	400	683.617	500	854.52
side_ººÀ½¹ä·ù_Á¢½Ã_»ï¼±ººÀ½¹ä_Q5_00031.JPG	train	train	»ï¼±ººÀ½¹ä	2	»ï¼±ººÀ½¹ä	Q5	4	1.25	side	400	683.617	500	854.52
side_ººÀ½¹ä·ù_Á¢½Ã_»ï¼±ººÀ½¹ä_Q5_00032.JPG	train	train	»ï¼±ººÀ½¹ä	2	»ï¼±ººÀ½¹ä	Q5	4	1.25	side	400	683.617	500	854.52
side_ººÀ½¹ä·ù_Á¢½Ã_»ï¼±ººÀ½¹ä_Q5_00033.JPG	train	train	»ï¼±ººÀ½¹ä	2	»ï¼±ººÀ½¹ä	Q5	4	1.25	side	400	683.617	500	854.52
side_ººÀ½¹ä·ù_Á¢½Ã_»ï¼±ººÀ½¹ä_Q5_00034.JPG	train	train	»ï¼±ººÀ½¹ä	2	»ï¼±ººÀ½¹ä	Q5	4	1.25	side	400	683.617	500	854.52
side_ººÀ½¹ä·ù_Á¢½Ã_»ï¼±ººÀ½¹ä_Q5_00035.JPG	train	train	»ï¼±ººÀ½¹ä	2	»ï¼±ººÀ½¹ä	Q5	4	1.25	side	400	683.617	500	854.52
side_ººÀ½¹ä·ù_Á¢½Ã_»ï¼±ººÀ½¹ä_Q5_00036.JPG	train	train	»ï¼±ººÀ½¹ä	2	»ï¼±ººÀ½¹ä	Q5	4	1.25	side	400	683.617	500	854.52
side_ººÀ½¹ä·ù_Á¢½Ã_»ï¼±ººÀ½¹ä_Q5_00037.JPG	train	train	»ï¼±ººÀ½¹ä	2	»ï¼±ººÀ½¹ä	Q5	4	1.25	side	400	683.617	500	854.52
side_ººÀ½¹ä·ù_Á¢½Ã_»ï¼±ººÀ½¹ä_Q5_00038.JPG	train	train	»ï¼±ººÀ½¹ä	2	»ï¼±ººÀ½¹ä	Q5	4	1.25	side	400	683.617	500	854.52
side_ººÀ½¹ä·ù_Á¢½Ã_»ï¼±ººÀ½¹ä_Q5_00039.JPG	train	train	»ï¼±ººÀ½¹ä	2	»ï¼±ººÀ½¹ä	Q5	4	1.25	side	400	683.617	500	854.52
side_ººÀ½¹ä·ù_Á¢½Ã_»ï¼±ººÀ½¹ä_Q5_00040.JPG	train	train	»ï¼±ººÀ½¹ä	2	»ï¼±ººÀ½¹ä	Q5	4	1.25	side	400	683.617	500	854.52
side_ººÀ½¹ä·ù_Á¢½Ã_»ï¼±ººÀ½¹ä_Q5_00041.JPG	train	train	»ï¼±ººÀ½¹ä	2	»ï¼±ººÀ½¹ä	Q5	4	1.25	side	400	683.617	500	854.52
side_ººÀ½¹ä·ù_Á¢½Ã_»ï¼±ººÀ½¹ä_Q5_00042.JPG	train	train	»ï¼±ººÀ½¹ä	2	»ï¼±ººÀ½¹ä	Q5	4	1.25	side	400	683.617	500	854.52
side_ººÀ½¹ä·ù_Á¢½Ã_»ï¼±ººÀ½¹ä_Q5_00043.JPG	train	train	»ï¼±ººÀ½¹ä	2	»ï¼±ººÀ½¹ä	Q5	4	1.25	side	400	683.617	500	854.52
side_ººÀ½¹ä·ù_Á¢½Ã_»ï¼±ººÀ½¹ä_Q5_00044.JPG	train	train	»ï¼±ººÀ½¹ä	2	»ï¼±ººÀ½¹ä	Q5	4	1.25	side	400	683.617	500	854.52
side_ººÀ½¹ä·ù_Á¢½Ã_»ï¼±ººÀ½¹ä_Q5_00046.JPG	train	train	»ï¼±ººÀ½¹ä	2	»ï¼±ººÀ½¹ä	Q5	4	1.25	side	400	683.617	500	854.52
side_ººÀ½¹ä·ù_Á¢½Ã_»ï¼±ººÀ½¹ä_Q5_00047.JPG	train	train	»ï¼±ººÀ½¹ä	2	»ï¼±ººÀ½¹ä	Q5	4	1.25	side	400	683.617	500	854.52
side_ººÀ½¹ä·ù_Á¢½Ã_»ï¼±ººÀ½¹ä_Q5_00048.JPG	train	train	»ï¼±ººÀ½¹ä	2	»ï¼±ººÀ½¹ä	Q5	4	1.25	side	400	683.617	500	854.52
side_ººÀ½¹ä·ù_Á¢½Ã_»ï¼±ººÀ½¹ä_Q5_00049.JPG	train	train	»ï¼±ººÀ½¹ä	2	»ï¼±ººÀ½¹ä	Q5	4	1.25	side	400	683.617	500	854.52
side_ººÀ½¹ä·ù_Á¢½Ã_»ï¼±ººÀ½¹ä_Q5_00050.JPG	train	train	»ï¼±ººÀ½¹ä	2	»ï¼±ººÀ½¹ä	Q5	4	1.25	side	400	683.617	500	854.52
side_ººÀ½¹ä·ù_Á¢½Ã_»ï¼±ººÀ½¹ä_Q5_00052.JPG	train	train	»ï¼±ººÀ½¹ä	2	»ï¼±ººÀ½¹ä	Q5	4	1.25	side	400	683.617	500	854.52
side_ººÀ½¹ä·ù_Á¢½Ã_»ï¼±ººÀ½¹ä_Q5_00053.JPG	train	train	»ï¼±ººÀ½¹ä	2	»ï¼±ººÀ½¹ä	Q5	4	1.25	side	400	683.617	500	854.52
side_ººÀ½¹ä·ù_Á¢½Ã_»ï¼±ººÀ½¹ä_Q5_00055.JPG	train	train	»ï¼±ººÀ½¹ä	2	»ï¼±ººÀ½¹ä	Q5	4	1.25	side	400	683.617	500	854.52
side_ººÀ½¹ä·ù_Á¢½Ã_»ï¼±ººÀ½¹ä_Q5_00056.JPG	train	train	»ï¼±ººÀ½¹ä	2	»ï¼±ººÀ½¹ä	Q5	4	1.25	side	400	683.617	500	854.52
side_ººÀ½¹ä·ù_Á¢½Ã_»ï¼±ººÀ½¹ä_Q5_00058.JPG	train	train	»ï¼±ººÀ½¹ä	2	»ï¼±ººÀ½¹ä	Q5	4	1.25	side	400	683.617	500	854.52
side_ººÀ½¹ä·ù_Á¢½Ã_»ï¼±ººÀ½¹ä_Q5_00059.JPG	train	train	»ï¼±ººÀ½¹ä	2	»ï¼±ººÀ½¹ä	Q5	4	1.25	side	400	683.617	500	854.52
side_ººÀ½¹ä·ù_Á¢½Ã_»ï¼±ººÀ½¹ä_Q5_00060.JPG	train	train	»ï¼±ººÀ½¹ä	2	»ï¼±ººÀ½¹ä	Q5	4	1.25	side	400	683.617	500	854.52
side_ººÀ½¹ä·ù_Á¢½Ã_»ï¼±ººÀ½¹ä_Q5_00061.JPG	train	train	»ï¼±ººÀ½¹ä	2	»ï¼±ººÀ½¹ä	Q5	4	1.25	side	400	683.617	500	854.52
top_ººÀ½¹ä·ù_Á¢½Ã_»ï¼±ººÀ½¹ä_Q5_00001.JPG	train	train	»ï¼±ººÀ½¹ä	2	»ï¼±ººÀ½¹ä	Q5	4	1.25	top	400	683.617	500	854.52
top_ººÀ½¹ä·ù_Á¢½Ã_»ï¼±ººÀ½¹ä_Q5_00002.JPG	train	train	»ï¼±ººÀ½¹ä	2	»ï¼±ººÀ½¹ä	Q5	4	1.25	top	400	683.617	500	854.52
top_ººÀ½¹ä·ù_Á¢½Ã_»ï¼±ººÀ½¹ä_Q5_00003.JPG	train	train	»ï¼±ººÀ½¹ä	2	»ï¼±ººÀ½¹ä	Q5	4	1.25	top	400	683.617	500	854.52
top_ººÀ½¹ä·ù_Á¢½Ã_»ï¼±ººÀ½¹ä_Q5_00004.JPG	train	train	»ï¼±ººÀ½¹ä	2	»ï¼±ººÀ½¹ä	Q5	4	1.25	top	400	683.617	500	854.52
top_ººÀ½¹ä·ù_Á¢½Ã_»ï¼±ººÀ½¹ä_Q5_00005.JPG	train	train	»ï¼±ººÀ½¹ä	2	»ï¼±ººÀ½¹ä	Q5	4	1.25	top	400	683.617	500	854.52
top_ººÀ½¹ä·ù_Á¢½Ã_»ï¼±ººÀ½¹ä_Q5_00007.JPG	train	train	»ï¼±ººÀ½¹ä	2	»ï¼±ººÀ½¹ä	Q5	4	1.25	top	400	683.617	500	854.52
top_ººÀ½¹ä·ù_Á¢½Ã_»ï¼±ººÀ½¹ä_Q5_00008.JPG	train	train	»ï¼±ººÀ½¹ä	2	»ï¼±ººÀ½¹ä	Q5	4	1.25	top	400	683.617	500	854.52
top_ººÀ½¹ä·ù_Á¢½Ã_»ï¼±ººÀ½¹ä_Q5_00010.JPG	train	train	»ï¼±ººÀ½¹ä	2	»ï¼±ººÀ½¹ä	Q5	4	1.25	top	400	683.617	500	854.52
top_ººÀ½¹ä·ù_Á¢½Ã_»ï¼±ººÀ½¹ä_Q5_00011.JPG	train	train	»ï¼±ººÀ½¹ä	2	»ï¼±ººÀ½¹ä	Q5	4	1.25	top	400	683.617	500	854.52
top_ººÀ½¹ä·ù_Á¢½Ã_»ï¼±ººÀ½¹ä_Q5_00012.JPG	train	train	»ï¼±ººÀ½¹ä	2	»ï¼±ººÀ½¹ä	Q5	4	1.25	top	400	683.617	500	854.52
top_ººÀ½¹ä·ù_Á¢½Ã_»ï¼±ººÀ½¹ä_Q5_00013.JPG	train	train	»ï¼±ººÀ½¹ä	2	»ï¼±ººÀ½¹ä	Q5	4	1.25	top	400	683.617	500	854.52
top_ººÀ½¹ä·ù_Á¢½Ã_»ï¼±ººÀ½¹ä_Q5_00014.JPG	train	train	»ï¼±ººÀ½¹ä	2	»ï¼±ººÀ½¹ä	Q5	4	1.25	top	400	683.617	500	854.52
top_ººÀ½¹ä·ù_Á¢½Ã_»ï¼±ººÀ½¹ä_Q5_00016.JPG	train	train	»ï¼±ººÀ½¹ä	2	»ï¼±ººÀ½¹ä	Q5	4	1.25	top	400	683.617	500	854.52
top_ººÀ½¹ä·ù_Á¢½Ã_»ï¼±ººÀ½¹ä_Q5_00017.JPG	train	train	»ï¼±ººÀ½¹ä	2	»ï¼±ººÀ½¹ä	Q5	4	1.25	top	400	683.617	500	854.52
top_ººÀ½¹ä·ù_Á¢½Ã_»ï¼±ººÀ½¹ä_Q5_00019.JPG	train	train	»ï¼±ººÀ½¹ä	2	»ï¼±ººÀ½¹ä	Q5	4	1.25	top	400	683.617	500	854.52
top_ººÀ½¹ä·ù_Á¢½Ã_»ï¼±ººÀ½¹ä_Q5_00021.JPG	train	train	»ï¼±ººÀ½¹ä	2	»ï¼±ººÀ½¹ä	Q5	4	1.25	top	400	683.617	500	854.52
top_ººÀ½¹ä·ù_Á¢½Ã_»ï¼±ººÀ½¹ä_Q5_00023.JPG	train	train	»ï¼±ººÀ½¹ä	2	»ï¼±ººÀ½¹ä	Q5	4	1.25	top	400	683.617	500	854.52
top_ººÀ½¹ä·ù_Á¢½Ã_»ï¼±ººÀ½¹ä_Q5_00026.JPG	train	train	»ï¼±ººÀ½¹ä	2	»ï¼±ººÀ½¹ä	Q5	4	1.25	top	400	683.617	500	854.52
top_ººÀ½¹ä·ù_Á¢½Ã_»ï¼±ººÀ½¹ä_Q5_00027.JPG	train	train	»ï¼±ººÀ½¹ä	2	»ï¼±ººÀ½¹ä	Q5	4	1.25	top	400	683.617	500	854.52
top_ººÀ½¹ä·ù_Á¢½Ã_»ï¼±ººÀ½¹ä_Q5_00028.JPG	train	train	»ï¼±ººÀ½¹ä	2	»ï¼±ººÀ½¹ä	Q5	4	1.25	top	400	683.617	500	854.52
top_ººÀ½¹ä·ù_Á¢½Ã_»ï¼±ººÀ½¹ä_Q5_00029.JPG	train	train	»ï¼±ººÀ½¹ä	2	»ï¼±ººÀ½¹ä	Q5	4	1.25	top	400	683.617	500	854.52
top_ººÀ½¹ä·ù_Á¢½Ã_»ï¼±ººÀ½¹ä_Q5_00030.JPG	train	train	»ï¼±ººÀ½¹ä	2	»ï¼±ººÀ½¹ä	Q5	4	1.25	top	400	683.617	500	854.52
top_ººÀ½¹ä·ù_Á¢½Ã_»ï¼±ººÀ½¹ä_Q5_00031.JPG	train	train	»ï¼±ººÀ½¹ä	2	»ï¼±ººÀ½¹ä	Q5	4	1.25	top	400	683.617	500	854.52
top_ººÀ½¹ä·ù_Á¢½Ã_»ï¼±ººÀ½¹ä_Q5_00032.JPG	train	train	»ï¼±ººÀ½¹ä	2	»ï¼±ººÀ½¹ä	Q5	4	1.25	top	400	683.617	500	854.52
top_ººÀ½¹ä·ù_Á¢½Ã_»ï¼±ººÀ½¹ä_Q5_00033.JPG	train	train	»ï¼±ººÀ½¹ä	2	»ï¼±ººÀ½¹ä	Q5	4	1.25	top	400	683.617	500	854.52
top_ººÀ½¹ä·ù_Á¢½Ã_»ï¼±ººÀ½¹ä_Q5_00034.JPG	train	train	»ï¼±ººÀ½¹ä	2	»ï¼±ººÀ½¹ä	Q5	4	1.25	top	400	683.617	500	854.52
top_ººÀ½¹ä·ù_Á¢½Ã_»ï¼±ººÀ½¹ä_Q5_00035.JPG	train	train	»ï¼±ººÀ½¹ä	2	»ï¼±ººÀ½¹ä	Q5	4	1.25	top	400	683.617	500	854.52
top_ººÀ½¹ä·ù_Á¢½Ã_»ï¼±ººÀ½¹ä_Q5_00036.JPG	train	train	»ï¼±ººÀ½¹ä	2	»ï¼±ººÀ½¹ä	Q5	4	1.25	top	400	683.617	500	854.52
top_ººÀ½¹ä·ù_Á¢½Ã_»ï¼±ººÀ½¹ä_Q5_00038.JPG	train	train	»ï¼±ººÀ½¹ä	2	»ï¼±ººÀ½¹ä	Q5	4	1.25	top	400	683.617	500	854.52
top_ººÀ½¹ä·ù_Á¢½Ã_»ï¼±ººÀ½¹ä_Q5_00039.JPG	train	train	»ï¼±ººÀ½¹ä	2	»ï¼±ººÀ½¹ä	Q5	4	1.25	top	400	683.617	500	854.52
top_ººÀ½¹ä·ù_Á¢½Ã_»ï¼±ººÀ½¹ä_Q5_00040.JPG	train	train	»ï¼±ººÀ½¹ä	2	»ï¼±ººÀ½¹ä	Q5	4	1.25	top	400	683.617	500	854.52
top_ººÀ½¹ä·ù_Á¢½Ã_»ï¼±ººÀ½¹ä_Q5_00041.JPG	train	train	»ï¼±ººÀ½¹ä	2	»ï¼±ººÀ½¹ä	Q5	4	1.25	top	400	683.617	500	854.52
top_ººÀ½¹ä·ù_Á¢½Ã_»ï¼±ººÀ½¹ä_Q5_00043.JPG	train	train	»ï¼±ººÀ½¹ä	2	»ï¼±ººÀ½¹ä	Q5	4	1.25	top	400	683.617	500	854.52
top_ººÀ½¹ä·ù_Á¢½Ã_»ï¼±ººÀ½¹ä_Q5_00045.JPG	train	train	»ï¼±ººÀ½¹ä	2	»ï¼±ººÀ½¹ä	Q5	4	1.25	top	400	683.617	500	854.52
top_ººÀ½¹ä·ù_Á¢½Ã_»ï¼±ººÀ½¹ä_Q5_00046.JPG	train	train	»ï¼±ººÀ½¹ä	2	»ï¼±ººÀ½¹ä	Q5	4	1.25	top	400	683.617	500	854.52
top_ººÀ½¹ä·ù_Á¢½Ã_»ï¼±ººÀ½¹ä_Q5_00047.JPG	train	train	»ï¼±ººÀ½¹ä	2	»ï¼±ººÀ½¹ä	Q5	4	1.25	top	400	683.617	500	854.52
top_ººÀ½¹ä·ù_Á¢½Ã_»ï¼±ººÀ½¹ä_Q5_00048.JPG	train	train	»ï¼±ººÀ½¹ä	2	»ï¼±ººÀ½¹ä	Q5	4	1.25	top	400	683.617	500	854.52
top_ººÀ½¹ä·ù_Á¢½Ã_»ï¼±ººÀ½¹ä_Q5_00049.JPG	train	train	»ï¼±ººÀ½¹ä	2	»ï¼±ººÀ½¹ä	Q5	4	1.25	top	400	683.617	500	854.52
top_ººÀ½¹ä·ù_Á¢½Ã_»ï¼±ººÀ½¹ä_Q5_00050.JPG	train	train	»ï¼±ººÀ½¹ä	2	»ï¼±ººÀ½¹ä	Q5	4	1.25	top	400	683.617	500	854.52
top_ººÀ½¹ä·ù_Á¢½Ã_»ï¼±ººÀ½¹ä_Q5_00051.JPG	train	train	»ï¼±ººÀ½¹ä	2	»ï¼±ººÀ½¹ä	Q5	4	1.25	top	400	683.617	500	854.52
side_ººÀ½¹ä·ù_»ç°¢¹è´Þ_»õ¿ìººÀ½¹ä_Q1_00001.JPG	train	train	»õ¿ìººÀ½¹ä	3	»õ¿ìººÀ½¹ä	Q1	0	0.25	side	400	634.52	100	158.63
side_ººÀ½¹ä·ù_»ç°¢¹è´Þ_»õ¿ìººÀ½¹ä_Q1_00002.JPG	train	train	»õ¿ìººÀ½¹ä	3	»õ¿ìººÀ½¹ä	Q1	0	0.25	side	400	634.52	100	158.63
side_ººÀ½¹ä·ù_»ç°¢¹è´Þ_»õ¿ìººÀ½¹ä_Q1_00003.JPG	train	train	»õ¿ìººÀ½¹ä	3	»õ¿ìººÀ½¹ä	Q1	0	0.25	side	400	634.52	100	158.63
side_ººÀ½¹ä·ù_»ç°¢¹è´Þ_»õ¿ìººÀ½¹ä_Q1_00004.JPG	train	train	»õ¿ìººÀ½¹ä	3	»õ¿ìººÀ½¹ä	Q1	0	0.25	side	400	634.52	100	158.63
side_ººÀ½¹ä·ù_»ç°¢¹è´Þ_»õ¿ìººÀ½¹ä_Q1_00005.JPG	train	train	»õ¿ìººÀ½¹ä	3	»õ¿ìººÀ½¹ä	Q1	0	0.25	side	400	634.52	100	158.63
side_ººÀ½¹ä·ù_»ç°¢¹è´Þ_»õ¿ìººÀ½¹ä_Q1_00006.JPG	train	train	»õ¿ìººÀ½¹ä	3	»õ¿ìººÀ½¹ä	Q1	0	0.25	side	400	634.52	100	158.63
side_ººÀ½¹ä·ù_»ç°¢¹è´Þ_»õ¿ìººÀ½¹ä_Q1_00007.JPG	train	train	»õ¿ìººÀ½¹ä	3	»õ¿ìººÀ½¹ä	Q1	0	0.25	side	400	634.52	100	158.63
side_ººÀ½¹ä·ù_»ç°¢¹è´Þ_»õ¿ìººÀ½¹ä_Q1_00008.JPG	train	train	»õ¿ìººÀ½¹ä	3	»õ¿ìººÀ½¹ä	Q1	0	0.25	side	400	634.52	100	158.63
side_ººÀ½¹ä·ù_»ç°¢¹è´Þ_»õ¿ìººÀ½¹ä_Q1_00009.JPG	train	train	»õ¿ìººÀ½¹ä	3	»õ¿ìººÀ½¹ä	Q1	0	0.25	side	400	634.52	100	158.63
side_ººÀ½¹ä·ù_»ç°¢¹è´Þ_»õ¿ìººÀ½¹ä_Q1_00010.JPG	train	train	»õ¿ìººÀ½¹ä	3	»õ¿ìººÀ½¹ä	Q1	0	0.25	side	400	634.52	100	158.63
side_ººÀ½¹ä·ù_»ç°¢¹è´Þ_»õ¿ìººÀ½¹ä_Q1_00011.JPG	train	train	»õ¿ìººÀ½¹ä	3	»õ¿ìººÀ½¹ä	Q1	0	0.25	side	400	634.52	100	158.63
side_ººÀ½¹ä·ù_»ç°¢¹è´Þ_»õ¿ìººÀ½¹ä_Q1_00012.JPG	train	train	»õ¿ìººÀ½¹ä	3	»õ¿ìººÀ½¹ä	Q1	0	0.25	side	400	634.52	100	158.63
side_ººÀ½¹ä·ù_»ç°¢¹è´Þ_»õ¿ìººÀ½¹ä_Q1_00013.JPG	train	train	»õ¿ìººÀ½¹ä	3	»õ¿ìººÀ½¹ä	Q1	0	0.25	side	400	634.52	100	158.63
side_ººÀ½¹ä·ù_»ç°¢¹è´Þ_»õ¿ìººÀ½¹ä_Q1_00014.JPG	train	train	»õ¿ìººÀ½¹ä	3	»õ¿ìººÀ½¹ä	Q1	0	0.25	side	400	634.52	100	158.63
side_ººÀ½¹ä·ù_»ç°¢¹è´Þ_»õ¿ìººÀ½¹ä_Q1_00015.JPG	train	train	»õ¿ìººÀ½¹ä	3	»õ¿ìººÀ½¹ä	Q1	0	0.25	side	400	634.52	100	158.63
side_ººÀ½¹ä·ù_»ç°¢¹è´Þ_»õ¿ìººÀ½¹ä_Q1_00016.JPG	train	train	»õ¿ìººÀ½¹ä	3	»õ¿ìººÀ½¹ä	Q1	0	0.25	side	400	634.52	100	158.63
side_ººÀ½¹ä·ù_»ç°¢¹è´Þ_»õ¿ìººÀ½¹ä_Q1_00017.JPG	train	train	»õ¿ìººÀ½¹ä	3	»õ¿ìººÀ½¹ä	Q1	0	0.25	side	400	634.52	100	158.63
side_ººÀ½¹ä·ù_»ç°¢¹è´Þ_»õ¿ìººÀ½¹ä_Q1_00018.JPG	train	train	»õ¿ìººÀ½¹ä	3	»õ¿ìººÀ½¹ä	Q1	0	0.25	side	400	634.52	100	158.63
side_ººÀ½¹ä·ù_»ç°¢¹è´Þ_»õ¿ìººÀ½¹ä_Q1_00019.JPG	train	train	»õ¿ìººÀ½¹ä	3	»õ¿ìººÀ½¹ä	Q1	0	0.25	side	400	634.52	100	158.63
side_ººÀ½¹ä·ù_»ç°¢¹è´Þ_»õ¿ìººÀ½¹ä_Q1_00020.JPG	train	train	»õ¿ìººÀ½¹ä	3	»õ¿ìººÀ½¹ä	Q1	0	0.25	side	400	634.52	100	158.63
side_ººÀ½¹ä·ù_»ç°¢¹è´Þ_»õ¿ìººÀ½¹ä_Q1_00021.JPG	train	train	»õ¿ìººÀ½¹ä	3	»õ¿ìººÀ½¹ä	Q1	0	0.25	side	400	634.52	100	158.63
side_ººÀ½¹ä·ù_»ç°¢¹è´Þ_»õ¿ìººÀ½¹ä_Q1_00022.JPG	train	train	»õ¿ìººÀ½¹ä	3	»õ¿ìººÀ½¹ä	Q1	0	0.25	side	400	634.52	100	158.63
side_ººÀ½¹ä·ù_»ç°¢¹è´Þ_»õ¿ìººÀ½¹ä_Q1_00023.JPG	train	train	»õ¿ìººÀ½¹ä	3	»õ¿ìººÀ½¹ä	Q1	0	0.25	side	400	634.52	100	158.63
side_ººÀ½¹ä·ù_»ç°¢¹è´Þ_»õ¿ìººÀ½¹ä_Q1_00024.JPG	train	train	»õ¿ìººÀ½¹ä	3	»õ¿ìººÀ½¹ä	Q1	0	0.25	side	400	634.52	100	158.63
side_ººÀ½¹ä·ù_»ç°¢¹è´Þ_»õ¿ìººÀ½¹ä_Q1_00025.JPG	train	train	»õ¿ìººÀ½¹ä	3	»õ¿ìººÀ½¹ä	Q1	0	0.25	side	400	634.52	100	158.63
side_ººÀ½¹ä·ù_»ç°¢¹è´Þ_»õ¿ìººÀ½¹ä_Q1_00027.JPG	train	train	»õ¿ìººÀ½¹ä	3	»õ¿ìººÀ½¹ä	Q1	0	0.25	side	400	634.52	100	158.63
side_ººÀ½¹ä·ù_»ç°¢¹è´Þ_»õ¿ìººÀ½¹ä_Q1_00030.JPG	train	train	»õ¿ìººÀ½¹ä	3	»õ¿ìººÀ½¹ä	Q1	0	0.25	side	400	634.52	100	158.63
side_ººÀ½¹ä·ù_»ç°¢¹è´Þ_»õ¿ìººÀ½¹ä_Q1_00031.JPG	train	train	»õ¿ìººÀ½¹ä	3	»õ¿ìººÀ½¹ä	Q1	0	0.25	side	400	634.52	100	158.63
side_ººÀ½¹ä·ù_»ç°¢¹è´Þ_»õ¿ìººÀ½¹ä_Q1_00032.JPG	train	train	»õ¿ìººÀ½¹ä	3	»õ¿ìººÀ½¹ä	Q1	0	0.25	side	400	634.52	100	158.63
side_ººÀ½¹ä·ù_»ç°¢¹è´Þ_»õ¿ìººÀ½¹ä_Q1_00033.JPG	train	train	»õ¿ìººÀ½¹ä	3	»õ¿ìººÀ½¹ä	Q1	0	0.25	side	400	634.52	100	158.63
side_ººÀ½¹ä·ù_»ç°¢¹è´Þ_»õ¿ìººÀ½¹ä_Q1_00034.JPG	train	train	»õ¿ìººÀ½¹ä	3	»õ¿ìººÀ½¹ä	Q1	0	0.25	side	400	634.52	100	158.63
side_ººÀ½¹ä·ù_»ç°¢¹è´Þ_»õ¿ìººÀ½¹ä_Q1_00035.JPG	train	train	»õ¿ìººÀ½¹ä	3	»õ¿ìººÀ½¹ä	Q1	0	0.25	side	400	634.52	100	158.63
side_ººÀ½¹ä·ù_»ç°¢¹è´Þ_»õ¿ìººÀ½¹ä_Q1_00037.JPG	train	train	»õ¿ìººÀ½¹ä	3	»õ¿ìººÀ½¹ä	Q1	0	0.25	side	400	634.52	100	158.63
side_ººÀ½¹ä·ù_»ç°¢¹è´Þ_»õ¿ìººÀ½¹ä_Q1_00039.JPG	train	train	»õ¿ìººÀ½¹ä	3	»õ¿ìººÀ½¹ä	Q1	0	0.25	side	400	634.52	100	158.63
side_ººÀ½¹ä·ù_»ç°¢¹è´Þ_»õ¿ìººÀ½¹ä_Q1_00040.JPG	train	train	»õ¿ìººÀ½¹ä	3	»õ¿ìººÀ½¹ä	Q1	0	0.25	side	400	634.52	100	158.63
side_ººÀ½¹ä·ù_»ç°¢¹è´Þ_»õ¿ìººÀ½¹ä_Q1_00041.JPG	train	train	»õ¿ìººÀ½¹ä	3	»õ¿ìººÀ½¹ä	Q1	0	0.25	side	400	634.52	100	158.63
side_ººÀ½¹ä·ù_»ç°¢¹è´Þ_»õ¿ìººÀ½¹ä_Q1_00042.JPG	train	train	»õ¿ìººÀ½¹ä	3	»õ¿ìººÀ½¹ä	Q1	0	0.25	side	400	634.52	100	158.63
side_ººÀ½¹ä·ù_»ç°¢¹è´Þ_»õ¿ìººÀ½¹ä_Q1_00043.JPG	train	train	»õ¿ìººÀ½¹ä	3	»õ¿ìººÀ½¹ä	Q1	0	0.25	side	400	634.52	100	158.63
side_ººÀ½¹ä·ù_»ç°¢¹è´Þ_»õ¿ìººÀ½¹ä_Q1_00044.JPG	train	train	»õ¿ìººÀ½¹ä	3	»õ¿ìººÀ½¹ä	Q1	0	0.25	side	400	634.52	100	158.63
side_ººÀ½¹ä·ù_»ç°¢¹è´Þ_»õ¿ìººÀ½¹ä_Q1_00045.JPG	train	train	»õ¿ìººÀ½¹ä	3	»õ¿ìººÀ½¹ä	Q1	0	0.25	side	400	634.52	100	158.63
side_ººÀ½¹ä·ù_»ç°¢¹è´Þ_»õ¿ìººÀ½¹ä_Q1_00047.JPG	train	train	»õ¿ìººÀ½¹ä	3	»õ¿ìººÀ½¹ä	Q1	0	0.25	side	400	634.52	100	158.63
side_ººÀ½¹ä·ù_»ç°¢¹è´Þ_»õ¿ìººÀ½¹ä_Q1_00048.JPG	train	train	»õ¿ìººÀ½¹ä	3	»õ¿ìººÀ½¹ä	Q1	0	0.25	side	400	634.52	100	158.63
side_ººÀ½¹ä·ù_»ç°¢¹è´Þ_»õ¿ìººÀ½¹ä_Q1_00049.JPG	train	train	»õ¿ìººÀ½¹ä	3	»õ¿ìººÀ½¹ä	Q1	0	0.25	side	400	634.52	100	158.63
side_ººÀ½¹ä·ù_»ç°¢¹è´Þ_»õ¿ìººÀ½¹ä_Q1_00050.JPG	train	train	»õ¿ìººÀ½¹ä	3	»õ¿ìººÀ½¹ä	Q1	0	0.25	side	400	634.52	100	158.63
side_ººÀ½¹ä·ù_»ç°¢¹è´Þ_»õ¿ìººÀ½¹ä_Q1_00051.JPG	train	train	»õ¿ìººÀ½¹ä	3	»õ¿ìººÀ½¹ä	Q1	0	0.25	side	400	634.52	100	158.63
side_ººÀ½¹ä·ù_»ç°¢¹è´Þ_»õ¿ìººÀ½¹ä_Q1_00052.JPG	train	train	»õ¿ìººÀ½¹ä	3	»õ¿ìººÀ½¹ä	Q1	0	0.25	side	400	634.52	100	158.63
side_ººÀ½¹ä·ù_»ç°¢¹è´Þ_»õ¿ìººÀ½¹ä_Q1_00053.JPG	train	train	»õ¿ìººÀ½¹ä	3	»õ¿ìººÀ½¹ä	Q1	0	0.25	side	400	634.52	100	158.63
side_ººÀ½¹ä·ù_»ç°¢¹è´Þ_»õ¿ìººÀ½¹ä_Q1_00054.JPG	train	train	»õ¿ìººÀ½¹ä	3	»õ¿ìººÀ½¹ä	Q1	0	0.25	side	400	634.52	100	158.63
top_ººÀ½¹ä·ù_»ç°¢¹è´Þ_»õ¿ìººÀ½¹ä_Q1_00001.JPG	train	train	»õ¿ìººÀ½¹ä	3	»õ¿ìººÀ½¹ä	Q1	0	0.25	top	400	634.52	100	158.63
top_ººÀ½¹ä·ù_»ç°¢¹è´Þ_»õ¿ìººÀ½¹ä_Q1_00002.JPG	train	train	»õ¿ìººÀ½¹ä	3	»õ¿ìººÀ½¹ä	Q1	0	0.25	top	400	634.52	100	158.63
top_ººÀ½¹ä·ù_»ç°¢¹è´Þ_»õ¿ìººÀ½¹ä_Q1_00004.JPG	train	train	»õ¿ìººÀ½¹ä	3	»õ¿ìººÀ½¹ä	Q1	0	0.25	top	400	634.52	100	158.63
top_ººÀ½¹ä·ù_»ç°¢¹è´Þ_»õ¿ìººÀ½¹ä_Q1_00005.JPG	train	train	»õ¿ìººÀ½¹ä	3	»õ¿ìººÀ½¹ä	Q1	0	0.25	top	400	634.52	100	158.63
top_ººÀ½¹ä·ù_»ç°¢¹è´Þ_»õ¿ìººÀ½¹ä_Q1_00006.JPG	train	train	»õ¿ìººÀ½¹ä	3	»õ¿ìººÀ½¹ä	Q1	0	0.25	top	400	634.52	100	158.63
top_ººÀ½¹ä·ù_»ç°¢¹è´Þ_»õ¿ìººÀ½¹ä_Q1_00007.JPG	train	train	»õ¿ìººÀ½¹ä	3	»õ¿ìººÀ½¹ä	Q1	0	0.25	top	400	634.52	100	158.63
top_ººÀ½¹ä·ù_»ç°¢¹è´Þ_»õ¿ìººÀ½¹ä_Q1_00008.JPG	train	train	»õ¿ìººÀ½¹ä	3	»õ¿ìººÀ½¹ä	Q1	0	0.25	top	400	634.52	100	158.63
top_ººÀ½¹ä·ù_»ç°¢¹è´Þ_»õ¿ìººÀ½¹ä_Q1_00009.JPG	train	train	»õ¿ìººÀ½¹ä	3	»õ¿ìººÀ½¹ä	Q1	0	0.25	top	400	634.52	100	158.63
top_ººÀ½¹ä·ù_»ç°¢¹è´Þ_»õ¿ìººÀ½¹ä_Q1_00010.JPG	train	train	»õ¿ìººÀ½¹ä	3	»õ¿ìººÀ½¹ä	Q1	0	0.25	top	400	634.52	100	158.63
top_ººÀ½¹ä·ù_»ç°¢¹è´Þ_»õ¿ìººÀ½¹ä_Q1_00011.JPG	train	train	»õ¿ìººÀ½¹ä	3	»õ¿ìººÀ½¹ä	Q1	0	0.25	top	400	634.52	100	158.63
top_ººÀ½¹ä·ù_»ç°¢¹è´Þ_»õ¿ìººÀ½¹ä_Q1_00012.JPG	train	train	»õ¿ìººÀ½¹ä	3	»õ¿ìººÀ½¹ä	Q1	0	0.25	top	400	634.52	100	158.63
top_ººÀ½¹ä·ù_»ç°¢¹è´Þ_»õ¿ìººÀ½¹ä_Q1_00013.JPG	train	train	»õ¿ìººÀ½¹ä	3	»õ¿ìººÀ½¹ä	Q1	0	0.25	top	400	634.52	100	158.63
top_ººÀ½¹ä·ù_»ç°¢¹è´Þ_»õ¿ìººÀ½¹ä_Q1_00014.JPG	train	train	»õ¿ìººÀ½¹ä	3	»õ¿ìººÀ½¹ä	Q1	0	0.25	top	400	634.52	100	158.63
top_ººÀ½¹ä·ù_»ç°¢¹è´Þ_»õ¿ìººÀ½¹ä_Q1_00016.JPG	train	train	»õ¿ìººÀ½¹ä	3	»õ¿ìººÀ½¹ä	Q1	0	0.25	top	400	634.52	100	158.63
top_ººÀ½¹ä·ù_»ç°¢¹è´Þ_»õ¿ìººÀ½¹ä_Q1_00017.JPG	train	train	»õ¿ìººÀ½¹ä	3	»õ¿ìººÀ½¹ä	Q1	0	0.25	top	400	634.52	100	158.63
top_ººÀ½¹ä·ù_»ç°¢¹è´Þ_»õ¿ìººÀ½¹ä_Q1_00019.JPG	train	train	»õ¿ìººÀ½¹ä	3	»õ¿ìººÀ½¹ä	Q1	0	0.25	top	400	634.52	100	158.63
top_ººÀ½¹ä·ù_»ç°¢¹è´Þ_»õ¿ìººÀ½¹ä_Q1_00020.JPG	train	train	»õ¿ìººÀ½¹ä	3	»õ¿ìººÀ½¹ä	Q1	0	0.25	top	400	634.52	100	158.63
top_ººÀ½¹ä·ù_»ç°¢¹è´Þ_»õ¿ìººÀ½¹ä_Q1_00022.JPG	train	train	»õ¿ìººÀ½¹ä	3	»õ¿ìººÀ½¹ä	Q1	0	0.25	top	400	634.52	100	158.63
top_ººÀ½¹ä·ù_»ç°¢¹è´Þ_»õ¿ìººÀ½¹ä_Q1_00023.JPG	train	train	»õ¿ìººÀ½¹ä	3	»õ¿ìººÀ½¹ä	Q1	0	0.25	top	400	634.52	100	158.63
top_ººÀ½¹ä·ù_»ç°¢¹è´Þ_»õ¿ìººÀ½¹ä_Q1_00024.JPG	train	train	»õ¿ìººÀ½¹ä	3	»õ¿ìººÀ½¹ä	Q1	0	0.25	top	400	634.52	100	158.63
top_ººÀ½¹ä·ù_»ç°¢¹è´Þ_»õ¿ìººÀ½¹ä_Q1_00027.JPG	train	train	»õ¿ìººÀ½¹ä	3	»õ¿ìººÀ½¹ä	Q1	0	0.25	top	400	634.52	100	158.63
top_ººÀ½¹ä·ù_»ç°¢¹è´Þ_»õ¿ìººÀ½¹ä_Q1_00029.JPG	train	train	»õ¿ìººÀ½¹ä	3	»õ¿ìººÀ½¹ä	Q1	0	0.25	top	400	634.52	100	158.63
top_ººÀ½¹ä·ù_»ç°¢¹è´Þ_»õ¿ìººÀ½¹ä_Q1_00030.JPG	train	train	»õ¿ìººÀ½¹ä	3	»õ¿ìººÀ½¹ä	Q1	0	0.25	top	400	634.52	100	158.63
top_ººÀ½¹ä·ù_»ç°¢¹è´Þ_»õ¿ìººÀ½¹ä_Q1_00031.JPG	train	train	»õ¿ìººÀ½¹ä	3	»õ¿ìººÀ½¹ä	Q1	0	0.25	top	400	634.52	100	158.63
top_ººÀ½¹ä·ù_»ç°¢¹è´Þ_»õ¿ìººÀ½¹ä_Q1_00033.JPG	train	train	»õ¿ìººÀ½¹ä	3	»õ¿ìººÀ½¹ä	Q1	0	0.25	top	400	634.52	100	158.63
top_ººÀ½¹ä·ù_»ç°¢¹è´Þ_»õ¿ìººÀ½¹ä_Q1_00034.JPG	train	train	»õ¿ìººÀ½¹ä	3	»õ¿ìººÀ½¹ä	Q1	0	0.25	top	400	634.52	100	158.63
top_ººÀ½¹ä·ù_»ç°¢¹è´Þ_»õ¿ìººÀ½¹ä_Q1_00036.JPG	train	train	»õ¿ìººÀ½¹ä	3	»õ¿ìººÀ½¹ä	Q1	0	0.25	top	400	634.52	100	158.63
top_ººÀ½¹ä·ù_»ç°¢¹è´Þ_»õ¿ìººÀ½¹ä_Q1_00039.JPG	train	train	»õ¿ìººÀ½¹ä	3	»õ¿ìººÀ½¹ä	Q1	0	0.25	top	400	634.52	100	158.63
top_ººÀ½¹ä·ù_»ç°¢¹è´Þ_»õ¿ìººÀ½¹ä_Q1_00040.JPG	train	train	»õ¿ìººÀ½¹ä	3	»õ¿ìººÀ½¹ä	Q1	0	0.25	top	400	634.52	100	158.63
top_ººÀ½¹ä·ù_»ç°¢¹è´Þ_»õ¿ìººÀ½¹ä_Q1_00041.JPG	train	train	»õ¿ìººÀ½¹ä	3	»õ¿ìººÀ½¹ä	Q1	0	0.25	top	400	634.52	100	158.63
top_ººÀ½¹ä·ù_»ç°¢¹è´Þ_»õ¿ìººÀ½¹ä_Q1_00042.JPG	train	train	»õ¿ìººÀ½¹ä	3	»õ¿ìººÀ½¹ä	Q1	0	0.25	top	400	634.52	100	158.63
top_ººÀ½¹ä·ù_»ç°¢¹è´Þ_»õ¿ìººÀ½¹ä_Q1_00043.JPG	train	train	»õ¿ìººÀ½¹ä	3	»õ¿ìººÀ½¹ä	Q1	0	0.25	top	400	634.52	100	158.63
top_ººÀ½¹ä·ù_»ç°¢¹è´Þ_»õ¿ìººÀ½¹ä_Q1_00045.JPG	train	train	»õ¿ìººÀ½¹ä	3	»õ¿ìººÀ½¹ä	Q1	0	0.25	top	400	634.52	100	158.63
top_ººÀ½¹ä·ù_»ç°¢¹è´Þ_»õ¿ìººÀ½¹ä_Q1_00046.JPG	train	train	»õ¿ìººÀ½¹ä	3	»õ¿ìººÀ½¹ä	Q1	0	0.25	top	400	634.52	100	158.63
top_ººÀ½¹ä·ù_»ç°¢¹è´Þ_»õ¿ìººÀ½¹ä_Q1_00048.JPG	train	train	»õ¿ìººÀ½¹ä	3	»õ¿ìººÀ½¹ä	Q1	0	0.25	top	400	634.52	100	158.63
top_ººÀ½¹ä·ù_»ç°¢¹è´Þ_»õ¿ìººÀ½¹ä_Q1_00049.JPG	train	train	»õ¿ìººÀ½¹ä	3	»õ¿ìººÀ½¹ä	Q1	0	0.25	top	400	634.52	100	158.63
top_ººÀ½¹ä·ù_»ç°¢¹è´Þ_»õ¿ìººÀ½¹ä_Q1_00050.JPG	train	train	»õ¿ìººÀ½¹ä	3	»õ¿ìººÀ½¹ä	Q1	0	0.25	top	400	634.52	100	158.63
top_ººÀ½¹ä·ù_»ç°¢¹è´Þ_»õ¿ìººÀ½¹ä_Q1_00052.JPG	train	train	»õ¿ìººÀ½¹ä	3	»õ¿ìººÀ½¹ä	Q1	0	0.25	top	400	634.52	100	158.63
top_ººÀ½¹ä·ù_»ç°¢¹è´Þ_»õ¿ìººÀ½¹ä_Q1_00053.JPG	train	train	»õ¿ìººÀ½¹ä	3	»õ¿ìººÀ½¹ä	Q1	0	0.25	top	400	634.52	100	158.63
top_ººÀ½¹ä·ù_»ç°¢¹è´Þ_»õ¿ìººÀ½¹ä_Q1_00055.JPG	train	train	»õ¿ìººÀ½¹ä	3	»õ¿ìººÀ½¹ä	Q1	0	0.25	top	400	634.52	100	158.63
side_ººÀ½¹ä·ù_»ç°¢¹è´Þ_»õ¿ìººÀ½¹ä_Q2_00001.JPG	train	train	»õ¿ìººÀ½¹ä	3	»õ¿ìººÀ½¹ä	Q2	1	0.5	side	400	634.52	200	317.26
side_ººÀ½¹ä·ù_»ç°¢¹è´Þ_»õ¿ìººÀ½¹ä_Q2_00002.JPG	train	train	»õ¿ìººÀ½¹ä	3	»õ¿ìººÀ½¹ä	Q2	1	0.5	side	400	634.52	200	317.26
side_ººÀ½¹ä·ù_»ç°¢¹è´Þ_»õ¿ìººÀ½¹ä_Q2_00004.JPG	train	train	»õ¿ìººÀ½¹ä	3	»õ¿ìººÀ½¹ä	Q2	1	0.5	side	400	634.52	200	317.26
side_ººÀ½¹ä·ù_»ç°¢¹è´Þ_»õ¿ìººÀ½¹ä_Q2_00009.JPG	train	train	»õ¿ìººÀ½¹ä	3	»õ¿ìººÀ½¹ä	Q2	1	0.5	side	400	634.52	200	317.26
side_ººÀ½¹ä·ù_»ç°¢¹è´Þ_»õ¿ìººÀ½¹ä_Q2_00010.JPG	train	train	»õ¿ìººÀ½¹ä	3	»õ¿ìººÀ½¹ä	Q2	1	0.5	side	400	634.52	200	317.26
side_ººÀ½¹ä·ù_»ç°¢¹è´Þ_»õ¿ìººÀ½¹ä_Q2_00011.JPG	train	train	»õ¿ìººÀ½¹ä	3	»õ¿ìººÀ½¹ä	Q2	1	0.5	side	400	634.52	200	317.26
side_ººÀ½¹ä·ù_»ç°¢¹è´Þ_»õ¿ìººÀ½¹ä_Q2_00013.JPG	train	train	»õ¿ìººÀ½¹ä	3	»õ¿ìººÀ½¹ä	Q2	1	0.5	side	400	634.52	200	317.26
side_ººÀ½¹ä·ù_»ç°¢¹è´Þ_»õ¿ìººÀ½¹ä_Q2_00014.JPG	train	train	»õ¿ìººÀ½¹ä	3	»õ¿ìººÀ½¹ä	Q2	1	0.5	side	400	634.52	200	317.26
side_ººÀ½¹ä·ù_»ç°¢¹è´Þ_»õ¿ìººÀ½¹ä_Q2_00015.JPG	train	train	»õ¿ìººÀ½¹ä	3	»õ¿ìººÀ½¹ä	Q2	1	0.5	side	400	634.52	200	317.26
side_ººÀ½¹ä·ù_»ç°¢¹è´Þ_»õ¿ìººÀ½¹ä_Q2_00016.JPG	train	train	»õ¿ìººÀ½¹ä	3	»õ¿ìººÀ½¹ä	Q2	1	0.5	side	400	634.52	200	317.26
side_ººÀ½¹ä·ù_»ç°¢¹è´Þ_»õ¿ìººÀ½¹ä_Q2_00017.JPG	train	train	»õ¿ìººÀ½¹ä	3	»õ¿ìººÀ½¹ä	Q2	1	0.5	side	400	634.52	200	317.26
side_ººÀ½¹ä·ù_»ç°¢¹è´Þ_»õ¿ìººÀ½¹ä_Q2_00018.JPG	train	train	»õ¿ìººÀ½¹ä	3	»õ¿ìººÀ½¹ä	Q2	1	0.5	side	400	634.52	200	317.26
side_ººÀ½¹ä·ù_»ç°¢¹è´Þ_»õ¿ìººÀ½¹ä_Q2_00019.JPG	train	train	»õ¿ìººÀ½¹ä	3	»õ¿ìººÀ½¹ä	Q2	1	0.5	side	400	634.52	200	317.26
side_ººÀ½¹ä·ù_»ç°¢¹è´Þ_»õ¿ìººÀ½¹ä_Q2_00020.JPG	train	train	»õ¿ìººÀ½¹ä	3	»õ¿ìººÀ½¹ä	Q2	1	0.5	side	400	634.52	200	317.26
side_ººÀ½¹ä·ù_»ç°¢¹è´Þ_»õ¿ìººÀ½¹ä_Q2_00021.JPG	train	train	»õ¿ìººÀ½¹ä	3	»õ¿ìººÀ½¹ä	Q2	1	0.5	side	400	634.52	200	317.26
side_ººÀ½¹ä·ù_»ç°¢¹è´Þ_»õ¿ìººÀ½¹ä_Q2_00022.JPG	train	train	»õ¿ìººÀ½¹ä	3	»õ¿ìººÀ½¹ä	Q2	1	0.5	side	400	634.52	200	317.26
side_ººÀ½¹ä·ù_»ç°¢¹è´Þ_»õ¿ìººÀ½¹ä_Q2_00023.JPG	train	train	»õ¿ìººÀ½¹ä	3	»õ¿ìººÀ½¹ä	Q2	1	0.5	side	400	634.52	200	317.26
side_ººÀ½¹ä·ù_»ç°¢¹è´Þ_»õ¿ìººÀ½¹ä_Q2_00024.JPG	train	train	»õ¿ìººÀ½¹ä	3	»õ¿ìººÀ½¹ä	Q2	1	0.5	side	400	634.52	200	317.26
side_ººÀ½¹ä·ù_»ç°¢¹è´Þ_»õ¿ìººÀ½¹ä_Q2_00025.JPG	train	train	»õ¿ìººÀ½¹ä	3	»õ¿ìººÀ½¹ä	Q2	1	0.5	side	400	634.52	200	317.26
side_ººÀ½¹ä·ù_»ç°¢¹è´Þ_»õ¿ìººÀ½¹ä_Q2_00027.JPG	train	train	»õ¿ìººÀ½¹ä	3	»õ¿ìººÀ½¹ä	Q2	1	0.5	side	400	634.52	200	317.26
side_ººÀ½¹ä·ù_»ç°¢¹è´Þ_»õ¿ìººÀ½¹ä_Q2_00028.JPG	train	train	»õ¿ìººÀ½¹ä	3	»õ¿ìººÀ½¹ä	Q2	1	0.5	side	400	634.52	200	317.26
side_ººÀ½¹ä·ù_»ç°¢¹è´Þ_»õ¿ìººÀ½¹ä_Q2_00029.JPG	train	train	»õ¿ìººÀ½¹ä	3	»õ¿ìººÀ½¹ä	Q2	1	0.5	side	400	634.52	200	317.26
side_ººÀ½¹ä·ù_»ç°¢¹è´Þ_»õ¿ìººÀ½¹ä_Q2_00030.JPG	train	train	»õ¿ìººÀ½¹ä	3	»õ¿ìººÀ½¹ä	Q2	1	0.5	side	400	634.52	200	317.26
side_ººÀ½¹ä·ù_»ç°¢¹è´Þ_»õ¿ìººÀ½¹ä_Q2_00031.JPG	train	train	»õ¿ìººÀ½¹ä	3	»õ¿ìººÀ½¹ä	Q2	1	0.5	side	400	634.52	200	317.26
side_ººÀ½¹ä·ù_»ç°¢¹è´Þ_»õ¿ìººÀ½¹ä_Q2_00032.JPG	train	train	»õ¿ìººÀ½¹ä	3	»õ¿ìººÀ½¹ä	Q2	1	0.5	side	400	634.52	200	317.26
side_ººÀ½¹ä·ù_»ç°¢¹è´Þ_»õ¿ìººÀ½¹ä_Q2_00033.JPG	train	train	»õ¿ìººÀ½¹ä	3	»õ¿ìººÀ½¹ä	Q2	1	0.5	side	400	634.52	200	317.26
side_ººÀ½¹ä·ù_»ç°¢¹è´Þ_»õ¿ìººÀ½¹ä_Q2_00034.JPG	train	train	»õ¿ìººÀ½¹ä	3	»õ¿ìººÀ½¹ä	Q2	1	0.5	side	400	634.52	200	317.26
side_ººÀ½¹ä·ù_»ç°¢¹è´Þ_»õ¿ìººÀ½¹ä_Q2_00035.JPG	train	train	»õ¿ìººÀ½¹ä	3	»õ¿ìººÀ½¹ä	Q2	1	0.5	side	400	634.52	200	317.26
side_ººÀ½¹ä·ù_»ç°¢¹è´Þ_»õ¿ìººÀ½¹ä_Q2_00036.JPG	train	train	»õ¿ìººÀ½¹ä	3	»õ¿ìººÀ½¹ä	Q2	1	0.5	side	400	634.52	200	317.26
side_ººÀ½¹ä·ù_»ç°¢¹è´Þ_»õ¿ìººÀ½¹ä_Q2_00037.JPG	train	train	»õ¿ìººÀ½¹ä	3	»õ¿ìººÀ½¹ä	Q2	1	0.5	side	400	634.52	200	317.26
side_ººÀ½¹ä·ù_»ç°¢¹è´Þ_»õ¿ìººÀ½¹ä_Q2_00038.JPG	train	train	»õ¿ìººÀ½¹ä	3	»õ¿ìººÀ½¹ä	Q2	1	0.5	side	400	634.52	200	317.26
side_ººÀ½¹ä·ù_»ç°¢¹è´Þ_»õ¿ìººÀ½¹ä_Q2_00039.JPG	train	train	»õ¿ìººÀ½¹ä	3	»õ¿ìººÀ½¹ä	Q2	1	0.5	side	400	634.52	200	317.26
side_ººÀ½¹ä·ù_»ç°¢¹è´Þ_»õ¿ìººÀ½¹ä_Q2_00040.JPG	train	train	»õ¿ìººÀ½¹ä	3	»õ¿ìººÀ½¹ä	Q2	1	0.5	side	400	634.52	200	317.26
side_ººÀ½¹ä·ù_»ç°¢¹è´Þ_»õ¿ìººÀ½¹ä_Q2_00042.JPG	train	train	»õ¿ìººÀ½¹ä	3	»õ¿ìººÀ½¹ä	Q2	1	0.5	side	400	634.52	200	317.26
side_ººÀ½¹ä·ù_»ç°¢¹è´Þ_»õ¿ìººÀ½¹ä_Q2_00043.JPG	train	train	»õ¿ìººÀ½¹ä	3	»õ¿ìººÀ½¹ä	Q2	1	0.5	side	400	634.52	200	317.26
side_ººÀ½¹ä·ù_»ç°¢¹è´Þ_»õ¿ìººÀ½¹ä_Q2_00044.JPG	train	train	»õ¿ìººÀ½¹ä	3	»õ¿ìººÀ½¹ä	Q2	1	0.5	side	400	634.52	200	317.26
side_ººÀ½¹ä·ù_»ç°¢¹è´Þ_»õ¿ìººÀ½¹ä_Q2_00045.JPG	train	train	»õ¿ìººÀ½¹ä	3	»õ¿ìººÀ½¹ä	Q2	1	0.5	side	400	634.52	200	317.26
side_ººÀ½¹ä·ù_»ç°¢¹è´Þ_»õ¿ìººÀ½¹ä_Q2_00047.JPG	train	train	»õ¿ìººÀ½¹ä	3	»õ¿ìººÀ½¹ä	Q2	1	0.5	side	400	634.52	200	317.26
side_ººÀ½¹ä·ù_»ç°¢¹è´Þ_»õ¿ìººÀ½¹ä_Q2_00048.JPG	train	train	»õ¿ìººÀ½¹ä	3	»õ¿ìººÀ½¹ä	Q2	1	0.5	side	400	634.52	200	317.26
side_ººÀ½¹ä·ù_»ç°¢¹è´Þ_»õ¿ìººÀ½¹ä_Q2_00049.JPG	train	train	»õ¿ìººÀ½¹ä	3	»õ¿ìººÀ½¹ä	Q2	1	0.5	side	400	634.52	200	317.26
side_ººÀ½¹ä·ù_»ç°¢¹è´Þ_»õ¿ìººÀ½¹ä_Q2_00050.JPG	train	train	»õ¿ìººÀ½¹ä	3	»õ¿ìººÀ½¹ä	Q2	1	0.5	side	400	634.52	200	317.26
side_ººÀ½¹ä·ù_»ç°¢¹è´Þ_»õ¿ìººÀ½¹ä_Q2_00051.JPG	train	train	»õ¿ìººÀ½¹ä	3	»õ¿ìººÀ½¹ä	Q2	1	0.5	side	400	634.52	200	317.26
side_ººÀ½¹ä·ù_»ç°¢¹è´Þ_»õ¿ìººÀ½¹ä_Q2_00052.JPG	train	train	»õ¿ìººÀ½¹ä	3	»õ¿ìººÀ½¹ä	Q2	1	0.5	side	400	634.52	200	317.26
side_ººÀ½¹ä·ù_»ç°¢¹è´Þ_»õ¿ìººÀ½¹ä_Q2_00053.JPG	train	train	»õ¿ìººÀ½¹ä	3	»õ¿ìººÀ½¹ä	Q2	1	0.5	side	400	634.52	200	317.26
side_ººÀ½¹ä·ù_»ç°¢¹è´Þ_»õ¿ìººÀ½¹ä_Q2_00054.JPG	train	train	»õ¿ìººÀ½¹ä	3	»õ¿ìººÀ½¹ä	Q2	1	0.5	side	400	634.52	200	317.26
side_ººÀ½¹ä·ù_»ç°¢¹è´Þ_»õ¿ìººÀ½¹ä_Q2_00055.JPG	train	train	»õ¿ìººÀ½¹ä	3	»õ¿ìººÀ½¹ä	Q2	1	0.5	side	400	634.52	200	317.26
top_ººÀ½¹ä·ù_»ç°¢¹è´Þ_»õ¿ìººÀ½¹ä_Q2_00001.JPG	train	train	»õ¿ìººÀ½¹ä	3	»õ¿ìººÀ½¹ä	Q2	1	0.5	top	400	634.52	200	317.26
top_ººÀ½¹ä·ù_»ç°¢¹è´Þ_»õ¿ìººÀ½¹ä_Q2_00003.JPG	train	train	»õ¿ìººÀ½¹ä	3	»õ¿ìººÀ½¹ä	Q2	1	0.5	top	400	634.52	200	317.26
top_ººÀ½¹ä·ù_»ç°¢¹è´Þ_»õ¿ìººÀ½¹ä_Q2_00004.JPG	train	train	»õ¿ìººÀ½¹ä	3	»õ¿ìººÀ½¹ä	Q2	1	0.5	top	400	634.52	200	317.26
top_ººÀ½¹ä·ù_»ç°¢¹è´Þ_»õ¿ìººÀ½¹ä_Q2_00005.JPG	train	train	»õ¿ìººÀ½¹ä	3	»õ¿ìººÀ½¹ä	Q2	1	0.5	top	400	634.52	200	317.26
top_ººÀ½¹ä·ù_»ç°¢¹è´Þ_»õ¿ìººÀ½¹ä_Q2_00006.JPG	train	train	»õ¿ìººÀ½¹ä	3	»õ¿ìººÀ½¹ä	Q2	1	0.5	top	400	634.52	200	317.26
top_ººÀ½¹ä·ù_»ç°¢¹è´Þ_»õ¿ìººÀ½¹ä_Q2_00007.JPG	train	train	»õ¿ìººÀ½¹ä	3	»õ¿ìººÀ½¹ä	Q2	1	0.5	top	400	634.52	200	317.26
top_ººÀ½¹ä·ù_»ç°¢¹è´Þ_»õ¿ìººÀ½¹ä_Q2_00008.JPG	train	train	»õ¿ìººÀ½¹ä	3	»õ¿ìººÀ½¹ä	Q2	1	0.5	top	400	634.52	200	317.26
top_ººÀ½¹ä·ù_»ç°¢¹è´Þ_»õ¿ìººÀ½¹ä_Q2_00009.JPG	train	train	»õ¿ìººÀ½¹ä	3	»õ¿ìººÀ½¹ä	Q2	1	0.5	top	400	634.52	200	317.26
top_ººÀ½¹ä·ù_»ç°¢¹è´Þ_»õ¿ìººÀ½¹ä_Q2_00010.JPG	train	train	»õ¿ìººÀ½¹ä	3	»õ¿ìººÀ½¹ä	Q2	1	0.5	top	400	634.52	200	317.26
top_ººÀ½¹ä·ù_»ç°¢¹è´Þ_»õ¿ìººÀ½¹ä_Q2_00014.JPG	train	train	»õ¿ìººÀ½¹ä	3	»õ¿ìººÀ½¹ä	Q2	1	0.5	top	400	634.52	200	317.26
top_ººÀ½¹ä·ù_»ç°¢¹è´Þ_»õ¿ìººÀ½¹ä_Q2_00015.JPG	train	train	»õ¿ìººÀ½¹ä	3	»õ¿ìººÀ½¹ä	Q2	1	0.5	top	400	634.52	200	317.26
top_ººÀ½¹ä·ù_»ç°¢¹è´Þ_»õ¿ìººÀ½¹ä_Q2_00017.JPG	train	train	»õ¿ìººÀ½¹ä	3	»õ¿ìººÀ½¹ä	Q2	1	0.5	top	400	634.52	200	317.26
top_ººÀ½¹ä·ù_»ç°¢¹è´Þ_»õ¿ìººÀ½¹ä_Q2_00019.JPG	train	train	»õ¿ìººÀ½¹ä	3	»õ¿ìººÀ½¹ä	Q2	1	0.5	top	400	634.52	200	317.26
top_ººÀ½¹ä·ù_»ç°¢¹è´Þ_»õ¿ìººÀ½¹ä_Q2_00021.JPG	train	train	»õ¿ìººÀ½¹ä	3	»õ¿ìººÀ½¹ä	Q2	1	0.5	top	400	634.52	200	317.26
top_ººÀ½¹ä·ù_»ç°¢¹è´Þ_»õ¿ìººÀ½¹ä_Q2_00022.JPG	train	train	»õ¿ìººÀ½¹ä	3	»õ¿ìººÀ½¹ä	Q2	1	0.5	top	400	634.52	200	317.26
top_ººÀ½¹ä·ù_»ç°¢¹è´Þ_»õ¿ìººÀ½¹ä_Q2_00023.JPG	train	train	»õ¿ìººÀ½¹ä	3	»õ¿ìººÀ½¹ä	Q2	1	0.5	top	400	634.52	200	317.26
top_ººÀ½¹ä·ù_»ç°¢¹è´Þ_»õ¿ìººÀ½¹ä_Q2_00025.JPG	train	train	»õ¿ìººÀ½¹ä	3	»õ¿ìººÀ½¹ä	Q2	1	0.5	top	400	634.52	200	317.26
top_ººÀ½¹ä·ù_»ç°¢¹è´Þ_»õ¿ìººÀ½¹ä_Q2_00026.JPG	train	train	»õ¿ìººÀ½¹ä	3	»õ¿ìººÀ½¹ä	Q2	1	0.5	top	400	634.52	200	317.26
top_ººÀ½¹ä·ù_»ç°¢¹è´Þ_»õ¿ìººÀ½¹ä_Q2_00027.JPG	train	train	»õ¿ìººÀ½¹ä	3	»õ¿ìººÀ½¹ä	Q2	1	0.5	top	400	634.52	200	317.26
top_ººÀ½¹ä·ù_»ç°¢¹è´Þ_»õ¿ìººÀ½¹ä_Q2_00029.JPG	train	train	»õ¿ìººÀ½¹ä	3	»õ¿ìººÀ½¹ä	Q2	1	0.5	top	400	634.52	200	317.26
top_ººÀ½¹ä·ù_»ç°¢¹è´Þ_»õ¿ìººÀ½¹ä_Q2_00030.JPG	train	train	»õ¿ìººÀ½¹ä	3	»õ¿ìººÀ½¹ä	Q2	1	0.5	top	400	634.52	200	317.26
top_ººÀ½¹ä·ù_»ç°¢¹è´Þ_»õ¿ìººÀ½¹ä_Q2_00031.JPG	train	train	»õ¿ìººÀ½¹ä	3	»õ¿ìººÀ½¹ä	Q2	1	0.5	top	400	634.52	200	317.26
top_ººÀ½¹ä·ù_»ç°¢¹è´Þ_»õ¿ìººÀ½¹ä_Q2_00033.JPG	train	train	»õ¿ìººÀ½¹ä	3	»õ¿ìººÀ½¹ä	Q2	1	0.5	top	400	634.52	200	317.26
top_ººÀ½¹ä·ù_»ç°¢¹è´Þ_»õ¿ìººÀ½¹ä_Q2_00034.JPG	train	train	»õ¿ìººÀ½¹ä	3	»õ¿ìººÀ½¹ä	Q2	1	0.5	top	400	634.52	200	317.26
top_ººÀ½¹ä·ù_»ç°¢¹è´Þ_»õ¿ìººÀ½¹ä_Q2_00035.JPG	train	train	»õ¿ìººÀ½¹ä	3	»õ¿ìººÀ½¹ä	Q2	1	0.5	top	400	634.52	200	317.26
top_ººÀ½¹ä·ù_»ç°¢¹è´Þ_»õ¿ìººÀ½¹ä_Q2_00036.JPG	train	train	»õ¿ìººÀ½¹ä	3	»õ¿ìººÀ½¹ä	Q2	1	0.5	top	400	634.52	200	317.26
top_ººÀ½¹ä·ù_»ç°¢¹è´Þ_»õ¿ìººÀ½¹ä_Q2_00037.JPG	train	train	»õ¿ìººÀ½¹ä	3	»õ¿ìººÀ½¹ä	Q2	1	0.5	top	400	634.52	200	317.26
top_ººÀ½¹ä·ù_»ç°¢¹è´Þ_»õ¿ìººÀ½¹ä_Q2_00038.JPG	train	train	»õ¿ìººÀ½¹ä	3	»õ¿ìººÀ½¹ä	Q2	1	0.5	top	400	634.52	200	317.26
top_ººÀ½¹ä·ù_»ç°¢¹è´Þ_»õ¿ìººÀ½¹ä_Q2_00039.JPG	train	train	»õ¿ìººÀ½¹ä	3	»õ¿ìººÀ½¹ä	Q2	1	0.5	top	400	634.52	200	317.26
top_ººÀ½¹ä·ù_»ç°¢¹è´Þ_»õ¿ìººÀ½¹ä_Q2_00041.JPG	train	train	»õ¿ìººÀ½¹ä	3	»õ¿ìººÀ½¹ä	Q2	1	0.5	top	400	634.52	200	317.26
top_ººÀ½¹ä·ù_»ç°¢¹è´Þ_»õ¿ìººÀ½¹ä_Q2_00042.JPG	train	train	»õ¿ìººÀ½¹ä	3	»õ¿ìººÀ½¹ä	Q2	1	0.5	top	400	634.52	200	317.26
top_ººÀ½¹ä·ù_»ç°¢¹è´Þ_»õ¿ìººÀ½¹ä_Q2_00044.JPG	train	train	»õ¿ìººÀ½¹ä	3	»õ¿ìººÀ½¹ä	Q2	1	0.5	top	400	634.52	200	317.26
top_ººÀ½¹ä·ù_»ç°¢¹è´Þ_»õ¿ìººÀ½¹ä_Q2_00045.JPG	train	train	»õ¿ìººÀ½¹ä	3	»õ¿ìººÀ½¹ä	Q2	1	0.5	top	400	634.52	200	317.26
top_ººÀ½¹ä·ù_»ç°¢¹è´Þ_»õ¿ìººÀ½¹ä_Q2_00046.JPG	train	train	»õ¿ìººÀ½¹ä	3	»õ¿ìººÀ½¹ä	Q2	1	0.5	top	400	634.52	200	317.26
top_ººÀ½¹ä·ù_»ç°¢¹è´Þ_»õ¿ìººÀ½¹ä_Q2_00047.JPG	train	train	»õ¿ìººÀ½¹ä	3	»õ¿ìººÀ½¹ä	Q2	1	0.5	top	400	634.52	200	317.26
top_ººÀ½¹ä·ù_»ç°¢¹è´Þ_»õ¿ìººÀ½¹ä_Q2_00048.JPG	train	train	»õ¿ìººÀ½¹ä	3	»õ¿ìººÀ½¹ä	Q2	1	0.5	top	400	634.52	200	317.26
top_ººÀ½¹ä·ù_»ç°¢¹è´Þ_»õ¿ìººÀ½¹ä_Q2_00049.JPG	train	train	»õ¿ìººÀ½¹ä	3	»õ¿ìººÀ½¹ä	Q2	1	0.5	top	400	634.52	200	317.26
top_ººÀ½¹ä·ù_»ç°¢¹è´Þ_»õ¿ìººÀ½¹ä_Q2_00050.JPG	train	train	»õ¿ìººÀ½¹ä	3	»õ¿ìººÀ½¹ä	Q2	1	0.5	top	400	634.52	200	317.26
top_ººÀ½¹ä·ù_»ç°¢¹è´Þ_»õ¿ìººÀ½¹ä_Q2_00051.JPG	train	train	»õ¿ìººÀ½¹ä	3	»õ¿ìººÀ½¹ä	Q2	1	0.5	top	400	634.52	200	317.26
top_ººÀ½¹ä·ù_»ç°¢¹è´Þ_»õ¿ìººÀ½¹ä_Q2_00052.JPG	train	train	»õ¿ìººÀ½¹ä	3	»õ¿ìººÀ½¹ä	Q2	1	0.5	top	400	634.52	200	317.26
side_ººÀ½¹ä·ù_»ç°¢¹è´Þ_»õ¿ìººÀ½¹ä_Q3_00002.JPG	train	train	»õ¿ìººÀ½¹ä	3	»õ¿ìººÀ½¹ä	Q3	2	0.75	side	400	634.52	300	475.89
side_ººÀ½¹ä·ù_»ç°¢¹è´Þ_»õ¿ìººÀ½¹ä_Q3_00003.JPG	train	train	»õ¿ìººÀ½¹ä	3	»õ¿ìººÀ½¹ä	Q3	2	0.75	side	400	634.52	300	475.89
side_ººÀ½¹ä·ù_»ç°¢¹è´Þ_»õ¿ìººÀ½¹ä_Q3_00005.JPG	train	train	»õ¿ìººÀ½¹ä	3	»õ¿ìººÀ½¹ä	Q3	2	0.75	side	400	634.52	300	475.89
side_ººÀ½¹ä·ù_»ç°¢¹è´Þ_»õ¿ìººÀ½¹ä_Q3_00007.JPG	train	train	»õ¿ìººÀ½¹ä	3	»õ¿ìººÀ½¹ä	Q3	2	0.75	side	400	634.52	300	475.89
side_ººÀ½¹ä·ù_»ç°¢¹è´Þ_»õ¿ìººÀ½¹ä_Q3_00008.JPG	train	train	»õ¿ìººÀ½¹ä	3	»õ¿ìººÀ½¹ä	Q3	2	0.75	side	400	634.52	300	475.89
side_ººÀ½¹ä·ù_»ç°¢¹è´Þ_»õ¿ìººÀ½¹ä_Q3_00009.JPG	train	train	»õ¿ìººÀ½¹ä	3	»õ¿ìººÀ½¹ä	Q3	2	0.75	side	400	634.52	300	475.89
side_ººÀ½¹ä·ù_»ç°¢¹è´Þ_»õ¿ìººÀ½¹ä_Q3_00010.JPG	train	train	»õ¿ìººÀ½¹ä	3	»õ¿ìººÀ½¹ä	Q3	2	0.75	side	400	634.52	300	475.89
side_ººÀ½¹ä·ù_»ç°¢¹è´Þ_»õ¿ìººÀ½¹ä_Q3_00011.JPG	train	train	»õ¿ìººÀ½¹ä	3	»õ¿ìººÀ½¹ä	Q3	2	0.75	side	400	634.52	300	475.89
side_ººÀ½¹ä·ù_»ç°¢¹è´Þ_»õ¿ìººÀ½¹ä_Q3_00012.JPG	train	train	»õ¿ìººÀ½¹ä	3	»õ¿ìººÀ½¹ä	Q3	2	0.75	side	400	634.52	300	475.89
side_ººÀ½¹ä·ù_»ç°¢¹è´Þ_»õ¿ìººÀ½¹ä_Q3_00013.JPG	train	train	»õ¿ìººÀ½¹ä	3	»õ¿ìººÀ½¹ä	Q3	2	0.75	side	400	634.52	300	475.89
side_ººÀ½¹ä·ù_»ç°¢¹è´Þ_»õ¿ìººÀ½¹ä_Q3_00014.JPG	train	train	»õ¿ìººÀ½¹ä	3	»õ¿ìººÀ½¹ä	Q3	2	0.75	side	400	634.52	300	475.89
side_ººÀ½¹ä·ù_»ç°¢¹è´Þ_»õ¿ìººÀ½¹ä_Q3_00015.JPG	train	train	»õ¿ìººÀ½¹ä	3	»õ¿ìººÀ½¹ä	Q3	2	0.75	side	400	634.52	300	475.89
side_ººÀ½¹ä·ù_»ç°¢¹è´Þ_»õ¿ìººÀ½¹ä_Q3_00016.JPG	train	train	»õ¿ìººÀ½¹ä	3	»õ¿ìººÀ½¹ä	Q3	2	0.75	side	400	634.52	300	475.89
side_ººÀ½¹ä·ù_»ç°¢¹è´Þ_»õ¿ìººÀ½¹ä_Q3_00017.JPG	train	train	»õ¿ìººÀ½¹ä	3	»õ¿ìººÀ½¹ä	Q3	2	0.75	side	400	634.52	300	475.89
side_ººÀ½¹ä·ù_»ç°¢¹è´Þ_»õ¿ìººÀ½¹ä_Q3_00019.JPG	train	train	»õ¿ìººÀ½¹ä	3	»õ¿ìººÀ½¹ä	Q3	2	0.75	side	400	634.52	300	475.89
side_ººÀ½¹ä·ù_»ç°¢¹è´Þ_»õ¿ìººÀ½¹ä_Q3_00020.JPG	train	train	»õ¿ìººÀ½¹ä	3	»õ¿ìººÀ½¹ä	Q3	2	0.75	side	400	634.52	300	475.89
side_ººÀ½¹ä·ù_»ç°¢¹è´Þ_»õ¿ìººÀ½¹ä_Q3_00021.JPG	train	train	»õ¿ìººÀ½¹ä	3	»õ¿ìººÀ½¹ä	Q3	2	0.75	side	400	634.52	300	475.89
side_ººÀ½¹ä·ù_»ç°¢¹è´Þ_»õ¿ìººÀ½¹ä_Q3_00022.JPG	train	train	»õ¿ìººÀ½¹ä	3	»õ¿ìººÀ½¹ä	Q3	2	0.75	side	400	634.52	300	475.89
side_ººÀ½¹ä·ù_»ç°¢¹è´Þ_»õ¿ìººÀ½¹ä_Q3_00023.JPG	train	train	»õ¿ìººÀ½¹ä	3	»õ¿ìººÀ½¹ä	Q3	2	0.75	side	400	634.52	300	475.89
side_ººÀ½¹ä·ù_»ç°¢¹è´Þ_»õ¿ìººÀ½¹ä_Q3_00025.JPG	train	train	»õ¿ìººÀ½¹ä	3	»õ¿ìººÀ½¹ä	Q3	2	0.75	side	400	634.52	300	475.89
side_ººÀ½¹ä·ù_»ç°¢¹è´Þ_»õ¿ìººÀ½¹ä_Q3_00026.JPG	train	train	»õ¿ìººÀ½¹ä	3	»õ¿ìººÀ½¹ä	Q3	2	0.75	side	400	634.52	300	475.89
side_ººÀ½¹ä·ù_»ç°¢¹è´Þ_»õ¿ìººÀ½¹ä_Q3_00027.JPG	train	train	»õ¿ìººÀ½¹ä	3	»õ¿ìººÀ½¹ä	Q3	2	0.75	side	400	634.52	300	475.89
side_ººÀ½¹ä·ù_»ç°¢¹è´Þ_»õ¿ìººÀ½¹ä_Q3_00028.JPG	train	train	»õ¿ìººÀ½¹ä	3	»õ¿ìººÀ½¹ä	Q3	2	0.75	side	400	634.52	300	475.89
side_ººÀ½¹ä·ù_»ç°¢¹è´Þ_»õ¿ìººÀ½¹ä_Q3_00029.JPG	train	train	»õ¿ìººÀ½¹ä	3	»õ¿ìººÀ½¹ä	Q3	2	0.75	side	400	634.52	300	475.89
side_ººÀ½¹ä·ù_»ç°¢¹è´Þ_»õ¿ìººÀ½¹ä_Q3_00030.JPG	train	train	»õ¿ìººÀ½¹ä	3	»õ¿ìººÀ½¹ä	Q3	2	0.75	side	400	634.52	300	475.89
side_ººÀ½¹ä·ù_»ç°¢¹è´Þ_»õ¿ìººÀ½¹ä_Q3_00031.JPG	train	train	»õ¿ìººÀ½¹ä	3	»õ¿ìººÀ½¹ä	Q3	2	0.75	side	400	634.52	300	475.89
side_ººÀ½¹ä·ù_»ç°¢¹è´Þ_»õ¿ìººÀ½¹ä_Q3_00033.JPG	train	train	»õ¿ìººÀ½¹ä	3	»õ¿ìººÀ½¹ä	Q3	2	0.75	side	400	634.52	300	475.89
side_ººÀ½¹ä·ù_»ç°¢¹è´Þ_»õ¿ìººÀ½¹ä_Q3_00034.JPG	train	train	»õ¿ìººÀ½¹ä	3	»õ¿ìººÀ½¹ä	Q3	2	0.75	side	400	634.52	300	475.89
side_ººÀ½¹ä·ù_»ç°¢¹è´Þ_»õ¿ìººÀ½¹ä_Q3_00036.JPG	train	train	»õ¿ìººÀ½¹ä	3	»õ¿ìººÀ½¹ä	Q3	2	0.75	side	400	634.52	300	475.89
side_ººÀ½¹ä·ù_»ç°¢¹è´Þ_»õ¿ìººÀ½¹ä_Q3_00037.JPG	train	train	»õ¿ìººÀ½¹ä	3	»õ¿ìººÀ½¹ä	Q3	2	0.75	side	400	634.52	300	475.89
side_ººÀ½¹ä·ù_»ç°¢¹è´Þ_»õ¿ìººÀ½¹ä_Q3_00038.JPG	train	train	»õ¿ìººÀ½¹ä	3	»õ¿ìººÀ½¹ä	Q3	2	0.75	side	400	634.52	300	475.89
side_ººÀ½¹ä·ù_»ç°¢¹è´Þ_»õ¿ìººÀ½¹ä_Q3_00039.JPG	train	train	»õ¿ìººÀ½¹ä	3	»õ¿ìººÀ½¹ä	Q3	2	0.75	side	400	634.52	300	475.89
side_ººÀ½¹ä·ù_»ç°¢¹è´Þ_»õ¿ìººÀ½¹ä_Q3_00040.JPG	train	train	»õ¿ìººÀ½¹ä	3	»õ¿ìººÀ½¹ä	Q3	2	0.75	side	400	634.52	300	475.89
side_ººÀ½¹ä·ù_»ç°¢¹è´Þ_»õ¿ìººÀ½¹ä_Q3_00041.JPG	train	train	»õ¿ìººÀ½¹ä	3	»õ¿ìººÀ½¹ä	Q3	2	0.75	side	400	634.52	300	475.89
side_ººÀ½¹ä·ù_»ç°¢¹è´Þ_»õ¿ìººÀ½¹ä_Q3_00042.JPG	train	train	»õ¿ìººÀ½¹ä	3	»õ¿ìººÀ½¹ä	Q3	2	0.75	side	400	634.52	300	475.89
side_ººÀ½¹ä·ù_»ç°¢¹è´Þ_»õ¿ìººÀ½¹ä_Q3_00043.JPG	train	train	»õ¿ìººÀ½¹ä	3	»õ¿ìººÀ½¹ä	Q3	2	0.75	side	400	634.52	300	475.89
side_ººÀ½¹ä·ù_»ç°¢¹è´Þ_»õ¿ìººÀ½¹ä_Q3_00045.JPG	train	train	»õ¿ìººÀ½¹ä	3	»õ¿ìººÀ½¹ä	Q3	2	0.75	side	400	634.52	300	475.89
side_ººÀ½¹ä·ù_»ç°¢¹è´Þ_»õ¿ìººÀ½¹ä_Q3_00046.JPG	train	train	»õ¿ìººÀ½¹ä	3	»õ¿ìººÀ½¹ä	Q3	2	0.75	side	400	634.52	300	475.89
side_ººÀ½¹ä·ù_»ç°¢¹è´Þ_»õ¿ìººÀ½¹ä_Q3_00047.JPG	train	train	»õ¿ìººÀ½¹ä	3	»õ¿ìººÀ½¹ä	Q3	2	0.75	side	400	634.52	300	475.89
side_ººÀ½¹ä·ù_»ç°¢¹è´Þ_»õ¿ìººÀ½¹ä_Q3_00049.JPG	train	train	»õ¿ìººÀ½¹ä	3	»õ¿ìººÀ½¹ä	Q3	2	0.75	side	400	634.52	300	475.89
side_ººÀ½¹ä·ù_»ç°¢¹è´Þ_»õ¿ìººÀ½¹ä_Q3_00050.JPG	train	train	»õ¿ìººÀ½¹ä	3	»õ¿ìººÀ½¹ä	Q3	2	0.75	side	400	634.52	300	475.89
side_ººÀ½¹ä·ù_»ç°¢¹è´Þ_»õ¿ìººÀ½¹ä_Q3_00052.JPG	train	train	»õ¿ìººÀ½¹ä	3	»õ¿ìººÀ½¹ä	Q3	2	0.75	side	400	634.52	300	475.89
side_ººÀ½¹ä·ù_»ç°¢¹è´Þ_»õ¿ìººÀ½¹ä_Q3_00053.JPG	train	train	»õ¿ìººÀ½¹ä	3	»õ¿ìººÀ½¹ä	Q3	2	0.75	side	400	634.52	300	475.89
side_ººÀ½¹ä·ù_»ç°¢¹è´Þ_»õ¿ìººÀ½¹ä_Q3_00055.JPG	train	train	»õ¿ìººÀ½¹ä	3	»õ¿ìººÀ½¹ä	Q3	2	0.75	side	400	634.52	300	475.89
top_ººÀ½¹ä·ù_»ç°¢¹è´Þ_»õ¿ìººÀ½¹ä_Q3_00001.JPG	train	train	»õ¿ìººÀ½¹ä	3	»õ¿ìººÀ½¹ä	Q3	2	0.75	top	400	634.52	300	475.89
top_ººÀ½¹ä·ù_»ç°¢¹è´Þ_»õ¿ìººÀ½¹ä_Q3_00002.JPG	train	train	»õ¿ìººÀ½¹ä	3	»õ¿ìººÀ½¹ä	Q3	2	0.75	top	400	634.52	300	475.89
top_ººÀ½¹ä·ù_»ç°¢¹è´Þ_»õ¿ìººÀ½¹ä_Q3_00005.JPG	train	train	»õ¿ìººÀ½¹ä	3	»õ¿ìººÀ½¹ä	Q3	2	0.75	top	400	634.52	300	475.89
top_ººÀ½¹ä·ù_»ç°¢¹è´Þ_»õ¿ìººÀ½¹ä_Q3_00007.JPG	train	train	»õ¿ìººÀ½¹ä	3	»õ¿ìººÀ½¹ä	Q3	2	0.75	top	400	634.52	300	475.89
top_ººÀ½¹ä·ù_»ç°¢¹è´Þ_»õ¿ìººÀ½¹ä_Q3_00008.JPG	train	train	»õ¿ìººÀ½¹ä	3	»õ¿ìººÀ½¹ä	Q3	2	0.75	top	400	634.52	300	475.89
top_ººÀ½¹ä·ù_»ç°¢¹è´Þ_»õ¿ìººÀ½¹ä_Q3_00009.JPG	train	train	»õ¿ìººÀ½¹ä	3	»õ¿ìººÀ½¹ä	Q3	2	0.75	top	400	634.52	300	475.89
top_ººÀ½¹ä·ù_»ç°¢¹è´Þ_»õ¿ìººÀ½¹ä_Q3_00011.JPG	train	train	»õ¿ìººÀ½¹ä	3	»õ¿ìººÀ½¹ä	Q3	2	0.75	top	400	634.52	300	475.89
top_ººÀ½¹ä·ù_»ç°¢¹è´Þ_»õ¿ìººÀ½¹ä_Q3_00012.JPG	train	train	»õ¿ìººÀ½¹ä	3	»õ¿ìººÀ½¹ä	Q3	2	0.75	top	400	634.52	300	475.89
top_ººÀ½¹ä·ù_»ç°¢¹è´Þ_»õ¿ìººÀ½¹ä_Q3_00013.JPG	train	train	»õ¿ìººÀ½¹ä	3	»õ¿ìººÀ½¹ä	Q3	2	0.75	top	400	634.52	300	475.89
top_ººÀ½¹ä·ù_»ç°¢¹è´Þ_»õ¿ìººÀ½¹ä_Q3_00014.JPG	train	train	»õ¿ìººÀ½¹ä	3	»õ¿ìººÀ½¹ä	Q3	2	0.75	top	400	634.52	300	475.89
top_ººÀ½¹ä·ù_»ç°¢¹è´Þ_»õ¿ìººÀ½¹ä_Q3_00015.JPG	train	train	»õ¿ìººÀ½¹ä	3	»õ¿ìººÀ½¹ä	Q3	2	0.75	top	400	634.52	300	475.89
top_ººÀ½¹ä·ù_»ç°¢¹è´Þ_»õ¿ìººÀ½¹ä_Q3_00016.JPG	train	train	»õ¿ìººÀ½¹ä	3	»õ¿ìººÀ½¹ä	Q3	2	0.75	top	400	634.52	300	475.89
top_ººÀ½¹ä·ù_»ç°¢¹è´Þ_»õ¿ìººÀ½¹ä_Q3_00017.JPG	train	train	»õ¿ìººÀ½¹ä	3	»õ¿ìººÀ½¹ä	Q3	2	0.75	top	400	634.52	300	475.89
top_ººÀ½¹ä·ù_»ç°¢¹è´Þ_»õ¿ìººÀ½¹ä_Q3_00018.JPG	train	train	»õ¿ìººÀ½¹ä	3	»õ¿ìººÀ½¹ä	Q3	2	0.75	top	400	634.52	300	475.89
top_ººÀ½¹ä·ù_»ç°¢¹è´Þ_»õ¿ìººÀ½¹ä_Q3_00019.JPG	train	train	»õ¿ìººÀ½¹ä	3	»õ¿ìººÀ½¹ä	Q3	2	0.75	top	400	634.52	300	475.89
top_ººÀ½¹ä·ù_»ç°¢¹è´Þ_»õ¿ìººÀ½¹ä_Q3_00021.JPG	train	train	»õ¿ìººÀ½¹ä	3	»õ¿ìººÀ½¹ä	Q3	2	0.75	top	400	634.52	300	475.89
top_ººÀ½¹ä·ù_»ç°¢¹è´Þ_»õ¿ìººÀ½¹ä_Q3_00022.JPG	train	train	»õ¿ìººÀ½¹ä	3	»õ¿ìººÀ½¹ä	Q3	2	0.75	top	400	634.52	300	475.89
top_ººÀ½¹ä·ù_»ç°¢¹è´Þ_»õ¿ìººÀ½¹ä_Q3_00023.JPG	train	train	»õ¿ìººÀ½¹ä	3	»õ¿ìººÀ½¹ä	Q3	2	0.75	top	400	634.52	300	475.89
top_ººÀ½¹ä·ù_»ç°¢¹è´Þ_»õ¿ìººÀ½¹ä_Q3_00024.JPG	train	train	»õ¿ìººÀ½¹ä	3	»õ¿ìººÀ½¹ä	Q3	2	0.75	top	400	634.52	300	475.89
top_ººÀ½¹ä·ù_»ç°¢¹è´Þ_»õ¿ìººÀ½¹ä_Q3_00026.JPG	train	train	»õ¿ìººÀ½¹ä	3	»õ¿ìººÀ½¹ä	Q3	2	0.75	top	400	634.52	300	475.89
top_ººÀ½¹ä·ù_»ç°¢¹è´Þ_»õ¿ìººÀ½¹ä_Q3_00027.JPG	train	train	»õ¿ìººÀ½¹ä	3	»õ¿ìººÀ½¹ä	Q3	2	0.75	top	400	634.52	300	475.89
top_ººÀ½¹ä·ù_»ç°¢¹è´Þ_»õ¿ìººÀ½¹ä_Q3_00028.JPG	train	train	»õ¿ìººÀ½¹ä	3	»õ¿ìººÀ½¹ä	Q3	2	0.75	top	400	634.52	300	475.89
top_ººÀ½¹ä·ù_»ç°¢¹è´Þ_»õ¿ìººÀ½¹ä_Q3_00029.JPG	train	train	»õ¿ìººÀ½¹ä	3	»õ¿ìººÀ½¹ä	Q3	2	0.75	top	400	634.52	300	475.89
top_ººÀ½¹ä·ù_»ç°¢¹è´Þ_»õ¿ìººÀ½¹ä_Q3_00030.JPG	train	train	»õ¿ìººÀ½¹ä	3	»õ¿ìººÀ½¹ä	Q3	2	0.75	top	400	634.52	300	475.89
top_ººÀ½¹ä·ù_»ç°¢¹è´Þ_»õ¿ìººÀ½¹ä_Q3_00032.JPG	train	train	»õ¿ìººÀ½¹ä	3	»õ¿ìººÀ½¹ä	Q3	2	0.75	top	400	634.52	300	475.89
top_ººÀ½¹ä·ù_»ç°¢¹è´Þ_»õ¿ìººÀ½¹ä_Q3_00034.JPG	train	train	»õ¿ìººÀ½¹ä	3	»õ¿ìººÀ½¹ä	Q3	2	0.75	top	400	634.52	300	475.89
top_ººÀ½¹ä·ù_»ç°¢¹è´Þ_»õ¿ìººÀ½¹ä_Q3_00035.JPG	train	train	»õ¿ìººÀ½¹ä	3	»õ¿ìººÀ½¹ä	Q3	2	0.75	top	400	634.52	300	475.89
top_ººÀ½¹ä·ù_»ç°¢¹è´Þ_»õ¿ìººÀ½¹ä_Q3_00036.JPG	train	train	»õ¿ìººÀ½¹ä	3	»õ¿ìººÀ½¹ä	Q3	2	0.75	top	400	634.52	300	475.89
top_ººÀ½¹ä·ù_»ç°¢¹è´Þ_»õ¿ìººÀ½¹ä_Q3_00037.JPG	train	train	»õ¿ìººÀ½¹ä	3	»õ¿ìººÀ½¹ä	Q3	2	0.75	top	400	634.52	300	475.89
top_ººÀ½¹ä·ù_»ç°¢¹è´Þ_»õ¿ìººÀ½¹ä_Q3_00038.JPG	train	train	»õ¿ìººÀ½¹ä	3	»õ¿ìººÀ½¹ä	Q3	2	0.75	top	400	634.52	300	475.89
top_ººÀ½¹ä·ù_»ç°¢¹è´Þ_»õ¿ìººÀ½¹ä_Q3_00039.JPG	train	train	»õ¿ìººÀ½¹ä	3	»õ¿ìººÀ½¹ä	Q3	2	0.75	top	400	634.52	300	475.89
top_ººÀ½¹ä·ù_»ç°¢¹è´Þ_»õ¿ìººÀ½¹ä_Q3_00040.JPG	train	train	»õ¿ìººÀ½¹ä	3	»õ¿ìººÀ½¹ä	Q3	2	0.75	top	400	634.52	300	475.89
top_ººÀ½¹ä·ù_»ç°¢¹è´Þ_»õ¿ìººÀ½¹ä_Q3_00041.JPG	train	train	»õ¿ìººÀ½¹ä	3	»õ¿ìººÀ½¹ä	Q3	2	0.75	top	400	634.52	300	475.89
top_ººÀ½¹ä·ù_»ç°¢¹è´Þ_»õ¿ìººÀ½¹ä_Q3_00042.JPG	train	train	»õ¿ìººÀ½¹ä	3	»õ¿ìººÀ½¹ä	Q3	2	0.75	top	400	634.52	300	475.89
top_ººÀ½¹ä·ù_»ç°¢¹è´Þ_»õ¿ìººÀ½¹ä_Q3_00043.JPG	train	train	»õ¿ìººÀ½¹ä	3	»õ¿ìººÀ½¹ä	Q3	2	0.75	top	400	634.52	300	475.89
top_ººÀ½¹ä·ù_»ç°¢¹è´Þ_»õ¿ìººÀ½¹ä_Q3_00044.JPG	train	train	»õ¿ìººÀ½¹ä	3	»õ¿ìººÀ½¹ä	Q3	2	0.75	top	400	634.52	300	475.89
top_ººÀ½¹ä·ù_»ç°¢¹è´Þ_»õ¿ìººÀ½¹ä_Q3_00045.JPG	train	train	»õ¿ìººÀ½¹ä	3	»õ¿ìººÀ½¹ä	Q3	2	0.75	top	400	634.52	300	475.89
top_ººÀ½¹ä·ù_»ç°¢¹è´Þ_»õ¿ìººÀ½¹ä_Q3_00046.JPG	train	train	»õ¿ìººÀ½¹ä	3	»õ¿ìººÀ½¹ä	Q3	2	0.75	top	400	634.52	300	475.89
top_ººÀ½¹ä·ù_»ç°¢¹è´Þ_»õ¿ìººÀ½¹ä_Q3_00047.JPG	train	train	»õ¿ìººÀ½¹ä	3	»õ¿ìººÀ½¹ä	Q3	2	0.75	top	400	634.52	300	475.89
top_ººÀ½¹ä·ù_»ç°¢¹è´Þ_»õ¿ìººÀ½¹ä_Q3_00048.JPG	train	train	»õ¿ìººÀ½¹ä	3	»õ¿ìººÀ½¹ä	Q3	2	0.75	top	400	634.52	300	475.89
top_ººÀ½¹ä·ù_»ç°¢¹è´Þ_»õ¿ìººÀ½¹ä_Q3_00049.JPG	train	train	»õ¿ìººÀ½¹ä	3	»õ¿ìººÀ½¹ä	Q3	2	0.75	top	400	634.52	300	475.89
top_ººÀ½¹ä·ù_»ç°¢¹è´Þ_»õ¿ìººÀ½¹ä_Q3_00052.JPG	train	train	»õ¿ìººÀ½¹ä	3	»õ¿ìººÀ½¹ä	Q3	2	0.75	top	400	634.52	300	475.89
top_ººÀ½¹ä·ù_»ç°¢¹è´Þ_»õ¿ìººÀ½¹ä_Q3_00053.JPG	train	train	»õ¿ìººÀ½¹ä	3	»õ¿ìººÀ½¹ä	Q3	2	0.75	top	400	634.52	300	475.89
side_ººÀ½¹ä·ù_»ç°¢¹è´Þ_»õ¿ìººÀ½¹ä_Q4_00003.JPG	train	train	»õ¿ìººÀ½¹ä	3	»õ¿ìººÀ½¹ä	Q4	3	1	side	400	634.52	400	634.52
side_ººÀ½¹ä·ù_»ç°¢¹è´Þ_»õ¿ìººÀ½¹ä_Q4_00004.JPG	train	train	»õ¿ìººÀ½¹ä	3	»õ¿ìººÀ½¹ä	Q4	3	1	side	400	634.52	400	634.52
side_ººÀ½¹ä·ù_»ç°¢¹è´Þ_»õ¿ìººÀ½¹ä_Q4_00005.JPG	train	train	»õ¿ìººÀ½¹ä	3	»õ¿ìººÀ½¹ä	Q4	3	1	side	400	634.52	400	634.52
side_ººÀ½¹ä·ù_»ç°¢¹è´Þ_»õ¿ìººÀ½¹ä_Q4_00007.JPG	train	train	»õ¿ìººÀ½¹ä	3	»õ¿ìººÀ½¹ä	Q4	3	1	side	400	634.52	400	634.52
side_ººÀ½¹ä·ù_»ç°¢¹è´Þ_»õ¿ìººÀ½¹ä_Q4_00008.JPG	train	train	»õ¿ìººÀ½¹ä	3	»õ¿ìººÀ½¹ä	Q4	3	1	side	400	634.52	400	634.52
side_ººÀ½¹ä·ù_»ç°¢¹è´Þ_»õ¿ìººÀ½¹ä_Q4_00009.JPG	train	train	»õ¿ìººÀ½¹ä	3	»õ¿ìººÀ½¹ä	Q4	3	1	side	400	634.52	400	634.52
side_ººÀ½¹ä·ù_»ç°¢¹è´Þ_»õ¿ìººÀ½¹ä_Q4_00010.JPG	train	train	»õ¿ìººÀ½¹ä	3	»õ¿ìººÀ½¹ä	Q4	3	1	side	400	634.52	400	634.52
side_ººÀ½¹ä·ù_»ç°¢¹è´Þ_»õ¿ìººÀ½¹ä_Q4_00011.JPG	train	train	»õ¿ìººÀ½¹ä	3	»õ¿ìººÀ½¹ä	Q4	3	1	side	400	634.52	400	634.52
side_ººÀ½¹ä·ù_»ç°¢¹è´Þ_»õ¿ìººÀ½¹ä_Q4_00013.JPG	train	train	»õ¿ìººÀ½¹ä	3	»õ¿ìººÀ½¹ä	Q4	3	1	side	400	634.52	400	634.52
side_ººÀ½¹ä·ù_»ç°¢¹è´Þ_»õ¿ìººÀ½¹ä_Q4_00014.JPG	train	train	»õ¿ìººÀ½¹ä	3	»õ¿ìººÀ½¹ä	Q4	3	1	side	400	634.52	400	634.52
side_ººÀ½¹ä·ù_»ç°¢¹è´Þ_»õ¿ìººÀ½¹ä_Q4_00016.JPG	train	train	»õ¿ìººÀ½¹ä	3	»õ¿ìººÀ½¹ä	Q4	3	1	side	400	634.52	400	634.52
side_ººÀ½¹ä·ù_»ç°¢¹è´Þ_»õ¿ìººÀ½¹ä_Q4_00017.JPG	train	train	»õ¿ìººÀ½¹ä	3	»õ¿ìººÀ½¹ä	Q4	3	1	side	400	634.52	400	634.52
side_ººÀ½¹ä·ù_»ç°¢¹è´Þ_»õ¿ìººÀ½¹ä_Q4_00018.JPG	train	train	»õ¿ìººÀ½¹ä	3	»õ¿ìººÀ½¹ä	Q4	3	1	side	400	634.52	400	634.52
side_ººÀ½¹ä·ù_»ç°¢¹è´Þ_»õ¿ìººÀ½¹ä_Q4_00019.JPG	train	train	»õ¿ìººÀ½¹ä	3	»õ¿ìººÀ½¹ä	Q4	3	1	side	400	634.52	400	634.52
side_ººÀ½¹ä·ù_»ç°¢¹è´Þ_»õ¿ìººÀ½¹ä_Q4_00021.JPG	train	train	»õ¿ìººÀ½¹ä	3	»õ¿ìººÀ½¹ä	Q4	3	1	side	400	634.52	400	634.52
side_ººÀ½¹ä·ù_»ç°¢¹è´Þ_»õ¿ìººÀ½¹ä_Q4_00022.JPG	train	train	»õ¿ìººÀ½¹ä	3	»õ¿ìººÀ½¹ä	Q4	3	1	side	400	634.52	400	634.52
side_ººÀ½¹ä·ù_»ç°¢¹è´Þ_»õ¿ìººÀ½¹ä_Q4_00024.JPG	train	train	»õ¿ìººÀ½¹ä	3	»õ¿ìººÀ½¹ä	Q4	3	1	side	400	634.52	400	634.52
side_ººÀ½¹ä·ù_»ç°¢¹è´Þ_»õ¿ìººÀ½¹ä_Q4_00025.JPG	train	train	»õ¿ìººÀ½¹ä	3	»õ¿ìººÀ½¹ä	Q4	3	1	side	400	634.52	400	634.52
side_ººÀ½¹ä·ù_»ç°¢¹è´Þ_»õ¿ìººÀ½¹ä_Q4_00026.JPG	train	train	»õ¿ìººÀ½¹ä	3	»õ¿ìººÀ½¹ä	Q4	3	1	side	400	634.52	400	634.52
side_ººÀ½¹ä·ù_»ç°¢¹è´Þ_»õ¿ìººÀ½¹ä_Q4_00027.JPG	train	train	»õ¿ìººÀ½¹ä	3	»õ¿ìººÀ½¹ä	Q4	3	1	side	400	634.52	400	634.52
side_ººÀ½¹ä·ù_»ç°¢¹è´Þ_»õ¿ìººÀ½¹ä_Q4_00028.JPG	train	train	»õ¿ìººÀ½¹ä	3	»õ¿ìººÀ½¹ä	Q4	3	1	side	400	634.52	400	634.52
side_ººÀ½¹ä·ù_»ç°¢¹è´Þ_»õ¿ìººÀ½¹ä_Q4_00030.JPG	train	train	»õ¿ìººÀ½¹ä	3	»õ¿ìººÀ½¹ä	Q4	3	1	side	400	634.52	400	634.52
side_ººÀ½¹ä·ù_»ç°¢¹è´Þ_»õ¿ìººÀ½¹ä_Q4_00031.JPG	train	train	»õ¿ìººÀ½¹ä	3	»õ¿ìººÀ½¹ä	Q4	3	1	side	400	634.52	400	634.52
side_ººÀ½¹ä·ù_»ç°¢¹è´Þ_»õ¿ìººÀ½¹ä_Q4_00032.JPG	train	train	»õ¿ìººÀ½¹ä	3	»õ¿ìººÀ½¹ä	Q4	3	1	side	400	634.52	400	634.52
side_ººÀ½¹ä·ù_»ç°¢¹è´Þ_»õ¿ìººÀ½¹ä_Q4_00033.JPG	train	train	»õ¿ìººÀ½¹ä	3	»õ¿ìººÀ½¹ä	Q4	3	1	side	400	634.52	400	634.52
side_ººÀ½¹ä·ù_»ç°¢¹è´Þ_»õ¿ìººÀ½¹ä_Q4_00035.JPG	train	train	»õ¿ìººÀ½¹ä	3	»õ¿ìººÀ½¹ä	Q4	3	1	side	400	634.52	400	634.52
side_ººÀ½¹ä·ù_»ç°¢¹è´Þ_»õ¿ìººÀ½¹ä_Q4_00036.JPG	train	train	»õ¿ìººÀ½¹ä	3	»õ¿ìººÀ½¹ä	Q4	3	1	side	400	634.52	400	634.52
side_ººÀ½¹ä·ù_»ç°¢¹è´Þ_»õ¿ìººÀ½¹ä_Q4_00037.JPG	train	train	»õ¿ìººÀ½¹ä	3	»õ¿ìººÀ½¹ä	Q4	3	1	side	400	634.52	400	634.52
side_ººÀ½¹ä·ù_»ç°¢¹è´Þ_»õ¿ìººÀ½¹ä_Q4_00038.JPG	train	train	»õ¿ìººÀ½¹ä	3	»õ¿ìººÀ½¹ä	Q4	3	1	side	400	634.52	400	634.52
side_ººÀ½¹ä·ù_»ç°¢¹è´Þ_»õ¿ìººÀ½¹ä_Q4_00039.JPG	train	train	»õ¿ìººÀ½¹ä	3	»õ¿ìººÀ½¹ä	Q4	3	1	side	400	634.52	400	634.52
side_ººÀ½¹ä·ù_»ç°¢¹è´Þ_»õ¿ìººÀ½¹ä_Q4_00040.JPG	train	train	»õ¿ìººÀ½¹ä	3	»õ¿ìººÀ½¹ä	Q4	3	1	side	400	634.52	400	634.52
side_ººÀ½¹ä·ù_»ç°¢¹è´Þ_»õ¿ìººÀ½¹ä_Q4_00041.JPG	train	train	»õ¿ìººÀ½¹ä	3	»õ¿ìººÀ½¹ä	Q4	3	1	side	400	634.52	400	634.52
side_ººÀ½¹ä·ù_»ç°¢¹è´Þ_»õ¿ìººÀ½¹ä_Q4_00042.JPG	train	train	»õ¿ìººÀ½¹ä	3	»õ¿ìººÀ½¹ä	Q4	3	1	side	400	634.52	400	634.52
side_ººÀ½¹ä·ù_»ç°¢¹è´Þ_»õ¿ìººÀ½¹ä_Q4_00043.JPG	train	train	»õ¿ìººÀ½¹ä	3	»õ¿ìººÀ½¹ä	Q4	3	1	side	400	634.52	400	634.52
side_ººÀ½¹ä·ù_»ç°¢¹è´Þ_»õ¿ìººÀ½¹ä_Q4_00044.JPG	train	train	»õ¿ìººÀ½¹ä	3	»õ¿ìººÀ½¹ä	Q4	3	1	side	400	634.52	400	634.52
side_ººÀ½¹ä·ù_»ç°¢¹è´Þ_»õ¿ìººÀ½¹ä_Q4_00045.JPG	train	train	»õ¿ìººÀ½¹ä	3	»õ¿ìººÀ½¹ä	Q4	3	1	side	400	634.52	400	634.52
side_ººÀ½¹ä·ù_»ç°¢¹è´Þ_»õ¿ìººÀ½¹ä_Q4_00046.JPG	train	train	»õ¿ìººÀ½¹ä	3	»õ¿ìººÀ½¹ä	Q4	3	1	side	400	634.52	400	634.52
side_ººÀ½¹ä·ù_»ç°¢¹è´Þ_»õ¿ìººÀ½¹ä_Q4_00047.JPG	train	train	»õ¿ìººÀ½¹ä	3	»õ¿ìººÀ½¹ä	Q4	3	1	side	400	634.52	400	634.52
side_ººÀ½¹ä·ù_»ç°¢¹è´Þ_»õ¿ìººÀ½¹ä_Q4_00048.JPG	train	train	»õ¿ìººÀ½¹ä	3	»õ¿ìººÀ½¹ä	Q4	3	1	side	400	634.52	400	634.52
side_ººÀ½¹ä·ù_»ç°¢¹è´Þ_»õ¿ìººÀ½¹ä_Q4_00049.JPG	train	train	»õ¿ìººÀ½¹ä	3	»õ¿ìººÀ½¹ä	Q4	3	1	side	400	634.52	400	634.52
side_ººÀ½¹ä·ù_»ç°¢¹è´Þ_»õ¿ìººÀ½¹ä_Q4_00051.JPG	train	train	»õ¿ìººÀ½¹ä	3	»õ¿ìººÀ½¹ä	Q4	3	1	side	400	634.52	400	634.52
side_ººÀ½¹ä·ù_»ç°¢¹è´Þ_»õ¿ìººÀ½¹ä_Q4_00052.JPG	train	train	»õ¿ìººÀ½¹ä	3	»õ¿ìººÀ½¹ä	Q4	3	1	side	400	634.52	400	634.52
side_ººÀ½¹ä·ù_»ç°¢¹è´Þ_»õ¿ìººÀ½¹ä_Q4_00053.JPG	train	train	»õ¿ìººÀ½¹ä	3	»õ¿ìººÀ½¹ä	Q4	3	1	side	400	634.52	400	634.52
side_ººÀ½¹ä·ù_»ç°¢¹è´Þ_»õ¿ìººÀ½¹ä_Q4_00054.JPG	train	train	»õ¿ìººÀ½¹ä	3	»õ¿ìººÀ½¹ä	Q4	3	1	side	400	634.52	400	634.52
side_ººÀ½¹ä·ù_»ç°¢¹è´Þ_»õ¿ìººÀ½¹ä_Q4_00055.JPG	train	train	»õ¿ìººÀ½¹ä	3	»õ¿ìººÀ½¹ä	Q4	3	1	side	400	634.52	400	634.52
top_ººÀ½¹ä·ù_»ç°¢¹è´Þ_»õ¿ìººÀ½¹ä_Q4_00001.JPG	train	train	»õ¿ìººÀ½¹ä	3	»õ¿ìººÀ½¹ä	Q4	3	1	top	400	634.52	400	634.52
top_ººÀ½¹ä·ù_»ç°¢¹è´Þ_»õ¿ìººÀ½¹ä_Q4_00002.JPG	train	train	»õ¿ìººÀ½¹ä	3	»õ¿ìººÀ½¹ä	Q4	3	1	top	400	634.52	400	634.52
top_ººÀ½¹ä·ù_»ç°¢¹è´Þ_»õ¿ìººÀ½¹ä_Q4_00003.JPG	train	train	»õ¿ìººÀ½¹ä	3	»õ¿ìººÀ½¹ä	Q4	3	1	top	400	634.52	400	634.52
top_ººÀ½¹ä·ù_»ç°¢¹è´Þ_»õ¿ìººÀ½¹ä_Q4_00004.JPG	train	train	»õ¿ìººÀ½¹ä	3	»õ¿ìººÀ½¹ä	Q4	3	1	top	400	634.52	400	634.52
top_ººÀ½¹ä·ù_»ç°¢¹è´Þ_»õ¿ìººÀ½¹ä_Q4_00005.JPG	train	train	»õ¿ìººÀ½¹ä	3	»õ¿ìººÀ½¹ä	Q4	3	1	top	400	634.52	400	634.52
top_ººÀ½¹ä·ù_»ç°¢¹è´Þ_»õ¿ìººÀ½¹ä_Q4_00006.JPG	train	train	»õ¿ìººÀ½¹ä	3	»õ¿ìººÀ½¹ä	Q4	3	1	top	400	634.52	400	634.52
top_ººÀ½¹ä·ù_»ç°¢¹è´Þ_»õ¿ìººÀ½¹ä_Q4_00007.JPG	train	train	»õ¿ìººÀ½¹ä	3	»õ¿ìººÀ½¹ä	Q4	3	1	top	400	634.52	400	634.52
top_ººÀ½¹ä·ù_»ç°¢¹è´Þ_»õ¿ìººÀ½¹ä_Q4_00009.JPG	train	train	»õ¿ìººÀ½¹ä	3	»õ¿ìººÀ½¹ä	Q4	3	1	top	400	634.52	400	634.52
top_ººÀ½¹ä·ù_»ç°¢¹è´Þ_»õ¿ìººÀ½¹ä_Q4_00011.JPG	train	train	»õ¿ìººÀ½¹ä	3	»õ¿ìººÀ½¹ä	Q4	3	1	top	400	634.52	400	634.52
top_ººÀ½¹ä·ù_»ç°¢¹è´Þ_»õ¿ìººÀ½¹ä_Q4_00012.JPG	train	train	»õ¿ìººÀ½¹ä	3	»õ¿ìººÀ½¹ä	Q4	3	1	top	400	634.52	400	634.52
top_ººÀ½¹ä·ù_»ç°¢¹è´Þ_»õ¿ìººÀ½¹ä_Q4_00013.JPG	train	train	»õ¿ìººÀ½¹ä	3	»õ¿ìººÀ½¹ä	Q4	3	1	top	400	634.52	400	634.52
top_ººÀ½¹ä·ù_»ç°¢¹è´Þ_»õ¿ìººÀ½¹ä_Q4_00014.JPG	train	train	»õ¿ìººÀ½¹ä	3	»õ¿ìººÀ½¹ä	Q4	3	1	top	400	634.52	400	634.52
top_ººÀ½¹ä·ù_»ç°¢¹è´Þ_»õ¿ìººÀ½¹ä_Q4_00015.JPG	train	train	»õ¿ìººÀ½¹ä	3	»õ¿ìººÀ½¹ä	Q4	3	1	top	400	634.52	400	634.52
top_ººÀ½¹ä·ù_»ç°¢¹è´Þ_»õ¿ìººÀ½¹ä_Q4_00017.JPG	train	train	»õ¿ìººÀ½¹ä	3	»õ¿ìººÀ½¹ä	Q4	3	1	top	400	634.52	400	634.52
top_ººÀ½¹ä·ù_»ç°¢¹è´Þ_»õ¿ìººÀ½¹ä_Q4_00020.JPG	train	train	»õ¿ìººÀ½¹ä	3	»õ¿ìººÀ½¹ä	Q4	3	1	top	400	634.52	400	634.52
top_ººÀ½¹ä·ù_»ç°¢¹è´Þ_»õ¿ìººÀ½¹ä_Q4_00021.JPG	train	train	»õ¿ìººÀ½¹ä	3	»õ¿ìººÀ½¹ä	Q4	3	1	top	400	634.52	400	634.52
top_ººÀ½¹ä·ù_»ç°¢¹è´Þ_»õ¿ìººÀ½¹ä_Q4_00023.JPG	train	train	»õ¿ìººÀ½¹ä	3	»õ¿ìººÀ½¹ä	Q4	3	1	top	400	634.52	400	634.52
top_ººÀ½¹ä·ù_»ç°¢¹è´Þ_»õ¿ìººÀ½¹ä_Q4_00025.JPG	train	train	»õ¿ìººÀ½¹ä	3	»õ¿ìººÀ½¹ä	Q4	3	1	top	400	634.52	400	634.52
top_ººÀ½¹ä·ù_»ç°¢¹è´Þ_»õ¿ìººÀ½¹ä_Q4_00026.JPG	train	train	»õ¿ìººÀ½¹ä	3	»õ¿ìººÀ½¹ä	Q4	3	1	top	400	634.52	400	634.52
top_ººÀ½¹ä·ù_»ç°¢¹è´Þ_»õ¿ìººÀ½¹ä_Q4_00027.JPG	train	train	»õ¿ìººÀ½¹ä	3	»õ¿ìººÀ½¹ä	Q4	3	1	top	400	634.52	400	634.52
top_ººÀ½¹ä·ù_»ç°¢¹è´Þ_»õ¿ìººÀ½¹ä_Q4_00028.JPG	train	train	»õ¿ìººÀ½¹ä	3	»õ¿ìººÀ½¹ä	Q4	3	1	top	400	634.52	400	634.52
top_ººÀ½¹ä·ù_»ç°¢¹è´Þ_»õ¿ìººÀ½¹ä_Q4_00029.JPG	train	train	»õ¿ìººÀ½¹ä	3	»õ¿ìººÀ½¹ä	Q4	3	1	top	400	634.52	400	634.52
top_ººÀ½¹ä·ù_»ç°¢¹è´Þ_»õ¿ìººÀ½¹ä_Q4_00030.JPG	train	train	»õ¿ìººÀ½¹ä	3	»õ¿ìººÀ½¹ä	Q4	3	1	top	400	634.52	400	634.52
top_ººÀ½¹ä·ù_»ç°¢¹è´Þ_»õ¿ìººÀ½¹ä_Q4_00033.JPG	train	train	»õ¿ìººÀ½¹ä	3	»õ¿ìººÀ½¹ä	Q4	3	1	top	400	634.52	400	634.52
top_ººÀ½¹ä·ù_»ç°¢¹è´Þ_»õ¿ìººÀ½¹ä_Q4_00034.JPG	train	train	»õ¿ìººÀ½¹ä	3	»õ¿ìººÀ½¹ä	Q4	3	1	top	400	634.52	400	634.52
top_ººÀ½¹ä·ù_»ç°¢¹è´Þ_»õ¿ìººÀ½¹ä_Q4_00035.JPG	train	train	»õ¿ìººÀ½¹ä	3	»õ¿ìººÀ½¹ä	Q4	3	1	top	400	634.52	400	634.52
top_ººÀ½¹ä·ù_»ç°¢¹è´Þ_»õ¿ìººÀ½¹ä_Q4_00036.JPG	train	train	»õ¿ìººÀ½¹ä	3	»õ¿ìººÀ½¹ä	Q4	3	1	top	400	634.52	400	634.52
top_ººÀ½¹ä·ù_»ç°¢¹è´Þ_»õ¿ìººÀ½¹ä_Q4_00037.JPG	train	train	»õ¿ìººÀ½¹ä	3	»õ¿ìººÀ½¹ä	Q4	3	1	top	400	634.52	400	634.52
top_ººÀ½¹ä·ù_»ç°¢¹è´Þ_»õ¿ìººÀ½¹ä_Q4_00038.JPG	train	train	»õ¿ìººÀ½¹ä	3	»õ¿ìººÀ½¹ä	Q4	3	1	top	400	634.52	400	634.52
top_ººÀ½¹ä·ù_»ç°¢¹è´Þ_»õ¿ìººÀ½¹ä_Q4_00039.JPG	train	train	»õ¿ìººÀ½¹ä	3	»õ¿ìººÀ½¹ä	Q4	3	1	top	400	634.52	400	634.52
top_ººÀ½¹ä·ù_»ç°¢¹è´Þ_»õ¿ìººÀ½¹ä_Q4_00041.JPG	train	train	»õ¿ìººÀ½¹ä	3	»õ¿ìººÀ½¹ä	Q4	3	1	top	400	634.52	400	634.52
top_ººÀ½¹ä·ù_»ç°¢¹è´Þ_»õ¿ìººÀ½¹ä_Q4_00042.JPG	train	train	»õ¿ìººÀ½¹ä	3	»õ¿ìººÀ½¹ä	Q4	3	1	top	400	634.52	400	634.52
top_ººÀ½¹ä·ù_»ç°¢¹è´Þ_»õ¿ìººÀ½¹ä_Q4_00043.JPG	train	train	»õ¿ìººÀ½¹ä	3	»õ¿ìººÀ½¹ä	Q4	3	1	top	400	634.52	400	634.52
top_ººÀ½¹ä·ù_»ç°¢¹è´Þ_»õ¿ìººÀ½¹ä_Q4_00044.JPG	train	train	»õ¿ìººÀ½¹ä	3	»õ¿ìººÀ½¹ä	Q4	3	1	top	400	634.52	400	634.52
top_ººÀ½¹ä·ù_»ç°¢¹è´Þ_»õ¿ìººÀ½¹ä_Q4_00045.JPG	train	train	»õ¿ìººÀ½¹ä	3	»õ¿ìººÀ½¹ä	Q4	3	1	top	400	634.52	400	634.52
top_ººÀ½¹ä·ù_»ç°¢¹è´Þ_»õ¿ìººÀ½¹ä_Q4_00046.JPG	train	train	»õ¿ìººÀ½¹ä	3	»õ¿ìººÀ½¹ä	Q4	3	1	top	400	634.52	400	634.52
top_ººÀ½¹ä·ù_»ç°¢¹è´Þ_»õ¿ìººÀ½¹ä_Q4_00048.JPG	train	train	»õ¿ìººÀ½¹ä	3	»õ¿ìººÀ½¹ä	Q4	3	1	top	400	634.52	400	634.52
top_ººÀ½¹ä·ù_»ç°¢¹è´Þ_»õ¿ìººÀ½¹ä_Q4_00049.JPG	train	train	»õ¿ìººÀ½¹ä	3	»õ¿ìººÀ½¹ä	Q4	3	1	top	400	634.52	400	634.52
top_ººÀ½¹ä·ù_»ç°¢¹è´Þ_»õ¿ìººÀ½¹ä_Q4_00050.JPG	train	train	»õ¿ìººÀ½¹ä	3	»õ¿ìººÀ½¹ä	Q4	3	1	top	400	634.52	400	634.52
top_ººÀ½¹ä·ù_»ç°¢¹è´Þ_»õ¿ìººÀ½¹ä_Q4_00051.JPG	train	train	»õ¿ìººÀ½¹ä	3	»õ¿ìººÀ½¹ä	Q4	3	1	top	400	634.52	400	634.52
top_ººÀ½¹ä·ù_»ç°¢¹è´Þ_»õ¿ìººÀ½¹ä_Q4_00052.JPG	train	train	»õ¿ìººÀ½¹ä	3	»õ¿ìººÀ½¹ä	Q4	3	1	top	400	634.52	400	634.52
top_ººÀ½¹ä·ù_»ç°¢¹è´Þ_»õ¿ìººÀ½¹ä_Q4_00053.JPG	train	train	»õ¿ìººÀ½¹ä	3	»õ¿ìººÀ½¹ä	Q4	3	1	top	400	634.52	400	634.52
side_ººÀ½¹ä·ù_»ç°¢¹è´Þ_»õ¿ìººÀ½¹ä_Q5_00001.JPG	train	train	»õ¿ìººÀ½¹ä	3	»õ¿ìººÀ½¹ä	Q5	4	1.25	side	400	634.52	500	793.15
side_ººÀ½¹ä·ù_»ç°¢¹è´Þ_»õ¿ìººÀ½¹ä_Q5_00002.JPG	train	train	»õ¿ìººÀ½¹ä	3	»õ¿ìººÀ½¹ä	Q5	4	1.25	side	400	634.52	500	793.15
side_ººÀ½¹ä·ù_»ç°¢¹è´Þ_»õ¿ìººÀ½¹ä_Q5_00003.JPG	train	train	»õ¿ìººÀ½¹ä	3	»õ¿ìººÀ½¹ä	Q5	4	1.25	side	400	634.52	500	793.15
side_ººÀ½¹ä·ù_»ç°¢¹è´Þ_»õ¿ìººÀ½¹ä_Q5_00004.JPG	train	train	»õ¿ìººÀ½¹ä	3	»õ¿ìººÀ½¹ä	Q5	4	1.25	side	400	634.52	500	793.15
side_ººÀ½¹ä·ù_»ç°¢¹è´Þ_»õ¿ìººÀ½¹ä_Q5_00005.JPG	train	train	»õ¿ìººÀ½¹ä	3	»õ¿ìººÀ½¹ä	Q5	4	1.25	side	400	634.52	500	793.15
side_ººÀ½¹ä·ù_»ç°¢¹è´Þ_»õ¿ìººÀ½¹ä_Q5_00006.JPG	train	train	»õ¿ìººÀ½¹ä	3	»õ¿ìººÀ½¹ä	Q5	4	1.25	side	400	634.52	500	793.15
side_ººÀ½¹ä·ù_»ç°¢¹è´Þ_»õ¿ìººÀ½¹ä_Q5_00008.JPG	train	train	»õ¿ìººÀ½¹ä	3	»õ¿ìººÀ½¹ä	Q5	4	1.25	side	400	634.52	500	793.15
side_ººÀ½¹ä·ù_»ç°¢¹è´Þ_»õ¿ìººÀ½¹ä_Q5_00009.JPG	train	train	»õ¿ìººÀ½¹ä	3	»õ¿ìººÀ½¹ä	Q5	4	1.25	side	400	634.52	500	793.15
side_ººÀ½¹ä·ù_»ç°¢¹è´Þ_»õ¿ìººÀ½¹ä_Q5_00011.JPG	train	train	»õ¿ìººÀ½¹ä	3	»õ¿ìººÀ½¹ä	Q5	4	1.25	side	400	634.52	500	793.15
side_ººÀ½¹ä·ù_»ç°¢¹è´Þ_»õ¿ìººÀ½¹ä_Q5_00013.JPG	train	train	»õ¿ìººÀ½¹ä	3	»õ¿ìººÀ½¹ä	Q5	4	1.25	side	400	634.52	500	793.15
side_ººÀ½¹ä·ù_»ç°¢¹è´Þ_»õ¿ìººÀ½¹ä_Q5_00014.JPG	train	train	»õ¿ìººÀ½¹ä	3	»õ¿ìººÀ½¹ä	Q5	4	1.25	side	400	634.52	500	793.15
side_ººÀ½¹ä·ù_»ç°¢¹è´Þ_»õ¿ìººÀ½¹ä_Q5_00015.JPG	train	train	»õ¿ìººÀ½¹ä	3	»õ¿ìººÀ½¹ä	Q5	4	1.25	side	400	634.52	500	793.15
side_ººÀ½¹ä·ù_»ç°¢¹è´Þ_»õ¿ìººÀ½¹ä_Q5_00016.JPG	train	train	»õ¿ìººÀ½¹ä	3	»õ¿ìººÀ½¹ä	Q5	4	1.25	side	400	634.52	500	793.15
side_ººÀ½¹ä·ù_»ç°¢¹è´Þ_»õ¿ìººÀ½¹ä_Q5_00017.JPG	train	train	»õ¿ìººÀ½¹ä	3	»õ¿ìººÀ½¹ä	Q5	4	1.25	side	400	634.52	500	793.15
side_ººÀ½¹ä·ù_»ç°¢¹è´Þ_»õ¿ìººÀ½¹ä_Q5_00018.JPG	train	train	»õ¿ìººÀ½¹ä	3	»õ¿ìººÀ½¹ä	Q5	4	1.25	side	400	634.52	500	793.15
side_ººÀ½¹ä·ù_»ç°¢¹è´Þ_»õ¿ìººÀ½¹ä_Q5_00019.JPG	train	train	»õ¿ìººÀ½¹ä	3	»õ¿ìººÀ½¹ä	Q5	4	1.25	side	400	634.52	500	793.15
side_ººÀ½¹ä·ù_»ç°¢¹è´Þ_»õ¿ìººÀ½¹ä_Q5_00020.JPG	train	train	»õ¿ìººÀ½¹ä	3	»õ¿ìººÀ½¹ä	Q5	4	1.25	side	400	634.52	500	793.15
side_ººÀ½¹ä·ù_»ç°¢¹è´Þ_»õ¿ìººÀ½¹ä_Q5_00021.JPG	train	train	»õ¿ìººÀ½¹ä	3	»õ¿ìººÀ½¹ä	Q5	4	1.25	side	400	634.52	500	793.15
side_ººÀ½¹ä·ù_»ç°¢¹è´Þ_»õ¿ìººÀ½¹ä_Q5_00022.JPG	train	train	»õ¿ìººÀ½¹ä	3	»õ¿ìººÀ½¹ä	Q5	4	1.25	side	400	634.52	500	793.15
side_ººÀ½¹ä·ù_»ç°¢¹è´Þ_»õ¿ìººÀ½¹ä_Q5_00023.JPG	train	train	»õ¿ìººÀ½¹ä	3	»õ¿ìººÀ½¹ä	Q5	4	1.25	side	400	634.52	500	793.15
side_ººÀ½¹ä·ù_»ç°¢¹è´Þ_»õ¿ìººÀ½¹ä_Q5_00025.JPG	train	train	»õ¿ìººÀ½¹ä	3	»õ¿ìººÀ½¹ä	Q5	4	1.25	side	400	634.52	500	793.15
side_ººÀ½¹ä·ù_»ç°¢¹è´Þ_»õ¿ìººÀ½¹ä_Q5_00026.JPG	train	train	»õ¿ìººÀ½¹ä	3	»õ¿ìººÀ½¹ä	Q5	4	1.25	side	400	634.52	500	793.15
side_ººÀ½¹ä·ù_»ç°¢¹è´Þ_»õ¿ìººÀ½¹ä_Q5_00028.JPG	train	train	»õ¿ìººÀ½¹ä	3	»õ¿ìººÀ½¹ä	Q5	4	1.25	side	400	634.52	500	793.15
side_ººÀ½¹ä·ù_»ç°¢¹è´Þ_»õ¿ìººÀ½¹ä_Q5_00029.JPG	train	train	»õ¿ìººÀ½¹ä	3	»õ¿ìººÀ½¹ä	Q5	4	1.25	side	400	634.52	500	793.15
side_ººÀ½¹ä·ù_»ç°¢¹è´Þ_»õ¿ìººÀ½¹ä_Q5_00030.JPG	train	train	»õ¿ìººÀ½¹ä	3	»õ¿ìººÀ½¹ä	Q5	4	1.25	side	400	634.52	500	793.15
side_ººÀ½¹ä·ù_»ç°¢¹è´Þ_»õ¿ìººÀ½¹ä_Q5_00031.JPG	train	train	»õ¿ìººÀ½¹ä	3	»õ¿ìººÀ½¹ä	Q5	4	1.25	side	400	634.52	500	793.15
side_ººÀ½¹ä·ù_»ç°¢¹è´Þ_»õ¿ìººÀ½¹ä_Q5_00033.JPG	train	train	»õ¿ìººÀ½¹ä	3	»õ¿ìººÀ½¹ä	Q5	4	1.25	side	400	634.52	500	793.15
side_ººÀ½¹ä·ù_»ç°¢¹è´Þ_»õ¿ìººÀ½¹ä_Q5_00034.JPG	train	train	»õ¿ìººÀ½¹ä	3	»õ¿ìººÀ½¹ä	Q5	4	1.25	side	400	634.52	500	793.15
side_ººÀ½¹ä·ù_»ç°¢¹è´Þ_»õ¿ìººÀ½¹ä_Q5_00035.JPG	train	train	»õ¿ìººÀ½¹ä	3	»õ¿ìººÀ½¹ä	Q5	4	1.25	side	400	634.52	500	793.15
side_ººÀ½¹ä·ù_»ç°¢¹è´Þ_»õ¿ìººÀ½¹ä_Q5_00036.JPG	train	train	»õ¿ìººÀ½¹ä	3	»õ¿ìººÀ½¹ä	Q5	4	1.25	side	400	634.52	500	793.15
side_ººÀ½¹ä·ù_»ç°¢¹è´Þ_»õ¿ìººÀ½¹ä_Q5_00038.JPG	train	train	»õ¿ìººÀ½¹ä	3	»õ¿ìººÀ½¹ä	Q5	4	1.25	side	400	634.52	500	793.15
side_ººÀ½¹ä·ù_»ç°¢¹è´Þ_»õ¿ìººÀ½¹ä_Q5_00039.JPG	train	train	»õ¿ìººÀ½¹ä	3	»õ¿ìººÀ½¹ä	Q5	4	1.25	side	400	634.52	500	793.15
side_ººÀ½¹ä·ù_»ç°¢¹è´Þ_»õ¿ìººÀ½¹ä_Q5_00041.JPG	train	train	»õ¿ìººÀ½¹ä	3	»õ¿ìººÀ½¹ä	Q5	4	1.25	side	400	634.52	500	793.15
side_ººÀ½¹ä·ù_»ç°¢¹è´Þ_»õ¿ìººÀ½¹ä_Q5_00043.JPG	train	train	»õ¿ìººÀ½¹ä	3	»õ¿ìººÀ½¹ä	Q5	4	1.25	side	400	634.52	500	793.15
side_ººÀ½¹ä·ù_»ç°¢¹è´Þ_»õ¿ìººÀ½¹ä_Q5_00045.JPG	train	train	»õ¿ìººÀ½¹ä	3	»õ¿ìººÀ½¹ä	Q5	4	1.25	side	400	634.52	500	793.15
side_ººÀ½¹ä·ù_»ç°¢¹è´Þ_»õ¿ìººÀ½¹ä_Q5_00046.JPG	train	train	»õ¿ìººÀ½¹ä	3	»õ¿ìººÀ½¹ä	Q5	4	1.25	side	400	634.52	500	793.15
side_ººÀ½¹ä·ù_»ç°¢¹è´Þ_»õ¿ìººÀ½¹ä_Q5_00047.JPG	train	train	»õ¿ìººÀ½¹ä	3	»õ¿ìººÀ½¹ä	Q5	4	1.25	side	400	634.52	500	793.15
side_ººÀ½¹ä·ù_»ç°¢¹è´Þ_»õ¿ìººÀ½¹ä_Q5_00048.JPG	train	train	»õ¿ìººÀ½¹ä	3	»õ¿ìººÀ½¹ä	Q5	4	1.25	side	400	634.52	500	793.15
side_ººÀ½¹ä·ù_»ç°¢¹è´Þ_»õ¿ìººÀ½¹ä_Q5_00049.JPG	train	train	»õ¿ìººÀ½¹ä	3	»õ¿ìººÀ½¹ä	Q5	4	1.25	side	400	634.52	500	793.15
side_ººÀ½¹ä·ù_»ç°¢¹è´Þ_»õ¿ìººÀ½¹ä_Q5_00050.JPG	train	train	»õ¿ìººÀ½¹ä	3	»õ¿ìººÀ½¹ä	Q5	4	1.25	side	400	634.52	500	793.15
side_ººÀ½¹ä·ù_»ç°¢¹è´Þ_»õ¿ìººÀ½¹ä_Q5_00051.JPG	train	train	»õ¿ìººÀ½¹ä	3	»õ¿ìººÀ½¹ä	Q5	4	1.25	side	400	634.52	500	793.15
side_ººÀ½¹ä·ù_»ç°¢¹è´Þ_»õ¿ìººÀ½¹ä_Q5_00052.JPG	train	train	»õ¿ìººÀ½¹ä	3	»õ¿ìººÀ½¹ä	Q5	4	1.25	side	400	634.52	500	793.15
side_ººÀ½¹ä·ù_»ç°¢¹è´Þ_»õ¿ìººÀ½¹ä_Q5_00053.JPG	train	train	»õ¿ìººÀ½¹ä	3	»õ¿ìººÀ½¹ä	Q5	4	1.25	side	400	634.52	500	793.15
top_ººÀ½¹ä·ù_»ç°¢¹è´Þ_»õ¿ìººÀ½¹ä_Q5_00001.JPG	train	train	»õ¿ìººÀ½¹ä	3	»õ¿ìººÀ½¹ä	Q5	4	1.25	top	400	634.52	500	793.15
top_ººÀ½¹ä·ù_»ç°¢¹è´Þ_»õ¿ìººÀ½¹ä_Q5_00002.JPG	train	train	»õ¿ìººÀ½¹ä	3	»õ¿ìººÀ½¹ä	Q5	4	1.25	top	400	634.52	500	793.15
top_ººÀ½¹ä·ù_»ç°¢¹è´Þ_»õ¿ìººÀ½¹ä_Q5_00003.JPG	train	train	»õ¿ìººÀ½¹ä	3	»õ¿ìººÀ½¹ä	Q5	4	1.25	top	400	634.52	500	793.15
top_ººÀ½¹ä·ù_»ç°¢¹è´Þ_»õ¿ìººÀ½¹ä_Q5_00004.JPG	train	train	»õ¿ìººÀ½¹ä	3	»õ¿ìººÀ½¹ä	Q5	4	1.25	top	400	634.52	500	793.15
top_ººÀ½¹ä·ù_»ç°¢¹è´Þ_»õ¿ìººÀ½¹ä_Q5_00006.JPG	train	train	»õ¿ìººÀ½¹ä	3	»õ¿ìººÀ½¹ä	Q5	4	1.25	top	400	634.52	500	793.15
top_ººÀ½¹ä·ù_»ç°¢¹è´Þ_»õ¿ìººÀ½¹ä_Q5_00007.JPG	train	train	»õ¿ìººÀ½¹ä	3	»õ¿ìººÀ½¹ä	Q5	4	1.25	top	400	634.52	500	793.15
top_ººÀ½¹ä·ù_»ç°¢¹è´Þ_»õ¿ìººÀ½¹ä_Q5_00009.JPG	train	train	»õ¿ìººÀ½¹ä	3	»õ¿ìººÀ½¹ä	Q5	4	1.25	top	400	634.52	500	793.15
top_ººÀ½¹ä·ù_»ç°¢¹è´Þ_»õ¿ìººÀ½¹ä_Q5_00010.JPG	train	train	»õ¿ìººÀ½¹ä	3	»õ¿ìººÀ½¹ä	Q5	4	1.25	top	400	634.52	500	793.15
top_ººÀ½¹ä·ù_»ç°¢¹è´Þ_»õ¿ìººÀ½¹ä_Q5_00011.JPG	train	train	»õ¿ìººÀ½¹ä	3	»õ¿ìººÀ½¹ä	Q5	4	1.25	top	400	634.52	500	793.15
top_ººÀ½¹ä·ù_»ç°¢¹è´Þ_»õ¿ìººÀ½¹ä_Q5_00012.JPG	train	train	»õ¿ìººÀ½¹ä	3	»õ¿ìººÀ½¹ä	Q5	4	1.25	top	400	634.52	500	793.15
top_ººÀ½¹ä·ù_»ç°¢¹è´Þ_»õ¿ìººÀ½¹ä_Q5_00013.JPG	train	train	»õ¿ìººÀ½¹ä	3	»õ¿ìººÀ½¹ä	Q5	4	1.25	top	400	634.52	500	793.15
top_ººÀ½¹ä·ù_»ç°¢¹è´Þ_»õ¿ìººÀ½¹ä_Q5_00015.JPG	train	train	»õ¿ìººÀ½¹ä	3	»õ¿ìººÀ½¹ä	Q5	4	1.25	top	400	634.52	500	793.15
top_ººÀ½¹ä·ù_»ç°¢¹è´Þ_»õ¿ìººÀ½¹ä_Q5_00017.JPG	train	train	»õ¿ìººÀ½¹ä	3	»õ¿ìººÀ½¹ä	Q5	4	1.25	top	400	634.52	500	793.15
top_ººÀ½¹ä·ù_»ç°¢¹è´Þ_»õ¿ìººÀ½¹ä_Q5_00018.JPG	train	train	»õ¿ìººÀ½¹ä	3	»õ¿ìººÀ½¹ä	Q5	4	1.25	top	400	634.52	500	793.15
top_ººÀ½¹ä·ù_»ç°¢¹è´Þ_»õ¿ìººÀ½¹ä_Q5_00019.JPG	train	train	»õ¿ìººÀ½¹ä	3	»õ¿ìººÀ½¹ä	Q5	4	1.25	top	400	634.52	500	793.15
top_ººÀ½¹ä·ù_»ç°¢¹è´Þ_»õ¿ìººÀ½¹ä_Q5_00021.JPG	train	train	»õ¿ìººÀ½¹ä	3	»õ¿ìººÀ½¹ä	Q5	4	1.25	top	400	634.52	500	793.15
top_ººÀ½¹ä·ù_»ç°¢¹è´Þ_»õ¿ìººÀ½¹ä_Q5_00022.JPG	train	train	»õ¿ìººÀ½¹ä	3	»õ¿ìººÀ½¹ä	Q5	4	1.25	top	400	634.52	500	793.15
top_ººÀ½¹ä·ù_»ç°¢¹è´Þ_»õ¿ìººÀ½¹ä_Q5_00023.JPG	train	train	»õ¿ìººÀ½¹ä	3	»õ¿ìººÀ½¹ä	Q5	4	1.25	top	400	634.52	500	793.15
top_ººÀ½¹ä·ù_»ç°¢¹è´Þ_»õ¿ìººÀ½¹ä_Q5_00024.JPG	train	train	»õ¿ìººÀ½¹ä	3	»õ¿ìººÀ½¹ä	Q5	4	1.25	top	400	634.52	500	793.15
top_ººÀ½¹ä·ù_»ç°¢¹è´Þ_»õ¿ìººÀ½¹ä_Q5_00025.JPG	train	train	»õ¿ìººÀ½¹ä	3	»õ¿ìººÀ½¹ä	Q5	4	1.25	top	400	634.52	500	793.15
top_ººÀ½¹ä·ù_»ç°¢¹è´Þ_»õ¿ìººÀ½¹ä_Q5_00026.JPG	train	train	»õ¿ìººÀ½¹ä	3	»õ¿ìººÀ½¹ä	Q5	4	1.25	top	400	634.52	500	793.15
top_ººÀ½¹ä·ù_»ç°¢¹è´Þ_»õ¿ìººÀ½¹ä_Q5_00029.JPG	train	train	»õ¿ìººÀ½¹ä	3	»õ¿ìººÀ½¹ä	Q5	4	1.25	top	400	634.52	500	793.15
top_ººÀ½¹ä·ù_»ç°¢¹è´Þ_»õ¿ìººÀ½¹ä_Q5_00030.JPG	train	train	»õ¿ìººÀ½¹ä	3	»õ¿ìººÀ½¹ä	Q5	4	1.25	top	400	634.52	500	793.15
top_ººÀ½¹ä·ù_»ç°¢¹è´Þ_»õ¿ìººÀ½¹ä_Q5_00031.JPG	train	train	»õ¿ìººÀ½¹ä	3	»õ¿ìººÀ½¹ä	Q5	4	1.25	top	400	634.52	500	793.15
top_ººÀ½¹ä·ù_»ç°¢¹è´Þ_»õ¿ìººÀ½¹ä_Q5_00033.JPG	train	train	»õ¿ìººÀ½¹ä	3	»õ¿ìººÀ½¹ä	Q5	4	1.25	top	400	634.52	500	793.15
top_ººÀ½¹ä·ù_»ç°¢¹è´Þ_»õ¿ìººÀ½¹ä_Q5_00034.JPG	train	train	»õ¿ìººÀ½¹ä	3	»õ¿ìººÀ½¹ä	Q5	4	1.25	top	400	634.52	500	793.15
top_ººÀ½¹ä·ù_»ç°¢¹è´Þ_»õ¿ìººÀ½¹ä_Q5_00035.JPG	train	train	»õ¿ìººÀ½¹ä	3	»õ¿ìººÀ½¹ä	Q5	4	1.25	top	400	634.52	500	793.15
top_ººÀ½¹ä·ù_»ç°¢¹è´Þ_»õ¿ìººÀ½¹ä_Q5_00037.JPG	train	train	»õ¿ìººÀ½¹ä	3	»õ¿ìººÀ½¹ä	Q5	4	1.25	top	400	634.52	500	793.15
top_ººÀ½¹ä·ù_»ç°¢¹è´Þ_»õ¿ìººÀ½¹ä_Q5_00038.JPG	train	train	»õ¿ìººÀ½¹ä	3	»õ¿ìººÀ½¹ä	Q5	4	1.25	top	400	634.52	500	793.15
top_ººÀ½¹ä·ù_»ç°¢¹è´Þ_»õ¿ìººÀ½¹ä_Q5_00039.JPG	train	train	»õ¿ìººÀ½¹ä	3	»õ¿ìººÀ½¹ä	Q5	4	1.25	top	400	634.52	500	793.15
top_ººÀ½¹ä·ù_»ç°¢¹è´Þ_»õ¿ìººÀ½¹ä_Q5_00040.JPG	train	train	»õ¿ìººÀ½¹ä	3	»õ¿ìººÀ½¹ä	Q5	4	1.25	top	400	634.52	500	793.15
top_ººÀ½¹ä·ù_»ç°¢¹è´Þ_»õ¿ìººÀ½¹ä_Q5_00041.JPG	train	train	»õ¿ìººÀ½¹ä	3	»õ¿ìººÀ½¹ä	Q5	4	1.25	top	400	634.52	500	793.15
top_ººÀ½¹ä·ù_»ç°¢¹è´Þ_»õ¿ìººÀ½¹ä_Q5_00042.JPG	train	train	»õ¿ìººÀ½¹ä	3	»õ¿ìººÀ½¹ä	Q5	4	1.25	top	400	634.52	500	793.15
top_ººÀ½¹ä·ù_»ç°¢¹è´Þ_»õ¿ìººÀ½¹ä_Q5_00043.JPG	train	train	»õ¿ìººÀ½¹ä	3	»õ¿ìººÀ½¹ä	Q5	4	1.25	top	400	634.52	500	793.15
top_ººÀ½¹ä·ù_»ç°¢¹è´Þ_»õ¿ìººÀ½¹ä_Q5_00044.JPG	train	train	»õ¿ìººÀ½¹ä	3	»õ¿ìººÀ½¹ä	Q5	4	1.25	top	400	634.52	500	793.15
top_ººÀ½¹ä·ù_»ç°¢¹è´Þ_»õ¿ìººÀ½¹ä_Q5_00045.JPG	train	train	»õ¿ìººÀ½¹ä	3	»õ¿ìººÀ½¹ä	Q5	4	1.25	top	400	634.52	500	793.15
top_ººÀ½¹ä·ù_»ç°¢¹è´Þ_»õ¿ìººÀ½¹ä_Q5_00046.JPG	train	train	»õ¿ìººÀ½¹ä	3	»õ¿ìººÀ½¹ä	Q5	4	1.25	top	400	634.52	500	793.15
top_ººÀ½¹ä·ù_»ç°¢¹è´Þ_»õ¿ìººÀ½¹ä_Q5_00047.JPG	train	train	»õ¿ìººÀ½¹ä	3	»õ¿ìººÀ½¹ä	Q5	4	1.25	top	400	634.52	500	793.15
top_ººÀ½¹ä·ù_»ç°¢¹è´Þ_»õ¿ìººÀ½¹ä_Q5_00048.JPG	train	train	»õ¿ìººÀ½¹ä	3	»õ¿ìººÀ½¹ä	Q5	4	1.25	top	400	634.52	500	793.15
top_ººÀ½¹ä·ù_»ç°¢¹è´Þ_»õ¿ìººÀ½¹ä_Q5_00049.JPG	train	train	»õ¿ìººÀ½¹ä	3	»õ¿ìººÀ½¹ä	Q5	4	1.25	top	400	634.52	500	793.15
top_ººÀ½¹ä·ù_»ç°¢¹è´Þ_»õ¿ìººÀ½¹ä_Q5_00050.JPG	train	train	»õ¿ìººÀ½¹ä	3	»õ¿ìººÀ½¹ä	Q5	4	1.25	top	400	634.52	500	793.15
top_ººÀ½¹ä·ù_»ç°¢¹è´Þ_»õ¿ìººÀ½¹ä_Q5_00051.JPG	train	train	»õ¿ìººÀ½¹ä	3	»õ¿ìººÀ½¹ä	Q5	4	1.25	top	400	634.52	500	793.15
top_ººÀ½¹ä·ù_»ç°¢¹è´Þ_»õ¿ìººÀ½¹ä_Q5_00052.JPG	train	train	»õ¿ìººÀ½¹ä	3	»õ¿ìººÀ½¹ä	Q5	4	1.25	top	400	634.52	500	793.15
top_ººÀ½¹ä·ù_»ç°¢¹è´Þ_»õ¿ìººÀ½¹ä_Q5_00054.JPG	train	train	»õ¿ìººÀ½¹ä	3	»õ¿ìººÀ½¹ä	Q5	4	1.25	top	400	634.52	500	793.15
side_ÁÖ¸Ô¹ä±è¹ä·ù_»ç°¢¹è´Þ_¼Ò°í±â±è¹ä_Q1_00001.JPG	train	train	¼Ò°í±â±è¹ä	4	¼Ò°í±â±è¹ä	Q1	0	0.25	side	250	425.666	62.5	106.42
side_ÁÖ¸Ô¹ä±è¹ä·ù_»ç°¢¹è´Þ_¼Ò°í±â±è¹ä_Q1_00002.JPG	train	train	¼Ò°í±â±è¹ä	4	¼Ò°í±â±è¹ä	Q1	0	0.25	side	250	425.666	62.5	106.42
side_ÁÖ¸Ô¹ä±è¹ä·ù_»ç°¢¹è´Þ_¼Ò°í±â±è¹ä_Q1_00003.JPG	train	train	¼Ò°í±â±è¹ä	4	¼Ò°í±â±è¹ä	Q1	0	0.25	side	250	425.666	62.5	106.42
side_ÁÖ¸Ô¹ä±è¹ä·ù_»ç°¢¹è´Þ_¼Ò°í±â±è¹ä_Q1_00004.JPG	train	train	¼Ò°í±â±è¹ä	4	¼Ò°í±â±è¹ä	Q1	0	0.25	side	250	425.666	62.5	106.42
side_ÁÖ¸Ô¹ä±è¹ä·ù_»ç°¢¹è´Þ_¼Ò°í±â±è¹ä_Q1_00005.JPG	train	train	¼Ò°í±â±è¹ä	4	¼Ò°í±â±è¹ä	Q1	0	0.25	side	250	425.666	62.5	106.42
side_ÁÖ¸Ô¹ä±è¹ä·ù_»ç°¢¹è´Þ_¼Ò°í±â±è¹ä_Q1_00006.JPG	train	train	¼Ò°í±â±è¹ä	4	¼Ò°í±â±è¹ä	Q1	0	0.25	side	250	425.666	62.5	106.42
side_ÁÖ¸Ô¹ä±è¹ä·ù_»ç°¢¹è´Þ_¼Ò°í±â±è¹ä_Q1_00007.JPG	train	train	¼Ò°í±â±è¹ä	4	¼Ò°í±â±è¹ä	Q1	0	0.25	side	250	425.666	62.5	106.42
side_ÁÖ¸Ô¹ä±è¹ä·ù_»ç°¢¹è´Þ_¼Ò°í±â±è¹ä_Q1_00008.JPG	train	train	¼Ò°í±â±è¹ä	4	¼Ò°í±â±è¹ä	Q1	0	0.25	side	250	425.666	62.5	106.42
side_ÁÖ¸Ô¹ä±è¹ä·ù_»ç°¢¹è´Þ_¼Ò°í±â±è¹ä_Q1_00009.JPG	train	train	¼Ò°í±â±è¹ä	4	¼Ò°í±â±è¹ä	Q1	0	0.25	side	250	425.666	62.5	106.42
side_ÁÖ¸Ô¹ä±è¹ä·ù_»ç°¢¹è´Þ_¼Ò°í±â±è¹ä_Q1_00010.JPG	train	train	¼Ò°í±â±è¹ä	4	¼Ò°í±â±è¹ä	Q1	0	0.25	side	250	425.666	62.5	106.42
side_ÁÖ¸Ô¹ä±è¹ä·ù_»ç°¢¹è´Þ_¼Ò°í±â±è¹ä_Q1_00011.JPG	train	train	¼Ò°í±â±è¹ä	4	¼Ò°í±â±è¹ä	Q1	0	0.25	side	250	425.666	62.5	106.42
side_ÁÖ¸Ô¹ä±è¹ä·ù_»ç°¢¹è´Þ_¼Ò°í±â±è¹ä_Q1_00012.JPG	train	train	¼Ò°í±â±è¹ä	4	¼Ò°í±â±è¹ä	Q1	0	0.25	side	250	425.666	62.5	106.42
side_ÁÖ¸Ô¹ä±è¹ä·ù_»ç°¢¹è´Þ_¼Ò°í±â±è¹ä_Q1_00013.JPG	train	train	¼Ò°í±â±è¹ä	4	¼Ò°í±â±è¹ä	Q1	0	0.25	side	250	425.666	62.5	106.42
side_ÁÖ¸Ô¹ä±è¹ä·ù_»ç°¢¹è´Þ_¼Ò°í±â±è¹ä_Q1_00014.JPG	train	train	¼Ò°í±â±è¹ä	4	¼Ò°í±â±è¹ä	Q1	0	0.25	side	250	425.666	62.5	106.42
side_ÁÖ¸Ô¹ä±è¹ä·ù_»ç°¢¹è´Þ_¼Ò°í±â±è¹ä_Q1_00015.JPG	train	train	¼Ò°í±â±è¹ä	4	¼Ò°í±â±è¹ä	Q1	0	0.25	side	250	425.666	62.5	106.42
side_ÁÖ¸Ô¹ä±è¹ä·ù_»ç°¢¹è´Þ_¼Ò°í±â±è¹ä_Q1_00016.JPG	train	train	¼Ò°í±â±è¹ä	4	¼Ò°í±â±è¹ä	Q1	0	0.25	side	250	425.666	62.5	106.42
side_ÁÖ¸Ô¹ä±è¹ä·ù_»ç°¢¹è´Þ_¼Ò°í±â±è¹ä_Q1_00017.JPG	train	train	¼Ò°í±â±è¹ä	4	¼Ò°í±â±è¹ä	Q1	0	0.25	side	250	425.666	62.5	106.42
side_ÁÖ¸Ô¹ä±è¹ä·ù_»ç°¢¹è´Þ_¼Ò°í±â±è¹ä_Q1_00018.JPG	train	train	¼Ò°í±â±è¹ä	4	¼Ò°í±â±è¹ä	Q1	0	0.25	side	250	425.666	62.5	106.42
side_ÁÖ¸Ô¹ä±è¹ä·ù_»ç°¢¹è´Þ_¼Ò°í±â±è¹ä_Q1_00020.JPG	train	train	¼Ò°í±â±è¹ä	4	¼Ò°í±â±è¹ä	Q1	0	0.25	side	250	425.666	62.5	106.42
side_ÁÖ¸Ô¹ä±è¹ä·ù_»ç°¢¹è´Þ_¼Ò°í±â±è¹ä_Q1_00021.JPG	train	train	¼Ò°í±â±è¹ä	4	¼Ò°í±â±è¹ä	Q1	0	0.25	side	250	425.666	62.5	106.42
side_ÁÖ¸Ô¹ä±è¹ä·ù_»ç°¢¹è´Þ_¼Ò°í±â±è¹ä_Q1_00023.JPG	train	train	¼Ò°í±â±è¹ä	4	¼Ò°í±â±è¹ä	Q1	0	0.25	side	250	425.666	62.5	106.42
side_ÁÖ¸Ô¹ä±è¹ä·ù_»ç°¢¹è´Þ_¼Ò°í±â±è¹ä_Q1_00024.JPG	train	train	¼Ò°í±â±è¹ä	4	¼Ò°í±â±è¹ä	Q1	0	0.25	side	250	425.666	62.5	106.42
side_ÁÖ¸Ô¹ä±è¹ä·ù_»ç°¢¹è´Þ_¼Ò°í±â±è¹ä_Q1_00025.JPG	train	train	¼Ò°í±â±è¹ä	4	¼Ò°í±â±è¹ä	Q1	0	0.25	side	250	425.666	62.5	106.42
side_ÁÖ¸Ô¹ä±è¹ä·ù_»ç°¢¹è´Þ_¼Ò°í±â±è¹ä_Q1_00026.JPG	train	train	¼Ò°í±â±è¹ä	4	¼Ò°í±â±è¹ä	Q1	0	0.25	side	250	425.666	62.5	106.42
side_ÁÖ¸Ô¹ä±è¹ä·ù_»ç°¢¹è´Þ_¼Ò°í±â±è¹ä_Q1_00027.JPG	train	train	¼Ò°í±â±è¹ä	4	¼Ò°í±â±è¹ä	Q1	0	0.25	side	250	425.666	62.5	106.42
side_ÁÖ¸Ô¹ä±è¹ä·ù_»ç°¢¹è´Þ_¼Ò°í±â±è¹ä_Q1_00029.JPG	train	train	¼Ò°í±â±è¹ä	4	¼Ò°í±â±è¹ä	Q1	0	0.25	side	250	425.666	62.5	106.42
side_ÁÖ¸Ô¹ä±è¹ä·ù_»ç°¢¹è´Þ_¼Ò°í±â±è¹ä_Q1_00031.JPG	train	train	¼Ò°í±â±è¹ä	4	¼Ò°í±â±è¹ä	Q1	0	0.25	side	250	425.666	62.5	106.42
side_ÁÖ¸Ô¹ä±è¹ä·ù_»ç°¢¹è´Þ_¼Ò°í±â±è¹ä_Q1_00033.JPG	train	train	¼Ò°í±â±è¹ä	4	¼Ò°í±â±è¹ä	Q1	0	0.25	side	250	425.666	62.5	106.42
side_ÁÖ¸Ô¹ä±è¹ä·ù_»ç°¢¹è´Þ_¼Ò°í±â±è¹ä_Q1_00034.JPG	train	train	¼Ò°í±â±è¹ä	4	¼Ò°í±â±è¹ä	Q1	0	0.25	side	250	425.666	62.5	106.42
side_ÁÖ¸Ô¹ä±è¹ä·ù_»ç°¢¹è´Þ_¼Ò°í±â±è¹ä_Q1_00035.JPG	train	train	¼Ò°í±â±è¹ä	4	¼Ò°í±â±è¹ä	Q1	0	0.25	side	250	425.666	62.5	106.42
side_ÁÖ¸Ô¹ä±è¹ä·ù_»ç°¢¹è´Þ_¼Ò°í±â±è¹ä_Q1_00036.JPG	train	train	¼Ò°í±â±è¹ä	4	¼Ò°í±â±è¹ä	Q1	0	0.25	side	250	425.666	62.5	106.42
side_ÁÖ¸Ô¹ä±è¹ä·ù_»ç°¢¹è´Þ_¼Ò°í±â±è¹ä_Q1_00038.JPG	train	train	¼Ò°í±â±è¹ä	4	¼Ò°í±â±è¹ä	Q1	0	0.25	side	250	425.666	62.5	106.42
side_ÁÖ¸Ô¹ä±è¹ä·ù_»ç°¢¹è´Þ_¼Ò°í±â±è¹ä_Q1_00039.JPG	train	train	¼Ò°í±â±è¹ä	4	¼Ò°í±â±è¹ä	Q1	0	0.25	side	250	425.666	62.5	106.42
side_ÁÖ¸Ô¹ä±è¹ä·ù_»ç°¢¹è´Þ_¼Ò°í±â±è¹ä_Q1_00040.JPG	train	train	¼Ò°í±â±è¹ä	4	¼Ò°í±â±è¹ä	Q1	0	0.25	side	250	425.666	62.5	106.42
side_ÁÖ¸Ô¹ä±è¹ä·ù_»ç°¢¹è´Þ_¼Ò°í±â±è¹ä_Q1_00042.JPG	train	train	¼Ò°í±â±è¹ä	4	¼Ò°í±â±è¹ä	Q1	0	0.25	side	250	425.666	62.5	106.42
side_ÁÖ¸Ô¹ä±è¹ä·ù_»ç°¢¹è´Þ_¼Ò°í±â±è¹ä_Q1_00044.JPG	train	train	¼Ò°í±â±è¹ä	4	¼Ò°í±â±è¹ä	Q1	0	0.25	side	250	425.666	62.5	106.42
side_ÁÖ¸Ô¹ä±è¹ä·ù_»ç°¢¹è´Þ_¼Ò°í±â±è¹ä_Q1_00047.JPG	train	train	¼Ò°í±â±è¹ä	4	¼Ò°í±â±è¹ä	Q1	0	0.25	side	250	425.666	62.5	106.42
side_ÁÖ¸Ô¹ä±è¹ä·ù_»ç°¢¹è´Þ_¼Ò°í±â±è¹ä_Q1_00048.JPG	train	train	¼Ò°í±â±è¹ä	4	¼Ò°í±â±è¹ä	Q1	0	0.25	side	250	425.666	62.5	106.42
side_ÁÖ¸Ô¹ä±è¹ä·ù_»ç°¢¹è´Þ_¼Ò°í±â±è¹ä_Q1_00049.JPG	train	train	¼Ò°í±â±è¹ä	4	¼Ò°í±â±è¹ä	Q1	0	0.25	side	250	425.666	62.5	106.42
side_ÁÖ¸Ô¹ä±è¹ä·ù_»ç°¢¹è´Þ_¼Ò°í±â±è¹ä_Q1_00052.JPG	train	train	¼Ò°í±â±è¹ä	4	¼Ò°í±â±è¹ä	Q1	0	0.25	side	250	425.666	62.5	106.42
side_ÁÖ¸Ô¹ä±è¹ä·ù_»ç°¢¹è´Þ_¼Ò°í±â±è¹ä_Q1_00053.JPG	train	train	¼Ò°í±â±è¹ä	4	¼Ò°í±â±è¹ä	Q1	0	0.25	side	250	425.666	62.5	106.42
side_ÁÖ¸Ô¹ä±è¹ä·ù_»ç°¢¹è´Þ_¼Ò°í±â±è¹ä_Q1_00054.JPG	train	train	¼Ò°í±â±è¹ä	4	¼Ò°í±â±è¹ä	Q1	0	0.25	side	250	425.666	62.5	106.42
side_ÁÖ¸Ô¹ä±è¹ä·ù_»ç°¢¹è´Þ_¼Ò°í±â±è¹ä_Q1_00055.JPG	train	train	¼Ò°í±â±è¹ä	4	¼Ò°í±â±è¹ä	Q1	0	0.25	side	250	425.666	62.5	106.42
top_ÁÖ¸Ô¹ä±è¹ä·ù_»ç°¢¹è´Þ_¼Ò°í±â±è¹ä_Q1_00001.JPG	train	train	¼Ò°í±â±è¹ä	4	¼Ò°í±â±è¹ä	Q1	0	0.25	top	250	425.666	62.5	106.42
top_ÁÖ¸Ô¹ä±è¹ä·ù_»ç°¢¹è´Þ_¼Ò°í±â±è¹ä_Q1_00002.JPG	train	train	¼Ò°í±â±è¹ä	4	¼Ò°í±â±è¹ä	Q1	0	0.25	top	250	425.666	62.5	106.42
top_ÁÖ¸Ô¹ä±è¹ä·ù_»ç°¢¹è´Þ_¼Ò°í±â±è¹ä_Q1_00003.JPG	train	train	¼Ò°í±â±è¹ä	4	¼Ò°í±â±è¹ä	Q1	0	0.25	top	250	425.666	62.5	106.42
top_ÁÖ¸Ô¹ä±è¹ä·ù_»ç°¢¹è´Þ_¼Ò°í±â±è¹ä_Q1_00004.JPG	train	train	¼Ò°í±â±è¹ä	4	¼Ò°í±â±è¹ä	Q1	0	0.25	top	250	425.666	62.5	106.42
top_ÁÖ¸Ô¹ä±è¹ä·ù_»ç°¢¹è´Þ_¼Ò°í±â±è¹ä_Q1_00005.JPG	train	train	¼Ò°í±â±è¹ä	4	¼Ò°í±â±è¹ä	Q1	0	0.25	top	250	425.666	62.5	106.42
top_ÁÖ¸Ô¹ä±è¹ä·ù_»ç°¢¹è´Þ_¼Ò°í±â±è¹ä_Q1_00006.JPG	train	train	¼Ò°í±â±è¹ä	4	¼Ò°í±â±è¹ä	Q1	0	0.25	top	250	425.666	62.5	106.42
top_ÁÖ¸Ô¹ä±è¹ä·ù_»ç°¢¹è´Þ_¼Ò°í±â±è¹ä_Q1_00007.JPG	train	train	¼Ò°í±â±è¹ä	4	¼Ò°í±â±è¹ä	Q1	0	0.25	top	250	425.666	62.5	106.42
top_ÁÖ¸Ô¹ä±è¹ä·ù_»ç°¢¹è´Þ_¼Ò°í±â±è¹ä_Q1_00009.JPG	train	train	¼Ò°í±â±è¹ä	4	¼Ò°í±â±è¹ä	Q1	0	0.25	top	250	425.666	62.5	106.42
top_ÁÖ¸Ô¹ä±è¹ä·ù_»ç°¢¹è´Þ_¼Ò°í±â±è¹ä_Q1_00011.JPG	train	train	¼Ò°í±â±è¹ä	4	¼Ò°í±â±è¹ä	Q1	0	0.25	top	250	425.666	62.5	106.42
top_ÁÖ¸Ô¹ä±è¹ä·ù_»ç°¢¹è´Þ_¼Ò°í±â±è¹ä_Q1_00012.JPG	train	train	¼Ò°í±â±è¹ä	4	¼Ò°í±â±è¹ä	Q1	0	0.25	top	250	425.666	62.5	106.42
top_ÁÖ¸Ô¹ä±è¹ä·ù_»ç°¢¹è´Þ_¼Ò°í±â±è¹ä_Q1_00014.JPG	train	train	¼Ò°í±â±è¹ä	4	¼Ò°í±â±è¹ä	Q1	0	0.25	top	250	425.666	62.5	106.42
top_ÁÖ¸Ô¹ä±è¹ä·ù_»ç°¢¹è´Þ_¼Ò°í±â±è¹ä_Q1_00016.JPG	train	train	¼Ò°í±â±è¹ä	4	¼Ò°í±â±è¹ä	Q1	0	0.25	top	250	425.666	62.5	106.42
top_ÁÖ¸Ô¹ä±è¹ä·ù_»ç°¢¹è´Þ_¼Ò°í±â±è¹ä_Q1_00017.JPG	train	train	¼Ò°í±â±è¹ä	4	¼Ò°í±â±è¹ä	Q1	0	0.25	top	250	425.666	62.5	106.42
top_ÁÖ¸Ô¹ä±è¹ä·ù_»ç°¢¹è´Þ_¼Ò°í±â±è¹ä_Q1_00018.JPG	train	train	¼Ò°í±â±è¹ä	4	¼Ò°í±â±è¹ä	Q1	0	0.25	top	250	425.666	62.5	106.42
top_ÁÖ¸Ô¹ä±è¹ä·ù_»ç°¢¹è´Þ_¼Ò°í±â±è¹ä_Q1_00020.JPG	train	train	¼Ò°í±â±è¹ä	4	¼Ò°í±â±è¹ä	Q1	0	0.25	top	250	425.666	62.5	106.42
top_ÁÖ¸Ô¹ä±è¹ä·ù_»ç°¢¹è´Þ_¼Ò°í±â±è¹ä_Q1_00021.JPG	train	train	¼Ò°í±â±è¹ä	4	¼Ò°í±â±è¹ä	Q1	0	0.25	top	250	425.666	62.5	106.42
top_ÁÖ¸Ô¹ä±è¹ä·ù_»ç°¢¹è´Þ_¼Ò°í±â±è¹ä_Q1_00022.JPG	train	train	¼Ò°í±â±è¹ä	4	¼Ò°í±â±è¹ä	Q1	0	0.25	top	250	425.666	62.5	106.42
top_ÁÖ¸Ô¹ä±è¹ä·ù_»ç°¢¹è´Þ_¼Ò°í±â±è¹ä_Q1_00023.JPG	train	train	¼Ò°í±â±è¹ä	4	¼Ò°í±â±è¹ä	Q1	0	0.25	top	250	425.666	62.5	106.42
top_ÁÖ¸Ô¹ä±è¹ä·ù_»ç°¢¹è´Þ_¼Ò°í±â±è¹ä_Q1_00024.JPG	train	train	¼Ò°í±â±è¹ä	4	¼Ò°í±â±è¹ä	Q1	0	0.25	top	250	425.666	62.5	106.42
top_ÁÖ¸Ô¹ä±è¹ä·ù_»ç°¢¹è´Þ_¼Ò°í±â±è¹ä_Q1_00025.JPG	train	train	¼Ò°í±â±è¹ä	4	¼Ò°í±â±è¹ä	Q1	0	0.25	top	250	425.666	62.5	106.42
top_ÁÖ¸Ô¹ä±è¹ä·ù_»ç°¢¹è´Þ_¼Ò°í±â±è¹ä_Q1_00027.JPG	train	train	¼Ò°í±â±è¹ä	4	¼Ò°í±â±è¹ä	Q1	0	0.25	top	250	425.666	62.5	106.42
top_ÁÖ¸Ô¹ä±è¹ä·ù_»ç°¢¹è´Þ_¼Ò°í±â±è¹ä_Q1_00028.JPG	train	train	¼Ò°í±â±è¹ä	4	¼Ò°í±â±è¹ä	Q1	0	0.25	top	250	425.666	62.5	106.42
top_ÁÖ¸Ô¹ä±è¹ä·ù_»ç°¢¹è´Þ_¼Ò°í±â±è¹ä_Q1_00029.JPG	train	train	¼Ò°í±â±è¹ä	4	¼Ò°í±â±è¹ä	Q1	0	0.25	top	250	425.666	62.5	106.42
top_ÁÖ¸Ô¹ä±è¹ä·ù_»ç°¢¹è´Þ_¼Ò°í±â±è¹ä_Q1_00030.JPG	train	train	¼Ò°í±â±è¹ä	4	¼Ò°í±â±è¹ä	Q1	0	0.25	top	250	425.666	62.5	106.42
top_ÁÖ¸Ô¹ä±è¹ä·ù_»ç°¢¹è´Þ_¼Ò°í±â±è¹ä_Q1_00032.JPG	train	train	¼Ò°í±â±è¹ä	4	¼Ò°í±â±è¹ä	Q1	0	0.25	top	250	425.666	62.5	106.42
top_ÁÖ¸Ô¹ä±è¹ä·ù_»ç°¢¹è´Þ_¼Ò°í±â±è¹ä_Q1_00033.JPG	train	train	¼Ò°í±â±è¹ä	4	¼Ò°í±â±è¹ä	Q1	0	0.25	top	250	425.666	62.5	106.42
top_ÁÖ¸Ô¹ä±è¹ä·ù_»ç°¢¹è´Þ_¼Ò°í±â±è¹ä_Q1_00034.JPG	train	train	¼Ò°í±â±è¹ä	4	¼Ò°í±â±è¹ä	Q1	0	0.25	top	250	425.666	62.5	106.42
top_ÁÖ¸Ô¹ä±è¹ä·ù_»ç°¢¹è´Þ_¼Ò°í±â±è¹ä_Q1_00035.JPG	train	train	¼Ò°í±â±è¹ä	4	¼Ò°í±â±è¹ä	Q1	0	0.25	top	250	425.666	62.5	106.42
top_ÁÖ¸Ô¹ä±è¹ä·ù_»ç°¢¹è´Þ_¼Ò°í±â±è¹ä_Q1_00036.JPG	train	train	¼Ò°í±â±è¹ä	4	¼Ò°í±â±è¹ä	Q1	0	0.25	top	250	425.666	62.5	106.42
top_ÁÖ¸Ô¹ä±è¹ä·ù_»ç°¢¹è´Þ_¼Ò°í±â±è¹ä_Q1_00037.JPG	train	train	¼Ò°í±â±è¹ä	4	¼Ò°í±â±è¹ä	Q1	0	0.25	top	250	425.666	62.5	106.42
top_ÁÖ¸Ô¹ä±è¹ä·ù_»ç°¢¹è´Þ_¼Ò°í±â±è¹ä_Q1_00039.JPG	train	train	¼Ò°í±â±è¹ä	4	¼Ò°í±â±è¹ä	Q1	0	0.25	top	250	425.666	62.5	106.42
top_ÁÖ¸Ô¹ä±è¹ä·ù_»ç°¢¹è´Þ_¼Ò°í±â±è¹ä_Q1_00040.JPG	train	train	¼Ò°í±â±è¹ä	4	¼Ò°í±â±è¹ä	Q1	0	0.25	top	250	425.666	62.5	106.42
top_ÁÖ¸Ô¹ä±è¹ä·ù_»ç°¢¹è´Þ_¼Ò°í±â±è¹ä_Q1_00041.JPG	train	train	¼Ò°í±â±è¹ä	4	¼Ò°í±â±è¹ä	Q1	0	0.25	top	250	425.666	62.5	106.42
top_ÁÖ¸Ô¹ä±è¹ä·ù_»ç°¢¹è´Þ_¼Ò°í±â±è¹ä_Q1_00043.JPG	train	train	¼Ò°í±â±è¹ä	4	¼Ò°í±â±è¹ä	Q1	0	0.25	top	250	425.666	62.5	106.42
top_ÁÖ¸Ô¹ä±è¹ä·ù_»ç°¢¹è´Þ_¼Ò°í±â±è¹ä_Q1_00044.JPG	train	train	¼Ò°í±â±è¹ä	4	¼Ò°í±â±è¹ä	Q1	0	0.25	top	250	425.666	62.5	106.42
top_ÁÖ¸Ô¹ä±è¹ä·ù_»ç°¢¹è´Þ_¼Ò°í±â±è¹ä_Q1_00045.JPG	train	train	¼Ò°í±â±è¹ä	4	¼Ò°í±â±è¹ä	Q1	0	0.25	top	250	425.666	62.5	106.42
top_ÁÖ¸Ô¹ä±è¹ä·ù_»ç°¢¹è´Þ_¼Ò°í±â±è¹ä_Q1_00046.JPG	train	train	¼Ò°í±â±è¹ä	4	¼Ò°í±â±è¹ä	Q1	0	0.25	top	250	425.666	62.5	106.42
top_ÁÖ¸Ô¹ä±è¹ä·ù_»ç°¢¹è´Þ_¼Ò°í±â±è¹ä_Q1_00047.JPG	train	train	¼Ò°í±â±è¹ä	4	¼Ò°í±â±è¹ä	Q1	0	0.25	top	250	425.666	62.5	106.42
top_ÁÖ¸Ô¹ä±è¹ä·ù_»ç°¢¹è´Þ_¼Ò°í±â±è¹ä_Q1_00048.JPG	train	train	¼Ò°í±â±è¹ä	4	¼Ò°í±â±è¹ä	Q1	0	0.25	top	250	425.666	62.5	106.42
top_ÁÖ¸Ô¹ä±è¹ä·ù_»ç°¢¹è´Þ_¼Ò°í±â±è¹ä_Q1_00049.JPG	train	train	¼Ò°í±â±è¹ä	4	¼Ò°í±â±è¹ä	Q1	0	0.25	top	250	425.666	62.5	106.42
top_ÁÖ¸Ô¹ä±è¹ä·ù_»ç°¢¹è´Þ_¼Ò°í±â±è¹ä_Q1_00050.JPG	train	train	¼Ò°í±â±è¹ä	4	¼Ò°í±â±è¹ä	Q1	0	0.25	top	250	425.666	62.5	106.42
top_ÁÖ¸Ô¹ä±è¹ä·ù_»ç°¢¹è´Þ_¼Ò°í±â±è¹ä_Q1_00052.JPG	train	train	¼Ò°í±â±è¹ä	4	¼Ò°í±â±è¹ä	Q1	0	0.25	top	250	425.666	62.5	106.42
top_ÁÖ¸Ô¹ä±è¹ä·ù_»ç°¢¹è´Þ_¼Ò°í±â±è¹ä_Q1_00053.JPG	train	train	¼Ò°í±â±è¹ä	4	¼Ò°í±â±è¹ä	Q1	0	0.25	top	250	425.666	62.5	106.42
top_ÁÖ¸Ô¹ä±è¹ä·ù_»ç°¢¹è´Þ_¼Ò°í±â±è¹ä_Q1_00054.JPG	train	train	¼Ò°í±â±è¹ä	4	¼Ò°í±â±è¹ä	Q1	0	0.25	top	250	425.666	62.5	106.42
top_ÁÖ¸Ô¹ä±è¹ä·ù_»ç°¢¹è´Þ_¼Ò°í±â±è¹ä_Q1_00055.JPG	train	train	¼Ò°í±â±è¹ä	4	¼Ò°í±â±è¹ä	Q1	0	0.25	top	250	425.666	62.5	106.42
side_ÁÖ¸Ô¹ä±è¹ä·ù_»ç°¢¹è´Þ_¼Ò°í±â±è¹ä_Q2_00001.JPG	train	train	¼Ò°í±â±è¹ä	4	¼Ò°í±â±è¹ä	Q2	1	0.5	side	250	425.666	125	212.83
side_ÁÖ¸Ô¹ä±è¹ä·ù_»ç°¢¹è´Þ_¼Ò°í±â±è¹ä_Q2_00002.JPG	train	train	¼Ò°í±â±è¹ä	4	¼Ò°í±â±è¹ä	Q2	1	0.5	side	250	425.666	125	212.83
side_ÁÖ¸Ô¹ä±è¹ä·ù_»ç°¢¹è´Þ_¼Ò°í±â±è¹ä_Q2_00003.JPG	train	train	¼Ò°í±â±è¹ä	4	¼Ò°í±â±è¹ä	Q2	1	0.5	side	250	425.666	125	212.83
side_ÁÖ¸Ô¹ä±è¹ä·ù_»ç°¢¹è´Þ_¼Ò°í±â±è¹ä_Q2_00004.JPG	train	train	¼Ò°í±â±è¹ä	4	¼Ò°í±â±è¹ä	Q2	1	0.5	side	250	425.666	125	212.83
side_ÁÖ¸Ô¹ä±è¹ä·ù_»ç°¢¹è´Þ_¼Ò°í±â±è¹ä_Q2_00005.JPG	train	train	¼Ò°í±â±è¹ä	4	¼Ò°í±â±è¹ä	Q2	1	0.5	side	250	425.666	125	212.83
side_ÁÖ¸Ô¹ä±è¹ä·ù_»ç°¢¹è´Þ_¼Ò°í±â±è¹ä_Q2_00006.JPG	train	train	¼Ò°í±â±è¹ä	4	¼Ò°í±â±è¹ä	Q2	1	0.5	side	250	425.666	125	212.83
side_ÁÖ¸Ô¹ä±è¹ä·ù_»ç°¢¹è´Þ_¼Ò°í±â±è¹ä_Q2_00007.JPG	train	train	¼Ò°í±â±è¹ä	4	¼Ò°í±â±è¹ä	Q2	1	0.5	side	250	425.666	125	212.83
side_ÁÖ¸Ô¹ä±è¹ä·ù_»ç°¢¹è´Þ_¼Ò°í±â±è¹ä_Q2_00008.JPG	train	train	¼Ò°í±â±è¹ä	4	¼Ò°í±â±è¹ä	Q2	1	0.5	side	250	425.666	125	212.83
side_ÁÖ¸Ô¹ä±è¹ä·ù_»ç°¢¹è´Þ_¼Ò°í±â±è¹ä_Q2_00009.JPG	train	train	¼Ò°í±â±è¹ä	4	¼Ò°í±â±è¹ä	Q2	1	0.5	side	250	425.666	125	212.83
side_ÁÖ¸Ô¹ä±è¹ä·ù_»ç°¢¹è´Þ_¼Ò°í±â±è¹ä_Q2_00010.JPG	train	train	¼Ò°í±â±è¹ä	4	¼Ò°í±â±è¹ä	Q2	1	0.5	side	250	425.666	125	212.83
side_ÁÖ¸Ô¹ä±è¹ä·ù_»ç°¢¹è´Þ_¼Ò°í±â±è¹ä_Q2_00011.JPG	train	train	¼Ò°í±â±è¹ä	4	¼Ò°í±â±è¹ä	Q2	1	0.5	side	250	425.666	125	212.83
side_ÁÖ¸Ô¹ä±è¹ä·ù_»ç°¢¹è´Þ_¼Ò°í±â±è¹ä_Q2_00012.JPG	train	train	¼Ò°í±â±è¹ä	4	¼Ò°í±â±è¹ä	Q2	1	0.5	side	250	425.666	125	212.83
side_ÁÖ¸Ô¹ä±è¹ä·ù_»ç°¢¹è´Þ_¼Ò°í±â±è¹ä_Q2_00013.JPG	train	train	¼Ò°í±â±è¹ä	4	¼Ò°í±â±è¹ä	Q2	1	0.5	side	250	425.666	125	212.83
side_ÁÖ¸Ô¹ä±è¹ä·ù_»ç°¢¹è´Þ_¼Ò°í±â±è¹ä_Q2_00014.JPG	train	train	¼Ò°í±â±è¹ä	4	¼Ò°í±â±è¹ä	Q2	1	0.5	side	250	425.666	125	212.83
side_ÁÖ¸Ô¹ä±è¹ä·ù_»ç°¢¹è´Þ_¼Ò°í±â±è¹ä_Q2_00015.JPG	train	train	¼Ò°í±â±è¹ä	4	¼Ò°í±â±è¹ä	Q2	1	0.5	side	250	425.666	125	212.83
side_ÁÖ¸Ô¹ä±è¹ä·ù_»ç°¢¹è´Þ_¼Ò°í±â±è¹ä_Q2_00016.JPG	train	train	¼Ò°í±â±è¹ä	4	¼Ò°í±â±è¹ä	Q2	1	0.5	side	250	425.666	125	212.83
side_ÁÖ¸Ô¹ä±è¹ä·ù_»ç°¢¹è´Þ_¼Ò°í±â±è¹ä_Q2_00017.JPG	train	train	¼Ò°í±â±è¹ä	4	¼Ò°í±â±è¹ä	Q2	1	0.5	side	250	425.666	125	212.83
side_ÁÖ¸Ô¹ä±è¹ä·ù_»ç°¢¹è´Þ_¼Ò°í±â±è¹ä_Q2_00018.JPG	train	train	¼Ò°í±â±è¹ä	4	¼Ò°í±â±è¹ä	Q2	1	0.5	side	250	425.666	125	212.83
side_ÁÖ¸Ô¹ä±è¹ä·ù_»ç°¢¹è´Þ_¼Ò°í±â±è¹ä_Q2_00019.JPG	train	train	¼Ò°í±â±è¹ä	4	¼Ò°í±â±è¹ä	Q2	1	0.5	side	250	425.666	125	212.83
side_ÁÖ¸Ô¹ä±è¹ä·ù_»ç°¢¹è´Þ_¼Ò°í±â±è¹ä_Q2_00020.JPG	train	train	¼Ò°í±â±è¹ä	4	¼Ò°í±â±è¹ä	Q2	1	0.5	side	250	425.666	125	212.83
side_ÁÖ¸Ô¹ä±è¹ä·ù_»ç°¢¹è´Þ_¼Ò°í±â±è¹ä_Q2_00021.JPG	train	train	¼Ò°í±â±è¹ä	4	¼Ò°í±â±è¹ä	Q2	1	0.5	side	250	425.666	125	212.83
side_ÁÖ¸Ô¹ä±è¹ä·ù_»ç°¢¹è´Þ_¼Ò°í±â±è¹ä_Q2_00022.JPG	train	train	¼Ò°í±â±è¹ä	4	¼Ò°í±â±è¹ä	Q2	1	0.5	side	250	425.666	125	212.83
side_ÁÖ¸Ô¹ä±è¹ä·ù_»ç°¢¹è´Þ_¼Ò°í±â±è¹ä_Q2_00024.JPG	train	train	¼Ò°í±â±è¹ä	4	¼Ò°í±â±è¹ä	Q2	1	0.5	side	250	425.666	125	212.83
side_ÁÖ¸Ô¹ä±è¹ä·ù_»ç°¢¹è´Þ_¼Ò°í±â±è¹ä_Q2_00026.JPG	train	train	¼Ò°í±â±è¹ä	4	¼Ò°í±â±è¹ä	Q2	1	0.5	side	250	425.666	125	212.83
side_ÁÖ¸Ô¹ä±è¹ä·ù_»ç°¢¹è´Þ_¼Ò°í±â±è¹ä_Q2_00027.JPG	train	train	¼Ò°í±â±è¹ä	4	¼Ò°í±â±è¹ä	Q2	1	0.5	side	250	425.666	125	212.83
side_ÁÖ¸Ô¹ä±è¹ä·ù_»ç°¢¹è´Þ_¼Ò°í±â±è¹ä_Q2_00029.JPG	train	train	¼Ò°í±â±è¹ä	4	¼Ò°í±â±è¹ä	Q2	1	0.5	side	250	425.666	125	212.83
side_ÁÖ¸Ô¹ä±è¹ä·ù_»ç°¢¹è´Þ_¼Ò°í±â±è¹ä_Q2_00030.JPG	train	train	¼Ò°í±â±è¹ä	4	¼Ò°í±â±è¹ä	Q2	1	0.5	side	250	425.666	125	212.83
side_ÁÖ¸Ô¹ä±è¹ä·ù_»ç°¢¹è´Þ_¼Ò°í±â±è¹ä_Q2_00031.JPG	train	train	¼Ò°í±â±è¹ä	4	¼Ò°í±â±è¹ä	Q2	1	0.5	side	250	425.666	125	212.83
side_ÁÖ¸Ô¹ä±è¹ä·ù_»ç°¢¹è´Þ_¼Ò°í±â±è¹ä_Q2_00033.JPG	train	train	¼Ò°í±â±è¹ä	4	¼Ò°í±â±è¹ä	Q2	1	0.5	side	250	425.666	125	212.83
side_ÁÖ¸Ô¹ä±è¹ä·ù_»ç°¢¹è´Þ_¼Ò°í±â±è¹ä_Q2_00034.JPG	train	train	¼Ò°í±â±è¹ä	4	¼Ò°í±â±è¹ä	Q2	1	0.5	side	250	425.666	125	212.83
side_ÁÖ¸Ô¹ä±è¹ä·ù_»ç°¢¹è´Þ_¼Ò°í±â±è¹ä_Q2_00035.JPG	train	train	¼Ò°í±â±è¹ä	4	¼Ò°í±â±è¹ä	Q2	1	0.5	side	250	425.666	125	212.83
side_ÁÖ¸Ô¹ä±è¹ä·ù_»ç°¢¹è´Þ_¼Ò°í±â±è¹ä_Q2_00036.JPG	train	train	¼Ò°í±â±è¹ä	4	¼Ò°í±â±è¹ä	Q2	1	0.5	side	250	425.666	125	212.83
side_ÁÖ¸Ô¹ä±è¹ä·ù_»ç°¢¹è´Þ_¼Ò°í±â±è¹ä_Q2_00037.JPG	train	train	¼Ò°í±â±è¹ä	4	¼Ò°í±â±è¹ä	Q2	1	0.5	side	250	425.666	125	212.83
side_ÁÖ¸Ô¹ä±è¹ä·ù_»ç°¢¹è´Þ_¼Ò°í±â±è¹ä_Q2_00038.JPG	train	train	¼Ò°í±â±è¹ä	4	¼Ò°í±â±è¹ä	Q2	1	0.5	side	250	425.666	125	212.83
side_ÁÖ¸Ô¹ä±è¹ä·ù_»ç°¢¹è´Þ_¼Ò°í±â±è¹ä_Q2_00039.JPG	train	train	¼Ò°í±â±è¹ä	4	¼Ò°í±â±è¹ä	Q2	1	0.5	side	250	425.666	125	212.83
side_ÁÖ¸Ô¹ä±è¹ä·ù_»ç°¢¹è´Þ_¼Ò°í±â±è¹ä_Q2_00041.JPG	train	train	¼Ò°í±â±è¹ä	4	¼Ò°í±â±è¹ä	Q2	1	0.5	side	250	425.666	125	212.83
side_ÁÖ¸Ô¹ä±è¹ä·ù_»ç°¢¹è´Þ_¼Ò°í±â±è¹ä_Q2_00043.JPG	train	train	¼Ò°í±â±è¹ä	4	¼Ò°í±â±è¹ä	Q2	1	0.5	side	250	425.666	125	212.83
side_ÁÖ¸Ô¹ä±è¹ä·ù_»ç°¢¹è´Þ_¼Ò°í±â±è¹ä_Q2_00044.JPG	train	train	¼Ò°í±â±è¹ä	4	¼Ò°í±â±è¹ä	Q2	1	0.5	side	250	425.666	125	212.83
side_ÁÖ¸Ô¹ä±è¹ä·ù_»ç°¢¹è´Þ_¼Ò°í±â±è¹ä_Q2_00045.JPG	train	train	¼Ò°í±â±è¹ä	4	¼Ò°í±â±è¹ä	Q2	1	0.5	side	250	425.666	125	212.83
side_ÁÖ¸Ô¹ä±è¹ä·ù_»ç°¢¹è´Þ_¼Ò°í±â±è¹ä_Q2_00046.JPG	train	train	¼Ò°í±â±è¹ä	4	¼Ò°í±â±è¹ä	Q2	1	0.5	side	250	425.666	125	212.83
side_ÁÖ¸Ô¹ä±è¹ä·ù_»ç°¢¹è´Þ_¼Ò°í±â±è¹ä_Q2_00047.JPG	train	train	¼Ò°í±â±è¹ä	4	¼Ò°í±â±è¹ä	Q2	1	0.5	side	250	425.666	125	212.83
side_ÁÖ¸Ô¹ä±è¹ä·ù_»ç°¢¹è´Þ_¼Ò°í±â±è¹ä_Q2_00048.JPG	train	train	¼Ò°í±â±è¹ä	4	¼Ò°í±â±è¹ä	Q2	1	0.5	side	250	425.666	125	212.83
side_ÁÖ¸Ô¹ä±è¹ä·ù_»ç°¢¹è´Þ_¼Ò°í±â±è¹ä_Q2_00049.JPG	train	train	¼Ò°í±â±è¹ä	4	¼Ò°í±â±è¹ä	Q2	1	0.5	side	250	425.666	125	212.83
side_ÁÖ¸Ô¹ä±è¹ä·ù_»ç°¢¹è´Þ_¼Ò°í±â±è¹ä_Q2_00050.JPG	train	train	¼Ò°í±â±è¹ä	4	¼Ò°í±â±è¹ä	Q2	1	0.5	side	250	425.666	125	212.83
side_ÁÖ¸Ô¹ä±è¹ä·ù_»ç°¢¹è´Þ_¼Ò°í±â±è¹ä_Q2_00051.JPG	train	train	¼Ò°í±â±è¹ä	4	¼Ò°í±â±è¹ä	Q2	1	0.5	side	250	425.666	125	212.83
side_ÁÖ¸Ô¹ä±è¹ä·ù_»ç°¢¹è´Þ_¼Ò°í±â±è¹ä_Q2_00052.JPG	train	train	¼Ò°í±â±è¹ä	4	¼Ò°í±â±è¹ä	Q2	1	0.5	side	250	425.666	125	212.83
side_ÁÖ¸Ô¹ä±è¹ä·ù_»ç°¢¹è´Þ_¼Ò°í±â±è¹ä_Q2_00054.JPG	train	train	¼Ò°í±â±è¹ä	4	¼Ò°í±â±è¹ä	Q2	1	0.5	side	250	425.666	125	212.83
side_ÁÖ¸Ô¹ä±è¹ä·ù_»ç°¢¹è´Þ_¼Ò°í±â±è¹ä_Q2_00055.JPG	train	train	¼Ò°í±â±è¹ä	4	¼Ò°í±â±è¹ä	Q2	1	0.5	side	250	425.666	125	212.83
top_ÁÖ¸Ô¹ä±è¹ä·ù_»ç°¢¹è´Þ_¼Ò°í±â±è¹ä_Q2_00001.JPG	train	train	¼Ò°í±â±è¹ä	4	¼Ò°í±â±è¹ä	Q2	1	0.5	top	250	425.666	125	212.83
top_ÁÖ¸Ô¹ä±è¹ä·ù_»ç°¢¹è´Þ_¼Ò°í±â±è¹ä_Q2_00002.JPG	train	train	¼Ò°í±â±è¹ä	4	¼Ò°í±â±è¹ä	Q2	1	0.5	top	250	425.666	125	212.83
top_ÁÖ¸Ô¹ä±è¹ä·ù_»ç°¢¹è´Þ_¼Ò°í±â±è¹ä_Q2_00003.JPG	train	train	¼Ò°í±â±è¹ä	4	¼Ò°í±â±è¹ä	Q2	1	0.5	top	250	425.666	125	212.83
top_ÁÖ¸Ô¹ä±è¹ä·ù_»ç°¢¹è´Þ_¼Ò°í±â±è¹ä_Q2_00005.JPG	train	train	¼Ò°í±â±è¹ä	4	¼Ò°í±â±è¹ä	Q2	1	0.5	top	250	425.666	125	212.83
top_ÁÖ¸Ô¹ä±è¹ä·ù_»ç°¢¹è´Þ_¼Ò°í±â±è¹ä_Q2_00006.JPG	train	train	¼Ò°í±â±è¹ä	4	¼Ò°í±â±è¹ä	Q2	1	0.5	top	250	425.666	125	212.83
top_ÁÖ¸Ô¹ä±è¹ä·ù_»ç°¢¹è´Þ_¼Ò°í±â±è¹ä_Q2_00007.JPG	train	train	¼Ò°í±â±è¹ä	4	¼Ò°í±â±è¹ä	Q2	1	0.5	top	250	425.666	125	212.83
top_ÁÖ¸Ô¹ä±è¹ä·ù_»ç°¢¹è´Þ_¼Ò°í±â±è¹ä_Q2_00008.JPG	train	train	¼Ò°í±â±è¹ä	4	¼Ò°í±â±è¹ä	Q2	1	0.5	top	250	425.666	125	212.83
top_ÁÖ¸Ô¹ä±è¹ä·ù_»ç°¢¹è´Þ_¼Ò°í±â±è¹ä_Q2_00009.JPG	train	train	¼Ò°í±â±è¹ä	4	¼Ò°í±â±è¹ä	Q2	1	0.5	top	250	425.666	125	212.83
top_ÁÖ¸Ô¹ä±è¹ä·ù_»ç°¢¹è´Þ_¼Ò°í±â±è¹ä_Q2_00010.JPG	train	train	¼Ò°í±â±è¹ä	4	¼Ò°í±â±è¹ä	Q2	1	0.5	top	250	425.666	125	212.83
top_ÁÖ¸Ô¹ä±è¹ä·ù_»ç°¢¹è´Þ_¼Ò°í±â±è¹ä_Q2_00011.JPG	train	train	¼Ò°í±â±è¹ä	4	¼Ò°í±â±è¹ä	Q2	1	0.5	top	250	425.666	125	212.83
top_ÁÖ¸Ô¹ä±è¹ä·ù_»ç°¢¹è´Þ_¼Ò°í±â±è¹ä_Q2_00012.JPG	train	train	¼Ò°í±â±è¹ä	4	¼Ò°í±â±è¹ä	Q2	1	0.5	top	250	425.666	125	212.83
top_ÁÖ¸Ô¹ä±è¹ä·ù_»ç°¢¹è´Þ_¼Ò°í±â±è¹ä_Q2_00014.JPG	train	train	¼Ò°í±â±è¹ä	4	¼Ò°í±â±è¹ä	Q2	1	0.5	top	250	425.666	125	212.83
top_ÁÖ¸Ô¹ä±è¹ä·ù_»ç°¢¹è´Þ_¼Ò°í±â±è¹ä_Q2_00017.JPG	train	train	¼Ò°í±â±è¹ä	4	¼Ò°í±â±è¹ä	Q2	1	0.5	top	250	425.666	125	212.83
top_ÁÖ¸Ô¹ä±è¹ä·ù_»ç°¢¹è´Þ_¼Ò°í±â±è¹ä_Q2_00018.JPG	train	train	¼Ò°í±â±è¹ä	4	¼Ò°í±â±è¹ä	Q2	1	0.5	top	250	425.666	125	212.83
top_ÁÖ¸Ô¹ä±è¹ä·ù_»ç°¢¹è´Þ_¼Ò°í±â±è¹ä_Q2_00021.JPG	train	train	¼Ò°í±â±è¹ä	4	¼Ò°í±â±è¹ä	Q2	1	0.5	top	250	425.666	125	212.83
top_ÁÖ¸Ô¹ä±è¹ä·ù_»ç°¢¹è´Þ_¼Ò°í±â±è¹ä_Q2_00022.JPG	train	train	¼Ò°í±â±è¹ä	4	¼Ò°í±â±è¹ä	Q2	1	0.5	top	250	425.666	125	212.83
top_ÁÖ¸Ô¹ä±è¹ä·ù_»ç°¢¹è´Þ_¼Ò°í±â±è¹ä_Q2_00026.JPG	train	train	¼Ò°í±â±è¹ä	4	¼Ò°í±â±è¹ä	Q2	1	0.5	top	250	425.666	125	212.83
top_ÁÖ¸Ô¹ä±è¹ä·ù_»ç°¢¹è´Þ_¼Ò°í±â±è¹ä_Q2_00028.JPG	train	train	¼Ò°í±â±è¹ä	4	¼Ò°í±â±è¹ä	Q2	1	0.5	top	250	425.666	125	212.83
top_ÁÖ¸Ô¹ä±è¹ä·ù_»ç°¢¹è´Þ_¼Ò°í±â±è¹ä_Q2_00029.JPG	train	train	¼Ò°í±â±è¹ä	4	¼Ò°í±â±è¹ä	Q2	1	0.5	top	250	425.666	125	212.83
top_ÁÖ¸Ô¹ä±è¹ä·ù_»ç°¢¹è´Þ_¼Ò°í±â±è¹ä_Q2_00030.JPG	train	train	¼Ò°í±â±è¹ä	4	¼Ò°í±â±è¹ä	Q2	1	0.5	top	250	425.666	125	212.83
top_ÁÖ¸Ô¹ä±è¹ä·ù_»ç°¢¹è´Þ_¼Ò°í±â±è¹ä_Q2_00031.JPG	train	train	¼Ò°í±â±è¹ä	4	¼Ò°í±â±è¹ä	Q2	1	0.5	top	250	425.666	125	212.83
top_ÁÖ¸Ô¹ä±è¹ä·ù_»ç°¢¹è´Þ_¼Ò°í±â±è¹ä_Q2_00032.JPG	train	train	¼Ò°í±â±è¹ä	4	¼Ò°í±â±è¹ä	Q2	1	0.5	top	250	425.666	125	212.83
top_ÁÖ¸Ô¹ä±è¹ä·ù_»ç°¢¹è´Þ_¼Ò°í±â±è¹ä_Q2_00034.JPG	train	train	¼Ò°í±â±è¹ä	4	¼Ò°í±â±è¹ä	Q2	1	0.5	top	250	425.666	125	212.83
top_ÁÖ¸Ô¹ä±è¹ä·ù_»ç°¢¹è´Þ_¼Ò°í±â±è¹ä_Q2_00036.JPG	train	train	¼Ò°í±â±è¹ä	4	¼Ò°í±â±è¹ä	Q2	1	0.5	top	250	425.666	125	212.83
top_ÁÖ¸Ô¹ä±è¹ä·ù_»ç°¢¹è´Þ_¼Ò°í±â±è¹ä_Q2_00037.JPG	train	train	¼Ò°í±â±è¹ä	4	¼Ò°í±â±è¹ä	Q2	1	0.5	top	250	425.666	125	212.83
top_ÁÖ¸Ô¹ä±è¹ä·ù_»ç°¢¹è´Þ_¼Ò°í±â±è¹ä_Q2_00038.JPG	train	train	¼Ò°í±â±è¹ä	4	¼Ò°í±â±è¹ä	Q2	1	0.5	top	250	425.666	125	212.83
top_ÁÖ¸Ô¹ä±è¹ä·ù_»ç°¢¹è´Þ_¼Ò°í±â±è¹ä_Q2_00039.JPG	train	train	¼Ò°í±â±è¹ä	4	¼Ò°í±â±è¹ä	Q2	1	0.5	top	250	425.666	125	212.83
top_ÁÖ¸Ô¹ä±è¹ä·ù_»ç°¢¹è´Þ_¼Ò°í±â±è¹ä_Q2_00040.JPG	train	train	¼Ò°í±â±è¹ä	4	¼Ò°í±â±è¹ä	Q2	1	0.5	top	250	425.666	125	212.83
top_ÁÖ¸Ô¹ä±è¹ä·ù_»ç°¢¹è´Þ_¼Ò°í±â±è¹ä_Q2_00041.JPG	train	train	¼Ò°í±â±è¹ä	4	¼Ò°í±â±è¹ä	Q2	1	0.5	top	250	425.666	125	212.83
top_ÁÖ¸Ô¹ä±è¹ä·ù_»ç°¢¹è´Þ_¼Ò°í±â±è¹ä_Q2_00043.JPG	train	train	¼Ò°í±â±è¹ä	4	¼Ò°í±â±è¹ä	Q2	1	0.5	top	250	425.666	125	212.83
top_ÁÖ¸Ô¹ä±è¹ä·ù_»ç°¢¹è´Þ_¼Ò°í±â±è¹ä_Q2_00045.JPG	train	train	¼Ò°í±â±è¹ä	4	¼Ò°í±â±è¹ä	Q2	1	0.5	top	250	425.666	125	212.83
top_ÁÖ¸Ô¹ä±è¹ä·ù_»ç°¢¹è´Þ_¼Ò°í±â±è¹ä_Q2_00046.JPG	train	train	¼Ò°í±â±è¹ä	4	¼Ò°í±â±è¹ä	Q2	1	0.5	top	250	425.666	125	212.83
top_ÁÖ¸Ô¹ä±è¹ä·ù_»ç°¢¹è´Þ_¼Ò°í±â±è¹ä_Q2_00047.JPG	train	train	¼Ò°í±â±è¹ä	4	¼Ò°í±â±è¹ä	Q2	1	0.5	top	250	425.666	125	212.83
top_ÁÖ¸Ô¹ä±è¹ä·ù_»ç°¢¹è´Þ_¼Ò°í±â±è¹ä_Q2_00049.JPG	train	train	¼Ò°í±â±è¹ä	4	¼Ò°í±â±è¹ä	Q2	1	0.5	top	250	425.666	125	212.83
top_ÁÖ¸Ô¹ä±è¹ä·ù_»ç°¢¹è´Þ_¼Ò°í±â±è¹ä_Q2_00050.JPG	train	train	¼Ò°í±â±è¹ä	4	¼Ò°í±â±è¹ä	Q2	1	0.5	top	250	425.666	125	212.83
top_ÁÖ¸Ô¹ä±è¹ä·ù_»ç°¢¹è´Þ_¼Ò°í±â±è¹ä_Q2_00051.JPG	train	train	¼Ò°í±â±è¹ä	4	¼Ò°í±â±è¹ä	Q2	1	0.5	top	250	425.666	125	212.83
top_ÁÖ¸Ô¹ä±è¹ä·ù_»ç°¢¹è´Þ_¼Ò°í±â±è¹ä_Q2_00052.JPG	train	train	¼Ò°í±â±è¹ä	4	¼Ò°í±â±è¹ä	Q2	1	0.5	top	250	425.666	125	212.83
top_ÁÖ¸Ô¹ä±è¹ä·ù_»ç°¢¹è´Þ_¼Ò°í±â±è¹ä_Q2_00053.JPG	train	train	¼Ò°í±â±è¹ä	4	¼Ò°í±â±è¹ä	Q2	1	0.5	top	250	425.666	125	212.83
top_ÁÖ¸Ô¹ä±è¹ä·ù_»ç°¢¹è´Þ_¼Ò°í±â±è¹ä_Q2_00054.JPG	train	train	¼Ò°í±â±è¹ä	4	¼Ò°í±â±è¹ä	Q2	1	0.5	top	250	425.666	125	212.83
top_ÁÖ¸Ô¹ä±è¹ä·ù_»ç°¢¹è´Þ_¼Ò°í±â±è¹ä_Q2_00055.JPG	train	train	¼Ò°í±â±è¹ä	4	¼Ò°í±â±è¹ä	Q2	1	0.5	top	250	425.666	125	212.83
side_ÁÖ¸Ô¹ä±è¹ä·ù_»ç°¢¹è´Þ_¼Ò°í±â±è¹ä_Q3_00001.JPG	train	train	¼Ò°í±â±è¹ä	4	¼Ò°í±â±è¹ä	Q3	2	0.75	side	250	425.666	187.5	319.25
side_ÁÖ¸Ô¹ä±è¹ä·ù_»ç°¢¹è´Þ_¼Ò°í±â±è¹ä_Q3_00003.JPG	train	train	¼Ò°í±â±è¹ä	4	¼Ò°í±â±è¹ä	Q3	2	0.75	side	250	425.666	187.5	319.25
side_ÁÖ¸Ô¹ä±è¹ä·ù_»ç°¢¹è´Þ_¼Ò°í±â±è¹ä_Q3_00004.JPG	train	train	¼Ò°í±â±è¹ä	4	¼Ò°í±â±è¹ä	Q3	2	0.75	side	250	425.666	187.5	319.25
side_ÁÖ¸Ô¹ä±è¹ä·ù_»ç°¢¹è´Þ_¼Ò°í±â±è¹ä_Q3_00005.JPG	train	train	¼Ò°í±â±è¹ä	4	¼Ò°í±â±è¹ä	Q3	2	0.75	side	250	425.666	187.5	319.25
side_ÁÖ¸Ô¹ä±è¹ä·ù_»ç°¢¹è´Þ_¼Ò°í±â±è¹ä_Q3_00006.JPG	train	train	¼Ò°í±â±è¹ä	4	¼Ò°í±â±è¹ä	Q3	2	0.75	side	250	425.666	187.5	319.25
side_ÁÖ¸Ô¹ä±è¹ä·ù_»ç°¢¹è´Þ_¼Ò°í±â±è¹ä_Q3_00007.JPG	train	train	¼Ò°í±â±è¹ä	4	¼Ò°í±â±è¹ä	Q3	2	0.75	side	250	425.666	187.5	319.25
side_ÁÖ¸Ô¹ä±è¹ä·ù_»ç°¢¹è´Þ_¼Ò°í±â±è¹ä_Q3_00008.JPG	train	train	¼Ò°í±â±è¹ä	4	¼Ò°í±â±è¹ä	Q3	2	0.75	side	250	425.666	187.5	319.25
side_ÁÖ¸Ô¹ä±è¹ä·ù_»ç°¢¹è´Þ_¼Ò°í±â±è¹ä_Q3_00009.JPG	train	train	¼Ò°í±â±è¹ä	4	¼Ò°í±â±è¹ä	Q3	2	0.75	side	250	425.666	187.5	319.25
side_ÁÖ¸Ô¹ä±è¹ä·ù_»ç°¢¹è´Þ_¼Ò°í±â±è¹ä_Q3_00012.JPG	train	train	¼Ò°í±â±è¹ä	4	¼Ò°í±â±è¹ä	Q3	2	0.75	side	250	425.666	187.5	319.25
side_ÁÖ¸Ô¹ä±è¹ä·ù_»ç°¢¹è´Þ_¼Ò°í±â±è¹ä_Q3_00013.JPG	train	train	¼Ò°í±â±è¹ä	4	¼Ò°í±â±è¹ä	Q3	2	0.75	side	250	425.666	187.5	319.25
side_ÁÖ¸Ô¹ä±è¹ä·ù_»ç°¢¹è´Þ_¼Ò°í±â±è¹ä_Q3_00014.JPG	train	train	¼Ò°í±â±è¹ä	4	¼Ò°í±â±è¹ä	Q3	2	0.75	side	250	425.666	187.5	319.25
side_ÁÖ¸Ô¹ä±è¹ä·ù_»ç°¢¹è´Þ_¼Ò°í±â±è¹ä_Q3_00016.JPG	train	train	¼Ò°í±â±è¹ä	4	¼Ò°í±â±è¹ä	Q3	2	0.75	side	250	425.666	187.5	319.25
side_ÁÖ¸Ô¹ä±è¹ä·ù_»ç°¢¹è´Þ_¼Ò°í±â±è¹ä_Q3_00017.JPG	train	train	¼Ò°í±â±è¹ä	4	¼Ò°í±â±è¹ä	Q3	2	0.75	side	250	425.666	187.5	319.25
side_ÁÖ¸Ô¹ä±è¹ä·ù_»ç°¢¹è´Þ_¼Ò°í±â±è¹ä_Q3_00018.JPG	train	train	¼Ò°í±â±è¹ä	4	¼Ò°í±â±è¹ä	Q3	2	0.75	side	250	425.666	187.5	319.25
side_ÁÖ¸Ô¹ä±è¹ä·ù_»ç°¢¹è´Þ_¼Ò°í±â±è¹ä_Q3_00019.JPG	train	train	¼Ò°í±â±è¹ä	4	¼Ò°í±â±è¹ä	Q3	2	0.75	side	250	425.666	187.5	319.25
side_ÁÖ¸Ô¹ä±è¹ä·ù_»ç°¢¹è´Þ_¼Ò°í±â±è¹ä_Q3_00020.JPG	train	train	¼Ò°í±â±è¹ä	4	¼Ò°í±â±è¹ä	Q3	2	0.75	side	250	425.666	187.5	319.25
side_ÁÖ¸Ô¹ä±è¹ä·ù_»ç°¢¹è´Þ_¼Ò°í±â±è¹ä_Q3_00021.JPG	train	train	¼Ò°í±â±è¹ä	4	¼Ò°í±â±è¹ä	Q3	2	0.75	side	250	425.666	187.5	319.25
side_ÁÖ¸Ô¹ä±è¹ä·ù_»ç°¢¹è´Þ_¼Ò°í±â±è¹ä_Q3_00022.JPG	train	train	¼Ò°í±â±è¹ä	4	¼Ò°í±â±è¹ä	Q3	2	0.75	side	250	425.666	187.5	319.25
side_ÁÖ¸Ô¹ä±è¹ä·ù_»ç°¢¹è´Þ_¼Ò°í±â±è¹ä_Q3_00024.JPG	train	train	¼Ò°í±â±è¹ä	4	¼Ò°í±â±è¹ä	Q3	2	0.75	side	250	425.666	187.5	319.25
side_ÁÖ¸Ô¹ä±è¹ä·ù_»ç°¢¹è´Þ_¼Ò°í±â±è¹ä_Q3_00025.JPG	train	train	¼Ò°í±â±è¹ä	4	¼Ò°í±â±è¹ä	Q3	2	0.75	side	250	425.666	187.5	319.25
side_ÁÖ¸Ô¹ä±è¹ä·ù_»ç°¢¹è´Þ_¼Ò°í±â±è¹ä_Q3_00028.JPG	train	train	¼Ò°í±â±è¹ä	4	¼Ò°í±â±è¹ä	Q3	2	0.75	side	250	425.666	187.5	319.25
side_ÁÖ¸Ô¹ä±è¹ä·ù_»ç°¢¹è´Þ_¼Ò°í±â±è¹ä_Q3_00030.JPG	train	train	¼Ò°í±â±è¹ä	4	¼Ò°í±â±è¹ä	Q3	2	0.75	side	250	425.666	187.5	319.25
side_ÁÖ¸Ô¹ä±è¹ä·ù_»ç°¢¹è´Þ_¼Ò°í±â±è¹ä_Q3_00031.JPG	train	train	¼Ò°í±â±è¹ä	4	¼Ò°í±â±è¹ä	Q3	2	0.75	side	250	425.666	187.5	319.25
side_ÁÖ¸Ô¹ä±è¹ä·ù_»ç°¢¹è´Þ_¼Ò°í±â±è¹ä_Q3_00032.JPG	train	train	¼Ò°í±â±è¹ä	4	¼Ò°í±â±è¹ä	Q3	2	0.75	side	250	425.666	187.5	319.25
side_ÁÖ¸Ô¹ä±è¹ä·ù_»ç°¢¹è´Þ_¼Ò°í±â±è¹ä_Q3_00033.JPG	train	train	¼Ò°í±â±è¹ä	4	¼Ò°í±â±è¹ä	Q3	2	0.75	side	250	425.666	187.5	319.25
side_ÁÖ¸Ô¹ä±è¹ä·ù_»ç°¢¹è´Þ_¼Ò°í±â±è¹ä_Q3_00034.JPG	train	train	¼Ò°í±â±è¹ä	4	¼Ò°í±â±è¹ä	Q3	2	0.75	side	250	425.666	187.5	319.25
side_ÁÖ¸Ô¹ä±è¹ä·ù_»ç°¢¹è´Þ_¼Ò°í±â±è¹ä_Q3_00035.JPG	train	train	¼Ò°í±â±è¹ä	4	¼Ò°í±â±è¹ä	Q3	2	0.75	side	250	425.666	187.5	319.25
side_ÁÖ¸Ô¹ä±è¹ä·ù_»ç°¢¹è´Þ_¼Ò°í±â±è¹ä_Q3_00036.JPG	train	train	¼Ò°í±â±è¹ä	4	¼Ò°í±â±è¹ä	Q3	2	0.75	side	250	425.666	187.5	319.25
side_ÁÖ¸Ô¹ä±è¹ä·ù_»ç°¢¹è´Þ_¼Ò°í±â±è¹ä_Q3_00038.JPG	train	train	¼Ò°í±â±è¹ä	4	¼Ò°í±â±è¹ä	Q3	2	0.75	side	250	425.666	187.5	319.25
side_ÁÖ¸Ô¹ä±è¹ä·ù_»ç°¢¹è´Þ_¼Ò°í±â±è¹ä_Q3_00039.JPG	train	train	¼Ò°í±â±è¹ä	4	¼Ò°í±â±è¹ä	Q3	2	0.75	side	250	425.666	187.5	319.25
side_ÁÖ¸Ô¹ä±è¹ä·ù_»ç°¢¹è´Þ_¼Ò°í±â±è¹ä_Q3_00040.JPG	train	train	¼Ò°í±â±è¹ä	4	¼Ò°í±â±è¹ä	Q3	2	0.75	side	250	425.666	187.5	319.25
side_ÁÖ¸Ô¹ä±è¹ä·ù_»ç°¢¹è´Þ_¼Ò°í±â±è¹ä_Q3_00042.JPG	train	train	¼Ò°í±â±è¹ä	4	¼Ò°í±â±è¹ä	Q3	2	0.75	side	250	425.666	187.5	319.25
side_ÁÖ¸Ô¹ä±è¹ä·ù_»ç°¢¹è´Þ_¼Ò°í±â±è¹ä_Q3_00043.JPG	train	train	¼Ò°í±â±è¹ä	4	¼Ò°í±â±è¹ä	Q3	2	0.75	side	250	425.666	187.5	319.25
side_ÁÖ¸Ô¹ä±è¹ä·ù_»ç°¢¹è´Þ_¼Ò°í±â±è¹ä_Q3_00044.JPG	train	train	¼Ò°í±â±è¹ä	4	¼Ò°í±â±è¹ä	Q3	2	0.75	side	250	425.666	187.5	319.25
side_ÁÖ¸Ô¹ä±è¹ä·ù_»ç°¢¹è´Þ_¼Ò°í±â±è¹ä_Q3_00045.JPG	train	train	¼Ò°í±â±è¹ä	4	¼Ò°í±â±è¹ä	Q3	2	0.75	side	250	425.666	187.5	319.25
side_ÁÖ¸Ô¹ä±è¹ä·ù_»ç°¢¹è´Þ_¼Ò°í±â±è¹ä_Q3_00047.JPG	train	train	¼Ò°í±â±è¹ä	4	¼Ò°í±â±è¹ä	Q3	2	0.75	side	250	425.666	187.5	319.25
side_ÁÖ¸Ô¹ä±è¹ä·ù_»ç°¢¹è´Þ_¼Ò°í±â±è¹ä_Q3_00048.JPG	train	train	¼Ò°í±â±è¹ä	4	¼Ò°í±â±è¹ä	Q3	2	0.75	side	250	425.666	187.5	319.25
side_ÁÖ¸Ô¹ä±è¹ä·ù_»ç°¢¹è´Þ_¼Ò°í±â±è¹ä_Q3_00049.JPG	train	train	¼Ò°í±â±è¹ä	4	¼Ò°í±â±è¹ä	Q3	2	0.75	side	250	425.666	187.5	319.25
side_ÁÖ¸Ô¹ä±è¹ä·ù_»ç°¢¹è´Þ_¼Ò°í±â±è¹ä_Q3_00051.JPG	train	train	¼Ò°í±â±è¹ä	4	¼Ò°í±â±è¹ä	Q3	2	0.75	side	250	425.666	187.5	319.25
side_ÁÖ¸Ô¹ä±è¹ä·ù_»ç°¢¹è´Þ_¼Ò°í±â±è¹ä_Q3_00052.JPG	train	train	¼Ò°í±â±è¹ä	4	¼Ò°í±â±è¹ä	Q3	2	0.75	side	250	425.666	187.5	319.25
side_ÁÖ¸Ô¹ä±è¹ä·ù_»ç°¢¹è´Þ_¼Ò°í±â±è¹ä_Q3_00053.JPG	train	train	¼Ò°í±â±è¹ä	4	¼Ò°í±â±è¹ä	Q3	2	0.75	side	250	425.666	187.5	319.25
top_ÁÖ¸Ô¹ä±è¹ä·ù_»ç°¢¹è´Þ_¼Ò°í±â±è¹ä_Q3_00001.JPG	train	train	¼Ò°í±â±è¹ä	4	¼Ò°í±â±è¹ä	Q3	2	0.75	top	250	425.666	187.5	319.25
top_ÁÖ¸Ô¹ä±è¹ä·ù_»ç°¢¹è´Þ_¼Ò°í±â±è¹ä_Q3_00002.JPG	train	train	¼Ò°í±â±è¹ä	4	¼Ò°í±â±è¹ä	Q3	2	0.75	top	250	425.666	187.5	319.25
top_ÁÖ¸Ô¹ä±è¹ä·ù_»ç°¢¹è´Þ_¼Ò°í±â±è¹ä_Q3_00003.JPG	train	train	¼Ò°í±â±è¹ä	4	¼Ò°í±â±è¹ä	Q3	2	0.75	top	250	425.666	187.5	319.25
top_ÁÖ¸Ô¹ä±è¹ä·ù_»ç°¢¹è´Þ_¼Ò°í±â±è¹ä_Q3_00004.JPG	train	train	¼Ò°í±â±è¹ä	4	¼Ò°í±â±è¹ä	Q3	2	0.75	top	250	425.666	187.5	319.25
top_ÁÖ¸Ô¹ä±è¹ä·ù_»ç°¢¹è´Þ_¼Ò°í±â±è¹ä_Q3_00005.JPG	train	train	¼Ò°í±â±è¹ä	4	¼Ò°í±â±è¹ä	Q3	2	0.75	top	250	425.666	187.5	319.25
top_ÁÖ¸Ô¹ä±è¹ä·ù_»ç°¢¹è´Þ_¼Ò°í±â±è¹ä_Q3_00006.JPG	train	train	¼Ò°í±â±è¹ä	4	¼Ò°í±â±è¹ä	Q3	2	0.75	top	250	425.666	187.5	319.25
top_ÁÖ¸Ô¹ä±è¹ä·ù_»ç°¢¹è´Þ_¼Ò°í±â±è¹ä_Q3_00007.JPG	train	train	¼Ò°í±â±è¹ä	4	¼Ò°í±â±è¹ä	Q3	2	0.75	top	250	425.666	187.5	319.25
top_ÁÖ¸Ô¹ä±è¹ä·ù_»ç°¢¹è´Þ_¼Ò°í±â±è¹ä_Q3_00009.JPG	train	train	¼Ò°í±â±è¹ä	4	¼Ò°í±â±è¹ä	Q3	2	0.75	top	250	425.666	187.5	319.25
top_ÁÖ¸Ô¹ä±è¹ä·ù_»ç°¢¹è´Þ_¼Ò°í±â±è¹ä_Q3_00010.JPG	train	train	¼Ò°í±â±è¹ä	4	¼Ò°í±â±è¹ä	Q3	2	0.75	top	250	425.666	187.5	319.25
top_ÁÖ¸Ô¹ä±è¹ä·ù_»ç°¢¹è´Þ_¼Ò°í±â±è¹ä_Q3_00011.JPG	train	train	¼Ò°í±â±è¹ä	4	¼Ò°í±â±è¹ä	Q3	2	0.75	top	250	425.666	187.5	319.25
top_ÁÖ¸Ô¹ä±è¹ä·ù_»ç°¢¹è´Þ_¼Ò°í±â±è¹ä_Q3_00012.JPG	train	train	¼Ò°í±â±è¹ä	4	¼Ò°í±â±è¹ä	Q3	2	0.75	top	250	425.666	187.5	319.25
top_ÁÖ¸Ô¹ä±è¹ä·ù_»ç°¢¹è´Þ_¼Ò°í±â±è¹ä_Q3_00013.JPG	train	train	¼Ò°í±â±è¹ä	4	¼Ò°í±â±è¹ä	Q3	2	0.75	top	250	425.666	187.5	319.25
top_ÁÖ¸Ô¹ä±è¹ä·ù_»ç°¢¹è´Þ_¼Ò°í±â±è¹ä_Q3_00015.JPG	train	train	¼Ò°í±â±è¹ä	4	¼Ò°í±â±è¹ä	Q3	2	0.75	top	250	425.666	187.5	319.25
top_ÁÖ¸Ô¹ä±è¹ä·ù_»ç°¢¹è´Þ_¼Ò°í±â±è¹ä_Q3_00016.JPG	train	train	¼Ò°í±â±è¹ä	4	¼Ò°í±â±è¹ä	Q3	2	0.75	top	250	425.666	187.5	319.25
top_ÁÖ¸Ô¹ä±è¹ä·ù_»ç°¢¹è´Þ_¼Ò°í±â±è¹ä_Q3_00017.JPG	train	train	¼Ò°í±â±è¹ä	4	¼Ò°í±â±è¹ä	Q3	2	0.75	top	250	425.666	187.5	319.25
top_ÁÖ¸Ô¹ä±è¹ä·ù_»ç°¢¹è´Þ_¼Ò°í±â±è¹ä_Q3_00018.JPG	train	train	¼Ò°í±â±è¹ä	4	¼Ò°í±â±è¹ä	Q3	2	0.75	top	250	425.666	187.5	319.25
top_ÁÖ¸Ô¹ä±è¹ä·ù_»ç°¢¹è´Þ_¼Ò°í±â±è¹ä_Q3_00019.JPG	train	train	¼Ò°í±â±è¹ä	4	¼Ò°í±â±è¹ä	Q3	2	0.75	top	250	425.666	187.5	319.25
top_ÁÖ¸Ô¹ä±è¹ä·ù_»ç°¢¹è´Þ_¼Ò°í±â±è¹ä_Q3_00022.JPG	train	train	¼Ò°í±â±è¹ä	4	¼Ò°í±â±è¹ä	Q3	2	0.75	top	250	425.666	187.5	319.25
top_ÁÖ¸Ô¹ä±è¹ä·ù_»ç°¢¹è´Þ_¼Ò°í±â±è¹ä_Q3_00023.JPG	train	train	¼Ò°í±â±è¹ä	4	¼Ò°í±â±è¹ä	Q3	2	0.75	top	250	425.666	187.5	319.25
top_ÁÖ¸Ô¹ä±è¹ä·ù_»ç°¢¹è´Þ_¼Ò°í±â±è¹ä_Q3_00024.JPG	train	train	¼Ò°í±â±è¹ä	4	¼Ò°í±â±è¹ä	Q3	2	0.75	top	250	425.666	187.5	319.25
top_ÁÖ¸Ô¹ä±è¹ä·ù_»ç°¢¹è´Þ_¼Ò°í±â±è¹ä_Q3_00025.JPG	train	train	¼Ò°í±â±è¹ä	4	¼Ò°í±â±è¹ä	Q3	2	0.75	top	250	425.666	187.5	319.25
top_ÁÖ¸Ô¹ä±è¹ä·ù_»ç°¢¹è´Þ_¼Ò°í±â±è¹ä_Q3_00026.JPG	train	train	¼Ò°í±â±è¹ä	4	¼Ò°í±â±è¹ä	Q3	2	0.75	top	250	425.666	187.5	319.25
top_ÁÖ¸Ô¹ä±è¹ä·ù_»ç°¢¹è´Þ_¼Ò°í±â±è¹ä_Q3_00027.JPG	train	train	¼Ò°í±â±è¹ä	4	¼Ò°í±â±è¹ä	Q3	2	0.75	top	250	425.666	187.5	319.25
top_ÁÖ¸Ô¹ä±è¹ä·ù_»ç°¢¹è´Þ_¼Ò°í±â±è¹ä_Q3_00028.JPG	train	train	¼Ò°í±â±è¹ä	4	¼Ò°í±â±è¹ä	Q3	2	0.75	top	250	425.666	187.5	319.25
top_ÁÖ¸Ô¹ä±è¹ä·ù_»ç°¢¹è´Þ_¼Ò°í±â±è¹ä_Q3_00029.JPG	train	train	¼Ò°í±â±è¹ä	4	¼Ò°í±â±è¹ä	Q3	2	0.75	top	250	425.666	187.5	319.25
top_ÁÖ¸Ô¹ä±è¹ä·ù_»ç°¢¹è´Þ_¼Ò°í±â±è¹ä_Q3_00030.JPG	train	train	¼Ò°í±â±è¹ä	4	¼Ò°í±â±è¹ä	Q3	2	0.75	top	250	425.666	187.5	319.25
top_ÁÖ¸Ô¹ä±è¹ä·ù_»ç°¢¹è´Þ_¼Ò°í±â±è¹ä_Q3_00032.JPG	train	train	¼Ò°í±â±è¹ä	4	¼Ò°í±â±è¹ä	Q3	2	0.75	top	250	425.666	187.5	319.25
top_ÁÖ¸Ô¹ä±è¹ä·ù_»ç°¢¹è´Þ_¼Ò°í±â±è¹ä_Q3_00033.JPG	train	train	¼Ò°í±â±è¹ä	4	¼Ò°í±â±è¹ä	Q3	2	0.75	top	250	425.666	187.5	319.25
top_ÁÖ¸Ô¹ä±è¹ä·ù_»ç°¢¹è´Þ_¼Ò°í±â±è¹ä_Q3_00034.JPG	train	train	¼Ò°í±â±è¹ä	4	¼Ò°í±â±è¹ä	Q3	2	0.75	top	250	425.666	187.5	319.25
top_ÁÖ¸Ô¹ä±è¹ä·ù_»ç°¢¹è´Þ_¼Ò°í±â±è¹ä_Q3_00035.JPG	train	train	¼Ò°í±â±è¹ä	4	¼Ò°í±â±è¹ä	Q3	2	0.75	top	250	425.666	187.5	319.25
top_ÁÖ¸Ô¹ä±è¹ä·ù_»ç°¢¹è´Þ_¼Ò°í±â±è¹ä_Q3_00037.JPG	train	train	¼Ò°í±â±è¹ä	4	¼Ò°í±â±è¹ä	Q3	2	0.75	top	250	425.666	187.5	319.25
top_ÁÖ¸Ô¹ä±è¹ä·ù_»ç°¢¹è´Þ_¼Ò°í±â±è¹ä_Q3_00038.JPG	train	train	¼Ò°í±â±è¹ä	4	¼Ò°í±â±è¹ä	Q3	2	0.75	top	250	425.666	187.5	319.25
top_ÁÖ¸Ô¹ä±è¹ä·ù_»ç°¢¹è´Þ_¼Ò°í±â±è¹ä_Q3_00039.JPG	train	train	¼Ò°í±â±è¹ä	4	¼Ò°í±â±è¹ä	Q3	2	0.75	top	250	425.666	187.5	319.25
top_ÁÖ¸Ô¹ä±è¹ä·ù_»ç°¢¹è´Þ_¼Ò°í±â±è¹ä_Q3_00040.JPG	train	train	¼Ò°í±â±è¹ä	4	¼Ò°í±â±è¹ä	Q3	2	0.75	top	250	425.666	187.5	319.25
top_ÁÖ¸Ô¹ä±è¹ä·ù_»ç°¢¹è´Þ_¼Ò°í±â±è¹ä_Q3_00041.JPG	train	train	¼Ò°í±â±è¹ä	4	¼Ò°í±â±è¹ä	Q3	2	0.75	top	250	425.666	187.5	319.25
top_ÁÖ¸Ô¹ä±è¹ä·ù_»ç°¢¹è´Þ_¼Ò°í±â±è¹ä_Q3_00042.JPG	train	train	¼Ò°í±â±è¹ä	4	¼Ò°í±â±è¹ä	Q3	2	0.75	top	250	425.666	187.5	319.25
top_ÁÖ¸Ô¹ä±è¹ä·ù_»ç°¢¹è´Þ_¼Ò°í±â±è¹ä_Q3_00043.JPG	train	train	¼Ò°í±â±è¹ä	4	¼Ò°í±â±è¹ä	Q3	2	0.75	top	250	425.666	187.5	319.25
top_ÁÖ¸Ô¹ä±è¹ä·ù_»ç°¢¹è´Þ_¼Ò°í±â±è¹ä_Q3_00044.JPG	train	train	¼Ò°í±â±è¹ä	4	¼Ò°í±â±è¹ä	Q3	2	0.75	top	250	425.666	187.5	319.25
top_ÁÖ¸Ô¹ä±è¹ä·ù_»ç°¢¹è´Þ_¼Ò°í±â±è¹ä_Q3_00045.JPG	train	train	¼Ò°í±â±è¹ä	4	¼Ò°í±â±è¹ä	Q3	2	0.75	top	250	425.666	187.5	319.25
top_ÁÖ¸Ô¹ä±è¹ä·ù_»ç°¢¹è´Þ_¼Ò°í±â±è¹ä_Q3_00046.JPG	train	train	¼Ò°í±â±è¹ä	4	¼Ò°í±â±è¹ä	Q3	2	0.75	top	250	425.666	187.5	319.25
top_ÁÖ¸Ô¹ä±è¹ä·ù_»ç°¢¹è´Þ_¼Ò°í±â±è¹ä_Q3_00047.JPG	train	train	¼Ò°í±â±è¹ä	4	¼Ò°í±â±è¹ä	Q3	2	0.75	top	250	425.666	187.5	319.25
top_ÁÖ¸Ô¹ä±è¹ä·ù_»ç°¢¹è´Þ_¼Ò°í±â±è¹ä_Q3_00048.JPG	train	train	¼Ò°í±â±è¹ä	4	¼Ò°í±â±è¹ä	Q3	2	0.75	top	250	425.666	187.5	319.25
top_ÁÖ¸Ô¹ä±è¹ä·ù_»ç°¢¹è´Þ_¼Ò°í±â±è¹ä_Q3_00049.JPG	train	train	¼Ò°í±â±è¹ä	4	¼Ò°í±â±è¹ä	Q3	2	0.75	top	250	425.666	187.5	319.25
top_ÁÖ¸Ô¹ä±è¹ä·ù_»ç°¢¹è´Þ_¼Ò°í±â±è¹ä_Q3_00050.JPG	train	train	¼Ò°í±â±è¹ä	4	¼Ò°í±â±è¹ä	Q3	2	0.75	top	250	425.666	187.5	319.25
top_ÁÖ¸Ô¹ä±è¹ä·ù_»ç°¢¹è´Þ_¼Ò°í±â±è¹ä_Q3_00052.JPG	train	train	¼Ò°í±â±è¹ä	4	¼Ò°í±â±è¹ä	Q3	2	0.75	top	250	425.666	187.5	319.25
top_ÁÖ¸Ô¹ä±è¹ä·ù_»ç°¢¹è´Þ_¼Ò°í±â±è¹ä_Q3_00053.JPG	train	train	¼Ò°í±â±è¹ä	4	¼Ò°í±â±è¹ä	Q3	2	0.75	top	250	425.666	187.5	319.25
side_ÁÖ¸Ô¹ä±è¹ä·ù_»ç°¢¹è´Þ_¼Ò°í±â±è¹ä_Q4_00001.JPG	train	train	¼Ò°í±â±è¹ä	4	¼Ò°í±â±è¹ä	Q4	3	1	side	250	425.666	250	425.67
side_ÁÖ¸Ô¹ä±è¹ä·ù_»ç°¢¹è´Þ_¼Ò°í±â±è¹ä_Q4_00002.JPG	train	train	¼Ò°í±â±è¹ä	4	¼Ò°í±â±è¹ä	Q4	3	1	side	250	425.666	250	425.67
side_ÁÖ¸Ô¹ä±è¹ä·ù_»ç°¢¹è´Þ_¼Ò°í±â±è¹ä_Q4_00004.JPG	train	train	¼Ò°í±â±è¹ä	4	¼Ò°í±â±è¹ä	Q4	3	1	side	250	425.666	250	425.67
side_ÁÖ¸Ô¹ä±è¹ä·ù_»ç°¢¹è´Þ_¼Ò°í±â±è¹ä_Q4_00005.JPG	train	train	¼Ò°í±â±è¹ä	4	¼Ò°í±â±è¹ä	Q4	3	1	side	250	425.666	250	425.67
side_ÁÖ¸Ô¹ä±è¹ä·ù_»ç°¢¹è´Þ_¼Ò°í±â±è¹ä_Q4_00006.JPG	train	train	¼Ò°í±â±è¹ä	4	¼Ò°í±â±è¹ä	Q4	3	1	side	250	425.666	250	425.67
side_ÁÖ¸Ô¹ä±è¹ä·ù_»ç°¢¹è´Þ_¼Ò°í±â±è¹ä_Q4_00007.JPG	train	train	¼Ò°í±â±è¹ä	4	¼Ò°í±â±è¹ä	Q4	3	1	side	250	425.666	250	425.67
side_ÁÖ¸Ô¹ä±è¹ä·ù_»ç°¢¹è´Þ_¼Ò°í±â±è¹ä_Q4_00008.JPG	train	train	¼Ò°í±â±è¹ä	4	¼Ò°í±â±è¹ä	Q4	3	1	side	250	425.666	250	425.67
side_ÁÖ¸Ô¹ä±è¹ä·ù_»ç°¢¹è´Þ_¼Ò°í±â±è¹ä_Q4_00009.JPG	train	train	¼Ò°í±â±è¹ä	4	¼Ò°í±â±è¹ä	Q4	3	1	side	250	425.666	250	425.67
side_ÁÖ¸Ô¹ä±è¹ä·ù_»ç°¢¹è´Þ_¼Ò°í±â±è¹ä_Q4_00010.JPG	train	train	¼Ò°í±â±è¹ä	4	¼Ò°í±â±è¹ä	Q4	3	1	side	250	425.666	250	425.67
side_ÁÖ¸Ô¹ä±è¹ä·ù_»ç°¢¹è´Þ_¼Ò°í±â±è¹ä_Q4_00011.JPG	train	train	¼Ò°í±â±è¹ä	4	¼Ò°í±â±è¹ä	Q4	3	1	side	250	425.666	250	425.67
side_ÁÖ¸Ô¹ä±è¹ä·ù_»ç°¢¹è´Þ_¼Ò°í±â±è¹ä_Q4_00012.JPG	train	train	¼Ò°í±â±è¹ä	4	¼Ò°í±â±è¹ä	Q4	3	1	side	250	425.666	250	425.67
side_ÁÖ¸Ô¹ä±è¹ä·ù_»ç°¢¹è´Þ_¼Ò°í±â±è¹ä_Q4_00013.JPG	train	train	¼Ò°í±â±è¹ä	4	¼Ò°í±â±è¹ä	Q4	3	1	side	250	425.666	250	425.67
side_ÁÖ¸Ô¹ä±è¹ä·ù_»ç°¢¹è´Þ_¼Ò°í±â±è¹ä_Q4_00014.JPG	train	train	¼Ò°í±â±è¹ä	4	¼Ò°í±â±è¹ä	Q4	3	1	side	250	425.666	250	425.67
side_ÁÖ¸Ô¹ä±è¹ä·ù_»ç°¢¹è´Þ_¼Ò°í±â±è¹ä_Q4_00015.JPG	train	train	¼Ò°í±â±è¹ä	4	¼Ò°í±â±è¹ä	Q4	3	1	side	250	425.666	250	425.67
side_ÁÖ¸Ô¹ä±è¹ä·ù_»ç°¢¹è´Þ_¼Ò°í±â±è¹ä_Q4_00016.JPG	train	train	¼Ò°í±â±è¹ä	4	¼Ò°í±â±è¹ä	Q4	3	1	side	250	425.666	250	425.67
side_ÁÖ¸Ô¹ä±è¹ä·ù_»ç°¢¹è´Þ_¼Ò°í±â±è¹ä_Q4_00017.JPG	train	train	¼Ò°í±â±è¹ä	4	¼Ò°í±â±è¹ä	Q4	3	1	side	250	425.666	250	425.67
side_ÁÖ¸Ô¹ä±è¹ä·ù_»ç°¢¹è´Þ_¼Ò°í±â±è¹ä_Q4_00018.JPG	train	train	¼Ò°í±â±è¹ä	4	¼Ò°í±â±è¹ä	Q4	3	1	side	250	425.666	250	425.67
side_ÁÖ¸Ô¹ä±è¹ä·ù_»ç°¢¹è´Þ_¼Ò°í±â±è¹ä_Q4_00019.JPG	train	train	¼Ò°í±â±è¹ä	4	¼Ò°í±â±è¹ä	Q4	3	1	side	250	425.666	250	425.67
side_ÁÖ¸Ô¹ä±è¹ä·ù_»ç°¢¹è´Þ_¼Ò°í±â±è¹ä_Q4_00020.JPG	train	train	¼Ò°í±â±è¹ä	4	¼Ò°í±â±è¹ä	Q4	3	1	side	250	425.666	250	425.67
side_ÁÖ¸Ô¹ä±è¹ä·ù_»ç°¢¹è´Þ_¼Ò°í±â±è¹ä_Q4_00021.JPG	train	train	¼Ò°í±â±è¹ä	4	¼Ò°í±â±è¹ä	Q4	3	1	side	250	425.666	250	425.67
side_ÁÖ¸Ô¹ä±è¹ä·ù_»ç°¢¹è´Þ_¼Ò°í±â±è¹ä_Q4_00023.JPG	train	train	¼Ò°í±â±è¹ä	4	¼Ò°í±â±è¹ä	Q4	3	1	side	250	425.666	250	425.67
side_ÁÖ¸Ô¹ä±è¹ä·ù_»ç°¢¹è´Þ_¼Ò°í±â±è¹ä_Q4_00026.JPG	train	train	¼Ò°í±â±è¹ä	4	¼Ò°í±â±è¹ä	Q4	3	1	side	250	425.666	250	425.67
side_ÁÖ¸Ô¹ä±è¹ä·ù_»ç°¢¹è´Þ_¼Ò°í±â±è¹ä_Q4_00027.JPG	train	train	¼Ò°í±â±è¹ä	4	¼Ò°í±â±è¹ä	Q4	3	1	side	250	425.666	250	425.67
side_ÁÖ¸Ô¹ä±è¹ä·ù_»ç°¢¹è´Þ_¼Ò°í±â±è¹ä_Q4_00028.JPG	train	train	¼Ò°í±â±è¹ä	4	¼Ò°í±â±è¹ä	Q4	3	1	side	250	425.666	250	425.67
side_ÁÖ¸Ô¹ä±è¹ä·ù_»ç°¢¹è´Þ_¼Ò°í±â±è¹ä_Q4_00029.JPG	train	train	¼Ò°í±â±è¹ä	4	¼Ò°í±â±è¹ä	Q4	3	1	side	250	425.666	250	425.67
side_ÁÖ¸Ô¹ä±è¹ä·ù_»ç°¢¹è´Þ_¼Ò°í±â±è¹ä_Q4_00030.JPG	train	train	¼Ò°í±â±è¹ä	4	¼Ò°í±â±è¹ä	Q4	3	1	side	250	425.666	250	425.67
side_ÁÖ¸Ô¹ä±è¹ä·ù_»ç°¢¹è´Þ_¼Ò°í±â±è¹ä_Q4_00033.JPG	train	train	¼Ò°í±â±è¹ä	4	¼Ò°í±â±è¹ä	Q4	3	1	side	250	425.666	250	425.67
side_ÁÖ¸Ô¹ä±è¹ä·ù_»ç°¢¹è´Þ_¼Ò°í±â±è¹ä_Q4_00034.JPG	train	train	¼Ò°í±â±è¹ä	4	¼Ò°í±â±è¹ä	Q4	3	1	side	250	425.666	250	425.67
side_ÁÖ¸Ô¹ä±è¹ä·ù_»ç°¢¹è´Þ_¼Ò°í±â±è¹ä_Q4_00035.JPG	train	train	¼Ò°í±â±è¹ä	4	¼Ò°í±â±è¹ä	Q4	3	1	side	250	425.666	250	425.67
side_ÁÖ¸Ô¹ä±è¹ä·ù_»ç°¢¹è´Þ_¼Ò°í±â±è¹ä_Q4_00037.JPG	train	train	¼Ò°í±â±è¹ä	4	¼Ò°í±â±è¹ä	Q4	3	1	side	250	425.666	250	425.67
side_ÁÖ¸Ô¹ä±è¹ä·ù_»ç°¢¹è´Þ_¼Ò°í±â±è¹ä_Q4_00038.JPG	train	train	¼Ò°í±â±è¹ä	4	¼Ò°í±â±è¹ä	Q4	3	1	side	250	425.666	250	425.67
side_ÁÖ¸Ô¹ä±è¹ä·ù_»ç°¢¹è´Þ_¼Ò°í±â±è¹ä_Q4_00039.JPG	train	train	¼Ò°í±â±è¹ä	4	¼Ò°í±â±è¹ä	Q4	3	1	side	250	425.666	250	425.67
side_ÁÖ¸Ô¹ä±è¹ä·ù_»ç°¢¹è´Þ_¼Ò°í±â±è¹ä_Q4_00040.JPG	train	train	¼Ò°í±â±è¹ä	4	¼Ò°í±â±è¹ä	Q4	3	1	side	250	425.666	250	425.67
side_ÁÖ¸Ô¹ä±è¹ä·ù_»ç°¢¹è´Þ_¼Ò°í±â±è¹ä_Q4_00041.JPG	train	train	¼Ò°í±â±è¹ä	4	¼Ò°í±â±è¹ä	Q4	3	1	side	250	425.666	250	425.67
side_ÁÖ¸Ô¹ä±è¹ä·ù_»ç°¢¹è´Þ_¼Ò°í±â±è¹ä_Q4_00043.JPG	train	train	¼Ò°í±â±è¹ä	4	¼Ò°í±â±è¹ä	Q4	3	1	side	250	425.666	250	425.67
side_ÁÖ¸Ô¹ä±è¹ä·ù_»ç°¢¹è´Þ_¼Ò°í±â±è¹ä_Q4_00044.JPG	train	train	¼Ò°í±â±è¹ä	4	¼Ò°í±â±è¹ä	Q4	3	1	side	250	425.666	250	425.67
side_ÁÖ¸Ô¹ä±è¹ä·ù_»ç°¢¹è´Þ_¼Ò°í±â±è¹ä_Q4_00045.JPG	train	train	¼Ò°í±â±è¹ä	4	¼Ò°í±â±è¹ä	Q4	3	1	side	250	425.666	250	425.67
side_ÁÖ¸Ô¹ä±è¹ä·ù_»ç°¢¹è´Þ_¼Ò°í±â±è¹ä_Q4_00046.JPG	train	train	¼Ò°í±â±è¹ä	4	¼Ò°í±â±è¹ä	Q4	3	1	side	250	425.666	250	425.67
side_ÁÖ¸Ô¹ä±è¹ä·ù_»ç°¢¹è´Þ_¼Ò°í±â±è¹ä_Q4_00047.JPG	train	train	¼Ò°í±â±è¹ä	4	¼Ò°í±â±è¹ä	Q4	3	1	side	250	425.666	250	425.67
side_ÁÖ¸Ô¹ä±è¹ä·ù_»ç°¢¹è´Þ_¼Ò°í±â±è¹ä_Q4_00048.JPG	train	train	¼Ò°í±â±è¹ä	4	¼Ò°í±â±è¹ä	Q4	3	1	side	250	425.666	250	425.67
side_ÁÖ¸Ô¹ä±è¹ä·ù_»ç°¢¹è´Þ_¼Ò°í±â±è¹ä_Q4_00049.JPG	train	train	¼Ò°í±â±è¹ä	4	¼Ò°í±â±è¹ä	Q4	3	1	side	250	425.666	250	425.67
side_ÁÖ¸Ô¹ä±è¹ä·ù_»ç°¢¹è´Þ_¼Ò°í±â±è¹ä_Q4_00050.JPG	train	train	¼Ò°í±â±è¹ä	4	¼Ò°í±â±è¹ä	Q4	3	1	side	250	425.666	250	425.67
side_ÁÖ¸Ô¹ä±è¹ä·ù_»ç°¢¹è´Þ_¼Ò°í±â±è¹ä_Q4_00051.JPG	train	train	¼Ò°í±â±è¹ä	4	¼Ò°í±â±è¹ä	Q4	3	1	side	250	425.666	250	425.67
side_ÁÖ¸Ô¹ä±è¹ä·ù_»ç°¢¹è´Þ_¼Ò°í±â±è¹ä_Q4_00052.JPG	train	train	¼Ò°í±â±è¹ä	4	¼Ò°í±â±è¹ä	Q4	3	1	side	250	425.666	250	425.67
side_ÁÖ¸Ô¹ä±è¹ä·ù_»ç°¢¹è´Þ_¼Ò°í±â±è¹ä_Q4_00053.JPG	train	train	¼Ò°í±â±è¹ä	4	¼Ò°í±â±è¹ä	Q4	3	1	side	250	425.666	250	425.67
top_ÁÖ¸Ô¹ä±è¹ä·ù_»ç°¢¹è´Þ_¼Ò°í±â±è¹ä_Q4_00001.JPG	train	train	¼Ò°í±â±è¹ä	4	¼Ò°í±â±è¹ä	Q4	3	1	top	250	425.666	250	425.67
top_ÁÖ¸Ô¹ä±è¹ä·ù_»ç°¢¹è´Þ_¼Ò°í±â±è¹ä_Q4_00002.JPG	train	train	¼Ò°í±â±è¹ä	4	¼Ò°í±â±è¹ä	Q4	3	1	top	250	425.666	250	425.67
top_ÁÖ¸Ô¹ä±è¹ä·ù_»ç°¢¹è´Þ_¼Ò°í±â±è¹ä_Q4_00003.JPG	train	train	¼Ò°í±â±è¹ä	4	¼Ò°í±â±è¹ä	Q4	3	1	top	250	425.666	250	425.67
top_ÁÖ¸Ô¹ä±è¹ä·ù_»ç°¢¹è´Þ_¼Ò°í±â±è¹ä_Q4_00005.JPG	train	train	¼Ò°í±â±è¹ä	4	¼Ò°í±â±è¹ä	Q4	3	1	top	250	425.666	250	425.67
top_ÁÖ¸Ô¹ä±è¹ä·ù_»ç°¢¹è´Þ_¼Ò°í±â±è¹ä_Q4_00007.JPG	train	train	¼Ò°í±â±è¹ä	4	¼Ò°í±â±è¹ä	Q4	3	1	top	250	425.666	250	425.67
top_ÁÖ¸Ô¹ä±è¹ä·ù_»ç°¢¹è´Þ_¼Ò°í±â±è¹ä_Q4_00008.JPG	train	train	¼Ò°í±â±è¹ä	4	¼Ò°í±â±è¹ä	Q4	3	1	top	250	425.666	250	425.67
top_ÁÖ¸Ô¹ä±è¹ä·ù_»ç°¢¹è´Þ_¼Ò°í±â±è¹ä_Q4_00011.JPG	train	train	¼Ò°í±â±è¹ä	4	¼Ò°í±â±è¹ä	Q4	3	1	top	250	425.666	250	425.67
top_ÁÖ¸Ô¹ä±è¹ä·ù_»ç°¢¹è´Þ_¼Ò°í±â±è¹ä_Q4_00012.JPG	train	train	¼Ò°í±â±è¹ä	4	¼Ò°í±â±è¹ä	Q4	3	1	top	250	425.666	250	425.67
top_ÁÖ¸Ô¹ä±è¹ä·ù_»ç°¢¹è´Þ_¼Ò°í±â±è¹ä_Q4_00013.JPG	train	train	¼Ò°í±â±è¹ä	4	¼Ò°í±â±è¹ä	Q4	3	1	top	250	425.666	250	425.67
top_ÁÖ¸Ô¹ä±è¹ä·ù_»ç°¢¹è´Þ_¼Ò°í±â±è¹ä_Q4_00014.JPG	train	train	¼Ò°í±â±è¹ä	4	¼Ò°í±â±è¹ä	Q4	3	1	top	250	425.666	250	425.67
top_ÁÖ¸Ô¹ä±è¹ä·ù_»ç°¢¹è´Þ_¼Ò°í±â±è¹ä_Q4_00015.JPG	train	train	¼Ò°í±â±è¹ä	4	¼Ò°í±â±è¹ä	Q4	3	1	top	250	425.666	250	425.67
top_ÁÖ¸Ô¹ä±è¹ä·ù_»ç°¢¹è´Þ_¼Ò°í±â±è¹ä_Q4_00016.JPG	train	train	¼Ò°í±â±è¹ä	4	¼Ò°í±â±è¹ä	Q4	3	1	top	250	425.666	250	425.67
top_ÁÖ¸Ô¹ä±è¹ä·ù_»ç°¢¹è´Þ_¼Ò°í±â±è¹ä_Q4_00018.JPG	train	train	¼Ò°í±â±è¹ä	4	¼Ò°í±â±è¹ä	Q4	3	1	top	250	425.666	250	425.67
top_ÁÖ¸Ô¹ä±è¹ä·ù_»ç°¢¹è´Þ_¼Ò°í±â±è¹ä_Q4_00019.JPG	train	train	¼Ò°í±â±è¹ä	4	¼Ò°í±â±è¹ä	Q4	3	1	top	250	425.666	250	425.67
top_ÁÖ¸Ô¹ä±è¹ä·ù_»ç°¢¹è´Þ_¼Ò°í±â±è¹ä_Q4_00022.JPG	train	train	¼Ò°í±â±è¹ä	4	¼Ò°í±â±è¹ä	Q4	3	1	top	250	425.666	250	425.67
top_ÁÖ¸Ô¹ä±è¹ä·ù_»ç°¢¹è´Þ_¼Ò°í±â±è¹ä_Q4_00023.JPG	train	train	¼Ò°í±â±è¹ä	4	¼Ò°í±â±è¹ä	Q4	3	1	top	250	425.666	250	425.67
top_ÁÖ¸Ô¹ä±è¹ä·ù_»ç°¢¹è´Þ_¼Ò°í±â±è¹ä_Q4_00024.JPG	train	train	¼Ò°í±â±è¹ä	4	¼Ò°í±â±è¹ä	Q4	3	1	top	250	425.666	250	425.67
top_ÁÖ¸Ô¹ä±è¹ä·ù_»ç°¢¹è´Þ_¼Ò°í±â±è¹ä_Q4_00025.JPG	train	train	¼Ò°í±â±è¹ä	4	¼Ò°í±â±è¹ä	Q4	3	1	top	250	425.666	250	425.67
top_ÁÖ¸Ô¹ä±è¹ä·ù_»ç°¢¹è´Þ_¼Ò°í±â±è¹ä_Q4_00026.JPG	train	train	¼Ò°í±â±è¹ä	4	¼Ò°í±â±è¹ä	Q4	3	1	top	250	425.666	250	425.67
top_ÁÖ¸Ô¹ä±è¹ä·ù_»ç°¢¹è´Þ_¼Ò°í±â±è¹ä_Q4_00027.JPG	train	train	¼Ò°í±â±è¹ä	4	¼Ò°í±â±è¹ä	Q4	3	1	top	250	425.666	250	425.67
top_ÁÖ¸Ô¹ä±è¹ä·ù_»ç°¢¹è´Þ_¼Ò°í±â±è¹ä_Q4_00028.JPG	train	train	¼Ò°í±â±è¹ä	4	¼Ò°í±â±è¹ä	Q4	3	1	top	250	425.666	250	425.67
top_ÁÖ¸Ô¹ä±è¹ä·ù_»ç°¢¹è´Þ_¼Ò°í±â±è¹ä_Q4_00029.JPG	train	train	¼Ò°í±â±è¹ä	4	¼Ò°í±â±è¹ä	Q4	3	1	top	250	425.666	250	425.67
top_ÁÖ¸Ô¹ä±è¹ä·ù_»ç°¢¹è´Þ_¼Ò°í±â±è¹ä_Q4_00030.JPG	train	train	¼Ò°í±â±è¹ä	4	¼Ò°í±â±è¹ä	Q4	3	1	top	250	425.666	250	425.67
top_ÁÖ¸Ô¹ä±è¹ä·ù_»ç°¢¹è´Þ_¼Ò°í±â±è¹ä_Q4_00032.JPG	train	train	¼Ò°í±â±è¹ä	4	¼Ò°í±â±è¹ä	Q4	3	1	top	250	425.666	250	425.67
top_ÁÖ¸Ô¹ä±è¹ä·ù_»ç°¢¹è´Þ_¼Ò°í±â±è¹ä_Q4_00033.JPG	train	train	¼Ò°í±â±è¹ä	4	¼Ò°í±â±è¹ä	Q4	3	1	top	250	425.666	250	425.67
top_ÁÖ¸Ô¹ä±è¹ä·ù_»ç°¢¹è´Þ_¼Ò°í±â±è¹ä_Q4_00034.JPG	train	train	¼Ò°í±â±è¹ä	4	¼Ò°í±â±è¹ä	Q4	3	1	top	250	425.666	250	425.67
top_ÁÖ¸Ô¹ä±è¹ä·ù_»ç°¢¹è´Þ_¼Ò°í±â±è¹ä_Q4_00035.JPG	train	train	¼Ò°í±â±è¹ä	4	¼Ò°í±â±è¹ä	Q4	3	1	top	250	425.666	250	425.67
top_ÁÖ¸Ô¹ä±è¹ä·ù_»ç°¢¹è´Þ_¼Ò°í±â±è¹ä_Q4_00036.JPG	train	train	¼Ò°í±â±è¹ä	4	¼Ò°í±â±è¹ä	Q4	3	1	top	250	425.666	250	425.67
top_ÁÖ¸Ô¹ä±è¹ä·ù_»ç°¢¹è´Þ_¼Ò°í±â±è¹ä_Q4_00037.JPG	train	train	¼Ò°í±â±è¹ä	4	¼Ò°í±â±è¹ä	Q4	3	1	top	250	425.666	250	425.67
top_ÁÖ¸Ô¹ä±è¹ä·ù_»ç°¢¹è´Þ_¼Ò°í±â±è¹ä_Q4_00039.JPG	train	train	¼Ò°í±â±è¹ä	4	¼Ò°í±â±è¹ä	Q4	3	1	top	250	425.666	250	425.67
top_ÁÖ¸Ô¹ä±è¹ä·ù_»ç°¢¹è´Þ_¼Ò°í±â±è¹ä_Q4_00041.JPG	train	train	¼Ò°í±â±è¹ä	4	¼Ò°í±â±è¹ä	Q4	3	1	top	250	425.666	250	425.67
top_ÁÖ¸Ô¹ä±è¹ä·ù_»ç°¢¹è´Þ_¼Ò°í±â±è¹ä_Q4_00043.JPG	train	train	¼Ò°í±â±è¹ä	4	¼Ò°í±â±è¹ä	Q4	3	1	top	250	425.666	250	425.67
top_ÁÖ¸Ô¹ä±è¹ä·ù_»ç°¢¹è´Þ_¼Ò°í±â±è¹ä_Q4_00044.JPG	train	train	¼Ò°í±â±è¹ä	4	¼Ò°í±â±è¹ä	Q4	3	1	top	250	425.666	250	425.67
top_ÁÖ¸Ô¹ä±è¹ä·ù_»ç°¢¹è´Þ_¼Ò°í±â±è¹ä_Q4_00045.JPG	train	train	¼Ò°í±â±è¹ä	4	¼Ò°í±â±è¹ä	Q4	3	1	top	250	425.666	250	425.67
top_ÁÖ¸Ô¹ä±è¹ä·ù_»ç°¢¹è´Þ_¼Ò°í±â±è¹ä_Q4_00047.JPG	train	train	¼Ò°í±â±è¹ä	4	¼Ò°í±â±è¹ä	Q4	3	1	top	250	425.666	250	425.67
top_ÁÖ¸Ô¹ä±è¹ä·ù_»ç°¢¹è´Þ_¼Ò°í±â±è¹ä_Q4_00048.JPG	train	train	¼Ò°í±â±è¹ä	4	¼Ò°í±â±è¹ä	Q4	3	1	top	250	425.666	250	425.67
top_ÁÖ¸Ô¹ä±è¹ä·ù_»ç°¢¹è´Þ_¼Ò°í±â±è¹ä_Q4_00049.JPG	train	train	¼Ò°í±â±è¹ä	4	¼Ò°í±â±è¹ä	Q4	3	1	top	250	425.666	250	425.67
top_ÁÖ¸Ô¹ä±è¹ä·ù_»ç°¢¹è´Þ_¼Ò°í±â±è¹ä_Q4_00050.JPG	train	train	¼Ò°í±â±è¹ä	4	¼Ò°í±â±è¹ä	Q4	3	1	top	250	425.666	250	425.67
top_ÁÖ¸Ô¹ä±è¹ä·ù_»ç°¢¹è´Þ_¼Ò°í±â±è¹ä_Q4_00051.JPG	train	train	¼Ò°í±â±è¹ä	4	¼Ò°í±â±è¹ä	Q4	3	1	top	250	425.666	250	425.67
top_ÁÖ¸Ô¹ä±è¹ä·ù_»ç°¢¹è´Þ_¼Ò°í±â±è¹ä_Q4_00052.JPG	train	train	¼Ò°í±â±è¹ä	4	¼Ò°í±â±è¹ä	Q4	3	1	top	250	425.666	250	425.67
side_ÁÖ¸Ô¹ä±è¹ä·ù_»ç°¢¹è´Þ_¼Ò°í±â±è¹ä_Q5_00001.JPG	train	train	¼Ò°í±â±è¹ä	4	¼Ò°í±â±è¹ä	Q5	4	1.25	side	250	425.666	312.5	532.08
side_ÁÖ¸Ô¹ä±è¹ä·ù_»ç°¢¹è´Þ_¼Ò°í±â±è¹ä_Q5_00002.JPG	train	train	¼Ò°í±â±è¹ä	4	¼Ò°í±â±è¹ä	Q5	4	1.25	side	250	425.666	312.5	532.08
side_ÁÖ¸Ô¹ä±è¹ä·ù_»ç°¢¹è´Þ_¼Ò°í±â±è¹ä_Q5_00003.JPG	train	train	¼Ò°í±â±è¹ä	4	¼Ò°í±â±è¹ä	Q5	4	1.25	side	250	425.666	312.5	532.08
side_ÁÖ¸Ô¹ä±è¹ä·ù_»ç°¢¹è´Þ_¼Ò°í±â±è¹ä_Q5_00004.JPG	train	train	¼Ò°í±â±è¹ä	4	¼Ò°í±â±è¹ä	Q5	4	1.25	side	250	425.666	312.5	532.08
side_ÁÖ¸Ô¹ä±è¹ä·ù_»ç°¢¹è´Þ_¼Ò°í±â±è¹ä_Q5_00005.JPG	train	train	¼Ò°í±â±è¹ä	4	¼Ò°í±â±è¹ä	Q5	4	1.25	side	250	425.666	312.5	532.08
side_ÁÖ¸Ô¹ä±è¹ä·ù_»ç°¢¹è´Þ_¼Ò°í±â±è¹ä_Q5_00006.JPG	train	train	¼Ò°í±â±è¹ä	4	¼Ò°í±â±è¹ä	Q5	4	1.25	side	250	425.666	312.5	532.08
side_ÁÖ¸Ô¹ä±è¹ä·ù_»ç°¢¹è´Þ_¼Ò°í±â±è¹ä_Q5_00007.JPG	train	train	¼Ò°í±â±è¹ä	4	¼Ò°í±â±è¹ä	Q5	4	1.25	side	250	425.666	312.5	532.08
side_ÁÖ¸Ô¹ä±è¹ä·ù_»ç°¢¹è´Þ_¼Ò°í±â±è¹ä_Q5_00008.JPG	train	train	¼Ò°í±â±è¹ä	4	¼Ò°í±â±è¹ä	Q5	4	1.25	side	250	425.666	312.5	532.08
side_ÁÖ¸Ô¹ä±è¹ä·ù_»ç°¢¹è´Þ_¼Ò°í±â±è¹ä_Q5_00009.JPG	train	train	¼Ò°í±â±è¹ä	4	¼Ò°í±â±è¹ä	Q5	4	1.25	side	250	425.666	312.5	532.08
side_ÁÖ¸Ô¹ä±è¹ä·ù_»ç°¢¹è´Þ_¼Ò°í±â±è¹ä_Q5_00010.JPG	train	train	¼Ò°í±â±è¹ä	4	¼Ò°í±â±è¹ä	Q5	4	1.25	side	250	425.666	312.5	532.08
side_ÁÖ¸Ô¹ä±è¹ä·ù_»ç°¢¹è´Þ_¼Ò°í±â±è¹ä_Q5_00013.JPG	train	train	¼Ò°í±â±è¹ä	4	¼Ò°í±â±è¹ä	Q5	4	1.25	side	250	425.666	312.5	532.08
side_ÁÖ¸Ô¹ä±è¹ä·ù_»ç°¢¹è´Þ_¼Ò°í±â±è¹ä_Q5_00014.JPG	train	train	¼Ò°í±â±è¹ä	4	¼Ò°í±â±è¹ä	Q5	4	1.25	side	250	425.666	312.5	532.08
side_ÁÖ¸Ô¹ä±è¹ä·ù_»ç°¢¹è´Þ_¼Ò°í±â±è¹ä_Q5_00015.JPG	train	train	¼Ò°í±â±è¹ä	4	¼Ò°í±â±è¹ä	Q5	4	1.25	side	250	425.666	312.5	532.08
side_ÁÖ¸Ô¹ä±è¹ä·ù_»ç°¢¹è´Þ_¼Ò°í±â±è¹ä_Q5_00017.JPG	train	train	¼Ò°í±â±è¹ä	4	¼Ò°í±â±è¹ä	Q5	4	1.25	side	250	425.666	312.5	532.08
side_ÁÖ¸Ô¹ä±è¹ä·ù_»ç°¢¹è´Þ_¼Ò°í±â±è¹ä_Q5_00018.JPG	train	train	¼Ò°í±â±è¹ä	4	¼Ò°í±â±è¹ä	Q5	4	1.25	side	250	425.666	312.5	532.08
side_ÁÖ¸Ô¹ä±è¹ä·ù_»ç°¢¹è´Þ_¼Ò°í±â±è¹ä_Q5_00019.JPG	train	train	¼Ò°í±â±è¹ä	4	¼Ò°í±â±è¹ä	Q5	4	1.25	side	250	425.666	312.5	532.08
side_ÁÖ¸Ô¹ä±è¹ä·ù_»ç°¢¹è´Þ_¼Ò°í±â±è¹ä_Q5_00020.JPG	train	train	¼Ò°í±â±è¹ä	4	¼Ò°í±â±è¹ä	Q5	4	1.25	side	250	425.666	312.5	532.08
side_ÁÖ¸Ô¹ä±è¹ä·ù_»ç°¢¹è´Þ_¼Ò°í±â±è¹ä_Q5_00021.JPG	train	train	¼Ò°í±â±è¹ä	4	¼Ò°í±â±è¹ä	Q5	4	1.25	side	250	425.666	312.5	532.08
side_ÁÖ¸Ô¹ä±è¹ä·ù_»ç°¢¹è´Þ_¼Ò°í±â±è¹ä_Q5_00023.JPG	train	train	¼Ò°í±â±è¹ä	4	¼Ò°í±â±è¹ä	Q5	4	1.25	side	250	425.666	312.5	532.08
side_ÁÖ¸Ô¹ä±è¹ä·ù_»ç°¢¹è´Þ_¼Ò°í±â±è¹ä_Q5_00024.JPG	train	train	¼Ò°í±â±è¹ä	4	¼Ò°í±â±è¹ä	Q5	4	1.25	side	250	425.666	312.5	532.08
side_ÁÖ¸Ô¹ä±è¹ä·ù_»ç°¢¹è´Þ_¼Ò°í±â±è¹ä_Q5_00025.JPG	train	train	¼Ò°í±â±è¹ä	4	¼Ò°í±â±è¹ä	Q5	4	1.25	side	250	425.666	312.5	532.08
side_ÁÖ¸Ô¹ä±è¹ä·ù_»ç°¢¹è´Þ_¼Ò°í±â±è¹ä_Q5_00027.JPG	train	train	¼Ò°í±â±è¹ä	4	¼Ò°í±â±è¹ä	Q5	4	1.25	side	250	425.666	312.5	532.08
side_ÁÖ¸Ô¹ä±è¹ä·ù_»ç°¢¹è´Þ_¼Ò°í±â±è¹ä_Q5_00028.JPG	train	train	¼Ò°í±â±è¹ä	4	¼Ò°í±â±è¹ä	Q5	4	1.25	side	250	425.666	312.5	532.08
side_ÁÖ¸Ô¹ä±è¹ä·ù_»ç°¢¹è´Þ_¼Ò°í±â±è¹ä_Q5_00030.JPG	train	train	¼Ò°í±â±è¹ä	4	¼Ò°í±â±è¹ä	Q5	4	1.25	side	250	425.666	312.5	532.08
side_ÁÖ¸Ô¹ä±è¹ä·ù_»ç°¢¹è´Þ_¼Ò°í±â±è¹ä_Q5_00031.JPG	train	train	¼Ò°í±â±è¹ä	4	¼Ò°í±â±è¹ä	Q5	4	1.25	side	250	425.666	312.5	532.08
side_ÁÖ¸Ô¹ä±è¹ä·ù_»ç°¢¹è´Þ_¼Ò°í±â±è¹ä_Q5_00032.JPG	train	train	¼Ò°í±â±è¹ä	4	¼Ò°í±â±è¹ä	Q5	4	1.25	side	250	425.666	312.5	532.08
side_ÁÖ¸Ô¹ä±è¹ä·ù_»ç°¢¹è´Þ_¼Ò°í±â±è¹ä_Q5_00033.JPG	train	train	¼Ò°í±â±è¹ä	4	¼Ò°í±â±è¹ä	Q5	4	1.25	side	250	425.666	312.5	532.08
side_ÁÖ¸Ô¹ä±è¹ä·ù_»ç°¢¹è´Þ_¼Ò°í±â±è¹ä_Q5_00034.JPG	train	train	¼Ò°í±â±è¹ä	4	¼Ò°í±â±è¹ä	Q5	4	1.25	side	250	425.666	312.5	532.08
side_ÁÖ¸Ô¹ä±è¹ä·ù_»ç°¢¹è´Þ_¼Ò°í±â±è¹ä_Q5_00035.JPG	train	train	¼Ò°í±â±è¹ä	4	¼Ò°í±â±è¹ä	Q5	4	1.25	side	250	425.666	312.5	532.08
side_ÁÖ¸Ô¹ä±è¹ä·ù_»ç°¢¹è´Þ_¼Ò°í±â±è¹ä_Q5_00037.JPG	train	train	¼Ò°í±â±è¹ä	4	¼Ò°í±â±è¹ä	Q5	4	1.25	side	250	425.666	312.5	532.08
side_ÁÖ¸Ô¹ä±è¹ä·ù_»ç°¢¹è´Þ_¼Ò°í±â±è¹ä_Q5_00039.JPG	train	train	¼Ò°í±â±è¹ä	4	¼Ò°í±â±è¹ä	Q5	4	1.25	side	250	425.666	312.5	532.08
side_ÁÖ¸Ô¹ä±è¹ä·ù_»ç°¢¹è´Þ_¼Ò°í±â±è¹ä_Q5_00040.JPG	train	train	¼Ò°í±â±è¹ä	4	¼Ò°í±â±è¹ä	Q5	4	1.25	side	250	425.666	312.5	532.08
side_ÁÖ¸Ô¹ä±è¹ä·ù_»ç°¢¹è´Þ_¼Ò°í±â±è¹ä_Q5_00041.JPG	train	train	¼Ò°í±â±è¹ä	4	¼Ò°í±â±è¹ä	Q5	4	1.25	side	250	425.666	312.5	532.08
side_ÁÖ¸Ô¹ä±è¹ä·ù_»ç°¢¹è´Þ_¼Ò°í±â±è¹ä_Q5_00043.JPG	train	train	¼Ò°í±â±è¹ä	4	¼Ò°í±â±è¹ä	Q5	4	1.25	side	250	425.666	312.5	532.08
side_ÁÖ¸Ô¹ä±è¹ä·ù_»ç°¢¹è´Þ_¼Ò°í±â±è¹ä_Q5_00044.JPG	train	train	¼Ò°í±â±è¹ä	4	¼Ò°í±â±è¹ä	Q5	4	1.25	side	250	425.666	312.5	532.08
side_ÁÖ¸Ô¹ä±è¹ä·ù_»ç°¢¹è´Þ_¼Ò°í±â±è¹ä_Q5_00045.JPG	train	train	¼Ò°í±â±è¹ä	4	¼Ò°í±â±è¹ä	Q5	4	1.25	side	250	425.666	312.5	532.08
side_ÁÖ¸Ô¹ä±è¹ä·ù_»ç°¢¹è´Þ_¼Ò°í±â±è¹ä_Q5_00046.JPG	train	train	¼Ò°í±â±è¹ä	4	¼Ò°í±â±è¹ä	Q5	4	1.25	side	250	425.666	312.5	532.08
side_ÁÖ¸Ô¹ä±è¹ä·ù_»ç°¢¹è´Þ_¼Ò°í±â±è¹ä_Q5_00047.JPG	train	train	¼Ò°í±â±è¹ä	4	¼Ò°í±â±è¹ä	Q5	4	1.25	side	250	425.666	312.5	532.08
side_ÁÖ¸Ô¹ä±è¹ä·ù_»ç°¢¹è´Þ_¼Ò°í±â±è¹ä_Q5_00048.JPG	train	train	¼Ò°í±â±è¹ä	4	¼Ò°í±â±è¹ä	Q5	4	1.25	side	250	425.666	312.5	532.08
side_ÁÖ¸Ô¹ä±è¹ä·ù_»ç°¢¹è´Þ_¼Ò°í±â±è¹ä_Q5_00049.JPG	train	train	¼Ò°í±â±è¹ä	4	¼Ò°í±â±è¹ä	Q5	4	1.25	side	250	425.666	312.5	532.08
side_ÁÖ¸Ô¹ä±è¹ä·ù_»ç°¢¹è´Þ_¼Ò°í±â±è¹ä_Q5_00050.JPG	train	train	¼Ò°í±â±è¹ä	4	¼Ò°í±â±è¹ä	Q5	4	1.25	side	250	425.666	312.5	532.08
side_ÁÖ¸Ô¹ä±è¹ä·ù_»ç°¢¹è´Þ_¼Ò°í±â±è¹ä_Q5_00053.JPG	train	train	¼Ò°í±â±è¹ä	4	¼Ò°í±â±è¹ä	Q5	4	1.25	side	250	425.666	312.5	532.08
side_ÁÖ¸Ô¹ä±è¹ä·ù_»ç°¢¹è´Þ_¼Ò°í±â±è¹ä_Q5_00054.JPG	train	train	¼Ò°í±â±è¹ä	4	¼Ò°í±â±è¹ä	Q5	4	1.25	side	250	425.666	312.5	532.08
top_ÁÖ¸Ô¹ä±è¹ä·ù_»ç°¢¹è´Þ_¼Ò°í±â±è¹ä_Q5_00002.JPG	train	train	¼Ò°í±â±è¹ä	4	¼Ò°í±â±è¹ä	Q5	4	1.25	top	250	425.666	312.5	532.08
top_ÁÖ¸Ô¹ä±è¹ä·ù_»ç°¢¹è´Þ_¼Ò°í±â±è¹ä_Q5_00005.JPG	train	train	¼Ò°í±â±è¹ä	4	¼Ò°í±â±è¹ä	Q5	4	1.25	top	250	425.666	312.5	532.08
top_ÁÖ¸Ô¹ä±è¹ä·ù_»ç°¢¹è´Þ_¼Ò°í±â±è¹ä_Q5_00006.JPG	train	train	¼Ò°í±â±è¹ä	4	¼Ò°í±â±è¹ä	Q5	4	1.25	top	250	425.666	312.5	532.08
top_ÁÖ¸Ô¹ä±è¹ä·ù_»ç°¢¹è´Þ_¼Ò°í±â±è¹ä_Q5_00007.JPG	train	train	¼Ò°í±â±è¹ä	4	¼Ò°í±â±è¹ä	Q5	4	1.25	top	250	425.666	312.5	532.08
top_ÁÖ¸Ô¹ä±è¹ä·ù_»ç°¢¹è´Þ_¼Ò°í±â±è¹ä_Q5_00008.JPG	train	train	¼Ò°í±â±è¹ä	4	¼Ò°í±â±è¹ä	Q5	4	1.25	top	250	425.666	312.5	532.08
top_ÁÖ¸Ô¹ä±è¹ä·ù_»ç°¢¹è´Þ_¼Ò°í±â±è¹ä_Q5_00011.JPG	train	train	¼Ò°í±â±è¹ä	4	¼Ò°í±â±è¹ä	Q5	4	1.25	top	250	425.666	312.5	532.08
top_ÁÖ¸Ô¹ä±è¹ä·ù_»ç°¢¹è´Þ_¼Ò°í±â±è¹ä_Q5_00012.JPG	train	train	¼Ò°í±â±è¹ä	4	¼Ò°í±â±è¹ä	Q5	4	1.25	top	250	425.666	312.5	532.08
top_ÁÖ¸Ô¹ä±è¹ä·ù_»ç°¢¹è´Þ_¼Ò°í±â±è¹ä_Q5_00013.JPG	train	train	¼Ò°í±â±è¹ä	4	¼Ò°í±â±è¹ä	Q5	4	1.25	top	250	425.666	312.5	532.08
top_ÁÖ¸Ô¹ä±è¹ä·ù_»ç°¢¹è´Þ_¼Ò°í±â±è¹ä_Q5_00014.JPG	train	train	¼Ò°í±â±è¹ä	4	¼Ò°í±â±è¹ä	Q5	4	1.25	top	250	425.666	312.5	532.08
top_ÁÖ¸Ô¹ä±è¹ä·ù_»ç°¢¹è´Þ_¼Ò°í±â±è¹ä_Q5_00015.JPG	train	train	¼Ò°í±â±è¹ä	4	¼Ò°í±â±è¹ä	Q5	4	1.25	top	250	425.666	312.5	532.08
top_ÁÖ¸Ô¹ä±è¹ä·ù_»ç°¢¹è´Þ_¼Ò°í±â±è¹ä_Q5_00016.JPG	train	train	¼Ò°í±â±è¹ä	4	¼Ò°í±â±è¹ä	Q5	4	1.25	top	250	425.666	312.5	532.08
top_ÁÖ¸Ô¹ä±è¹ä·ù_»ç°¢¹è´Þ_¼Ò°í±â±è¹ä_Q5_00017.JPG	train	train	¼Ò°í±â±è¹ä	4	¼Ò°í±â±è¹ä	Q5	4	1.25	top	250	425.666	312.5	532.08
top_ÁÖ¸Ô¹ä±è¹ä·ù_»ç°¢¹è´Þ_¼Ò°í±â±è¹ä_Q5_00018.JPG	train	train	¼Ò°í±â±è¹ä	4	¼Ò°í±â±è¹ä	Q5	4	1.25	top	250	425.666	312.5	532.08
top_ÁÖ¸Ô¹ä±è¹ä·ù_»ç°¢¹è´Þ_¼Ò°í±â±è¹ä_Q5_00019.JPG	train	train	¼Ò°í±â±è¹ä	4	¼Ò°í±â±è¹ä	Q5	4	1.25	top	250	425.666	312.5	532.08
top_ÁÖ¸Ô¹ä±è¹ä·ù_»ç°¢¹è´Þ_¼Ò°í±â±è¹ä_Q5_00020.JPG	train	train	¼Ò°í±â±è¹ä	4	¼Ò°í±â±è¹ä	Q5	4	1.25	top	250	425.666	312.5	532.08
top_ÁÖ¸Ô¹ä±è¹ä·ù_»ç°¢¹è´Þ_¼Ò°í±â±è¹ä_Q5_00021.JPG	train	train	¼Ò°í±â±è¹ä	4	¼Ò°í±â±è¹ä	Q5	4	1.25	top	250	425.666	312.5	532.08
top_ÁÖ¸Ô¹ä±è¹ä·ù_»ç°¢¹è´Þ_¼Ò°í±â±è¹ä_Q5_00022.JPG	train	train	¼Ò°í±â±è¹ä	4	¼Ò°í±â±è¹ä	Q5	4	1.25	top	250	425.666	312.5	532.08
top_ÁÖ¸Ô¹ä±è¹ä·ù_»ç°¢¹è´Þ_¼Ò°í±â±è¹ä_Q5_00024.JPG	train	train	¼Ò°í±â±è¹ä	4	¼Ò°í±â±è¹ä	Q5	4	1.25	top	250	425.666	312.5	532.08
top_ÁÖ¸Ô¹ä±è¹ä·ù_»ç°¢¹è´Þ_¼Ò°í±â±è¹ä_Q5_00025.JPG	train	train	¼Ò°í±â±è¹ä	4	¼Ò°í±â±è¹ä	Q5	4	1.25	top	250	425.666	312.5	532.08
top_ÁÖ¸Ô¹ä±è¹ä·ù_»ç°¢¹è´Þ_¼Ò°í±â±è¹ä_Q5_00026.JPG	train	train	¼Ò°í±â±è¹ä	4	¼Ò°í±â±è¹ä	Q5	4	1.25	top	250	425.666	312.5	532.08
top_ÁÖ¸Ô¹ä±è¹ä·ù_»ç°¢¹è´Þ_¼Ò°í±â±è¹ä_Q5_00027.JPG	train	train	¼Ò°í±â±è¹ä	4	¼Ò°í±â±è¹ä	Q5	4	1.25	top	250	425.666	312.5	532.08
top_ÁÖ¸Ô¹ä±è¹ä·ù_»ç°¢¹è´Þ_¼Ò°í±â±è¹ä_Q5_00029.JPG	train	train	¼Ò°í±â±è¹ä	4	¼Ò°í±â±è¹ä	Q5	4	1.25	top	250	425.666	312.5	532.08
top_ÁÖ¸Ô¹ä±è¹ä·ù_»ç°¢¹è´Þ_¼Ò°í±â±è¹ä_Q5_00031.JPG	train	train	¼Ò°í±â±è¹ä	4	¼Ò°í±â±è¹ä	Q5	4	1.25	top	250	425.666	312.5	532.08
top_ÁÖ¸Ô¹ä±è¹ä·ù_»ç°¢¹è´Þ_¼Ò°í±â±è¹ä_Q5_00032.JPG	train	train	¼Ò°í±â±è¹ä	4	¼Ò°í±â±è¹ä	Q5	4	1.25	top	250	425.666	312.5	532.08
top_ÁÖ¸Ô¹ä±è¹ä·ù_»ç°¢¹è´Þ_¼Ò°í±â±è¹ä_Q5_00033.JPG	train	train	¼Ò°í±â±è¹ä	4	¼Ò°í±â±è¹ä	Q5	4	1.25	top	250	425.666	312.5	532.08
top_ÁÖ¸Ô¹ä±è¹ä·ù_»ç°¢¹è´Þ_¼Ò°í±â±è¹ä_Q5_00034.JPG	train	train	¼Ò°í±â±è¹ä	4	¼Ò°í±â±è¹ä	Q5	4	1.25	top	250	425.666	312.5	532.08
top_ÁÖ¸Ô¹ä±è¹ä·ù_»ç°¢¹è´Þ_¼Ò°í±â±è¹ä_Q5_00035.JPG	train	train	¼Ò°í±â±è¹ä	4	¼Ò°í±â±è¹ä	Q5	4	1.25	top	250	425.666	312.5	532.08
top_ÁÖ¸Ô¹ä±è¹ä·ù_»ç°¢¹è´Þ_¼Ò°í±â±è¹ä_Q5_00036.JPG	train	train	¼Ò°í±â±è¹ä	4	¼Ò°í±â±è¹ä	Q5	4	1.25	top	250	425.666	312.5	532.08
top_ÁÖ¸Ô¹ä±è¹ä·ù_»ç°¢¹è´Þ_¼Ò°í±â±è¹ä_Q5_00037.JPG	train	train	¼Ò°í±â±è¹ä	4	¼Ò°í±â±è¹ä	Q5	4	1.25	top	250	425.666	312.5	532.08
top_ÁÖ¸Ô¹ä±è¹ä·ù_»ç°¢¹è´Þ_¼Ò°í±â±è¹ä_Q5_00038.JPG	train	train	¼Ò°í±â±è¹ä	4	¼Ò°í±â±è¹ä	Q5	4	1.25	top	250	425.666	312.5	532.08
top_ÁÖ¸Ô¹ä±è¹ä·ù_»ç°¢¹è´Þ_¼Ò°í±â±è¹ä_Q5_00039.JPG	train	train	¼Ò°í±â±è¹ä	4	¼Ò°í±â±è¹ä	Q5	4	1.25	top	250	425.666	312.5	532.08
top_ÁÖ¸Ô¹ä±è¹ä·ù_»ç°¢¹è´Þ_¼Ò°í±â±è¹ä_Q5_00040.JPG	train	train	¼Ò°í±â±è¹ä	4	¼Ò°í±â±è¹ä	Q5	4	1.25	top	250	425.666	312.5	532.08
top_ÁÖ¸Ô¹ä±è¹ä·ù_»ç°¢¹è´Þ_¼Ò°í±â±è¹ä_Q5_00041.JPG	train	train	¼Ò°í±â±è¹ä	4	¼Ò°í±â±è¹ä	Q5	4	1.25	top	250	425.666	312.5	532.08
top_ÁÖ¸Ô¹ä±è¹ä·ù_»ç°¢¹è´Þ_¼Ò°í±â±è¹ä_Q5_00042.JPG	train	train	¼Ò°í±â±è¹ä	4	¼Ò°í±â±è¹ä	Q5	4	1.25	top	250	425.666	312.5	532.08
top_ÁÖ¸Ô¹ä±è¹ä·ù_»ç°¢¹è´Þ_¼Ò°í±â±è¹ä_Q5_00043.JPG	train	train	¼Ò°í±â±è¹ä	4	¼Ò°í±â±è¹ä	Q5	4	1.25	top	250	425.666	312.5	532.08
top_ÁÖ¸Ô¹ä±è¹ä·ù_»ç°¢¹è´Þ_¼Ò°í±â±è¹ä_Q5_00044.JPG	train	train	¼Ò°í±â±è¹ä	4	¼Ò°í±â±è¹ä	Q5	4	1.25	top	250	425.666	312.5	532.08
top_ÁÖ¸Ô¹ä±è¹ä·ù_»ç°¢¹è´Þ_¼Ò°í±â±è¹ä_Q5_00045.JPG	train	train	¼Ò°í±â±è¹ä	4	¼Ò°í±â±è¹ä	Q5	4	1.25	top	250	425.666	312.5	532.08
top_ÁÖ¸Ô¹ä±è¹ä·ù_»ç°¢¹è´Þ_¼Ò°í±â±è¹ä_Q5_00046.JPG	train	train	¼Ò°í±â±è¹ä	4	¼Ò°í±â±è¹ä	Q5	4	1.25	top	250	425.666	312.5	532.08
top_ÁÖ¸Ô¹ä±è¹ä·ù_»ç°¢¹è´Þ_¼Ò°í±â±è¹ä_Q5_00049.JPG	train	train	¼Ò°í±â±è¹ä	4	¼Ò°í±â±è¹ä	Q5	4	1.25	top	250	425.666	312.5	532.08
top_ÁÖ¸Ô¹ä±è¹ä·ù_»ç°¢¹è´Þ_¼Ò°í±â±è¹ä_Q5_00050.JPG	train	train	¼Ò°í±â±è¹ä	4	¼Ò°í±â±è¹ä	Q5	4	1.25	top	250	425.666	312.5	532.08
top_ÁÖ¸Ô¹ä±è¹ä·ù_»ç°¢¹è´Þ_¼Ò°í±â±è¹ä_Q5_00051.JPG	train	train	¼Ò°í±â±è¹ä	4	¼Ò°í±â±è¹ä	Q5	4	1.25	top	250	425.666	312.5	532.08
top_ÁÖ¸Ô¹ä±è¹ä·ù_»ç°¢¹è´Þ_¼Ò°í±â±è¹ä_Q5_00052.JPG	train	train	¼Ò°í±â±è¹ä	4	¼Ò°í±â±è¹ä	Q5	4	1.25	top	250	425.666	312.5	532.08
top_ÁÖ¸Ô¹ä±è¹ä·ù_»ç°¢¹è´Þ_¼Ò°í±â±è¹ä_Q5_00053.JPG	train	train	¼Ò°í±â±è¹ä	4	¼Ò°í±â±è¹ä	Q5	4	1.25	top	250	425.666	312.5	532.08
side_¹ä·ù_¿øÇü¹è´Þ_½Ò¹ä_Q1_00001.JPG	train	train	½Ò¹ä	5	½Ò¹ä	Q1	0	0.25	side	210	334.8	52.5	83.7
side_¹ä·ù_¿øÇü¹è´Þ_½Ò¹ä_Q1_00002.JPG	train	train	½Ò¹ä	5	½Ò¹ä	Q1	0	0.25	side	210	334.8	52.5	83.7
side_¹ä·ù_¿øÇü¹è´Þ_½Ò¹ä_Q1_00003.JPG	train	train	½Ò¹ä	5	½Ò¹ä	Q1	0	0.25	side	210	334.8	52.5	83.7
side_¹ä·ù_¿øÇü¹è´Þ_½Ò¹ä_Q1_00006.JPG	train	train	½Ò¹ä	5	½Ò¹ä	Q1	0	0.25	side	210	334.8	52.5	83.7
side_¹ä·ù_¿øÇü¹è´Þ_½Ò¹ä_Q1_00007.JPG	train	train	½Ò¹ä	5	½Ò¹ä	Q1	0	0.25	side	210	334.8	52.5	83.7
side_¹ä·ù_¿øÇü¹è´Þ_½Ò¹ä_Q1_00008.JPG	train	train	½Ò¹ä	5	½Ò¹ä	Q1	0	0.25	side	210	334.8	52.5	83.7
side_¹ä·ù_¿øÇü¹è´Þ_½Ò¹ä_Q1_00009.JPG	train	train	½Ò¹ä	5	½Ò¹ä	Q1	0	0.25	side	210	334.8	52.5	83.7
side_¹ä·ù_¿øÇü¹è´Þ_½Ò¹ä_Q1_00010.JPG	train	train	½Ò¹ä	5	½Ò¹ä	Q1	0	0.25	side	210	334.8	52.5	83.7
side_¹ä·ù_¿øÇü¹è´Þ_½Ò¹ä_Q1_00011.JPG	train	train	½Ò¹ä	5	½Ò¹ä	Q1	0	0.25	side	210	334.8	52.5	83.7
side_¹ä·ù_¿øÇü¹è´Þ_½Ò¹ä_Q1_00012.JPG	train	train	½Ò¹ä	5	½Ò¹ä	Q1	0	0.25	side	210	334.8	52.5	83.7
side_¹ä·ù_¿øÇü¹è´Þ_½Ò¹ä_Q1_00013.JPG	train	train	½Ò¹ä	5	½Ò¹ä	Q1	0	0.25	side	210	334.8	52.5	83.7
side_¹ä·ù_¿øÇü¹è´Þ_½Ò¹ä_Q1_00014.JPG	train	train	½Ò¹ä	5	½Ò¹ä	Q1	0	0.25	side	210	334.8	52.5	83.7
side_¹ä·ù_¿øÇü¹è´Þ_½Ò¹ä_Q1_00015.JPG	train	train	½Ò¹ä	5	½Ò¹ä	Q1	0	0.25	side	210	334.8	52.5	83.7
side_¹ä·ù_¿øÇü¹è´Þ_½Ò¹ä_Q1_00016.JPG	train	train	½Ò¹ä	5	½Ò¹ä	Q1	0	0.25	side	210	334.8	52.5	83.7
side_¹ä·ù_¿øÇü¹è´Þ_½Ò¹ä_Q1_00017.JPG	train	train	½Ò¹ä	5	½Ò¹ä	Q1	0	0.25	side	210	334.8	52.5	83.7
side_¹ä·ù_¿øÇü¹è´Þ_½Ò¹ä_Q1_00018.JPG	train	train	½Ò¹ä	5	½Ò¹ä	Q1	0	0.25	side	210	334.8	52.5	83.7
side_¹ä·ù_¿øÇü¹è´Þ_½Ò¹ä_Q1_00019.JPG	train	train	½Ò¹ä	5	½Ò¹ä	Q1	0	0.25	side	210	334.8	52.5	83.7
side_¹ä·ù_¿øÇü¹è´Þ_½Ò¹ä_Q1_00020.JPG	train	train	½Ò¹ä	5	½Ò¹ä	Q1	0	0.25	side	210	334.8	52.5	83.7
side_¹ä·ù_¿øÇü¹è´Þ_½Ò¹ä_Q1_00021.JPG	train	train	½Ò¹ä	5	½Ò¹ä	Q1	0	0.25	side	210	334.8	52.5	83.7
side_¹ä·ù_¿øÇü¹è´Þ_½Ò¹ä_Q1_00023.JPG	train	train	½Ò¹ä	5	½Ò¹ä	Q1	0	0.25	side	210	334.8	52.5	83.7
side_¹ä·ù_¿øÇü¹è´Þ_½Ò¹ä_Q1_00025.JPG	train	train	½Ò¹ä	5	½Ò¹ä	Q1	0	0.25	side	210	334.8	52.5	83.7
side_¹ä·ù_¿øÇü¹è´Þ_½Ò¹ä_Q1_00026.JPG	train	train	½Ò¹ä	5	½Ò¹ä	Q1	0	0.25	side	210	334.8	52.5	83.7
side_¹ä·ù_¿øÇü¹è´Þ_½Ò¹ä_Q1_00027.JPG	train	train	½Ò¹ä	5	½Ò¹ä	Q1	0	0.25	side	210	334.8	52.5	83.7
side_¹ä·ù_¿øÇü¹è´Þ_½Ò¹ä_Q1_00029.JPG	train	train	½Ò¹ä	5	½Ò¹ä	Q1	0	0.25	side	210	334.8	52.5	83.7
side_¹ä·ù_¿øÇü¹è´Þ_½Ò¹ä_Q1_00031.JPG	train	train	½Ò¹ä	5	½Ò¹ä	Q1	0	0.25	side	210	334.8	52.5	83.7
side_¹ä·ù_¿øÇü¹è´Þ_½Ò¹ä_Q1_00032.JPG	train	train	½Ò¹ä	5	½Ò¹ä	Q1	0	0.25	side	210	334.8	52.5	83.7
side_¹ä·ù_¿øÇü¹è´Þ_½Ò¹ä_Q1_00034.JPG	train	train	½Ò¹ä	5	½Ò¹ä	Q1	0	0.25	side	210	334.8	52.5	83.7
side_¹ä·ù_¿øÇü¹è´Þ_½Ò¹ä_Q1_00035.JPG	train	train	½Ò¹ä	5	½Ò¹ä	Q1	0	0.25	side	210	334.8	52.5	83.7
side_¹ä·ù_¿øÇü¹è´Þ_½Ò¹ä_Q1_00036.JPG	train	train	½Ò¹ä	5	½Ò¹ä	Q1	0	0.25	side	210	334.8	52.5	83.7
side_¹ä·ù_¿øÇü¹è´Þ_½Ò¹ä_Q1_00037.JPG	train	train	½Ò¹ä	5	½Ò¹ä	Q1	0	0.25	side	210	334.8	52.5	83.7
side_¹ä·ù_¿øÇü¹è´Þ_½Ò¹ä_Q1_00039.JPG	train	train	½Ò¹ä	5	½Ò¹ä	Q1	0	0.25	side	210	334.8	52.5	83.7
side_¹ä·ù_¿øÇü¹è´Þ_½Ò¹ä_Q1_00041.JPG	train	train	½Ò¹ä	5	½Ò¹ä	Q1	0	0.25	side	210	334.8	52.5	83.7
side_¹ä·ù_¿øÇü¹è´Þ_½Ò¹ä_Q1_00042.JPG	train	train	½Ò¹ä	5	½Ò¹ä	Q1	0	0.25	side	210	334.8	52.5	83.7
side_¹ä·ù_¿øÇü¹è´Þ_½Ò¹ä_Q1_00045.JPG	train	train	½Ò¹ä	5	½Ò¹ä	Q1	0	0.25	side	210	334.8	52.5	83.7
side_¹ä·ù_¿øÇü¹è´Þ_½Ò¹ä_Q1_00046.JPG	train	train	½Ò¹ä	5	½Ò¹ä	Q1	0	0.25	side	210	334.8	52.5	83.7
side_¹ä·ù_¿øÇü¹è´Þ_½Ò¹ä_Q1_00048.JPG	train	train	½Ò¹ä	5	½Ò¹ä	Q1	0	0.25	side	210	334.8	52.5	83.7
side_¹ä·ù_¿øÇü¹è´Þ_½Ò¹ä_Q1_00049.JPG	train	train	½Ò¹ä	5	½Ò¹ä	Q1	0	0.25	side	210	334.8	52.5	83.7
side_¹ä·ù_¿øÇü¹è´Þ_½Ò¹ä_Q1_00050.JPG	train	train	½Ò¹ä	5	½Ò¹ä	Q1	0	0.25	side	210	334.8	52.5	83.7
side_¹ä·ù_¿øÇü¹è´Þ_½Ò¹ä_Q1_00051.JPG	train	train	½Ò¹ä	5	½Ò¹ä	Q1	0	0.25	side	210	334.8	52.5	83.7
side_¹ä·ù_¿øÇü¹è´Þ_½Ò¹ä_Q1_00052.JPG	train	train	½Ò¹ä	5	½Ò¹ä	Q1	0	0.25	side	210	334.8	52.5	83.7
side_¹ä·ù_¿øÇü¹è´Þ_½Ò¹ä_Q1_00054.JPG	train	train	½Ò¹ä	5	½Ò¹ä	Q1	0	0.25	side	210	334.8	52.5	83.7
side_¹ä·ù_¿øÇü¹è´Þ_½Ò¹ä_Q1_00055.JPG	train	train	½Ò¹ä	5	½Ò¹ä	Q1	0	0.25	side	210	334.8	52.5	83.7
side_¹ä·ù_¿øÇü¹è´Þ_½Ò¹ä_Q1_00056.JPG	train	train	½Ò¹ä	5	½Ò¹ä	Q1	0	0.25	side	210	334.8	52.5	83.7
top_¹ä·ù_¿øÇü¹è´Þ_½Ò¹ä_Q1_00002.JPG	train	train	½Ò¹ä	5	½Ò¹ä	Q1	0	0.25	top	210	334.8	52.5	83.7
top_¹ä·ù_¿øÇü¹è´Þ_½Ò¹ä_Q1_00003.JPG	train	train	½Ò¹ä	5	½Ò¹ä	Q1	0	0.25	top	210	334.8	52.5	83.7
top_¹ä·ù_¿øÇü¹è´Þ_½Ò¹ä_Q1_00004.JPG	train	train	½Ò¹ä	5	½Ò¹ä	Q1	0	0.25	top	210	334.8	52.5	83.7
top_¹ä·ù_¿øÇü¹è´Þ_½Ò¹ä_Q1_00006.JPG	train	train	½Ò¹ä	5	½Ò¹ä	Q1	0	0.25	top	210	334.8	52.5	83.7
top_¹ä·ù_¿øÇü¹è´Þ_½Ò¹ä_Q1_00007.JPG	train	train	½Ò¹ä	5	½Ò¹ä	Q1	0	0.25	top	210	334.8	52.5	83.7
top_¹ä·ù_¿øÇü¹è´Þ_½Ò¹ä_Q1_00008.JPG	train	train	½Ò¹ä	5	½Ò¹ä	Q1	0	0.25	top	210	334.8	52.5	83.7
top_¹ä·ù_¿øÇü¹è´Þ_½Ò¹ä_Q1_00009.JPG	train	train	½Ò¹ä	5	½Ò¹ä	Q1	0	0.25	top	210	334.8	52.5	83.7
top_¹ä·ù_¿øÇü¹è´Þ_½Ò¹ä_Q1_00010.JPG	train	train	½Ò¹ä	5	½Ò¹ä	Q1	0	0.25	top	210	334.8	52.5	83.7
top_¹ä·ù_¿øÇü¹è´Þ_½Ò¹ä_Q1_00011.JPG	train	train	½Ò¹ä	5	½Ò¹ä	Q1	0	0.25	top	210	334.8	52.5	83.7
top_¹ä·ù_¿øÇü¹è´Þ_½Ò¹ä_Q1_00012.JPG	train	train	½Ò¹ä	5	½Ò¹ä	Q1	0	0.25	top	210	334.8	52.5	83.7
top_¹ä·ù_¿øÇü¹è´Þ_½Ò¹ä_Q1_00013.JPG	train	train	½Ò¹ä	5	½Ò¹ä	Q1	0	0.25	top	210	334.8	52.5	83.7
top_¹ä·ù_¿øÇü¹è´Þ_½Ò¹ä_Q1_00014.JPG	train	train	½Ò¹ä	5	½Ò¹ä	Q1	0	0.25	top	210	334.8	52.5	83.7
top_¹ä·ù_¿øÇü¹è´Þ_½Ò¹ä_Q1_00015.JPG	train	train	½Ò¹ä	5	½Ò¹ä	Q1	0	0.25	top	210	334.8	52.5	83.7
top_¹ä·ù_¿øÇü¹è´Þ_½Ò¹ä_Q1_00016.JPG	train	train	½Ò¹ä	5	½Ò¹ä	Q1	0	0.25	top	210	334.8	52.5	83.7
top_¹ä·ù_¿øÇü¹è´Þ_½Ò¹ä_Q1_00019.JPG	train	train	½Ò¹ä	5	½Ò¹ä	Q1	0	0.25	top	210	334.8	52.5	83.7
top_¹ä·ù_¿øÇü¹è´Þ_½Ò¹ä_Q1_00020.JPG	train	train	½Ò¹ä	5	½Ò¹ä	Q1	0	0.25	top	210	334.8	52.5	83.7
top_¹ä·ù_¿øÇü¹è´Þ_½Ò¹ä_Q1_00022.JPG	train	train	½Ò¹ä	5	½Ò¹ä	Q1	0	0.25	top	210	334.8	52.5	83.7
top_¹ä·ù_¿øÇü¹è´Þ_½Ò¹ä_Q1_00023.JPG	train	train	½Ò¹ä	5	½Ò¹ä	Q1	0	0.25	top	210	334.8	52.5	83.7
top_¹ä·ù_¿øÇü¹è´Þ_½Ò¹ä_Q1_00024.JPG	train	train	½Ò¹ä	5	½Ò¹ä	Q1	0	0.25	top	210	334.8	52.5	83.7
top_¹ä·ù_¿øÇü¹è´Þ_½Ò¹ä_Q1_00025.JPG	train	train	½Ò¹ä	5	½Ò¹ä	Q1	0	0.25	top	210	334.8	52.5	83.7
top_¹ä·ù_¿øÇü¹è´Þ_½Ò¹ä_Q1_00026.JPG	train	train	½Ò¹ä	5	½Ò¹ä	Q1	0	0.25	top	210	334.8	52.5	83.7
top_¹ä·ù_¿øÇü¹è´Þ_½Ò¹ä_Q1_00027.JPG	train	train	½Ò¹ä	5	½Ò¹ä	Q1	0	0.25	top	210	334.8	52.5	83.7
top_¹ä·ù_¿øÇü¹è´Þ_½Ò¹ä_Q1_00028.JPG	train	train	½Ò¹ä	5	½Ò¹ä	Q1	0	0.25	top	210	334.8	52.5	83.7
top_¹ä·ù_¿øÇü¹è´Þ_½Ò¹ä_Q1_00029.JPG	train	train	½Ò¹ä	5	½Ò¹ä	Q1	0	0.25	top	210	334.8	52.5	83.7
top_¹ä·ù_¿øÇü¹è´Þ_½Ò¹ä_Q1_00030.JPG	train	train	½Ò¹ä	5	½Ò¹ä	Q1	0	0.25	top	210	334.8	52.5	83.7
top_¹ä·ù_¿øÇü¹è´Þ_½Ò¹ä_Q1_00032.JPG	train	train	½Ò¹ä	5	½Ò¹ä	Q1	0	0.25	top	210	334.8	52.5	83.7
top_¹ä·ù_¿øÇü¹è´Þ_½Ò¹ä_Q1_00033.JPG	train	train	½Ò¹ä	5	½Ò¹ä	Q1	0	0.25	top	210	334.8	52.5	83.7
top_¹ä·ù_¿øÇü¹è´Þ_½Ò¹ä_Q1_00034.JPG	train	train	½Ò¹ä	5	½Ò¹ä	Q1	0	0.25	top	210	334.8	52.5	83.7
top_¹ä·ù_¿øÇü¹è´Þ_½Ò¹ä_Q1_00035.JPG	train	train	½Ò¹ä	5	½Ò¹ä	Q1	0	0.25	top	210	334.8	52.5	83.7
top_¹ä·ù_¿øÇü¹è´Þ_½Ò¹ä_Q1_00036.JPG	train	train	½Ò¹ä	5	½Ò¹ä	Q1	0	0.25	top	210	334.8	52.5	83.7
top_¹ä·ù_¿øÇü¹è´Þ_½Ò¹ä_Q1_00037.JPG	train	train	½Ò¹ä	5	½Ò¹ä	Q1	0	0.25	top	210	334.8	52.5	83.7
top_¹ä·ù_¿øÇü¹è´Þ_½Ò¹ä_Q1_00038.JPG	train	train	½Ò¹ä	5	½Ò¹ä	Q1	0	0.25	top	210	334.8	52.5	83.7
top_¹ä·ù_¿øÇü¹è´Þ_½Ò¹ä_Q1_00039.JPG	train	train	½Ò¹ä	5	½Ò¹ä	Q1	0	0.25	top	210	334.8	52.5	83.7
top_¹ä·ù_¿øÇü¹è´Þ_½Ò¹ä_Q1_00040.JPG	train	train	½Ò¹ä	5	½Ò¹ä	Q1	0	0.25	top	210	334.8	52.5	83.7
top_¹ä·ù_¿øÇü¹è´Þ_½Ò¹ä_Q1_00041.JPG	train	train	½Ò¹ä	5	½Ò¹ä	Q1	0	0.25	top	210	334.8	52.5	83.7
top_¹ä·ù_¿øÇü¹è´Þ_½Ò¹ä_Q1_00042.JPG	train	train	½Ò¹ä	5	½Ò¹ä	Q1	0	0.25	top	210	334.8	52.5	83.7
top_¹ä·ù_¿øÇü¹è´Þ_½Ò¹ä_Q1_00043.JPG	train	train	½Ò¹ä	5	½Ò¹ä	Q1	0	0.25	top	210	334.8	52.5	83.7
top_¹ä·ù_¿øÇü¹è´Þ_½Ò¹ä_Q1_00044.JPG	train	train	½Ò¹ä	5	½Ò¹ä	Q1	0	0.25	top	210	334.8	52.5	83.7
top_¹ä·ù_¿øÇü¹è´Þ_½Ò¹ä_Q1_00045.JPG	train	train	½Ò¹ä	5	½Ò¹ä	Q1	0	0.25	top	210	334.8	52.5	83.7
top_¹ä·ù_¿øÇü¹è´Þ_½Ò¹ä_Q1_00048.JPG	train	train	½Ò¹ä	5	½Ò¹ä	Q1	0	0.25	top	210	334.8	52.5	83.7
top_¹ä·ù_¿øÇü¹è´Þ_½Ò¹ä_Q1_00050.JPG	train	train	½Ò¹ä	5	½Ò¹ä	Q1	0	0.25	top	210	334.8	52.5	83.7
top_¹ä·ù_¿øÇü¹è´Þ_½Ò¹ä_Q1_00051.JPG	train	train	½Ò¹ä	5	½Ò¹ä	Q1	0	0.25	top	210	334.8	52.5	83.7
top_¹ä·ù_¿øÇü¹è´Þ_½Ò¹ä_Q1_00052.JPG	train	train	½Ò¹ä	5	½Ò¹ä	Q1	0	0.25	top	210	334.8	52.5	83.7
top_¹ä·ù_¿øÇü¹è´Þ_½Ò¹ä_Q1_00053.JPG	train	train	½Ò¹ä	5	½Ò¹ä	Q1	0	0.25	top	210	334.8	52.5	83.7
top_¹ä·ù_¿øÇü¹è´Þ_½Ò¹ä_Q1_00054.JPG	train	train	½Ò¹ä	5	½Ò¹ä	Q1	0	0.25	top	210	334.8	52.5	83.7
side_¹ä·ù_¿øÇü¹è´Þ_½Ò¹ä_Q2_00001.JPG	train	train	½Ò¹ä	5	½Ò¹ä	Q2	1	0.5	side	210	334.8	105	167.4
side_¹ä·ù_¿øÇü¹è´Þ_½Ò¹ä_Q2_00002.JPG	train	train	½Ò¹ä	5	½Ò¹ä	Q2	1	0.5	side	210	334.8	105	167.4
side_¹ä·ù_¿øÇü¹è´Þ_½Ò¹ä_Q2_00003.JPG	train	train	½Ò¹ä	5	½Ò¹ä	Q2	1	0.5	side	210	334.8	105	167.4
side_¹ä·ù_¿øÇü¹è´Þ_½Ò¹ä_Q2_00004.JPG	train	train	½Ò¹ä	5	½Ò¹ä	Q2	1	0.5	side	210	334.8	105	167.4
side_¹ä·ù_¿øÇü¹è´Þ_½Ò¹ä_Q2_00005.JPG	train	train	½Ò¹ä	5	½Ò¹ä	Q2	1	0.5	side	210	334.8	105	167.4
side_¹ä·ù_¿øÇü¹è´Þ_½Ò¹ä_Q2_00006.JPG	train	train	½Ò¹ä	5	½Ò¹ä	Q2	1	0.5	side	210	334.8	105	167.4
side_¹ä·ù_¿øÇü¹è´Þ_½Ò¹ä_Q2_00007.JPG	train	train	½Ò¹ä	5	½Ò¹ä	Q2	1	0.5	side	210	334.8	105	167.4
side_¹ä·ù_¿øÇü¹è´Þ_½Ò¹ä_Q2_00008.JPG	train	train	½Ò¹ä	5	½Ò¹ä	Q2	1	0.5	side	210	334.8	105	167.4
side_¹ä·ù_¿øÇü¹è´Þ_½Ò¹ä_Q2_00009.JPG	train	train	½Ò¹ä	5	½Ò¹ä	Q2	1	0.5	side	210	334.8	105	167.4
side_¹ä·ù_¿øÇü¹è´Þ_½Ò¹ä_Q2_00010.JPG	train	train	½Ò¹ä	5	½Ò¹ä	Q2	1	0.5	side	210	334.8	105	167.4
side_¹ä·ù_¿øÇü¹è´Þ_½Ò¹ä_Q2_00012.JPG	train	train	½Ò¹ä	5	½Ò¹ä	Q2	1	0.5	side	210	334.8	105	167.4
side_¹ä·ù_¿øÇü¹è´Þ_½Ò¹ä_Q2_00013.JPG	train	train	½Ò¹ä	5	½Ò¹ä	Q2	1	0.5	side	210	334.8	105	167.4
side_¹ä·ù_¿øÇü¹è´Þ_½Ò¹ä_Q2_00015.JPG	train	train	½Ò¹ä	5	½Ò¹ä	Q2	1	0.5	side	210	334.8	105	167.4
side_¹ä·ù_¿øÇü¹è´Þ_½Ò¹ä_Q2_00018.JPG	train	train	½Ò¹ä	5	½Ò¹ä	Q2	1	0.5	side	210	334.8	105	167.4
side_¹ä·ù_¿øÇü¹è´Þ_½Ò¹ä_Q2_00020.JPG	train	train	½Ò¹ä	5	½Ò¹ä	Q2	1	0.5	side	210	334.8	105	167.4
side_¹ä·ù_¿øÇü¹è´Þ_½Ò¹ä_Q2_00023.JPG	train	train	½Ò¹ä	5	½Ò¹ä	Q2	1	0.5	side	210	334.8	105	167.4
side_¹ä·ù_¿øÇü¹è´Þ_½Ò¹ä_Q2_00025.JPG	train	train	½Ò¹ä	5	½Ò¹ä	Q2	1	0.5	side	210	334.8	105	167.4
side_¹ä·ù_¿øÇü¹è´Þ_½Ò¹ä_Q2_00026.JPG	train	train	½Ò¹ä	5	½Ò¹ä	Q2	1	0.5	side	210	334.8	105	167.4
side_¹ä·ù_¿øÇü¹è´Þ_½Ò¹ä_Q2_00027.JPG	train	train	½Ò¹ä	5	½Ò¹ä	Q2	1	0.5	side	210	334.8	105	167.4
side_¹ä·ù_¿øÇü¹è´Þ_½Ò¹ä_Q2_00028.JPG	train	train	½Ò¹ä	5	½Ò¹ä	Q2	1	0.5	side	210	334.8	105	167.4
side_¹ä·ù_¿øÇü¹è´Þ_½Ò¹ä_Q2_00029.JPG	train	train	½Ò¹ä	5	½Ò¹ä	Q2	1	0.5	side	210	334.8	105	167.4
side_¹ä·ù_¿øÇü¹è´Þ_½Ò¹ä_Q2_00031.JPG	train	train	½Ò¹ä	5	½Ò¹ä	Q2	1	0.5	side	210	334.8	105	167.4
side_¹ä·ù_¿øÇü¹è´Þ_½Ò¹ä_Q2_00032.JPG	train	train	½Ò¹ä	5	½Ò¹ä	Q2	1	0.5	side	210	334.8	105	167.4
side_¹ä·ù_¿øÇü¹è´Þ_½Ò¹ä_Q2_00033.JPG	train	train	½Ò¹ä	5	½Ò¹ä	Q2	1	0.5	side	210	334.8	105	167.4
side_¹ä·ù_¿øÇü¹è´Þ_½Ò¹ä_Q2_00034.JPG	train	train	½Ò¹ä	5	½Ò¹ä	Q2	1	0.5	side	210	334.8	105	167.4
side_¹ä·ù_¿øÇü¹è´Þ_½Ò¹ä_Q2_00035.JPG	train	train	½Ò¹ä	5	½Ò¹ä	Q2	1	0.5	side	210	334.8	105	167.4
side_¹ä·ù_¿øÇü¹è´Þ_½Ò¹ä_Q2_00037.JPG	train	train	½Ò¹ä	5	½Ò¹ä	Q2	1	0.5	side	210	334.8	105	167.4
side_¹ä·ù_¿øÇü¹è´Þ_½Ò¹ä_Q2_00038.JPG	train	train	½Ò¹ä	5	½Ò¹ä	Q2	1	0.5	side	210	334.8	105	167.4
side_¹ä·ù_¿øÇü¹è´Þ_½Ò¹ä_Q2_00040.JPG	train	train	½Ò¹ä	5	½Ò¹ä	Q2	1	0.5	side	210	334.8	105	167.4
side_¹ä·ù_¿øÇü¹è´Þ_½Ò¹ä_Q2_00041.JPG	train	train	½Ò¹ä	5	½Ò¹ä	Q2	1	0.5	side	210	334.8	105	167.4
side_¹ä·ù_¿øÇü¹è´Þ_½Ò¹ä_Q2_00042.JPG	train	train	½Ò¹ä	5	½Ò¹ä	Q2	1	0.5	side	210	334.8	105	167.4
side_¹ä·ù_¿øÇü¹è´Þ_½Ò¹ä_Q2_00043.JPG	train	train	½Ò¹ä	5	½Ò¹ä	Q2	1	0.5	side	210	334.8	105	167.4
side_¹ä·ù_¿øÇü¹è´Þ_½Ò¹ä_Q2_00044.JPG	train	train	½Ò¹ä	5	½Ò¹ä	Q2	1	0.5	side	210	334.8	105	167.4
side_¹ä·ù_¿øÇü¹è´Þ_½Ò¹ä_Q2_00045.JPG	train	train	½Ò¹ä	5	½Ò¹ä	Q2	1	0.5	side	210	334.8	105	167.4
side_¹ä·ù_¿øÇü¹è´Þ_½Ò¹ä_Q2_00046.JPG	train	train	½Ò¹ä	5	½Ò¹ä	Q2	1	0.5	side	210	334.8	105	167.4
side_¹ä·ù_¿øÇü¹è´Þ_½Ò¹ä_Q2_00049.JPG	train	train	½Ò¹ä	5	½Ò¹ä	Q2	1	0.5	side	210	334.8	105	167.4
side_¹ä·ù_¿øÇü¹è´Þ_½Ò¹ä_Q2_00050.JPG	train	train	½Ò¹ä	5	½Ò¹ä	Q2	1	0.5	side	210	334.8	105	167.4
side_¹ä·ù_¿øÇü¹è´Þ_½Ò¹ä_Q2_00051.JPG	train	train	½Ò¹ä	5	½Ò¹ä	Q2	1	0.5	side	210	334.8	105	167.4
side_¹ä·ù_¿øÇü¹è´Þ_½Ò¹ä_Q2_00052.JPG	train	train	½Ò¹ä	5	½Ò¹ä	Q2	1	0.5	side	210	334.8	105	167.4
top_¹ä·ù_¿øÇü¹è´Þ_½Ò¹ä_Q2_00001.JPG	train	train	½Ò¹ä	5	½Ò¹ä	Q2	1	0.5	top	210	334.8	105	167.4
top_¹ä·ù_¿øÇü¹è´Þ_½Ò¹ä_Q2_00002.JPG	train	train	½Ò¹ä	5	½Ò¹ä	Q2	1	0.5	top	210	334.8	105	167.4
top_¹ä·ù_¿øÇü¹è´Þ_½Ò¹ä_Q2_00003.JPG	train	train	½Ò¹ä	5	½Ò¹ä	Q2	1	0.5	top	210	334.8	105	167.4
top_¹ä·ù_¿øÇü¹è´Þ_½Ò¹ä_Q2_00005.JPG	train	train	½Ò¹ä	5	½Ò¹ä	Q2	1	0.5	top	210	334.8	105	167.4
top_¹ä·ù_¿øÇü¹è´Þ_½Ò¹ä_Q2_00006.JPG	train	train	½Ò¹ä	5	½Ò¹ä	Q2	1	0.5	top	210	334.8	105	167.4
top_¹ä·ù_¿øÇü¹è´Þ_½Ò¹ä_Q2_00007.JPG	train	train	½Ò¹ä	5	½Ò¹ä	Q2	1	0.5	top	210	334.8	105	167.4
top_¹ä·ù_¿øÇü¹è´Þ_½Ò¹ä_Q2_00008.JPG	train	train	½Ò¹ä	5	½Ò¹ä	Q2	1	0.5	top	210	334.8	105	167.4
top_¹ä·ù_¿øÇü¹è´Þ_½Ò¹ä_Q2_00010.JPG	train	train	½Ò¹ä	5	½Ò¹ä	Q2	1	0.5	top	210	334.8	105	167.4
top_¹ä·ù_¿øÇü¹è´Þ_½Ò¹ä_Q2_00011.JPG	train	train	½Ò¹ä	5	½Ò¹ä	Q2	1	0.5	top	210	334.8	105	167.4
top_¹ä·ù_¿øÇü¹è´Þ_½Ò¹ä_Q2_00012.JPG	train	train	½Ò¹ä	5	½Ò¹ä	Q2	1	0.5	top	210	334.8	105	167.4
top_¹ä·ù_¿øÇü¹è´Þ_½Ò¹ä_Q2_00013.JPG	train	train	½Ò¹ä	5	½Ò¹ä	Q2	1	0.5	top	210	334.8	105	167.4
top_¹ä·ù_¿øÇü¹è´Þ_½Ò¹ä_Q2_00014.JPG	train	train	½Ò¹ä	5	½Ò¹ä	Q2	1	0.5	top	210	334.8	105	167.4
top_¹ä·ù_¿øÇü¹è´Þ_½Ò¹ä_Q2_00015.JPG	train	train	½Ò¹ä	5	½Ò¹ä	Q2	1	0.5	top	210	334.8	105	167.4
top_¹ä·ù_¿øÇü¹è´Þ_½Ò¹ä_Q2_00017.JPG	train	train	½Ò¹ä	5	½Ò¹ä	Q2	1	0.5	top	210	334.8	105	167.4
top_¹ä·ù_¿øÇü¹è´Þ_½Ò¹ä_Q2_00018.JPG	train	train	½Ò¹ä	5	½Ò¹ä	Q2	1	0.5	top	210	334.8	105	167.4
top_¹ä·ù_¿øÇü¹è´Þ_½Ò¹ä_Q2_00019.JPG	train	train	½Ò¹ä	5	½Ò¹ä	Q2	1	0.5	top	210	334.8	105	167.4
top_¹ä·ù_¿øÇü¹è´Þ_½Ò¹ä_Q2_00020.JPG	train	train	½Ò¹ä	5	½Ò¹ä	Q2	1	0.5	top	210	334.8	105	167.4
top_¹ä·ù_¿øÇü¹è´Þ_½Ò¹ä_Q2_00021.JPG	train	train	½Ò¹ä	5	½Ò¹ä	Q2	1	0.5	top	210	334.8	105	167.4
top_¹ä·ù_¿øÇü¹è´Þ_½Ò¹ä_Q2_00022.JPG	train	train	½Ò¹ä	5	½Ò¹ä	Q2	1	0.5	top	210	334.8	105	167.4
top_¹ä·ù_¿øÇü¹è´Þ_½Ò¹ä_Q2_00023.JPG	train	train	½Ò¹ä	5	½Ò¹ä	Q2	1	0.5	top	210	334.8	105	167.4
top_¹ä·ù_¿øÇü¹è´Þ_½Ò¹ä_Q2_00024.JPG	train	train	½Ò¹ä	5	½Ò¹ä	Q2	1	0.5	top	210	334.8	105	167.4
top_¹ä·ù_¿øÇü¹è´Þ_½Ò¹ä_Q2_00025.JPG	train	train	½Ò¹ä	5	½Ò¹ä	Q2	1	0.5	top	210	334.8	105	167.4
top_¹ä·ù_¿øÇü¹è´Þ_½Ò¹ä_Q2_00026.JPG	train	train	½Ò¹ä	5	½Ò¹ä	Q2	1	0.5	top	210	334.8	105	167.4
top_¹ä·ù_¿øÇü¹è´Þ_½Ò¹ä_Q2_00027.JPG	train	train	½Ò¹ä	5	½Ò¹ä	Q2	1	0.5	top	210	334.8	105	167.4
top_¹ä·ù_¿øÇü¹è´Þ_½Ò¹ä_Q2_00028.JPG	train	train	½Ò¹ä	5	½Ò¹ä	Q2	1	0.5	top	210	334.8	105	167.4
top_¹ä·ù_¿øÇü¹è´Þ_½Ò¹ä_Q2_00030.JPG	train	train	½Ò¹ä	5	½Ò¹ä	Q2	1	0.5	top	210	334.8	105	167.4
top_¹ä·ù_¿øÇü¹è´Þ_½Ò¹ä_Q2_00031.JPG	train	train	½Ò¹ä	5	½Ò¹ä	Q2	1	0.5	top	210	334.8	105	167.4
top_¹ä·ù_¿øÇü¹è´Þ_½Ò¹ä_Q2_00032.JPG	train	train	½Ò¹ä	5	½Ò¹ä	Q2	1	0.5	top	210	334.8	105	167.4
top_¹ä·ù_¿øÇü¹è´Þ_½Ò¹ä_Q2_00033.JPG	train	train	½Ò¹ä	5	½Ò¹ä	Q2	1	0.5	top	210	334.8	105	167.4
top_¹ä·ù_¿øÇü¹è´Þ_½Ò¹ä_Q2_00034.JPG	train	train	½Ò¹ä	5	½Ò¹ä	Q2	1	0.5	top	210	334.8	105	167.4
top_¹ä·ù_¿øÇü¹è´Þ_½Ò¹ä_Q2_00035.JPG	train	train	½Ò¹ä	5	½Ò¹ä	Q2	1	0.5	top	210	334.8	105	167.4
top_¹ä·ù_¿øÇü¹è´Þ_½Ò¹ä_Q2_00036.JPG	train	train	½Ò¹ä	5	½Ò¹ä	Q2	1	0.5	top	210	334.8	105	167.4
top_¹ä·ù_¿øÇü¹è´Þ_½Ò¹ä_Q2_00037.JPG	train	train	½Ò¹ä	5	½Ò¹ä	Q2	1	0.5	top	210	334.8	105	167.4
top_¹ä·ù_¿øÇü¹è´Þ_½Ò¹ä_Q2_00038.JPG	train	train	½Ò¹ä	5	½Ò¹ä	Q2	1	0.5	top	210	334.8	105	167.4
top_¹ä·ù_¿øÇü¹è´Þ_½Ò¹ä_Q2_00039.JPG	train	train	½Ò¹ä	5	½Ò¹ä	Q2	1	0.5	top	210	334.8	105	167.4
top_¹ä·ù_¿øÇü¹è´Þ_½Ò¹ä_Q2_00040.JPG	train	train	½Ò¹ä	5	½Ò¹ä	Q2	1	0.5	top	210	334.8	105	167.4
top_¹ä·ù_¿øÇü¹è´Þ_½Ò¹ä_Q2_00042.JPG	train	train	½Ò¹ä	5	½Ò¹ä	Q2	1	0.5	top	210	334.8	105	167.4
top_¹ä·ù_¿øÇü¹è´Þ_½Ò¹ä_Q2_00043.JPG	train	train	½Ò¹ä	5	½Ò¹ä	Q2	1	0.5	top	210	334.8	105	167.4
top_¹ä·ù_¿øÇü¹è´Þ_½Ò¹ä_Q2_00044.JPG	train	train	½Ò¹ä	5	½Ò¹ä	Q2	1	0.5	top	210	334.8	105	167.4
top_¹ä·ù_¿øÇü¹è´Þ_½Ò¹ä_Q2_00047.JPG	train	train	½Ò¹ä	5	½Ò¹ä	Q2	1	0.5	top	210	334.8	105	167.4
top_¹ä·ù_¿øÇü¹è´Þ_½Ò¹ä_Q2_00048.JPG	train	train	½Ò¹ä	5	½Ò¹ä	Q2	1	0.5	top	210	334.8	105	167.4
top_¹ä·ù_¿øÇü¹è´Þ_½Ò¹ä_Q2_00049.JPG	train	train	½Ò¹ä	5	½Ò¹ä	Q2	1	0.5	top	210	334.8	105	167.4
top_¹ä·ù_¿øÇü¹è´Þ_½Ò¹ä_Q2_00051.JPG	train	train	½Ò¹ä	5	½Ò¹ä	Q2	1	0.5	top	210	334.8	105	167.4
top_¹ä·ù_¿øÇü¹è´Þ_½Ò¹ä_Q2_00052.JPG	train	train	½Ò¹ä	5	½Ò¹ä	Q2	1	0.5	top	210	334.8	105	167.4
top_¹ä·ù_¿øÇü¹è´Þ_½Ò¹ä_Q2_00053.JPG	train	train	½Ò¹ä	5	½Ò¹ä	Q2	1	0.5	top	210	334.8	105	167.4
top_¹ä·ù_¿øÇü¹è´Þ_½Ò¹ä_Q2_00054.JPG	train	train	½Ò¹ä	5	½Ò¹ä	Q2	1	0.5	top	210	334.8	105	167.4
top_¹ä·ù_¿øÇü¹è´Þ_½Ò¹ä_Q2_00055.JPG	train	train	½Ò¹ä	5	½Ò¹ä	Q2	1	0.5	top	210	334.8	105	167.4
top_¹ä·ù_¿øÇü¹è´Þ_½Ò¹ä_Q2_00056.JPG	train	train	½Ò¹ä	5	½Ò¹ä	Q2	1	0.5	top	210	334.8	105	167.4
top_¹ä·ù_¿øÇü¹è´Þ_½Ò¹ä_Q2_00057.JPG	train	train	½Ò¹ä	5	½Ò¹ä	Q2	1	0.5	top	210	334.8	105	167.4
side_¹ä·ù_¿øÇü¹è´Þ_½Ò¹ä_Q3_00001.JPG	train	train	½Ò¹ä	5	½Ò¹ä	Q3	2	0.75	side	210	334.8	157.5	251.1
side_¹ä·ù_¿øÇü¹è´Þ_½Ò¹ä_Q3_00002.JPG	train	train	½Ò¹ä	5	½Ò¹ä	Q3	2	0.75	side	210	334.8	157.5	251.1
side_¹ä·ù_¿øÇü¹è´Þ_½Ò¹ä_Q3_00003.JPG	train	train	½Ò¹ä	5	½Ò¹ä	Q3	2	0.75	side	210	334.8	157.5	251.1
side_¹ä·ù_¿øÇü¹è´Þ_½Ò¹ä_Q3_00004.JPG	train	train	½Ò¹ä	5	½Ò¹ä	Q3	2	0.75	side	210	334.8	157.5	251.1
side_¹ä·ù_¿øÇü¹è´Þ_½Ò¹ä_Q3_00005.JPG	train	train	½Ò¹ä	5	½Ò¹ä	Q3	2	0.75	side	210	334.8	157.5	251.1
side_¹ä·ù_¿øÇü¹è´Þ_½Ò¹ä_Q3_00006.JPG	train	train	½Ò¹ä	5	½Ò¹ä	Q3	2	0.75	side	210	334.8	157.5	251.1
side_¹ä·ù_¿øÇü¹è´Þ_½Ò¹ä_Q3_00007.JPG	train	train	½Ò¹ä	5	½Ò¹ä	Q3	2	0.75	side	210	334.8	157.5	251.1
side_¹ä·ù_¿øÇü¹è´Þ_½Ò¹ä_Q3_00008.JPG	train	train	½Ò¹ä	5	½Ò¹ä	Q3	2	0.75	side	210	334.8	157.5	251.1
side_¹ä·ù_¿øÇü¹è´Þ_½Ò¹ä_Q3_00009.JPG	train	train	½Ò¹ä	5	½Ò¹ä	Q3	2	0.75	side	210	334.8	157.5	251.1
side_¹ä·ù_¿øÇü¹è´Þ_½Ò¹ä_Q3_00011.JPG	train	train	½Ò¹ä	5	½Ò¹ä	Q3	2	0.75	side	210	334.8	157.5	251.1
side_¹ä·ù_¿øÇü¹è´Þ_½Ò¹ä_Q3_00012.JPG	train	train	½Ò¹ä	5	½Ò¹ä	Q3	2	0.75	side	210	334.8	157.5	251.1
side_¹ä·ù_¿øÇü¹è´Þ_½Ò¹ä_Q3_00013.JPG	train	train	½Ò¹ä	5	½Ò¹ä	Q3	2	0.75	side	210	334.8	157.5	251.1
side_¹ä·ù_¿øÇü¹è´Þ_½Ò¹ä_Q3_00014.JPG	train	train	½Ò¹ä	5	½Ò¹ä	Q3	2	0.75	side	210	334.8	157.5	251.1
side_¹ä·ù_¿øÇü¹è´Þ_½Ò¹ä_Q3_00015.JPG	train	train	½Ò¹ä	5	½Ò¹ä	Q3	2	0.75	side	210	334.8	157.5	251.1
side_¹ä·ù_¿øÇü¹è´Þ_½Ò¹ä_Q3_00019.JPG	train	train	½Ò¹ä	5	½Ò¹ä	Q3	2	0.75	side	210	334.8	157.5	251.1
side_¹ä·ù_¿øÇü¹è´Þ_½Ò¹ä_Q3_00020.JPG	train	train	½Ò¹ä	5	½Ò¹ä	Q3	2	0.75	side	210	334.8	157.5	251.1
side_¹ä·ù_¿øÇü¹è´Þ_½Ò¹ä_Q3_00021.JPG	train	train	½Ò¹ä	5	½Ò¹ä	Q3	2	0.75	side	210	334.8	157.5	251.1
side_¹ä·ù_¿øÇü¹è´Þ_½Ò¹ä_Q3_00022.JPG	train	train	½Ò¹ä	5	½Ò¹ä	Q3	2	0.75	side	210	334.8	157.5	251.1
side_¹ä·ù_¿øÇü¹è´Þ_½Ò¹ä_Q3_00023.JPG	train	train	½Ò¹ä	5	½Ò¹ä	Q3	2	0.75	side	210	334.8	157.5	251.1
side_¹ä·ù_¿øÇü¹è´Þ_½Ò¹ä_Q3_00025.JPG	train	train	½Ò¹ä	5	½Ò¹ä	Q3	2	0.75	side	210	334.8	157.5	251.1
side_¹ä·ù_¿øÇü¹è´Þ_½Ò¹ä_Q3_00026.JPG	train	train	½Ò¹ä	5	½Ò¹ä	Q3	2	0.75	side	210	334.8	157.5	251.1
side_¹ä·ù_¿øÇü¹è´Þ_½Ò¹ä_Q3_00027.JPG	train	train	½Ò¹ä	5	½Ò¹ä	Q3	2	0.75	side	210	334.8	157.5	251.1
side_¹ä·ù_¿øÇü¹è´Þ_½Ò¹ä_Q3_00028.JPG	train	train	½Ò¹ä	5	½Ò¹ä	Q3	2	0.75	side	210	334.8	157.5	251.1
side_¹ä·ù_¿øÇü¹è´Þ_½Ò¹ä_Q3_00029.JPG	train	train	½Ò¹ä	5	½Ò¹ä	Q3	2	0.75	side	210	334.8	157.5	251.1
side_¹ä·ù_¿øÇü¹è´Þ_½Ò¹ä_Q3_00030.JPG	train	train	½Ò¹ä	5	½Ò¹ä	Q3	2	0.75	side	210	334.8	157.5	251.1
side_¹ä·ù_¿øÇü¹è´Þ_½Ò¹ä_Q3_00031.JPG	train	train	½Ò¹ä	5	½Ò¹ä	Q3	2	0.75	side	210	334.8	157.5	251.1
side_¹ä·ù_¿øÇü¹è´Þ_½Ò¹ä_Q3_00032.JPG	train	train	½Ò¹ä	5	½Ò¹ä	Q3	2	0.75	side	210	334.8	157.5	251.1
side_¹ä·ù_¿øÇü¹è´Þ_½Ò¹ä_Q3_00034.JPG	train	train	½Ò¹ä	5	½Ò¹ä	Q3	2	0.75	side	210	334.8	157.5	251.1
side_¹ä·ù_¿øÇü¹è´Þ_½Ò¹ä_Q3_00035.JPG	train	train	½Ò¹ä	5	½Ò¹ä	Q3	2	0.75	side	210	334.8	157.5	251.1
side_¹ä·ù_¿øÇü¹è´Þ_½Ò¹ä_Q3_00036.JPG	train	train	½Ò¹ä	5	½Ò¹ä	Q3	2	0.75	side	210	334.8	157.5	251.1
side_¹ä·ù_¿øÇü¹è´Þ_½Ò¹ä_Q3_00037.JPG	train	train	½Ò¹ä	5	½Ò¹ä	Q3	2	0.75	side	210	334.8	157.5	251.1
side_¹ä·ù_¿øÇü¹è´Þ_½Ò¹ä_Q3_00038.JPG	train	train	½Ò¹ä	5	½Ò¹ä	Q3	2	0.75	side	210	334.8	157.5	251.1
side_¹ä·ù_¿øÇü¹è´Þ_½Ò¹ä_Q3_00039.JPG	train	train	½Ò¹ä	5	½Ò¹ä	Q3	2	0.75	side	210	334.8	157.5	251.1
side_¹ä·ù_¿øÇü¹è´Þ_½Ò¹ä_Q3_00040.JPG	train	train	½Ò¹ä	5	½Ò¹ä	Q3	2	0.75	side	210	334.8	157.5	251.1
side_¹ä·ù_¿øÇü¹è´Þ_½Ò¹ä_Q3_00041.JPG	train	train	½Ò¹ä	5	½Ò¹ä	Q3	2	0.75	side	210	334.8	157.5	251.1
side_¹ä·ù_¿øÇü¹è´Þ_½Ò¹ä_Q3_00042.JPG	train	train	½Ò¹ä	5	½Ò¹ä	Q3	2	0.75	side	210	334.8	157.5	251.1
side_¹ä·ù_¿øÇü¹è´Þ_½Ò¹ä_Q3_00043.JPG	train	train	½Ò¹ä	5	½Ò¹ä	Q3	2	0.75	side	210	334.8	157.5	251.1
side_¹ä·ù_¿øÇü¹è´Þ_½Ò¹ä_Q3_00044.JPG	train	train	½Ò¹ä	5	½Ò¹ä	Q3	2	0.75	side	210	334.8	157.5	251.1
side_¹ä·ù_¿øÇü¹è´Þ_½Ò¹ä_Q3_00046.JPG	train	train	½Ò¹ä	5	½Ò¹ä	Q3	2	0.75	side	210	334.8	157.5	251.1
side_¹ä·ù_¿øÇü¹è´Þ_½Ò¹ä_Q3_00048.JPG	train	train	½Ò¹ä	5	½Ò¹ä	Q3	2	0.75	side	210	334.8	157.5	251.1
side_¹ä·ù_¿øÇü¹è´Þ_½Ò¹ä_Q3_00050.JPG	train	train	½Ò¹ä	5	½Ò¹ä	Q3	2	0.75	side	210	334.8	157.5	251.1
side_¹ä·ù_¿øÇü¹è´Þ_½Ò¹ä_Q3_00052.JPG	train	train	½Ò¹ä	5	½Ò¹ä	Q3	2	0.75	side	210	334.8	157.5	251.1
side_¹ä·ù_¿øÇü¹è´Þ_½Ò¹ä_Q3_00053.JPG	train	train	½Ò¹ä	5	½Ò¹ä	Q3	2	0.75	side	210	334.8	157.5	251.1
side_¹ä·ù_¿øÇü¹è´Þ_½Ò¹ä_Q3_00054.JPG	train	train	½Ò¹ä	5	½Ò¹ä	Q3	2	0.75	side	210	334.8	157.5	251.1
side_¹ä·ù_¿øÇü¹è´Þ_½Ò¹ä_Q3_00055.JPG	train	train	½Ò¹ä	5	½Ò¹ä	Q3	2	0.75	side	210	334.8	157.5	251.1
side_¹ä·ù_¿øÇü¹è´Þ_½Ò¹ä_Q3_00056.JPG	train	train	½Ò¹ä	5	½Ò¹ä	Q3	2	0.75	side	210	334.8	157.5	251.1
side_¹ä·ù_¿øÇü¹è´Þ_½Ò¹ä_Q3_00057.JPG	train	train	½Ò¹ä	5	½Ò¹ä	Q3	2	0.75	side	210	334.8	157.5	251.1
top_¹ä·ù_¿øÇü¹è´Þ_½Ò¹ä_Q3_00002.JPG	train	train	½Ò¹ä	5	½Ò¹ä	Q3	2	0.75	top	210	334.8	157.5	251.1
top_¹ä·ù_¿øÇü¹è´Þ_½Ò¹ä_Q3_00003.JPG	train	train	½Ò¹ä	5	½Ò¹ä	Q3	2	0.75	top	210	334.8	157.5	251.1
top_¹ä·ù_¿øÇü¹è´Þ_½Ò¹ä_Q3_00004.JPG	train	train	½Ò¹ä	5	½Ò¹ä	Q3	2	0.75	top	210	334.8	157.5	251.1
top_¹ä·ù_¿øÇü¹è´Þ_½Ò¹ä_Q3_00005.JPG	train	train	½Ò¹ä	5	½Ò¹ä	Q3	2	0.75	top	210	334.8	157.5	251.1
top_¹ä·ù_¿øÇü¹è´Þ_½Ò¹ä_Q3_00006.JPG	train	train	½Ò¹ä	5	½Ò¹ä	Q3	2	0.75	top	210	334.8	157.5	251.1
top_¹ä·ù_¿øÇü¹è´Þ_½Ò¹ä_Q3_00008.JPG	train	train	½Ò¹ä	5	½Ò¹ä	Q3	2	0.75	top	210	334.8	157.5	251.1
top_¹ä·ù_¿øÇü¹è´Þ_½Ò¹ä_Q3_00009.JPG	train	train	½Ò¹ä	5	½Ò¹ä	Q3	2	0.75	top	210	334.8	157.5	251.1
top_¹ä·ù_¿øÇü¹è´Þ_½Ò¹ä_Q3_00010.JPG	train	train	½Ò¹ä	5	½Ò¹ä	Q3	2	0.75	top	210	334.8	157.5	251.1
top_¹ä·ù_¿øÇü¹è´Þ_½Ò¹ä_Q3_00011.JPG	train	train	½Ò¹ä	5	½Ò¹ä	Q3	2	0.75	top	210	334.8	157.5	251.1
top_¹ä·ù_¿øÇü¹è´Þ_½Ò¹ä_Q3_00012.JPG	train	train	½Ò¹ä	5	½Ò¹ä	Q3	2	0.75	top	210	334.8	157.5	251.1
top_¹ä·ù_¿øÇü¹è´Þ_½Ò¹ä_Q3_00013.JPG	train	train	½Ò¹ä	5	½Ò¹ä	Q3	2	0.75	top	210	334.8	157.5	251.1
top_¹ä·ù_¿øÇü¹è´Þ_½Ò¹ä_Q3_00014.JPG	train	train	½Ò¹ä	5	½Ò¹ä	Q3	2	0.75	top	210	334.8	157.5	251.1
top_¹ä·ù_¿øÇü¹è´Þ_½Ò¹ä_Q3_00015.JPG	train	train	½Ò¹ä	5	½Ò¹ä	Q3	2	0.75	top	210	334.8	157.5	251.1
top_¹ä·ù_¿øÇü¹è´Þ_½Ò¹ä_Q3_00016.JPG	train	train	½Ò¹ä	5	½Ò¹ä	Q3	2	0.75	top	210	334.8	157.5	251.1
top_¹ä·ù_¿øÇü¹è´Þ_½Ò¹ä_Q3_00017.JPG	train	train	½Ò¹ä	5	½Ò¹ä	Q3	2	0.75	top	210	334.8	157.5	251.1
top_¹ä·ù_¿øÇü¹è´Þ_½Ò¹ä_Q3_00018.JPG	train	train	½Ò¹ä	5	½Ò¹ä	Q3	2	0.75	top	210	334.8	157.5	251.1
top_¹ä·ù_¿øÇü¹è´Þ_½Ò¹ä_Q3_00019.JPG	train	train	½Ò¹ä	5	½Ò¹ä	Q3	2	0.75	top	210	334.8	157.5	251.1
top_¹ä·ù_¿øÇü¹è´Þ_½Ò¹ä_Q3_00020.JPG	train	train	½Ò¹ä	5	½Ò¹ä	Q3	2	0.75	top	210	334.8	157.5	251.1
top_¹ä·ù_¿øÇü¹è´Þ_½Ò¹ä_Q3_00022.JPG	train	train	½Ò¹ä	5	½Ò¹ä	Q3	2	0.75	top	210	334.8	157.5	251.1
top_¹ä·ù_¿øÇü¹è´Þ_½Ò¹ä_Q3_00024.JPG	train	train	½Ò¹ä	5	½Ò¹ä	Q3	2	0.75	top	210	334.8	157.5	251.1
top_¹ä·ù_¿øÇü¹è´Þ_½Ò¹ä_Q3_00025.JPG	train	train	½Ò¹ä	5	½Ò¹ä	Q3	2	0.75	top	210	334.8	157.5	251.1
top_¹ä·ù_¿øÇü¹è´Þ_½Ò¹ä_Q3_00026.JPG	train	train	½Ò¹ä	5	½Ò¹ä	Q3	2	0.75	top	210	334.8	157.5	251.1
top_¹ä·ù_¿øÇü¹è´Þ_½Ò¹ä_Q3_00027.JPG	train	train	½Ò¹ä	5	½Ò¹ä	Q3	2	0.75	top	210	334.8	157.5	251.1
top_¹ä·ù_¿øÇü¹è´Þ_½Ò¹ä_Q3_00028.JPG	train	train	½Ò¹ä	5	½Ò¹ä	Q3	2	0.75	top	210	334.8	157.5	251.1
top_¹ä·ù_¿øÇü¹è´Þ_½Ò¹ä_Q3_00029.JPG	train	train	½Ò¹ä	5	½Ò¹ä	Q3	2	0.75	top	210	334.8	157.5	251.1
top_¹ä·ù_¿øÇü¹è´Þ_½Ò¹ä_Q3_00030.JPG	train	train	½Ò¹ä	5	½Ò¹ä	Q3	2	0.75	top	210	334.8	157.5	251.1
top_¹ä·ù_¿øÇü¹è´Þ_½Ò¹ä_Q3_00031.JPG	train	train	½Ò¹ä	5	½Ò¹ä	Q3	2	0.75	top	210	334.8	157.5	251.1
top_¹ä·ù_¿øÇü¹è´Þ_½Ò¹ä_Q3_00032.JPG	train	train	½Ò¹ä	5	½Ò¹ä	Q3	2	0.75	top	210	334.8	157.5	251.1
top_¹ä·ù_¿øÇü¹è´Þ_½Ò¹ä_Q3_00033.JPG	train	train	½Ò¹ä	5	½Ò¹ä	Q3	2	0.75	top	210	334.8	157.5	251.1
top_¹ä·ù_¿øÇü¹è´Þ_½Ò¹ä_Q3_00035.JPG	train	train	½Ò¹ä	5	½Ò¹ä	Q3	2	0.75	top	210	334.8	157.5	251.1
top_¹ä·ù_¿øÇü¹è´Þ_½Ò¹ä_Q3_00036.JPG	train	train	½Ò¹ä	5	½Ò¹ä	Q3	2	0.75	top	210	334.8	157.5	251.1
top_¹ä·ù_¿øÇü¹è´Þ_½Ò¹ä_Q3_00037.JPG	train	train	½Ò¹ä	5	½Ò¹ä	Q3	2	0.75	top	210	334.8	157.5	251.1
top_¹ä·ù_¿øÇü¹è´Þ_½Ò¹ä_Q3_00040.JPG	train	train	½Ò¹ä	5	½Ò¹ä	Q3	2	0.75	top	210	334.8	157.5	251.1
top_¹ä·ù_¿øÇü¹è´Þ_½Ò¹ä_Q3_00041.JPG	train	train	½Ò¹ä	5	½Ò¹ä	Q3	2	0.75	top	210	334.8	157.5	251.1
top_¹ä·ù_¿øÇü¹è´Þ_½Ò¹ä_Q3_00043.JPG	train	train	½Ò¹ä	5	½Ò¹ä	Q3	2	0.75	top	210	334.8	157.5	251.1
top_¹ä·ù_¿øÇü¹è´Þ_½Ò¹ä_Q3_00045.JPG	train	train	½Ò¹ä	5	½Ò¹ä	Q3	2	0.75	top	210	334.8	157.5	251.1
top_¹ä·ù_¿øÇü¹è´Þ_½Ò¹ä_Q3_00047.JPG	train	train	½Ò¹ä	5	½Ò¹ä	Q3	2	0.75	top	210	334.8	157.5	251.1
top_¹ä·ù_¿øÇü¹è´Þ_½Ò¹ä_Q3_00048.JPG	train	train	½Ò¹ä	5	½Ò¹ä	Q3	2	0.75	top	210	334.8	157.5	251.1
top_¹ä·ù_¿øÇü¹è´Þ_½Ò¹ä_Q3_00050.JPG	train	train	½Ò¹ä	5	½Ò¹ä	Q3	2	0.75	top	210	334.8	157.5	251.1
top_¹ä·ù_¿øÇü¹è´Þ_½Ò¹ä_Q3_00051.JPG	train	train	½Ò¹ä	5	½Ò¹ä	Q3	2	0.75	top	210	334.8	157.5	251.1
top_¹ä·ù_¿øÇü¹è´Þ_½Ò¹ä_Q3_00052.JPG	train	train	½Ò¹ä	5	½Ò¹ä	Q3	2	0.75	top	210	334.8	157.5	251.1
side_¹ä·ù_¿øÇü¹è´Þ_½Ò¹ä_Q4_00001.JPG	train	train	½Ò¹ä	5	½Ò¹ä	Q4	3	1	side	210	334.8	210	334.8
side_¹ä·ù_¿øÇü¹è´Þ_½Ò¹ä_Q4_00003.JPG	train	train	½Ò¹ä	5	½Ò¹ä	Q4	3	1	side	210	334.8	210	334.8
side_¹ä·ù_¿øÇü¹è´Þ_½Ò¹ä_Q4_00004.JPG	train	train	½Ò¹ä	5	½Ò¹ä	Q4	3	1	side	210	334.8	210	334.8
side_¹ä·ù_¿øÇü¹è´Þ_½Ò¹ä_Q4_00005.JPG	train	train	½Ò¹ä	5	½Ò¹ä	Q4	3	1	side	210	334.8	210	334.8
side_¹ä·ù_¿øÇü¹è´Þ_½Ò¹ä_Q4_00006.JPG	train	train	½Ò¹ä	5	½Ò¹ä	Q4	3	1	side	210	334.8	210	334.8
side_¹ä·ù_¿øÇü¹è´Þ_½Ò¹ä_Q4_00007.JPG	train	train	½Ò¹ä	5	½Ò¹ä	Q4	3	1	side	210	334.8	210	334.8
side_¹ä·ù_¿øÇü¹è´Þ_½Ò¹ä_Q4_00008.JPG	train	train	½Ò¹ä	5	½Ò¹ä	Q4	3	1	side	210	334.8	210	334.8
side_¹ä·ù_¿øÇü¹è´Þ_½Ò¹ä_Q4_00010.JPG	train	train	½Ò¹ä	5	½Ò¹ä	Q4	3	1	side	210	334.8	210	334.8
side_¹ä·ù_¿øÇü¹è´Þ_½Ò¹ä_Q4_00011.JPG	train	train	½Ò¹ä	5	½Ò¹ä	Q4	3	1	side	210	334.8	210	334.8
side_¹ä·ù_¿øÇü¹è´Þ_½Ò¹ä_Q4_00012.JPG	train	train	½Ò¹ä	5	½Ò¹ä	Q4	3	1	side	210	334.8	210	334.8
side_¹ä·ù_¿øÇü¹è´Þ_½Ò¹ä_Q4_00014.JPG	train	train	½Ò¹ä	5	½Ò¹ä	Q4	3	1	side	210	334.8	210	334.8
side_¹ä·ù_¿øÇü¹è´Þ_½Ò¹ä_Q4_00015.JPG	train	train	½Ò¹ä	5	½Ò¹ä	Q4	3	1	side	210	334.8	210	334.8
side_¹ä·ù_¿øÇü¹è´Þ_½Ò¹ä_Q4_00016.JPG	train	train	½Ò¹ä	5	½Ò¹ä	Q4	3	1	side	210	334.8	210	334.8
side_¹ä·ù_¿øÇü¹è´Þ_½Ò¹ä_Q4_00017.JPG	train	train	½Ò¹ä	5	½Ò¹ä	Q4	3	1	side	210	334.8	210	334.8
side_¹ä·ù_¿øÇü¹è´Þ_½Ò¹ä_Q4_00018.JPG	train	train	½Ò¹ä	5	½Ò¹ä	Q4	3	1	side	210	334.8	210	334.8
side_¹ä·ù_¿øÇü¹è´Þ_½Ò¹ä_Q4_00019.JPG	train	train	½Ò¹ä	5	½Ò¹ä	Q4	3	1	side	210	334.8	210	334.8
side_¹ä·ù_¿øÇü¹è´Þ_½Ò¹ä_Q4_00020.JPG	train	train	½Ò¹ä	5	½Ò¹ä	Q4	3	1	side	210	334.8	210	334.8
side_¹ä·ù_¿øÇü¹è´Þ_½Ò¹ä_Q4_00022.JPG	train	train	½Ò¹ä	5	½Ò¹ä	Q4	3	1	side	210	334.8	210	334.8
side_¹ä·ù_¿øÇü¹è´Þ_½Ò¹ä_Q4_00023.JPG	train	train	½Ò¹ä	5	½Ò¹ä	Q4	3	1	side	210	334.8	210	334.8
side_¹ä·ù_¿øÇü¹è´Þ_½Ò¹ä_Q4_00024.JPG	train	train	½Ò¹ä	5	½Ò¹ä	Q4	3	1	side	210	334.8	210	334.8
side_¹ä·ù_¿øÇü¹è´Þ_½Ò¹ä_Q4_00025.JPG	train	train	½Ò¹ä	5	½Ò¹ä	Q4	3	1	side	210	334.8	210	334.8
side_¹ä·ù_¿øÇü¹è´Þ_½Ò¹ä_Q4_00027.JPG	train	train	½Ò¹ä	5	½Ò¹ä	Q4	3	1	side	210	334.8	210	334.8
side_¹ä·ù_¿øÇü¹è´Þ_½Ò¹ä_Q4_00030.JPG	train	train	½Ò¹ä	5	½Ò¹ä	Q4	3	1	side	210	334.8	210	334.8
side_¹ä·ù_¿øÇü¹è´Þ_½Ò¹ä_Q4_00031.JPG	train	train	½Ò¹ä	5	½Ò¹ä	Q4	3	1	side	210	334.8	210	334.8
side_¹ä·ù_¿øÇü¹è´Þ_½Ò¹ä_Q4_00032.JPG	train	train	½Ò¹ä	5	½Ò¹ä	Q4	3	1	side	210	334.8	210	334.8
side_¹ä·ù_¿øÇü¹è´Þ_½Ò¹ä_Q4_00034.JPG	train	train	½Ò¹ä	5	½Ò¹ä	Q4	3	1	side	210	334.8	210	334.8
side_¹ä·ù_¿øÇü¹è´Þ_½Ò¹ä_Q4_00035.JPG	train	train	½Ò¹ä	5	½Ò¹ä	Q4	3	1	side	210	334.8	210	334.8
side_¹ä·ù_¿øÇü¹è´Þ_½Ò¹ä_Q4_00036.JPG	train	train	½Ò¹ä	5	½Ò¹ä	Q4	3	1	side	210	334.8	210	334.8
side_¹ä·ù_¿øÇü¹è´Þ_½Ò¹ä_Q4_00037.JPG	train	train	½Ò¹ä	5	½Ò¹ä	Q4	3	1	side	210	334.8	210	334.8
side_¹ä·ù_¿øÇü¹è´Þ_½Ò¹ä_Q4_00039.JPG	train	train	½Ò¹ä	5	½Ò¹ä	Q4	3	1	side	210	334.8	210	334.8
side_¹ä·ù_¿øÇü¹è´Þ_½Ò¹ä_Q4_00040.JPG	train	train	½Ò¹ä	5	½Ò¹ä	Q4	3	1	side	210	334.8	210	334.8
side_¹ä·ù_¿øÇü¹è´Þ_½Ò¹ä_Q4_00041.JPG	train	train	½Ò¹ä	5	½Ò¹ä	Q4	3	1	side	210	334.8	210	334.8
side_¹ä·ù_¿øÇü¹è´Þ_½Ò¹ä_Q4_00042.JPG	train	train	½Ò¹ä	5	½Ò¹ä	Q4	3	1	side	210	334.8	210	334.8
side_¹ä·ù_¿øÇü¹è´Þ_½Ò¹ä_Q4_00043.JPG	train	train	½Ò¹ä	5	½Ò¹ä	Q4	3	1	side	210	334.8	210	334.8
side_¹ä·ù_¿øÇü¹è´Þ_½Ò¹ä_Q4_00044.JPG	train	train	½Ò¹ä	5	½Ò¹ä	Q4	3	1	side	210	334.8	210	334.8
side_¹ä·ù_¿øÇü¹è´Þ_½Ò¹ä_Q4_00045.JPG	train	train	½Ò¹ä	5	½Ò¹ä	Q4	3	1	side	210	334.8	210	334.8
side_¹ä·ù_¿øÇü¹è´Þ_½Ò¹ä_Q4_00046.JPG	train	train	½Ò¹ä	5	½Ò¹ä	Q4	3	1	side	210	334.8	210	334.8
side_¹ä·ù_¿øÇü¹è´Þ_½Ò¹ä_Q4_00047.JPG	train	train	½Ò¹ä	5	½Ò¹ä	Q4	3	1	side	210	334.8	210	334.8
side_¹ä·ù_¿øÇü¹è´Þ_½Ò¹ä_Q4_00048.JPG	train	train	½Ò¹ä	5	½Ò¹ä	Q4	3	1	side	210	334.8	210	334.8
side_¹ä·ù_¿øÇü¹è´Þ_½Ò¹ä_Q4_00049.JPG	train	train	½Ò¹ä	5	½Ò¹ä	Q4	3	1	side	210	334.8	210	334.8
side_¹ä·ù_¿øÇü¹è´Þ_½Ò¹ä_Q4_00050.JPG	train	train	½Ò¹ä	5	½Ò¹ä	Q4	3	1	side	210	334.8	210	334.8
side_¹ä·ù_¿øÇü¹è´Þ_½Ò¹ä_Q4_00051.JPG	train	train	½Ò¹ä	5	½Ò¹ä	Q4	3	1	side	210	334.8	210	334.8
side_¹ä·ù_¿øÇü¹è´Þ_½Ò¹ä_Q4_00053.JPG	train	train	½Ò¹ä	5	½Ò¹ä	Q4	3	1	side	210	334.8	210	334.8
top_¹ä·ù_¿øÇü¹è´Þ_½Ò¹ä_Q4_00001.JPG	train	train	½Ò¹ä	5	½Ò¹ä	Q4	3	1	top	210	334.8	210	334.8
top_¹ä·ù_¿øÇü¹è´Þ_½Ò¹ä_Q4_00002.JPG	train	train	½Ò¹ä	5	½Ò¹ä	Q4	3	1	top	210	334.8	210	334.8
top_¹ä·ù_¿øÇü¹è´Þ_½Ò¹ä_Q4_00003.JPG	train	train	½Ò¹ä	5	½Ò¹ä	Q4	3	1	top	210	334.8	210	334.8
top_¹ä·ù_¿øÇü¹è´Þ_½Ò¹ä_Q4_00004.JPG	train	train	½Ò¹ä	5	½Ò¹ä	Q4	3	1	top	210	334.8	210	334.8
top_¹ä·ù_¿øÇü¹è´Þ_½Ò¹ä_Q4_00006.JPG	train	train	½Ò¹ä	5	½Ò¹ä	Q4	3	1	top	210	334.8	210	334.8
top_¹ä·ù_¿øÇü¹è´Þ_½Ò¹ä_Q4_00009.JPG	train	train	½Ò¹ä	5	½Ò¹ä	Q4	3	1	top	210	334.8	210	334.8
top_¹ä·ù_¿øÇü¹è´Þ_½Ò¹ä_Q4_00010.JPG	train	train	½Ò¹ä	5	½Ò¹ä	Q4	3	1	top	210	334.8	210	334.8
top_¹ä·ù_¿øÇü¹è´Þ_½Ò¹ä_Q4_00012.JPG	train	train	½Ò¹ä	5	½Ò¹ä	Q4	3	1	top	210	334.8	210	334.8
top_¹ä·ù_¿øÇü¹è´Þ_½Ò¹ä_Q4_00013.JPG	train	train	½Ò¹ä	5	½Ò¹ä	Q4	3	1	top	210	334.8	210	334.8
top_¹ä·ù_¿øÇü¹è´Þ_½Ò¹ä_Q4_00014.JPG	train	train	½Ò¹ä	5	½Ò¹ä	Q4	3	1	top	210	334.8	210	334.8
top_¹ä·ù_¿øÇü¹è´Þ_½Ò¹ä_Q4_00015.JPG	train	train	½Ò¹ä	5	½Ò¹ä	Q4	3	1	top	210	334.8	210	334.8
top_¹ä·ù_¿øÇü¹è´Þ_½Ò¹ä_Q4_00016.JPG	train	train	½Ò¹ä	5	½Ò¹ä	Q4	3	1	top	210	334.8	210	334.8
top_¹ä·ù_¿øÇü¹è´Þ_½Ò¹ä_Q4_00017.JPG	train	train	½Ò¹ä	5	½Ò¹ä	Q4	3	1	top	210	334.8	210	334.8
top_¹ä·ù_¿øÇü¹è´Þ_½Ò¹ä_Q4_00018.JPG	train	train	½Ò¹ä	5	½Ò¹ä	Q4	3	1	top	210	334.8	210	334.8
top_¹ä·ù_¿øÇü¹è´Þ_½Ò¹ä_Q4_00019.JPG	train	train	½Ò¹ä	5	½Ò¹ä	Q4	3	1	top	210	334.8	210	334.8
top_¹ä·ù_¿øÇü¹è´Þ_½Ò¹ä_Q4_00020.JPG	train	train	½Ò¹ä	5	½Ò¹ä	Q4	3	1	top	210	334.8	210	334.8
top_¹ä·ù_¿øÇü¹è´Þ_½Ò¹ä_Q4_00021.JPG	train	train	½Ò¹ä	5	½Ò¹ä	Q4	3	1	top	210	334.8	210	334.8
top_¹ä·ù_¿øÇü¹è´Þ_½Ò¹ä_Q4_00022.JPG	train	train	½Ò¹ä	5	½Ò¹ä	Q4	3	1	top	210	334.8	210	334.8
top_¹ä·ù_¿øÇü¹è´Þ_½Ò¹ä_Q4_00023.JPG	train	train	½Ò¹ä	5	½Ò¹ä	Q4	3	1	top	210	334.8	210	334.8
top_¹ä·ù_¿øÇü¹è´Þ_½Ò¹ä_Q4_00024.JPG	train	train	½Ò¹ä	5	½Ò¹ä	Q4	3	1	top	210	334.8	210	334.8
top_¹ä·ù_¿øÇü¹è´Þ_½Ò¹ä_Q4_00025.JPG	train	train	½Ò¹ä	5	½Ò¹ä	Q4	3	1	top	210	334.8	210	334.8
top_¹ä·ù_¿øÇü¹è´Þ_½Ò¹ä_Q4_00026.JPG	train	train	½Ò¹ä	5	½Ò¹ä	Q4	3	1	top	210	334.8	210	334.8
top_¹ä·ù_¿øÇü¹è´Þ_½Ò¹ä_Q4_00027.JPG	train	train	½Ò¹ä	5	½Ò¹ä	Q4	3	1	top	210	334.8	210	334.8
top_¹ä·ù_¿øÇü¹è´Þ_½Ò¹ä_Q4_00028.JPG	train	train	½Ò¹ä	5	½Ò¹ä	Q4	3	1	top	210	334.8	210	334.8
top_¹ä·ù_¿øÇü¹è´Þ_½Ò¹ä_Q4_00029.JPG	train	train	½Ò¹ä	5	½Ò¹ä	Q4	3	1	top	210	334.8	210	334.8
top_¹ä·ù_¿øÇü¹è´Þ_½Ò¹ä_Q4_00030.JPG	train	train	½Ò¹ä	5	½Ò¹ä	Q4	3	1	top	210	334.8	210	334.8
top_¹ä·ù_¿øÇü¹è´Þ_½Ò¹ä_Q4_00031.JPG	train	train	½Ò¹ä	5	½Ò¹ä	Q4	3	1	top	210	334.8	210	334.8
top_¹ä·ù_¿øÇü¹è´Þ_½Ò¹ä_Q4_00033.JPG	train	train	½Ò¹ä	5	½Ò¹ä	Q4	3	1	top	210	334.8	210	334.8
top_¹ä·ù_¿øÇü¹è´Þ_½Ò¹ä_Q4_00034.JPG	train	train	½Ò¹ä	5	½Ò¹ä	Q4	3	1	top	210	334.8	210	334.8
top_¹ä·ù_¿øÇü¹è´Þ_½Ò¹ä_Q4_00035.JPG	train	train	½Ò¹ä	5	½Ò¹ä	Q4	3	1	top	210	334.8	210	334.8
top_¹ä·ù_¿øÇü¹è´Þ_½Ò¹ä_Q4_00036.JPG	train	train	½Ò¹ä	5	½Ò¹ä	Q4	3	1	top	210	334.8	210	334.8
top_¹ä·ù_¿øÇü¹è´Þ_½Ò¹ä_Q4_00039.JPG	train	train	½Ò¹ä	5	½Ò¹ä	Q4	3	1	top	210	334.8	210	334.8
top_¹ä·ù_¿øÇü¹è´Þ_½Ò¹ä_Q4_00040.JPG	train	train	½Ò¹ä	5	½Ò¹ä	Q4	3	1	top	210	334.8	210	334.8
top_¹ä·ù_¿øÇü¹è´Þ_½Ò¹ä_Q4_00041.JPG	train	train	½Ò¹ä	5	½Ò¹ä	Q4	3	1	top	210	334.8	210	334.8
top_¹ä·ù_¿øÇü¹è´Þ_½Ò¹ä_Q4_00042.JPG	train	train	½Ò¹ä	5	½Ò¹ä	Q4	3	1	top	210	334.8	210	334.8
top_¹ä·ù_¿øÇü¹è´Þ_½Ò¹ä_Q4_00043.JPG	train	train	½Ò¹ä	5	½Ò¹ä	Q4	3	1	top	210	334.8	210	334.8
top_¹ä·ù_¿øÇü¹è´Þ_½Ò¹ä_Q4_00044.JPG	train	train	½Ò¹ä	5	½Ò¹ä	Q4	3	1	top	210	334.8	210	334.8
top_¹ä·ù_¿øÇü¹è´Þ_½Ò¹ä_Q4_00045.JPG	train	train	½Ò¹ä	5	½Ò¹ä	Q4	3	1	top	210	334.8	210	334.8
top_¹ä·ù_¿øÇü¹è´Þ_½Ò¹ä_Q4_00047.JPG	train	train	½Ò¹ä	5	½Ò¹ä	Q4	3	1	top	210	334.8	210	334.8
top_¹ä·ù_¿øÇü¹è´Þ_½Ò¹ä_Q4_00051.JPG	train	train	½Ò¹ä	5	½Ò¹ä	Q4	3	1	top	210	334.8	210	334.8
top_¹ä·ù_¿øÇü¹è´Þ_½Ò¹ä_Q4_00052.JPG	train	train	½Ò¹ä	5	½Ò¹ä	Q4	3	1	top	210	334.8	210	334.8
top_¹ä·ù_¿øÇü¹è´Þ_½Ò¹ä_Q4_00053.JPG	train	train	½Ò¹ä	5	½Ò¹ä	Q4	3	1	top	210	334.8	210	334.8
top_¹ä·ù_¿øÇü¹è´Þ_½Ò¹ä_Q4_00054.JPG	train	train	½Ò¹ä	5	½Ò¹ä	Q4	3	1	top	210	334.8	210	334.8
side_¹ä·ù_¿øÇü¹è´Þ_½Ò¹ä_Q5_00002.JPG	train	train	½Ò¹ä	5	½Ò¹ä	Q5	4	1.25	side	210	334.8	262.5	418.5
side_¹ä·ù_¿øÇü¹è´Þ_½Ò¹ä_Q5_00003.JPG	train	train	½Ò¹ä	5	½Ò¹ä	Q5	4	1.25	side	210	334.8	262.5	418.5
side_¹ä·ù_¿øÇü¹è´Þ_½Ò¹ä_Q5_00004.JPG	train	train	½Ò¹ä	5	½Ò¹ä	Q5	4	1.25	side	210	334.8	262.5	418.5
side_¹ä·ù_¿øÇü¹è´Þ_½Ò¹ä_Q5_00005.JPG	train	train	½Ò¹ä	5	½Ò¹ä	Q5	4	1.25	side	210	334.8	262.5	418.5
side_¹ä·ù_¿øÇü¹è´Þ_½Ò¹ä_Q5_00007.JPG	train	train	½Ò¹ä	5	½Ò¹ä	Q5	4	1.25	side	210	334.8	262.5	418.5
side_¹ä·ù_¿øÇü¹è´Þ_½Ò¹ä_Q5_00008.JPG	train	train	½Ò¹ä	5	½Ò¹ä	Q5	4	1.25	side	210	334.8	262.5	418.5
side_¹ä·ù_¿øÇü¹è´Þ_½Ò¹ä_Q5_00009.JPG	train	train	½Ò¹ä	5	½Ò¹ä	Q5	4	1.25	side	210	334.8	262.5	418.5
side_¹ä·ù_¿øÇü¹è´Þ_½Ò¹ä_Q5_00010.JPG	train	train	½Ò¹ä	5	½Ò¹ä	Q5	4	1.25	side	210	334.8	262.5	418.5
side_¹ä·ù_¿øÇü¹è´Þ_½Ò¹ä_Q5_00011.JPG	train	train	½Ò¹ä	5	½Ò¹ä	Q5	4	1.25	side	210	334.8	262.5	418.5
side_¹ä·ù_¿øÇü¹è´Þ_½Ò¹ä_Q5_00013.JPG	train	train	½Ò¹ä	5	½Ò¹ä	Q5	4	1.25	side	210	334.8	262.5	418.5
side_¹ä·ù_¿øÇü¹è´Þ_½Ò¹ä_Q5_00014.JPG	train	train	½Ò¹ä	5	½Ò¹ä	Q5	4	1.25	side	210	334.8	262.5	418.5
side_¹ä·ù_¿øÇü¹è´Þ_½Ò¹ä_Q5_00017.JPG	train	train	½Ò¹ä	5	½Ò¹ä	Q5	4	1.25	side	210	334.8	262.5	418.5
side_¹ä·ù_¿øÇü¹è´Þ_½Ò¹ä_Q5_00018.JPG	train	train	½Ò¹ä	5	½Ò¹ä	Q5	4	1.25	side	210	334.8	262.5	418.5
side_¹ä·ù_¿øÇü¹è´Þ_½Ò¹ä_Q5_00019.JPG	train	train	½Ò¹ä	5	½Ò¹ä	Q5	4	1.25	side	210	334.8	262.5	418.5
side_¹ä·ù_¿øÇü¹è´Þ_½Ò¹ä_Q5_00020.JPG	train	train	½Ò¹ä	5	½Ò¹ä	Q5	4	1.25	side	210	334.8	262.5	418.5
side_¹ä·ù_¿øÇü¹è´Þ_½Ò¹ä_Q5_00021.JPG	train	train	½Ò¹ä	5	½Ò¹ä	Q5	4	1.25	side	210	334.8	262.5	418.5
side_¹ä·ù_¿øÇü¹è´Þ_½Ò¹ä_Q5_00022.JPG	train	train	½Ò¹ä	5	½Ò¹ä	Q5	4	1.25	side	210	334.8	262.5	418.5
side_¹ä·ù_¿øÇü¹è´Þ_½Ò¹ä_Q5_00024.JPG	train	train	½Ò¹ä	5	½Ò¹ä	Q5	4	1.25	side	210	334.8	262.5	418.5
side_¹ä·ù_¿øÇü¹è´Þ_½Ò¹ä_Q5_00025.JPG	train	train	½Ò¹ä	5	½Ò¹ä	Q5	4	1.25	side	210	334.8	262.5	418.5
side_¹ä·ù_¿øÇü¹è´Þ_½Ò¹ä_Q5_00026.JPG	train	train	½Ò¹ä	5	½Ò¹ä	Q5	4	1.25	side	210	334.8	262.5	418.5
side_¹ä·ù_¿øÇü¹è´Þ_½Ò¹ä_Q5_00027.JPG	train	train	½Ò¹ä	5	½Ò¹ä	Q5	4	1.25	side	210	334.8	262.5	418.5
side_¹ä·ù_¿øÇü¹è´Þ_½Ò¹ä_Q5_00028.JPG	train	train	½Ò¹ä	5	½Ò¹ä	Q5	4	1.25	side	210	334.8	262.5	418.5
side_¹ä·ù_¿øÇü¹è´Þ_½Ò¹ä_Q5_00030.JPG	train	train	½Ò¹ä	5	½Ò¹ä	Q5	4	1.25	side	210	334.8	262.5	418.5
side_¹ä·ù_¿øÇü¹è´Þ_½Ò¹ä_Q5_00031.JPG	train	train	½Ò¹ä	5	½Ò¹ä	Q5	4	1.25	side	210	334.8	262.5	418.5
side_¹ä·ù_¿øÇü¹è´Þ_½Ò¹ä_Q5_00032.JPG	train	train	½Ò¹ä	5	½Ò¹ä	Q5	4	1.25	side	210	334.8	262.5	418.5
side_¹ä·ù_¿øÇü¹è´Þ_½Ò¹ä_Q5_00033.JPG	train	train	½Ò¹ä	5	½Ò¹ä	Q5	4	1.25	side	210	334.8	262.5	418.5
side_¹ä·ù_¿øÇü¹è´Þ_½Ò¹ä_Q5_00034.JPG	train	train	½Ò¹ä	5	½Ò¹ä	Q5	4	1.25	side	210	334.8	262.5	418.5
side_¹ä·ù_¿øÇü¹è´Þ_½Ò¹ä_Q5_00035.JPG	train	train	½Ò¹ä	5	½Ò¹ä	Q5	4	1.25	side	210	334.8	262.5	418.5
side_¹ä·ù_¿øÇü¹è´Þ_½Ò¹ä_Q5_00036.JPG	train	train	½Ò¹ä	5	½Ò¹ä	Q5	4	1.25	side	210	334.8	262.5	418.5
side_¹ä·ù_¿øÇü¹è´Þ_½Ò¹ä_Q5_00037.JPG	train	train	½Ò¹ä	5	½Ò¹ä	Q5	4	1.25	side	210	334.8	262.5	418.5
side_¹ä·ù_¿øÇü¹è´Þ_½Ò¹ä_Q5_00038.JPG	train	train	½Ò¹ä	5	½Ò¹ä	Q5	4	1.25	side	210	334.8	262.5	418.5
side_¹ä·ù_¿øÇü¹è´Þ_½Ò¹ä_Q5_00040.JPG	train	train	½Ò¹ä	5	½Ò¹ä	Q5	4	1.25	side	210	334.8	262.5	418.5
side_¹ä·ù_¿øÇü¹è´Þ_½Ò¹ä_Q5_00041.JPG	train	train	½Ò¹ä	5	½Ò¹ä	Q5	4	1.25	side	210	334.8	262.5	418.5
side_¹ä·ù_¿øÇü¹è´Þ_½Ò¹ä_Q5_00042.JPG	train	train	½Ò¹ä	5	½Ò¹ä	Q5	4	1.25	side	210	334.8	262.5	418.5
side_¹ä·ù_¿øÇü¹è´Þ_½Ò¹ä_Q5_00043.JPG	train	train	½Ò¹ä	5	½Ò¹ä	Q5	4	1.25	side	210	334.8	262.5	418.5
side_¹ä·ù_¿øÇü¹è´Þ_½Ò¹ä_Q5_00044.JPG	train	train	½Ò¹ä	5	½Ò¹ä	Q5	4	1.25	side	210	334.8	262.5	418.5
side_¹ä·ù_¿øÇü¹è´Þ_½Ò¹ä_Q5_00045.JPG	train	train	½Ò¹ä	5	½Ò¹ä	Q5	4	1.25	side	210	334.8	262.5	418.5
side_¹ä·ù_¿øÇü¹è´Þ_½Ò¹ä_Q5_00046.JPG	train	train	½Ò¹ä	5	½Ò¹ä	Q5	4	1.25	side	210	334.8	262.5	418.5
side_¹ä·ù_¿øÇü¹è´Þ_½Ò¹ä_Q5_00047.JPG	train	train	½Ò¹ä	5	½Ò¹ä	Q5	4	1.25	side	210	334.8	262.5	418.5
side_¹ä·ù_¿øÇü¹è´Þ_½Ò¹ä_Q5_00048.JPG	train	train	½Ò¹ä	5	½Ò¹ä	Q5	4	1.25	side	210	334.8	262.5	418.5
side_¹ä·ù_¿øÇü¹è´Þ_½Ò¹ä_Q5_00049.JPG	train	train	½Ò¹ä	5	½Ò¹ä	Q5	4	1.25	side	210	334.8	262.5	418.5
side_¹ä·ù_¿øÇü¹è´Þ_½Ò¹ä_Q5_00050.JPG	train	train	½Ò¹ä	5	½Ò¹ä	Q5	4	1.25	side	210	334.8	262.5	418.5
side_¹ä·ù_¿øÇü¹è´Þ_½Ò¹ä_Q5_00051.JPG	train	train	½Ò¹ä	5	½Ò¹ä	Q5	4	1.25	side	210	334.8	262.5	418.5
side_¹ä·ù_¿øÇü¹è´Þ_½Ò¹ä_Q5_00052.JPG	train	train	½Ò¹ä	5	½Ò¹ä	Q5	4	1.25	side	210	334.8	262.5	418.5
side_¹ä·ù_¿øÇü¹è´Þ_½Ò¹ä_Q5_00053.JPG	train	train	½Ò¹ä	5	½Ò¹ä	Q5	4	1.25	side	210	334.8	262.5	418.5
side_¹ä·ù_¿øÇü¹è´Þ_½Ò¹ä_Q5_00054.JPG	train	train	½Ò¹ä	5	½Ò¹ä	Q5	4	1.25	side	210	334.8	262.5	418.5
top_¹ä·ù_¿øÇü¹è´Þ_½Ò¹ä_Q5_00001.JPG	train	train	½Ò¹ä	5	½Ò¹ä	Q5	4	1.25	top	210	334.8	262.5	418.5
top_¹ä·ù_¿øÇü¹è´Þ_½Ò¹ä_Q5_00002.JPG	train	train	½Ò¹ä	5	½Ò¹ä	Q5	4	1.25	top	210	334.8	262.5	418.5
top_¹ä·ù_¿øÇü¹è´Þ_½Ò¹ä_Q5_00003.JPG	train	train	½Ò¹ä	5	½Ò¹ä	Q5	4	1.25	top	210	334.8	262.5	418.5
top_¹ä·ù_¿øÇü¹è´Þ_½Ò¹ä_Q5_00005.JPG	train	train	½Ò¹ä	5	½Ò¹ä	Q5	4	1.25	top	210	334.8	262.5	418.5
top_¹ä·ù_¿øÇü¹è´Þ_½Ò¹ä_Q5_00006.JPG	train	train	½Ò¹ä	5	½Ò¹ä	Q5	4	1.25	top	210	334.8	262.5	418.5
top_¹ä·ù_¿øÇü¹è´Þ_½Ò¹ä_Q5_00007.JPG	train	train	½Ò¹ä	5	½Ò¹ä	Q5	4	1.25	top	210	334.8	262.5	418.5
top_¹ä·ù_¿øÇü¹è´Þ_½Ò¹ä_Q5_00008.JPG	train	train	½Ò¹ä	5	½Ò¹ä	Q5	4	1.25	top	210	334.8	262.5	418.5
top_¹ä·ù_¿øÇü¹è´Þ_½Ò¹ä_Q5_00009.JPG	train	train	½Ò¹ä	5	½Ò¹ä	Q5	4	1.25	top	210	334.8	262.5	418.5
top_¹ä·ù_¿øÇü¹è´Þ_½Ò¹ä_Q5_00012.JPG	train	train	½Ò¹ä	5	½Ò¹ä	Q5	4	1.25	top	210	334.8	262.5	418.5
top_¹ä·ù_¿øÇü¹è´Þ_½Ò¹ä_Q5_00014.JPG	train	train	½Ò¹ä	5	½Ò¹ä	Q5	4	1.25	top	210	334.8	262.5	418.5
top_¹ä·ù_¿øÇü¹è´Þ_½Ò¹ä_Q5_00016.JPG	train	train	½Ò¹ä	5	½Ò¹ä	Q5	4	1.25	top	210	334.8	262.5	418.5
top_¹ä·ù_¿øÇü¹è´Þ_½Ò¹ä_Q5_00018.JPG	train	train	½Ò¹ä	5	½Ò¹ä	Q5	4	1.25	top	210	334.8	262.5	418.5
top_¹ä·ù_¿øÇü¹è´Þ_½Ò¹ä_Q5_00019.JPG	train	train	½Ò¹ä	5	½Ò¹ä	Q5	4	1.25	top	210	334.8	262.5	418.5
top_¹ä·ù_¿øÇü¹è´Þ_½Ò¹ä_Q5_00020.JPG	train	train	½Ò¹ä	5	½Ò¹ä	Q5	4	1.25	top	210	334.8	262.5	418.5
top_¹ä·ù_¿øÇü¹è´Þ_½Ò¹ä_Q5_00021.JPG	train	train	½Ò¹ä	5	½Ò¹ä	Q5	4	1.25	top	210	334.8	262.5	418.5
top_¹ä·ù_¿øÇü¹è´Þ_½Ò¹ä_Q5_00022.JPG	train	train	½Ò¹ä	5	½Ò¹ä	Q5	4	1.25	top	210	334.8	262.5	418.5
top_¹ä·ù_¿øÇü¹è´Þ_½Ò¹ä_Q5_00026.JPG	train	train	½Ò¹ä	5	½Ò¹ä	Q5	4	1.25	top	210	334.8	262.5	418.5
top_¹ä·ù_¿øÇü¹è´Þ_½Ò¹ä_Q5_00027.JPG	train	train	½Ò¹ä	5	½Ò¹ä	Q5	4	1.25	top	210	334.8	262.5	418.5
top_¹ä·ù_¿øÇü¹è´Þ_½Ò¹ä_Q5_00028.JPG	train	train	½Ò¹ä	5	½Ò¹ä	Q5	4	1.25	top	210	334.8	262.5	418.5
top_¹ä·ù_¿øÇü¹è´Þ_½Ò¹ä_Q5_00029.JPG	train	train	½Ò¹ä	5	½Ò¹ä	Q5	4	1.25	top	210	334.8	262.5	418.5
top_¹ä·ù_¿øÇü¹è´Þ_½Ò¹ä_Q5_00030.JPG	train	train	½Ò¹ä	5	½Ò¹ä	Q5	4	1.25	top	210	334.8	262.5	418.5
top_¹ä·ù_¿øÇü¹è´Þ_½Ò¹ä_Q5_00031.JPG	train	train	½Ò¹ä	5	½Ò¹ä	Q5	4	1.25	top	210	334.8	262.5	418.5
top_¹ä·ù_¿øÇü¹è´Þ_½Ò¹ä_Q5_00032.JPG	train	train	½Ò¹ä	5	½Ò¹ä	Q5	4	1.25	top	210	334.8	262.5	418.5
top_¹ä·ù_¿øÇü¹è´Þ_½Ò¹ä_Q5_00033.JPG	train	train	½Ò¹ä	5	½Ò¹ä	Q5	4	1.25	top	210	334.8	262.5	418.5
top_¹ä·ù_¿øÇü¹è´Þ_½Ò¹ä_Q5_00034.JPG	train	train	½Ò¹ä	5	½Ò¹ä	Q5	4	1.25	top	210	334.8	262.5	418.5
top_¹ä·ù_¿øÇü¹è´Þ_½Ò¹ä_Q5_00035.JPG	train	train	½Ò¹ä	5	½Ò¹ä	Q5	4	1.25	top	210	334.8	262.5	418.5
top_¹ä·ù_¿øÇü¹è´Þ_½Ò¹ä_Q5_00036.JPG	train	train	½Ò¹ä	5	½Ò¹ä	Q5	4	1.25	top	210	334.8	262.5	418.5
top_¹ä·ù_¿øÇü¹è´Þ_½Ò¹ä_Q5_00037.JPG	train	train	½Ò¹ä	5	½Ò¹ä	Q5	4	1.25	top	210	334.8	262.5	418.5
top_¹ä·ù_¿øÇü¹è´Þ_½Ò¹ä_Q5_00039.JPG	train	train	½Ò¹ä	5	½Ò¹ä	Q5	4	1.25	top	210	334.8	262.5	418.5
top_¹ä·ù_¿øÇü¹è´Þ_½Ò¹ä_Q5_00040.JPG	train	train	½Ò¹ä	5	½Ò¹ä	Q5	4	1.25	top	210	334.8	262.5	418.5
top_¹ä·ù_¿øÇü¹è´Þ_½Ò¹ä_Q5_00041.JPG	train	train	½Ò¹ä	5	½Ò¹ä	Q5	4	1.25	top	210	334.8	262.5	418.5
top_¹ä·ù_¿øÇü¹è´Þ_½Ò¹ä_Q5_00042.JPG	train	train	½Ò¹ä	5	½Ò¹ä	Q5	4	1.25	top	210	334.8	262.5	418.5
top_¹ä·ù_¿øÇü¹è´Þ_½Ò¹ä_Q5_00043.JPG	train	train	½Ò¹ä	5	½Ò¹ä	Q5	4	1.25	top	210	334.8	262.5	418.5
top_¹ä·ù_¿øÇü¹è´Þ_½Ò¹ä_Q5_00044.JPG	train	train	½Ò¹ä	5	½Ò¹ä	Q5	4	1.25	top	210	334.8	262.5	418.5
top_¹ä·ù_¿øÇü¹è´Þ_½Ò¹ä_Q5_00046.JPG	train	train	½Ò¹ä	5	½Ò¹ä	Q5	4	1.25	top	210	334.8	262.5	418.5
top_¹ä·ù_¿øÇü¹è´Þ_½Ò¹ä_Q5_00047.JPG	train	train	½Ò¹ä	5	½Ò¹ä	Q5	4	1.25	top	210	334.8	262.5	418.5
top_¹ä·ù_¿øÇü¹è´Þ_½Ò¹ä_Q5_00048.JPG	train	train	½Ò¹ä	5	½Ò¹ä	Q5	4	1.25	top	210	334.8	262.5	418.5
top_¹ä·ù_¿øÇü¹è´Þ_½Ò¹ä_Q5_00049.JPG	train	train	½Ò¹ä	5	½Ò¹ä	Q5	4	1.25	top	210	334.8	262.5	418.5
top_¹ä·ù_¿øÇü¹è´Þ_½Ò¹ä_Q5_00052.JPG	train	train	½Ò¹ä	5	½Ò¹ä	Q5	4	1.25	top	210	334.8	262.5	418.5
top_¹ä·ù_¿øÇü¹è´Þ_½Ò¹ä_Q5_00053.JPG	train	train	½Ò¹ä	5	½Ò¹ä	Q5	4	1.25	top	210	334.8	262.5	418.5
side_µ¹¼Ü¹ä·ù_µ¹¼Ü_¾Ë¹ä_Q1_00001.JPG	train	train	¾Ë¹ä	6	¾Ë¹ä	Q1	0	0.25	side	400	606.54	100	151.63
side_µ¹¼Ü¹ä·ù_µ¹¼Ü_¾Ë¹ä_Q1_00002.JPG	train	train	¾Ë¹ä	6	¾Ë¹ä	Q1	0	0.25	side	400	606.54	100	151.63
side_µ¹¼Ü¹ä·ù_µ¹¼Ü_¾Ë¹ä_Q1_00003.JPG	train	train	¾Ë¹ä	6	¾Ë¹ä	Q1	0	0.25	side	400	606.54	100	151.63
side_µ¹¼Ü¹ä·ù_µ¹¼Ü_¾Ë¹ä_Q1_00004.JPG	train	train	¾Ë¹ä	6	¾Ë¹ä	Q1	0	0.25	side	400	606.54	100	151.63
side_µ¹¼Ü¹ä·ù_µ¹¼Ü_¾Ë¹ä_Q1_00005.JPG	train	train	¾Ë¹ä	6	¾Ë¹ä	Q1	0	0.25	side	400	606.54	100	151.63
side_µ¹¼Ü¹ä·ù_µ¹¼Ü_¾Ë¹ä_Q1_00006.JPG	train	train	¾Ë¹ä	6	¾Ë¹ä	Q1	0	0.25	side	400	606.54	100	151.63
side_µ¹¼Ü¹ä·ù_µ¹¼Ü_¾Ë¹ä_Q1_00007.JPG	train	train	¾Ë¹ä	6	¾Ë¹ä	Q1	0	0.25	side	400	606.54	100	151.63
side_µ¹¼Ü¹ä·ù_µ¹¼Ü_¾Ë¹ä_Q1_00008.JPG	train	train	¾Ë¹ä	6	¾Ë¹ä	Q1	0	0.25	side	400	606.54	100	151.63
side_µ¹¼Ü¹ä·ù_µ¹¼Ü_¾Ë¹ä_Q1_00009.JPG	train	train	¾Ë¹ä	6	¾Ë¹ä	Q1	0	0.25	side	400	606.54	100	151.63
side_µ¹¼Ü¹ä·ù_µ¹¼Ü_¾Ë¹ä_Q1_00010.JPG	train	train	¾Ë¹ä	6	¾Ë¹ä	Q1	0	0.25	side	400	606.54	100	151.63
side_µ¹¼Ü¹ä·ù_µ¹¼Ü_¾Ë¹ä_Q1_00011.JPG	train	train	¾Ë¹ä	6	¾Ë¹ä	Q1	0	0.25	side	400	606.54	100	151.63
side_µ¹¼Ü¹ä·ù_µ¹¼Ü_¾Ë¹ä_Q1_00012.JPG	train	train	¾Ë¹ä	6	¾Ë¹ä	Q1	0	0.25	side	400	606.54	100	151.63
side_µ¹¼Ü¹ä·ù_µ¹¼Ü_¾Ë¹ä_Q1_00013.JPG	train	train	¾Ë¹ä	6	¾Ë¹ä	Q1	0	0.25	side	400	606.54	100	151.63
side_µ¹¼Ü¹ä·ù_µ¹¼Ü_¾Ë¹ä_Q1_00014.JPG	train	train	¾Ë¹ä	6	¾Ë¹ä	Q1	0	0.25	side	400	606.54	100	151.63
side_µ¹¼Ü¹ä·ù_µ¹¼Ü_¾Ë¹ä_Q1_00016.JPG	train	train	¾Ë¹ä	6	¾Ë¹ä	Q1	0	0.25	side	400	606.54	100	151.63
side_µ¹¼Ü¹ä·ù_µ¹¼Ü_¾Ë¹ä_Q1_00017.JPG	train	train	¾Ë¹ä	6	¾Ë¹ä	Q1	0	0.25	side	400	606.54	100	151.63
side_µ¹¼Ü¹ä·ù_µ¹¼Ü_¾Ë¹ä_Q1_00020.JPG	train	train	¾Ë¹ä	6	¾Ë¹ä	Q1	0	0.25	side	400	606.54	100	151.63
side_µ¹¼Ü¹ä·ù_µ¹¼Ü_¾Ë¹ä_Q1_00021.JPG	train	train	¾Ë¹ä	6	¾Ë¹ä	Q1	0	0.25	side	400	606.54	100	151.63
side_µ¹¼Ü¹ä·ù_µ¹¼Ü_¾Ë¹ä_Q1_00026.JPG	train	train	¾Ë¹ä	6	¾Ë¹ä	Q1	0	0.25	side	400	606.54	100	151.63
side_µ¹¼Ü¹ä·ù_µ¹¼Ü_¾Ë¹ä_Q1_00027.JPG	train	train	¾Ë¹ä	6	¾Ë¹ä	Q1	0	0.25	side	400	606.54	100	151.63
side_µ¹¼Ü¹ä·ù_µ¹¼Ü_¾Ë¹ä_Q1_00030.JPG	train	train	¾Ë¹ä	6	¾Ë¹ä	Q1	0	0.25	side	400	606.54	100	151.63
side_µ¹¼Ü¹ä·ù_µ¹¼Ü_¾Ë¹ä_Q1_00031.JPG	train	train	¾Ë¹ä	6	¾Ë¹ä	Q1	0	0.25	side	400	606.54	100	151.63
side_µ¹¼Ü¹ä·ù_µ¹¼Ü_¾Ë¹ä_Q1_00032.JPG	train	train	¾Ë¹ä	6	¾Ë¹ä	Q1	0	0.25	side	400	606.54	100	151.63
side_µ¹¼Ü¹ä·ù_µ¹¼Ü_¾Ë¹ä_Q1_00033.JPG	train	train	¾Ë¹ä	6	¾Ë¹ä	Q1	0	0.25	side	400	606.54	100	151.63
side_µ¹¼Ü¹ä·ù_µ¹¼Ü_¾Ë¹ä_Q1_00035.JPG	train	train	¾Ë¹ä	6	¾Ë¹ä	Q1	0	0.25	side	400	606.54	100	151.63
side_µ¹¼Ü¹ä·ù_µ¹¼Ü_¾Ë¹ä_Q1_00036.JPG	train	train	¾Ë¹ä	6	¾Ë¹ä	Q1	0	0.25	side	400	606.54	100	151.63
side_µ¹¼Ü¹ä·ù_µ¹¼Ü_¾Ë¹ä_Q1_00037.JPG	train	train	¾Ë¹ä	6	¾Ë¹ä	Q1	0	0.25	side	400	606.54	100	151.63
side_µ¹¼Ü¹ä·ù_µ¹¼Ü_¾Ë¹ä_Q1_00038.JPG	train	train	¾Ë¹ä	6	¾Ë¹ä	Q1	0	0.25	side	400	606.54	100	151.63
side_µ¹¼Ü¹ä·ù_µ¹¼Ü_¾Ë¹ä_Q1_00040.JPG	train	train	¾Ë¹ä	6	¾Ë¹ä	Q1	0	0.25	side	400	606.54	100	151.63
side_µ¹¼Ü¹ä·ù_µ¹¼Ü_¾Ë¹ä_Q1_00041.JPG	train	train	¾Ë¹ä	6	¾Ë¹ä	Q1	0	0.25	side	400	606.54	100	151.63
side_µ¹¼Ü¹ä·ù_µ¹¼Ü_¾Ë¹ä_Q1_00042.JPG	train	train	¾Ë¹ä	6	¾Ë¹ä	Q1	0	0.25	side	400	606.54	100	151.63
side_µ¹¼Ü¹ä·ù_µ¹¼Ü_¾Ë¹ä_Q1_00043.JPG	train	train	¾Ë¹ä	6	¾Ë¹ä	Q1	0	0.25	side	400	606.54	100	151.63
side_µ¹¼Ü¹ä·ù_µ¹¼Ü_¾Ë¹ä_Q1_00044.JPG	train	train	¾Ë¹ä	6	¾Ë¹ä	Q1	0	0.25	side	400	606.54	100	151.63
side_µ¹¼Ü¹ä·ù_µ¹¼Ü_¾Ë¹ä_Q1_00045.JPG	train	train	¾Ë¹ä	6	¾Ë¹ä	Q1	0	0.25	side	400	606.54	100	151.63
side_µ¹¼Ü¹ä·ù_µ¹¼Ü_¾Ë¹ä_Q1_00047.JPG	train	train	¾Ë¹ä	6	¾Ë¹ä	Q1	0	0.25	side	400	606.54	100	151.63
side_µ¹¼Ü¹ä·ù_µ¹¼Ü_¾Ë¹ä_Q1_00048.JPG	train	train	¾Ë¹ä	6	¾Ë¹ä	Q1	0	0.25	side	400	606.54	100	151.63
side_µ¹¼Ü¹ä·ù_µ¹¼Ü_¾Ë¹ä_Q1_00051.JPG	train	train	¾Ë¹ä	6	¾Ë¹ä	Q1	0	0.25	side	400	606.54	100	151.63
side_µ¹¼Ü¹ä·ù_µ¹¼Ü_¾Ë¹ä_Q1_00052.JPG	train	train	¾Ë¹ä	6	¾Ë¹ä	Q1	0	0.25	side	400	606.54	100	151.63
side_µ¹¼Ü¹ä·ù_µ¹¼Ü_¾Ë¹ä_Q1_00054.JPG	train	train	¾Ë¹ä	6	¾Ë¹ä	Q1	0	0.25	side	400	606.54	100	151.63
top_µ¹¼Ü¹ä·ù_µ¹¼Ü_¾Ë¹ä_Q1_00001.JPG	train	train	¾Ë¹ä	6	¾Ë¹ä	Q1	0	0.25	top	400	606.54	100	151.63
top_µ¹¼Ü¹ä·ù_µ¹¼Ü_¾Ë¹ä_Q1_00002.JPG	train	train	¾Ë¹ä	6	¾Ë¹ä	Q1	0	0.25	top	400	606.54	100	151.63
top_µ¹¼Ü¹ä·ù_µ¹¼Ü_¾Ë¹ä_Q1_00003.JPG	train	train	¾Ë¹ä	6	¾Ë¹ä	Q1	0	0.25	top	400	606.54	100	151.63
top_µ¹¼Ü¹ä·ù_µ¹¼Ü_¾Ë¹ä_Q1_00004.JPG	train	train	¾Ë¹ä	6	¾Ë¹ä	Q1	0	0.25	top	400	606.54	100	151.63
top_µ¹¼Ü¹ä·ù_µ¹¼Ü_¾Ë¹ä_Q1_00005.JPG	train	train	¾Ë¹ä	6	¾Ë¹ä	Q1	0	0.25	top	400	606.54	100	151.63
top_µ¹¼Ü¹ä·ù_µ¹¼Ü_¾Ë¹ä_Q1_00006.JPG	train	train	¾Ë¹ä	6	¾Ë¹ä	Q1	0	0.25	top	400	606.54	100	151.63
top_µ¹¼Ü¹ä·ù_µ¹¼Ü_¾Ë¹ä_Q1_00007.JPG	train	train	¾Ë¹ä	6	¾Ë¹ä	Q1	0	0.25	top	400	606.54	100	151.63
top_µ¹¼Ü¹ä·ù_µ¹¼Ü_¾Ë¹ä_Q1_00009.JPG	train	train	¾Ë¹ä	6	¾Ë¹ä	Q1	0	0.25	top	400	606.54	100	151.63
top_µ¹¼Ü¹ä·ù_µ¹¼Ü_¾Ë¹ä_Q1_00010.JPG	train	train	¾Ë¹ä	6	¾Ë¹ä	Q1	0	0.25	top	400	606.54	100	151.63
top_µ¹¼Ü¹ä·ù_µ¹¼Ü_¾Ë¹ä_Q1_00011.JPG	train	train	¾Ë¹ä	6	¾Ë¹ä	Q1	0	0.25	top	400	606.54	100	151.63
top_µ¹¼Ü¹ä·ù_µ¹¼Ü_¾Ë¹ä_Q1_00013.JPG	train	train	¾Ë¹ä	6	¾Ë¹ä	Q1	0	0.25	top	400	606.54	100	151.63
top_µ¹¼Ü¹ä·ù_µ¹¼Ü_¾Ë¹ä_Q1_00014.JPG	train	train	¾Ë¹ä	6	¾Ë¹ä	Q1	0	0.25	top	400	606.54	100	151.63
top_µ¹¼Ü¹ä·ù_µ¹¼Ü_¾Ë¹ä_Q1_00015.JPG	train	train	¾Ë¹ä	6	¾Ë¹ä	Q1	0	0.25	top	400	606.54	100	151.63
top_µ¹¼Ü¹ä·ù_µ¹¼Ü_¾Ë¹ä_Q1_00016.JPG	train	train	¾Ë¹ä	6	¾Ë¹ä	Q1	0	0.25	top	400	606.54	100	151.63
top_µ¹¼Ü¹ä·ù_µ¹¼Ü_¾Ë¹ä_Q1_00017.JPG	train	train	¾Ë¹ä	6	¾Ë¹ä	Q1	0	0.25	top	400	606.54	100	151.63
top_µ¹¼Ü¹ä·ù_µ¹¼Ü_¾Ë¹ä_Q1_00018.JPG	train	train	¾Ë¹ä	6	¾Ë¹ä	Q1	0	0.25	top	400	606.54	100	151.63
top_µ¹¼Ü¹ä·ù_µ¹¼Ü_¾Ë¹ä_Q1_00019.JPG	train	train	¾Ë¹ä	6	¾Ë¹ä	Q1	0	0.25	top	400	606.54	100	151.63
top_µ¹¼Ü¹ä·ù_µ¹¼Ü_¾Ë¹ä_Q1_00021.JPG	train	train	¾Ë¹ä	6	¾Ë¹ä	Q1	0	0.25	top	400	606.54	100	151.63
top_µ¹¼Ü¹ä·ù_µ¹¼Ü_¾Ë¹ä_Q1_00022.JPG	train	train	¾Ë¹ä	6	¾Ë¹ä	Q1	0	0.25	top	400	606.54	100	151.63
top_µ¹¼Ü¹ä·ù_µ¹¼Ü_¾Ë¹ä_Q1_00023.JPG	train	train	¾Ë¹ä	6	¾Ë¹ä	Q1	0	0.25	top	400	606.54	100	151.63
top_µ¹¼Ü¹ä·ù_µ¹¼Ü_¾Ë¹ä_Q1_00024.JPG	train	train	¾Ë¹ä	6	¾Ë¹ä	Q1	0	0.25	top	400	606.54	100	151.63
top_µ¹¼Ü¹ä·ù_µ¹¼Ü_¾Ë¹ä_Q1_00025.JPG	train	train	¾Ë¹ä	6	¾Ë¹ä	Q1	0	0.25	top	400	606.54	100	151.63
top_µ¹¼Ü¹ä·ù_µ¹¼Ü_¾Ë¹ä_Q1_00026.JPG	train	train	¾Ë¹ä	6	¾Ë¹ä	Q1	0	0.25	top	400	606.54	100	151.63
top_µ¹¼Ü¹ä·ù_µ¹¼Ü_¾Ë¹ä_Q1_00027.JPG	train	train	¾Ë¹ä	6	¾Ë¹ä	Q1	0	0.25	top	400	606.54	100	151.63
top_µ¹¼Ü¹ä·ù_µ¹¼Ü_¾Ë¹ä_Q1_00028.JPG	train	train	¾Ë¹ä	6	¾Ë¹ä	Q1	0	0.25	top	400	606.54	100	151.63
top_µ¹¼Ü¹ä·ù_µ¹¼Ü_¾Ë¹ä_Q1_00029.JPG	train	train	¾Ë¹ä	6	¾Ë¹ä	Q1	0	0.25	top	400	606.54	100	151.63
top_µ¹¼Ü¹ä·ù_µ¹¼Ü_¾Ë¹ä_Q1_00030.JPG	train	train	¾Ë¹ä	6	¾Ë¹ä	Q1	0	0.25	top	400	606.54	100	151.63
top_µ¹¼Ü¹ä·ù_µ¹¼Ü_¾Ë¹ä_Q1_00032.JPG	train	train	¾Ë¹ä	6	¾Ë¹ä	Q1	0	0.25	top	400	606.54	100	151.63
top_µ¹¼Ü¹ä·ù_µ¹¼Ü_¾Ë¹ä_Q1_00034.JPG	train	train	¾Ë¹ä	6	¾Ë¹ä	Q1	0	0.25	top	400	606.54	100	151.63
top_µ¹¼Ü¹ä·ù_µ¹¼Ü_¾Ë¹ä_Q1_00035.JPG	train	train	¾Ë¹ä	6	¾Ë¹ä	Q1	0	0.25	top	400	606.54	100	151.63
top_µ¹¼Ü¹ä·ù_µ¹¼Ü_¾Ë¹ä_Q1_00036.JPG	train	train	¾Ë¹ä	6	¾Ë¹ä	Q1	0	0.25	top	400	606.54	100	151.63
top_µ¹¼Ü¹ä·ù_µ¹¼Ü_¾Ë¹ä_Q1_00037.JPG	train	train	¾Ë¹ä	6	¾Ë¹ä	Q1	0	0.25	top	400	606.54	100	151.63
top_µ¹¼Ü¹ä·ù_µ¹¼Ü_¾Ë¹ä_Q1_00038.JPG	train	train	¾Ë¹ä	6	¾Ë¹ä	Q1	0	0.25	top	400	606.54	100	151.63
top_µ¹¼Ü¹ä·ù_µ¹¼Ü_¾Ë¹ä_Q1_00039.JPG	train	train	¾Ë¹ä	6	¾Ë¹ä	Q1	0	0.25	top	400	606.54	100	151.63
top_µ¹¼Ü¹ä·ù_µ¹¼Ü_¾Ë¹ä_Q1_00040.JPG	train	train	¾Ë¹ä	6	¾Ë¹ä	Q1	0	0.25	top	400	606.54	100	151.63
top_µ¹¼Ü¹ä·ù_µ¹¼Ü_¾Ë¹ä_Q1_00041.JPG	train	train	¾Ë¹ä	6	¾Ë¹ä	Q1	0	0.25	top	400	606.54	100	151.63
top_µ¹¼Ü¹ä·ù_µ¹¼Ü_¾Ë¹ä_Q1_00042.JPG	train	train	¾Ë¹ä	6	¾Ë¹ä	Q1	0	0.25	top	400	606.54	100	151.63
top_µ¹¼Ü¹ä·ù_µ¹¼Ü_¾Ë¹ä_Q1_00043.JPG	train	train	¾Ë¹ä	6	¾Ë¹ä	Q1	0	0.25	top	400	606.54	100	151.63
top_µ¹¼Ü¹ä·ù_µ¹¼Ü_¾Ë¹ä_Q1_00044.JPG	train	train	¾Ë¹ä	6	¾Ë¹ä	Q1	0	0.25	top	400	606.54	100	151.63
top_µ¹¼Ü¹ä·ù_µ¹¼Ü_¾Ë¹ä_Q1_00045.JPG	train	train	¾Ë¹ä	6	¾Ë¹ä	Q1	0	0.25	top	400	606.54	100	151.63
top_µ¹¼Ü¹ä·ù_µ¹¼Ü_¾Ë¹ä_Q1_00046.JPG	train	train	¾Ë¹ä	6	¾Ë¹ä	Q1	0	0.25	top	400	606.54	100	151.63
top_µ¹¼Ü¹ä·ù_µ¹¼Ü_¾Ë¹ä_Q1_00047.JPG	train	train	¾Ë¹ä	6	¾Ë¹ä	Q1	0	0.25	top	400	606.54	100	151.63
top_µ¹¼Ü¹ä·ù_µ¹¼Ü_¾Ë¹ä_Q1_00048.JPG	train	train	¾Ë¹ä	6	¾Ë¹ä	Q1	0	0.25	top	400	606.54	100	151.63
top_µ¹¼Ü¹ä·ù_µ¹¼Ü_¾Ë¹ä_Q1_00049.JPG	train	train	¾Ë¹ä	6	¾Ë¹ä	Q1	0	0.25	top	400	606.54	100	151.63
top_µ¹¼Ü¹ä·ù_µ¹¼Ü_¾Ë¹ä_Q1_00050.JPG	train	train	¾Ë¹ä	6	¾Ë¹ä	Q1	0	0.25	top	400	606.54	100	151.63
top_µ¹¼Ü¹ä·ù_µ¹¼Ü_¾Ë¹ä_Q1_00051.JPG	train	train	¾Ë¹ä	6	¾Ë¹ä	Q1	0	0.25	top	400	606.54	100	151.63
top_µ¹¼Ü¹ä·ù_µ¹¼Ü_¾Ë¹ä_Q1_00052.JPG	train	train	¾Ë¹ä	6	¾Ë¹ä	Q1	0	0.25	top	400	606.54	100	151.63
top_µ¹¼Ü¹ä·ù_µ¹¼Ü_¾Ë¹ä_Q1_00053.JPG	train	train	¾Ë¹ä	6	¾Ë¹ä	Q1	0	0.25	top	400	606.54	100	151.63
top_µ¹¼Ü¹ä·ù_µ¹¼Ü_¾Ë¹ä_Q1_00054.JPG	train	train	¾Ë¹ä	6	¾Ë¹ä	Q1	0	0.25	top	400	606.54	100	151.63
top_µ¹¼Ü¹ä·ù_µ¹¼Ü_¾Ë¹ä_Q1_00055.JPG	train	train	¾Ë¹ä	6	¾Ë¹ä	Q1	0	0.25	top	400	606.54	100	151.63
top_µ¹¼Ü¹ä·ù_µ¹¼Ü_¾Ë¹ä_Q1_00056.JPG	train	train	¾Ë¹ä	6	¾Ë¹ä	Q1	0	0.25	top	400	606.54	100	151.63
top_µ¹¼Ü¹ä·ù_µ¹¼Ü_¾Ë¹ä_Q1_00057.JPG	train	train	¾Ë¹ä	6	¾Ë¹ä	Q1	0	0.25	top	400	606.54	100	151.63
top_µ¹¼Ü¹ä·ù_µ¹¼Ü_¾Ë¹ä_Q1_00060.JPG	train	train	¾Ë¹ä	6	¾Ë¹ä	Q1	0	0.25	top	400	606.54	100	151.63
side_µ¹¼Ü¹ä·ù_µ¹¼Ü_¾Ë¹ä_Q2_00001.JPG	train	train	¾Ë¹ä	6	¾Ë¹ä	Q2	1	0.5	side	400	606.54	200	303.27
side_µ¹¼Ü¹ä·ù_µ¹¼Ü_¾Ë¹ä_Q2_00002.JPG	train	train	¾Ë¹ä	6	¾Ë¹ä	Q2	1	0.5	side	400	606.54	200	303.27
side_µ¹¼Ü¹ä·ù_µ¹¼Ü_¾Ë¹ä_Q2_00003.JPG	train	train	¾Ë¹ä	6	¾Ë¹ä	Q2	1	0.5	side	400	606.54	200	303.27
side_µ¹¼Ü¹ä·ù_µ¹¼Ü_¾Ë¹ä_Q2_00004.JPG	train	train	¾Ë¹ä	6	¾Ë¹ä	Q2	1	0.5	side	400	606.54	200	303.27
side_µ¹¼Ü¹ä·ù_µ¹¼Ü_¾Ë¹ä_Q2_00005.JPG	train	train	¾Ë¹ä	6	¾Ë¹ä	Q2	1	0.5	side	400	606.54	200	303.27
side_µ¹¼Ü¹ä·ù_µ¹¼Ü_¾Ë¹ä_Q2_00008.JPG	train	train	¾Ë¹ä	6	¾Ë¹ä	Q2	1	0.5	side	400	606.54	200	303.27
side_µ¹¼Ü¹ä·ù_µ¹¼Ü_¾Ë¹ä_Q2_00010.JPG	train	train	¾Ë¹ä	6	¾Ë¹ä	Q2	1	0.5	side	400	606.54	200	303.27
side_µ¹¼Ü¹ä·ù_µ¹¼Ü_¾Ë¹ä_Q2_00011.JPG	train	train	¾Ë¹ä	6	¾Ë¹ä	Q2	1	0.5	side	400	606.54	200	303.27
side_µ¹¼Ü¹ä·ù_µ¹¼Ü_¾Ë¹ä_Q2_00012.JPG	train	train	¾Ë¹ä	6	¾Ë¹ä	Q2	1	0.5	side	400	606.54	200	303.27
side_µ¹¼Ü¹ä·ù_µ¹¼Ü_¾Ë¹ä_Q2_00013.JPG	train	train	¾Ë¹ä	6	¾Ë¹ä	Q2	1	0.5	side	400	606.54	200	303.27
side_µ¹¼Ü¹ä·ù_µ¹¼Ü_¾Ë¹ä_Q2_00015.JPG	train	train	¾Ë¹ä	6	¾Ë¹ä	Q2	1	0.5	side	400	606.54	200	303.27
side_µ¹¼Ü¹ä·ù_µ¹¼Ü_¾Ë¹ä_Q2_00016.JPG	train	train	¾Ë¹ä	6	¾Ë¹ä	Q2	1	0.5	side	400	606.54	200	303.27
side_µ¹¼Ü¹ä·ù_µ¹¼Ü_¾Ë¹ä_Q2_00017.JPG	train	train	¾Ë¹ä	6	¾Ë¹ä	Q2	1	0.5	side	400	606.54	200	303.27
side_µ¹¼Ü¹ä·ù_µ¹¼Ü_¾Ë¹ä_Q2_00018.JPG	train	train	¾Ë¹ä	6	¾Ë¹ä	Q2	1	0.5	side	400	606.54	200	303.27
side_µ¹¼Ü¹ä·ù_µ¹¼Ü_¾Ë¹ä_Q2_00019.JPG	train	train	¾Ë¹ä	6	¾Ë¹ä	Q2	1	0.5	side	400	606.54	200	303.27
side_µ¹¼Ü¹ä·ù_µ¹¼Ü_¾Ë¹ä_Q2_00020.JPG	train	train	¾Ë¹ä	6	¾Ë¹ä	Q2	1	0.5	side	400	606.54	200	303.27
side_µ¹¼Ü¹ä·ù_µ¹¼Ü_¾Ë¹ä_Q2_00021.JPG	train	train	¾Ë¹ä	6	¾Ë¹ä	Q2	1	0.5	side	400	606.54	200	303.27
side_µ¹¼Ü¹ä·ù_µ¹¼Ü_¾Ë¹ä_Q2_00022.JPG	train	train	¾Ë¹ä	6	¾Ë¹ä	Q2	1	0.5	side	400	606.54	200	303.27
side_µ¹¼Ü¹ä·ù_µ¹¼Ü_¾Ë¹ä_Q2_00023.JPG	train	train	¾Ë¹ä	6	¾Ë¹ä	Q2	1	0.5	side	400	606.54	200	303.27
side_µ¹¼Ü¹ä·ù_µ¹¼Ü_¾Ë¹ä_Q2_00024.JPG	train	train	¾Ë¹ä	6	¾Ë¹ä	Q2	1	0.5	side	400	606.54	200	303.27
side_µ¹¼Ü¹ä·ù_µ¹¼Ü_¾Ë¹ä_Q2_00025.JPG	train	train	¾Ë¹ä	6	¾Ë¹ä	Q2	1	0.5	side	400	606.54	200	303.27
side_µ¹¼Ü¹ä·ù_µ¹¼Ü_¾Ë¹ä_Q2_00027.JPG	train	train	¾Ë¹ä	6	¾Ë¹ä	Q2	1	0.5	side	400	606.54	200	303.27
side_µ¹¼Ü¹ä·ù_µ¹¼Ü_¾Ë¹ä_Q2_00028.JPG	train	train	¾Ë¹ä	6	¾Ë¹ä	Q2	1	0.5	side	400	606.54	200	303.27
side_µ¹¼Ü¹ä·ù_µ¹¼Ü_¾Ë¹ä_Q2_00029.JPG	train	train	¾Ë¹ä	6	¾Ë¹ä	Q2	1	0.5	side	400	606.54	200	303.27
side_µ¹¼Ü¹ä·ù_µ¹¼Ü_¾Ë¹ä_Q2_00030.JPG	train	train	¾Ë¹ä	6	¾Ë¹ä	Q2	1	0.5	side	400	606.54	200	303.27
side_µ¹¼Ü¹ä·ù_µ¹¼Ü_¾Ë¹ä_Q2_00031.JPG	train	train	¾Ë¹ä	6	¾Ë¹ä	Q2	1	0.5	side	400	606.54	200	303.27
side_µ¹¼Ü¹ä·ù_µ¹¼Ü_¾Ë¹ä_Q2_00033.JPG	train	train	¾Ë¹ä	6	¾Ë¹ä	Q2	1	0.5	side	400	606.54	200	303.27
side_µ¹¼Ü¹ä·ù_µ¹¼Ü_¾Ë¹ä_Q2_00034.JPG	train	train	¾Ë¹ä	6	¾Ë¹ä	Q2	1	0.5	side	400	606.54	200	303.27
side_µ¹¼Ü¹ä·ù_µ¹¼Ü_¾Ë¹ä_Q2_00035.JPG	train	train	¾Ë¹ä	6	¾Ë¹ä	Q2	1	0.5	side	400	606.54	200	303.27
side_µ¹¼Ü¹ä·ù_µ¹¼Ü_¾Ë¹ä_Q2_00036.JPG	train	train	¾Ë¹ä	6	¾Ë¹ä	Q2	1	0.5	side	400	606.54	200	303.27
side_µ¹¼Ü¹ä·ù_µ¹¼Ü_¾Ë¹ä_Q2_00039.JPG	train	train	¾Ë¹ä	6	¾Ë¹ä	Q2	1	0.5	side	400	606.54	200	303.27
side_µ¹¼Ü¹ä·ù_µ¹¼Ü_¾Ë¹ä_Q2_00041.JPG	train	train	¾Ë¹ä	6	¾Ë¹ä	Q2	1	0.5	side	400	606.54	200	303.27
side_µ¹¼Ü¹ä·ù_µ¹¼Ü_¾Ë¹ä_Q2_00042.JPG	train	train	¾Ë¹ä	6	¾Ë¹ä	Q2	1	0.5	side	400	606.54	200	303.27
side_µ¹¼Ü¹ä·ù_µ¹¼Ü_¾Ë¹ä_Q2_00043.JPG	train	train	¾Ë¹ä	6	¾Ë¹ä	Q2	1	0.5	side	400	606.54	200	303.27
side_µ¹¼Ü¹ä·ù_µ¹¼Ü_¾Ë¹ä_Q2_00044.JPG	train	train	¾Ë¹ä	6	¾Ë¹ä	Q2	1	0.5	side	400	606.54	200	303.27
side_µ¹¼Ü¹ä·ù_µ¹¼Ü_¾Ë¹ä_Q2_00045.JPG	train	train	¾Ë¹ä	6	¾Ë¹ä	Q2	1	0.5	side	400	606.54	200	303.27
side_µ¹¼Ü¹ä·ù_µ¹¼Ü_¾Ë¹ä_Q2_00046.JPG	train	train	¾Ë¹ä	6	¾Ë¹ä	Q2	1	0.5	side	400	606.54	200	303.27
side_µ¹¼Ü¹ä·ù_µ¹¼Ü_¾Ë¹ä_Q2_00048.JPG	train	train	¾Ë¹ä	6	¾Ë¹ä	Q2	1	0.5	side	400	606.54	200	303.27
side_µ¹¼Ü¹ä·ù_µ¹¼Ü_¾Ë¹ä_Q2_00049.JPG	train	train	¾Ë¹ä	6	¾Ë¹ä	Q2	1	0.5	side	400	606.54	200	303.27
side_µ¹¼Ü¹ä·ù_µ¹¼Ü_¾Ë¹ä_Q2_00050.JPG	train	train	¾Ë¹ä	6	¾Ë¹ä	Q2	1	0.5	side	400	606.54	200	303.27
side_µ¹¼Ü¹ä·ù_µ¹¼Ü_¾Ë¹ä_Q2_00051.JPG	train	train	¾Ë¹ä	6	¾Ë¹ä	Q2	1	0.5	side	400	606.54	200	303.27
top_µ¹¼Ü¹ä·ù_µ¹¼Ü_¾Ë¹ä_Q2_00001.JPG	train	train	¾Ë¹ä	6	¾Ë¹ä	Q2	1	0.5	top	400	606.54	200	303.27
top_µ¹¼Ü¹ä·ù_µ¹¼Ü_¾Ë¹ä_Q2_00002.JPG	train	train	¾Ë¹ä	6	¾Ë¹ä	Q2	1	0.5	top	400	606.54	200	303.27
top_µ¹¼Ü¹ä·ù_µ¹¼Ü_¾Ë¹ä_Q2_00003.JPG	train	train	¾Ë¹ä	6	¾Ë¹ä	Q2	1	0.5	top	400	606.54	200	303.27
top_µ¹¼Ü¹ä·ù_µ¹¼Ü_¾Ë¹ä_Q2_00004.JPG	train	train	¾Ë¹ä	6	¾Ë¹ä	Q2	1	0.5	top	400	606.54	200	303.27
top_µ¹¼Ü¹ä·ù_µ¹¼Ü_¾Ë¹ä_Q2_00006.JPG	train	train	¾Ë¹ä	6	¾Ë¹ä	Q2	1	0.5	top	400	606.54	200	303.27
top_µ¹¼Ü¹ä·ù_µ¹¼Ü_¾Ë¹ä_Q2_00007.JPG	train	train	¾Ë¹ä	6	¾Ë¹ä	Q2	1	0.5	top	400	606.54	200	303.27
top_µ¹¼Ü¹ä·ù_µ¹¼Ü_¾Ë¹ä_Q2_00008.JPG	train	train	¾Ë¹ä	6	¾Ë¹ä	Q2	1	0.5	top	400	606.54	200	303.27
top_µ¹¼Ü¹ä·ù_µ¹¼Ü_¾Ë¹ä_Q2_00009.JPG	train	train	¾Ë¹ä	6	¾Ë¹ä	Q2	1	0.5	top	400	606.54	200	303.27
top_µ¹¼Ü¹ä·ù_µ¹¼Ü_¾Ë¹ä_Q2_00011.JPG	train	train	¾Ë¹ä	6	¾Ë¹ä	Q2	1	0.5	top	400	606.54	200	303.27
top_µ¹¼Ü¹ä·ù_µ¹¼Ü_¾Ë¹ä_Q2_00013.JPG	train	train	¾Ë¹ä	6	¾Ë¹ä	Q2	1	0.5	top	400	606.54	200	303.27
top_µ¹¼Ü¹ä·ù_µ¹¼Ü_¾Ë¹ä_Q2_00015.JPG	train	train	¾Ë¹ä	6	¾Ë¹ä	Q2	1	0.5	top	400	606.54	200	303.27
top_µ¹¼Ü¹ä·ù_µ¹¼Ü_¾Ë¹ä_Q2_00016.JPG	train	train	¾Ë¹ä	6	¾Ë¹ä	Q2	1	0.5	top	400	606.54	200	303.27
top_µ¹¼Ü¹ä·ù_µ¹¼Ü_¾Ë¹ä_Q2_00018.JPG	train	train	¾Ë¹ä	6	¾Ë¹ä	Q2	1	0.5	top	400	606.54	200	303.27
top_µ¹¼Ü¹ä·ù_µ¹¼Ü_¾Ë¹ä_Q2_00021.JPG	train	train	¾Ë¹ä	6	¾Ë¹ä	Q2	1	0.5	top	400	606.54	200	303.27
top_µ¹¼Ü¹ä·ù_µ¹¼Ü_¾Ë¹ä_Q2_00022.JPG	train	train	¾Ë¹ä	6	¾Ë¹ä	Q2	1	0.5	top	400	606.54	200	303.27
top_µ¹¼Ü¹ä·ù_µ¹¼Ü_¾Ë¹ä_Q2_00023.JPG	train	train	¾Ë¹ä	6	¾Ë¹ä	Q2	1	0.5	top	400	606.54	200	303.27
top_µ¹¼Ü¹ä·ù_µ¹¼Ü_¾Ë¹ä_Q2_00024.JPG	train	train	¾Ë¹ä	6	¾Ë¹ä	Q2	1	0.5	top	400	606.54	200	303.27
top_µ¹¼Ü¹ä·ù_µ¹¼Ü_¾Ë¹ä_Q2_00025.JPG	train	train	¾Ë¹ä	6	¾Ë¹ä	Q2	1	0.5	top	400	606.54	200	303.27
top_µ¹¼Ü¹ä·ù_µ¹¼Ü_¾Ë¹ä_Q2_00026.JPG	train	train	¾Ë¹ä	6	¾Ë¹ä	Q2	1	0.5	top	400	606.54	200	303.27
top_µ¹¼Ü¹ä·ù_µ¹¼Ü_¾Ë¹ä_Q2_00027.JPG	train	train	¾Ë¹ä	6	¾Ë¹ä	Q2	1	0.5	top	400	606.54	200	303.27
top_µ¹¼Ü¹ä·ù_µ¹¼Ü_¾Ë¹ä_Q2_00028.JPG	train	train	¾Ë¹ä	6	¾Ë¹ä	Q2	1	0.5	top	400	606.54	200	303.27
top_µ¹¼Ü¹ä·ù_µ¹¼Ü_¾Ë¹ä_Q2_00029.JPG	train	train	¾Ë¹ä	6	¾Ë¹ä	Q2	1	0.5	top	400	606.54	200	303.27
top_µ¹¼Ü¹ä·ù_µ¹¼Ü_¾Ë¹ä_Q2_00030.JPG	train	train	¾Ë¹ä	6	¾Ë¹ä	Q2	1	0.5	top	400	606.54	200	303.27
top_µ¹¼Ü¹ä·ù_µ¹¼Ü_¾Ë¹ä_Q2_00031.JPG	train	train	¾Ë¹ä	6	¾Ë¹ä	Q2	1	0.5	top	400	606.54	200	303.27
top_µ¹¼Ü¹ä·ù_µ¹¼Ü_¾Ë¹ä_Q2_00032.JPG	train	train	¾Ë¹ä	6	¾Ë¹ä	Q2	1	0.5	top	400	606.54	200	303.27
top_µ¹¼Ü¹ä·ù_µ¹¼Ü_¾Ë¹ä_Q2_00034.JPG	train	train	¾Ë¹ä	6	¾Ë¹ä	Q2	1	0.5	top	400	606.54	200	303.27
top_µ¹¼Ü¹ä·ù_µ¹¼Ü_¾Ë¹ä_Q2_00035.JPG	train	train	¾Ë¹ä	6	¾Ë¹ä	Q2	1	0.5	top	400	606.54	200	303.27
top_µ¹¼Ü¹ä·ù_µ¹¼Ü_¾Ë¹ä_Q2_00036.JPG	train	train	¾Ë¹ä	6	¾Ë¹ä	Q2	1	0.5	top	400	606.54	200	303.27
top_µ¹¼Ü¹ä·ù_µ¹¼Ü_¾Ë¹ä_Q2_00037.JPG	train	train	¾Ë¹ä	6	¾Ë¹ä	Q2	1	0.5	top	400	606.54	200	303.27
top_µ¹¼Ü¹ä·ù_µ¹¼Ü_¾Ë¹ä_Q2_00038.JPG	train	train	¾Ë¹ä	6	¾Ë¹ä	Q2	1	0.5	top	400	606.54	200	303.27
top_µ¹¼Ü¹ä·ù_µ¹¼Ü_¾Ë¹ä_Q2_00039.JPG	train	train	¾Ë¹ä	6	¾Ë¹ä	Q2	1	0.5	top	400	606.54	200	303.27
top_µ¹¼Ü¹ä·ù_µ¹¼Ü_¾Ë¹ä_Q2_00040.JPG	train	train	¾Ë¹ä	6	¾Ë¹ä	Q2	1	0.5	top	400	606.54	200	303.27
top_µ¹¼Ü¹ä·ù_µ¹¼Ü_¾Ë¹ä_Q2_00041.JPG	train	train	¾Ë¹ä	6	¾Ë¹ä	Q2	1	0.5	top	400	606.54	200	303.27
top_µ¹¼Ü¹ä·ù_µ¹¼Ü_¾Ë¹ä_Q2_00042.JPG	train	train	¾Ë¹ä	6	¾Ë¹ä	Q2	1	0.5	top	400	606.54	200	303.27
top_µ¹¼Ü¹ä·ù_µ¹¼Ü_¾Ë¹ä_Q2_00043.JPG	train	train	¾Ë¹ä	6	¾Ë¹ä	Q2	1	0.5	top	400	606.54	200	303.27
top_µ¹¼Ü¹ä·ù_µ¹¼Ü_¾Ë¹ä_Q2_00044.JPG	train	train	¾Ë¹ä	6	¾Ë¹ä	Q2	1	0.5	top	400	606.54	200	303.27
top_µ¹¼Ü¹ä·ù_µ¹¼Ü_¾Ë¹ä_Q2_00045.JPG	train	train	¾Ë¹ä	6	¾Ë¹ä	Q2	1	0.5	top	400	606.54	200	303.27
top_µ¹¼Ü¹ä·ù_µ¹¼Ü_¾Ë¹ä_Q2_00047.JPG	train	train	¾Ë¹ä	6	¾Ë¹ä	Q2	1	0.5	top	400	606.54	200	303.27
top_µ¹¼Ü¹ä·ù_µ¹¼Ü_¾Ë¹ä_Q2_00048.JPG	train	train	¾Ë¹ä	6	¾Ë¹ä	Q2	1	0.5	top	400	606.54	200	303.27
top_µ¹¼Ü¹ä·ù_µ¹¼Ü_¾Ë¹ä_Q2_00049.JPG	train	train	¾Ë¹ä	6	¾Ë¹ä	Q2	1	0.5	top	400	606.54	200	303.27
top_µ¹¼Ü¹ä·ù_µ¹¼Ü_¾Ë¹ä_Q2_00050.JPG	train	train	¾Ë¹ä	6	¾Ë¹ä	Q2	1	0.5	top	400	606.54	200	303.27
top_µ¹¼Ü¹ä·ù_µ¹¼Ü_¾Ë¹ä_Q2_00051.JPG	train	train	¾Ë¹ä	6	¾Ë¹ä	Q2	1	0.5	top	400	606.54	200	303.27
top_µ¹¼Ü¹ä·ù_µ¹¼Ü_¾Ë¹ä_Q2_00052.JPG	train	train	¾Ë¹ä	6	¾Ë¹ä	Q2	1	0.5	top	400	606.54	200	303.27
top_µ¹¼Ü¹ä·ù_µ¹¼Ü_¾Ë¹ä_Q2_00053.JPG	train	train	¾Ë¹ä	6	¾Ë¹ä	Q2	1	0.5	top	400	606.54	200	303.27
side_µ¹¼Ü¹ä·ù_µ¹¼Ü_¾Ë¹ä_Q3_00001.JPG	train	train	¾Ë¹ä	6	¾Ë¹ä	Q3	2	0.75	side	400	606.54	300	454.9
side_µ¹¼Ü¹ä·ù_µ¹¼Ü_¾Ë¹ä_Q3_00003.JPG	train	train	¾Ë¹ä	6	¾Ë¹ä	Q3	2	0.75	side	400	606.54	300	454.9
side_µ¹¼Ü¹ä·ù_µ¹¼Ü_¾Ë¹ä_Q3_00004.JPG	train	train	¾Ë¹ä	6	¾Ë¹ä	Q3	2	0.75	side	400	606.54	300	454.9
side_µ¹¼Ü¹ä·ù_µ¹¼Ü_¾Ë¹ä_Q3_00005.JPG	train	train	¾Ë¹ä	6	¾Ë¹ä	Q3	2	0.75	side	400	606.54	300	454.9
side_µ¹¼Ü¹ä·ù_µ¹¼Ü_¾Ë¹ä_Q3_00007.JPG	train	train	¾Ë¹ä	6	¾Ë¹ä	Q3	2	0.75	side	400	606.54	300	454.9
side_µ¹¼Ü¹ä·ù_µ¹¼Ü_¾Ë¹ä_Q3_00008.JPG	train	train	¾Ë¹ä	6	¾Ë¹ä	Q3	2	0.75	side	400	606.54	300	454.9
side_µ¹¼Ü¹ä·ù_µ¹¼Ü_¾Ë¹ä_Q3_00009.JPG	train	train	¾Ë¹ä	6	¾Ë¹ä	Q3	2	0.75	side	400	606.54	300	454.9
side_µ¹¼Ü¹ä·ù_µ¹¼Ü_¾Ë¹ä_Q3_00011.JPG	train	train	¾Ë¹ä	6	¾Ë¹ä	Q3	2	0.75	side	400	606.54	300	454.9
side_µ¹¼Ü¹ä·ù_µ¹¼Ü_¾Ë¹ä_Q3_00012.JPG	train	train	¾Ë¹ä	6	¾Ë¹ä	Q3	2	0.75	side	400	606.54	300	454.9
side_µ¹¼Ü¹ä·ù_µ¹¼Ü_¾Ë¹ä_Q3_00014.JPG	train	train	¾Ë¹ä	6	¾Ë¹ä	Q3	2	0.75	side	400	606.54	300	454.9
side_µ¹¼Ü¹ä·ù_µ¹¼Ü_¾Ë¹ä_Q3_00015.JPG	train	train	¾Ë¹ä	6	¾Ë¹ä	Q3	2	0.75	side	400	606.54	300	454.9
side_µ¹¼Ü¹ä·ù_µ¹¼Ü_¾Ë¹ä_Q3_00016.JPG	train	train	¾Ë¹ä	6	¾Ë¹ä	Q3	2	0.75	side	400	606.54	300	454.9
side_µ¹¼Ü¹ä·ù_µ¹¼Ü_¾Ë¹ä_Q3_00019.JPG	train	train	¾Ë¹ä	6	¾Ë¹ä	Q3	2	0.75	side	400	606.54	300	454.9
side_µ¹¼Ü¹ä·ù_µ¹¼Ü_¾Ë¹ä_Q3_00021.JPG	train	train	¾Ë¹ä	6	¾Ë¹ä	Q3	2	0.75	side	400	606.54	300	454.9
side_µ¹¼Ü¹ä·ù_µ¹¼Ü_¾Ë¹ä_Q3_00022.JPG	train	train	¾Ë¹ä	6	¾Ë¹ä	Q3	2	0.75	side	400	606.54	300	454.9
side_µ¹¼Ü¹ä·ù_µ¹¼Ü_¾Ë¹ä_Q3_00023.JPG	train	train	¾Ë¹ä	6	¾Ë¹ä	Q3	2	0.75	side	400	606.54	300	454.9
side_µ¹¼Ü¹ä·ù_µ¹¼Ü_¾Ë¹ä_Q3_00024.JPG	train	train	¾Ë¹ä	6	¾Ë¹ä	Q3	2	0.75	side	400	606.54	300	454.9
side_µ¹¼Ü¹ä·ù_µ¹¼Ü_¾Ë¹ä_Q3_00025.JPG	train	train	¾Ë¹ä	6	¾Ë¹ä	Q3	2	0.75	side	400	606.54	300	454.9
side_µ¹¼Ü¹ä·ù_µ¹¼Ü_¾Ë¹ä_Q3_00027.JPG	train	train	¾Ë¹ä	6	¾Ë¹ä	Q3	2	0.75	side	400	606.54	300	454.9
side_µ¹¼Ü¹ä·ù_µ¹¼Ü_¾Ë¹ä_Q3_00028.JPG	train	train	¾Ë¹ä	6	¾Ë¹ä	Q3	2	0.75	side	400	606.54	300	454.9
side_µ¹¼Ü¹ä·ù_µ¹¼Ü_¾Ë¹ä_Q3_00029.JPG	train	train	¾Ë¹ä	6	¾Ë¹ä	Q3	2	0.75	side	400	606.54	300	454.9
side_µ¹¼Ü¹ä·ù_µ¹¼Ü_¾Ë¹ä_Q3_00030.JPG	train	train	¾Ë¹ä	6	¾Ë¹ä	Q3	2	0.75	side	400	606.54	300	454.9
side_µ¹¼Ü¹ä·ù_µ¹¼Ü_¾Ë¹ä_Q3_00031.JPG	train	train	¾Ë¹ä	6	¾Ë¹ä	Q3	2	0.75	side	400	606.54	300	454.9
side_µ¹¼Ü¹ä·ù_µ¹¼Ü_¾Ë¹ä_Q3_00033.JPG	train	train	¾Ë¹ä	6	¾Ë¹ä	Q3	2	0.75	side	400	606.54	300	454.9
side_µ¹¼Ü¹ä·ù_µ¹¼Ü_¾Ë¹ä_Q3_00034.JPG	train	train	¾Ë¹ä	6	¾Ë¹ä	Q3	2	0.75	side	400	606.54	300	454.9
side_µ¹¼Ü¹ä·ù_µ¹¼Ü_¾Ë¹ä_Q3_00035.JPG	train	train	¾Ë¹ä	6	¾Ë¹ä	Q3	2	0.75	side	400	606.54	300	454.9
side_µ¹¼Ü¹ä·ù_µ¹¼Ü_¾Ë¹ä_Q3_00036.JPG	train	train	¾Ë¹ä	6	¾Ë¹ä	Q3	2	0.75	side	400	606.54	300	454.9
side_µ¹¼Ü¹ä·ù_µ¹¼Ü_¾Ë¹ä_Q3_00037.JPG	train	train	¾Ë¹ä	6	¾Ë¹ä	Q3	2	0.75	side	400	606.54	300	454.9
side_µ¹¼Ü¹ä·ù_µ¹¼Ü_¾Ë¹ä_Q3_00039.JPG	train	train	¾Ë¹ä	6	¾Ë¹ä	Q3	2	0.75	side	400	606.54	300	454.9
side_µ¹¼Ü¹ä·ù_µ¹¼Ü_¾Ë¹ä_Q3_00040.JPG	train	train	¾Ë¹ä	6	¾Ë¹ä	Q3	2	0.75	side	400	606.54	300	454.9
side_µ¹¼Ü¹ä·ù_µ¹¼Ü_¾Ë¹ä_Q3_00041.JPG	train	train	¾Ë¹ä	6	¾Ë¹ä	Q3	2	0.75	side	400	606.54	300	454.9
side_µ¹¼Ü¹ä·ù_µ¹¼Ü_¾Ë¹ä_Q3_00042.JPG	train	train	¾Ë¹ä	6	¾Ë¹ä	Q3	2	0.75	side	400	606.54	300	454.9
side_µ¹¼Ü¹ä·ù_µ¹¼Ü_¾Ë¹ä_Q3_00043.JPG	train	train	¾Ë¹ä	6	¾Ë¹ä	Q3	2	0.75	side	400	606.54	300	454.9
side_µ¹¼Ü¹ä·ù_µ¹¼Ü_¾Ë¹ä_Q3_00044.JPG	train	train	¾Ë¹ä	6	¾Ë¹ä	Q3	2	0.75	side	400	606.54	300	454.9
side_µ¹¼Ü¹ä·ù_µ¹¼Ü_¾Ë¹ä_Q3_00046.JPG	train	train	¾Ë¹ä	6	¾Ë¹ä	Q3	2	0.75	side	400	606.54	300	454.9
side_µ¹¼Ü¹ä·ù_µ¹¼Ü_¾Ë¹ä_Q3_00047.JPG	train	train	¾Ë¹ä	6	¾Ë¹ä	Q3	2	0.75	side	400	606.54	300	454.9
side_µ¹¼Ü¹ä·ù_µ¹¼Ü_¾Ë¹ä_Q3_00048.JPG	train	train	¾Ë¹ä	6	¾Ë¹ä	Q3	2	0.75	side	400	606.54	300	454.9
side_µ¹¼Ü¹ä·ù_µ¹¼Ü_¾Ë¹ä_Q3_00049.JPG	train	train	¾Ë¹ä	6	¾Ë¹ä	Q3	2	0.75	side	400	606.54	300	454.9
side_µ¹¼Ü¹ä·ù_µ¹¼Ü_¾Ë¹ä_Q3_00051.JPG	train	train	¾Ë¹ä	6	¾Ë¹ä	Q3	2	0.75	side	400	606.54	300	454.9
side_µ¹¼Ü¹ä·ù_µ¹¼Ü_¾Ë¹ä_Q3_00052.JPG	train	train	¾Ë¹ä	6	¾Ë¹ä	Q3	2	0.75	side	400	606.54	300	454.9
top_µ¹¼Ü¹ä·ù_µ¹¼Ü_¾Ë¹ä_Q3_00002.JPG	train	train	¾Ë¹ä	6	¾Ë¹ä	Q3	2	0.75	top	400	606.54	300	454.9
top_µ¹¼Ü¹ä·ù_µ¹¼Ü_¾Ë¹ä_Q3_00003.JPG	train	train	¾Ë¹ä	6	¾Ë¹ä	Q3	2	0.75	top	400	606.54	300	454.9
top_µ¹¼Ü¹ä·ù_µ¹¼Ü_¾Ë¹ä_Q3_00004.JPG	train	train	¾Ë¹ä	6	¾Ë¹ä	Q3	2	0.75	top	400	606.54	300	454.9
top_µ¹¼Ü¹ä·ù_µ¹¼Ü_¾Ë¹ä_Q3_00005.JPG	train	train	¾Ë¹ä	6	¾Ë¹ä	Q3	2	0.75	top	400	606.54	300	454.9
top_µ¹¼Ü¹ä·ù_µ¹¼Ü_¾Ë¹ä_Q3_00007.JPG	train	train	¾Ë¹ä	6	¾Ë¹ä	Q3	2	0.75	top	400	606.54	300	454.9
top_µ¹¼Ü¹ä·ù_µ¹¼Ü_¾Ë¹ä_Q3_00008.JPG	train	train	¾Ë¹ä	6	¾Ë¹ä	Q3	2	0.75	top	400	606.54	300	454.9
top_µ¹¼Ü¹ä·ù_µ¹¼Ü_¾Ë¹ä_Q3_00009.JPG	train	train	¾Ë¹ä	6	¾Ë¹ä	Q3	2	0.75	top	400	606.54	300	454.9
top_µ¹¼Ü¹ä·ù_µ¹¼Ü_¾Ë¹ä_Q3_00010.JPG	train	train	¾Ë¹ä	6	¾Ë¹ä	Q3	2	0.75	top	400	606.54	300	454.9
top_µ¹¼Ü¹ä·ù_µ¹¼Ü_¾Ë¹ä_Q3_00011.JPG	train	train	¾Ë¹ä	6	¾Ë¹ä	Q3	2	0.75	top	400	606.54	300	454.9
top_µ¹¼Ü¹ä·ù_µ¹¼Ü_¾Ë¹ä_Q3_00012.JPG	train	train	¾Ë¹ä	6	¾Ë¹ä	Q3	2	0.75	top	400	606.54	300	454.9
top_µ¹¼Ü¹ä·ù_µ¹¼Ü_¾Ë¹ä_Q3_00013.JPG	train	train	¾Ë¹ä	6	¾Ë¹ä	Q3	2	0.75	top	400	606.54	300	454.9
top_µ¹¼Ü¹ä·ù_µ¹¼Ü_¾Ë¹ä_Q3_00014.JPG	train	train	¾Ë¹ä	6	¾Ë¹ä	Q3	2	0.75	top	400	606.54	300	454.9
top_µ¹¼Ü¹ä·ù_µ¹¼Ü_¾Ë¹ä_Q3_00015.JPG	train	train	¾Ë¹ä	6	¾Ë¹ä	Q3	2	0.75	top	400	606.54	300	454.9
top_µ¹¼Ü¹ä·ù_µ¹¼Ü_¾Ë¹ä_Q3_00016.JPG	train	train	¾Ë¹ä	6	¾Ë¹ä	Q3	2	0.75	top	400	606.54	300	454.9
top_µ¹¼Ü¹ä·ù_µ¹¼Ü_¾Ë¹ä_Q3_00017.JPG	train	train	¾Ë¹ä	6	¾Ë¹ä	Q3	2	0.75	top	400	606.54	300	454.9
top_µ¹¼Ü¹ä·ù_µ¹¼Ü_¾Ë¹ä_Q3_00018.JPG	train	train	¾Ë¹ä	6	¾Ë¹ä	Q3	2	0.75	top	400	606.54	300	454.9
top_µ¹¼Ü¹ä·ù_µ¹¼Ü_¾Ë¹ä_Q3_00020.JPG	train	train	¾Ë¹ä	6	¾Ë¹ä	Q3	2	0.75	top	400	606.54	300	454.9
top_µ¹¼Ü¹ä·ù_µ¹¼Ü_¾Ë¹ä_Q3_00021.JPG	train	train	¾Ë¹ä	6	¾Ë¹ä	Q3	2	0.75	top	400	606.54	300	454.9
top_µ¹¼Ü¹ä·ù_µ¹¼Ü_¾Ë¹ä_Q3_00022.JPG	train	train	¾Ë¹ä	6	¾Ë¹ä	Q3	2	0.75	top	400	606.54	300	454.9
top_µ¹¼Ü¹ä·ù_µ¹¼Ü_¾Ë¹ä_Q3_00023.JPG	train	train	¾Ë¹ä	6	¾Ë¹ä	Q3	2	0.75	top	400	606.54	300	454.9
top_µ¹¼Ü¹ä·ù_µ¹¼Ü_¾Ë¹ä_Q3_00025.JPG	train	train	¾Ë¹ä	6	¾Ë¹ä	Q3	2	0.75	top	400	606.54	300	454.9
top_µ¹¼Ü¹ä·ù_µ¹¼Ü_¾Ë¹ä_Q3_00026.JPG	train	train	¾Ë¹ä	6	¾Ë¹ä	Q3	2	0.75	top	400	606.54	300	454.9
top_µ¹¼Ü¹ä·ù_µ¹¼Ü_¾Ë¹ä_Q3_00027.JPG	train	train	¾Ë¹ä	6	¾Ë¹ä	Q3	2	0.75	top	400	606.54	300	454.9
top_µ¹¼Ü¹ä·ù_µ¹¼Ü_¾Ë¹ä_Q3_00028.JPG	train	train	¾Ë¹ä	6	¾Ë¹ä	Q3	2	0.75	top	400	606.54	300	454.9
top_µ¹¼Ü¹ä·ù_µ¹¼Ü_¾Ë¹ä_Q3_00029.JPG	train	train	¾Ë¹ä	6	¾Ë¹ä	Q3	2	0.75	top	400	606.54	300	454.9
top_µ¹¼Ü¹ä·ù_µ¹¼Ü_¾Ë¹ä_Q3_00030.JPG	train	train	¾Ë¹ä	6	¾Ë¹ä	Q3	2	0.75	top	400	606.54	300	454.9
top_µ¹¼Ü¹ä·ù_µ¹¼Ü_¾Ë¹ä_Q3_00031.JPG	train	train	¾Ë¹ä	6	¾Ë¹ä	Q3	2	0.75	top	400	606.54	300	454.9
top_µ¹¼Ü¹ä·ù_µ¹¼Ü_¾Ë¹ä_Q3_00032.JPG	train	train	¾Ë¹ä	6	¾Ë¹ä	Q3	2	0.75	top	400	606.54	300	454.9
top_µ¹¼Ü¹ä·ù_µ¹¼Ü_¾Ë¹ä_Q3_00034.JPG	train	train	¾Ë¹ä	6	¾Ë¹ä	Q3	2	0.75	top	400	606.54	300	454.9
top_µ¹¼Ü¹ä·ù_µ¹¼Ü_¾Ë¹ä_Q3_00035.JPG	train	train	¾Ë¹ä	6	¾Ë¹ä	Q3	2	0.75	top	400	606.54	300	454.9
top_µ¹¼Ü¹ä·ù_µ¹¼Ü_¾Ë¹ä_Q3_00037.JPG	train	train	¾Ë¹ä	6	¾Ë¹ä	Q3	2	0.75	top	400	606.54	300	454.9
top_µ¹¼Ü¹ä·ù_µ¹¼Ü_¾Ë¹ä_Q3_00038.JPG	train	train	¾Ë¹ä	6	¾Ë¹ä	Q3	2	0.75	top	400	606.54	300	454.9
top_µ¹¼Ü¹ä·ù_µ¹¼Ü_¾Ë¹ä_Q3_00039.JPG	train	train	¾Ë¹ä	6	¾Ë¹ä	Q3	2	0.75	top	400	606.54	300	454.9
top_µ¹¼Ü¹ä·ù_µ¹¼Ü_¾Ë¹ä_Q3_00040.JPG	train	train	¾Ë¹ä	6	¾Ë¹ä	Q3	2	0.75	top	400	606.54	300	454.9
top_µ¹¼Ü¹ä·ù_µ¹¼Ü_¾Ë¹ä_Q3_00041.JPG	train	train	¾Ë¹ä	6	¾Ë¹ä	Q3	2	0.75	top	400	606.54	300	454.9
top_µ¹¼Ü¹ä·ù_µ¹¼Ü_¾Ë¹ä_Q3_00042.JPG	train	train	¾Ë¹ä	6	¾Ë¹ä	Q3	2	0.75	top	400	606.54	300	454.9
top_µ¹¼Ü¹ä·ù_µ¹¼Ü_¾Ë¹ä_Q3_00043.JPG	train	train	¾Ë¹ä	6	¾Ë¹ä	Q3	2	0.75	top	400	606.54	300	454.9
top_µ¹¼Ü¹ä·ù_µ¹¼Ü_¾Ë¹ä_Q3_00044.JPG	train	train	¾Ë¹ä	6	¾Ë¹ä	Q3	2	0.75	top	400	606.54	300	454.9
top_µ¹¼Ü¹ä·ù_µ¹¼Ü_¾Ë¹ä_Q3_00046.JPG	train	train	¾Ë¹ä	6	¾Ë¹ä	Q3	2	0.75	top	400	606.54	300	454.9
top_µ¹¼Ü¹ä·ù_µ¹¼Ü_¾Ë¹ä_Q3_00047.JPG	train	train	¾Ë¹ä	6	¾Ë¹ä	Q3	2	0.75	top	400	606.54	300	454.9
top_µ¹¼Ü¹ä·ù_µ¹¼Ü_¾Ë¹ä_Q3_00048.JPG	train	train	¾Ë¹ä	6	¾Ë¹ä	Q3	2	0.75	top	400	606.54	300	454.9
top_µ¹¼Ü¹ä·ù_µ¹¼Ü_¾Ë¹ä_Q3_00049.JPG	train	train	¾Ë¹ä	6	¾Ë¹ä	Q3	2	0.75	top	400	606.54	300	454.9
top_µ¹¼Ü¹ä·ù_µ¹¼Ü_¾Ë¹ä_Q3_00051.JPG	train	train	¾Ë¹ä	6	¾Ë¹ä	Q3	2	0.75	top	400	606.54	300	454.9
top_µ¹¼Ü¹ä·ù_µ¹¼Ü_¾Ë¹ä_Q3_00053.JPG	train	train	¾Ë¹ä	6	¾Ë¹ä	Q3	2	0.75	top	400	606.54	300	454.9
top_µ¹¼Ü¹ä·ù_µ¹¼Ü_¾Ë¹ä_Q3_00054.JPG	train	train	¾Ë¹ä	6	¾Ë¹ä	Q3	2	0.75	top	400	606.54	300	454.9
top_µ¹¼Ü¹ä·ù_µ¹¼Ü_¾Ë¹ä_Q3_00055.JPG	train	train	¾Ë¹ä	6	¾Ë¹ä	Q3	2	0.75	top	400	606.54	300	454.9
top_µ¹¼Ü¹ä·ù_µ¹¼Ü_¾Ë¹ä_Q3_00056.JPG	train	train	¾Ë¹ä	6	¾Ë¹ä	Q3	2	0.75	top	400	606.54	300	454.9
side_µ¹¼Ü¹ä·ù_µ¹¼Ü_¾Ë¹ä_Q4_00001.JPG	train	train	¾Ë¹ä	6	¾Ë¹ä	Q4	3	1	side	400	606.54	400	606.54
side_µ¹¼Ü¹ä·ù_µ¹¼Ü_¾Ë¹ä_Q4_00002.JPG	train	train	¾Ë¹ä	6	¾Ë¹ä	Q4	3	1	side	400	606.54	400	606.54
side_µ¹¼Ü¹ä·ù_µ¹¼Ü_¾Ë¹ä_Q4_00003.JPG	train	train	¾Ë¹ä	6	¾Ë¹ä	Q4	3	1	side	400	606.54	400	606.54
side_µ¹¼Ü¹ä·ù_µ¹¼Ü_¾Ë¹ä_Q4_00005.JPG	train	train	¾Ë¹ä	6	¾Ë¹ä	Q4	3	1	side	400	606.54	400	606.54
side_µ¹¼Ü¹ä·ù_µ¹¼Ü_¾Ë¹ä_Q4_00006.JPG	train	train	¾Ë¹ä	6	¾Ë¹ä	Q4	3	1	side	400	606.54	400	606.54
side_µ¹¼Ü¹ä·ù_µ¹¼Ü_¾Ë¹ä_Q4_00007.JPG	train	train	¾Ë¹ä	6	¾Ë¹ä	Q4	3	1	side	400	606.54	400	606.54
side_µ¹¼Ü¹ä·ù_µ¹¼Ü_¾Ë¹ä_Q4_00008.JPG	train	train	¾Ë¹ä	6	¾Ë¹ä	Q4	3	1	side	400	606.54	400	606.54
side_µ¹¼Ü¹ä·ù_µ¹¼Ü_¾Ë¹ä_Q4_00010.JPG	train	train	¾Ë¹ä	6	¾Ë¹ä	Q4	3	1	side	400	606.54	400	606.54
side_µ¹¼Ü¹ä·ù_µ¹¼Ü_¾Ë¹ä_Q4_00013.JPG	train	train	¾Ë¹ä	6	¾Ë¹ä	Q4	3	1	side	400	606.54	400	606.54
side_µ¹¼Ü¹ä·ù_µ¹¼Ü_¾Ë¹ä_Q4_00014.JPG	train	train	¾Ë¹ä	6	¾Ë¹ä	Q4	3	1	side	400	606.54	400	606.54
side_µ¹¼Ü¹ä·ù_µ¹¼Ü_¾Ë¹ä_Q4_00015.JPG	train	train	¾Ë¹ä	6	¾Ë¹ä	Q4	3	1	side	400	606.54	400	606.54
side_µ¹¼Ü¹ä·ù_µ¹¼Ü_¾Ë¹ä_Q4_00017.JPG	train	train	¾Ë¹ä	6	¾Ë¹ä	Q4	3	1	side	400	606.54	400	606.54
side_µ¹¼Ü¹ä·ù_µ¹¼Ü_¾Ë¹ä_Q4_00018.JPG	train	train	¾Ë¹ä	6	¾Ë¹ä	Q4	3	1	side	400	606.54	400	606.54
side_µ¹¼Ü¹ä·ù_µ¹¼Ü_¾Ë¹ä_Q4_00020.JPG	train	train	¾Ë¹ä	6	¾Ë¹ä	Q4	3	1	side	400	606.54	400	606.54
side_µ¹¼Ü¹ä·ù_µ¹¼Ü_¾Ë¹ä_Q4_00021.JPG	train	train	¾Ë¹ä	6	¾Ë¹ä	Q4	3	1	side	400	606.54	400	606.54
side_µ¹¼Ü¹ä·ù_µ¹¼Ü_¾Ë¹ä_Q4_00022.JPG	train	train	¾Ë¹ä	6	¾Ë¹ä	Q4	3	1	side	400	606.54	400	606.54
side_µ¹¼Ü¹ä·ù_µ¹¼Ü_¾Ë¹ä_Q4_00023.JPG	train	train	¾Ë¹ä	6	¾Ë¹ä	Q4	3	1	side	400	606.54	400	606.54
side_µ¹¼Ü¹ä·ù_µ¹¼Ü_¾Ë¹ä_Q4_00024.JPG	train	train	¾Ë¹ä	6	¾Ë¹ä	Q4	3	1	side	400	606.54	400	606.54
side_µ¹¼Ü¹ä·ù_µ¹¼Ü_¾Ë¹ä_Q4_00025.JPG	train	train	¾Ë¹ä	6	¾Ë¹ä	Q4	3	1	side	400	606.54	400	606.54
side_µ¹¼Ü¹ä·ù_µ¹¼Ü_¾Ë¹ä_Q4_00026.JPG	train	train	¾Ë¹ä	6	¾Ë¹ä	Q4	3	1	side	400	606.54	400	606.54
side_µ¹¼Ü¹ä·ù_µ¹¼Ü_¾Ë¹ä_Q4_00027.JPG	train	train	¾Ë¹ä	6	¾Ë¹ä	Q4	3	1	side	400	606.54	400	606.54
side_µ¹¼Ü¹ä·ù_µ¹¼Ü_¾Ë¹ä_Q4_00028.JPG	train	train	¾Ë¹ä	6	¾Ë¹ä	Q4	3	1	side	400	606.54	400	606.54
side_µ¹¼Ü¹ä·ù_µ¹¼Ü_¾Ë¹ä_Q4_00029.JPG	train	train	¾Ë¹ä	6	¾Ë¹ä	Q4	3	1	side	400	606.54	400	606.54
side_µ¹¼Ü¹ä·ù_µ¹¼Ü_¾Ë¹ä_Q4_00031.JPG	train	train	¾Ë¹ä	6	¾Ë¹ä	Q4	3	1	side	400	606.54	400	606.54
side_µ¹¼Ü¹ä·ù_µ¹¼Ü_¾Ë¹ä_Q4_00032.JPG	train	train	¾Ë¹ä	6	¾Ë¹ä	Q4	3	1	side	400	606.54	400	606.54
side_µ¹¼Ü¹ä·ù_µ¹¼Ü_¾Ë¹ä_Q4_00033.JPG	train	train	¾Ë¹ä	6	¾Ë¹ä	Q4	3	1	side	400	606.54	400	606.54
side_µ¹¼Ü¹ä·ù_µ¹¼Ü_¾Ë¹ä_Q4_00034.JPG	train	train	¾Ë¹ä	6	¾Ë¹ä	Q4	3	1	side	400	606.54	400	606.54
side_µ¹¼Ü¹ä·ù_µ¹¼Ü_¾Ë¹ä_Q4_00035.JPG	train	train	¾Ë¹ä	6	¾Ë¹ä	Q4	3	1	side	400	606.54	400	606.54
side_µ¹¼Ü¹ä·ù_µ¹¼Ü_¾Ë¹ä_Q4_00037.JPG	train	train	¾Ë¹ä	6	¾Ë¹ä	Q4	3	1	side	400	606.54	400	606.54
side_µ¹¼Ü¹ä·ù_µ¹¼Ü_¾Ë¹ä_Q4_00038.JPG	train	train	¾Ë¹ä	6	¾Ë¹ä	Q4	3	1	side	400	606.54	400	606.54
side_µ¹¼Ü¹ä·ù_µ¹¼Ü_¾Ë¹ä_Q4_00039.JPG	train	train	¾Ë¹ä	6	¾Ë¹ä	Q4	3	1	side	400	606.54	400	606.54
side_µ¹¼Ü¹ä·ù_µ¹¼Ü_¾Ë¹ä_Q4_00040.JPG	train	train	¾Ë¹ä	6	¾Ë¹ä	Q4	3	1	side	400	606.54	400	606.54
side_µ¹¼Ü¹ä·ù_µ¹¼Ü_¾Ë¹ä_Q4_00041.JPG	train	train	¾Ë¹ä	6	¾Ë¹ä	Q4	3	1	side	400	606.54	400	606.54
side_µ¹¼Ü¹ä·ù_µ¹¼Ü_¾Ë¹ä_Q4_00042.JPG	train	train	¾Ë¹ä	6	¾Ë¹ä	Q4	3	1	side	400	606.54	400	606.54
side_µ¹¼Ü¹ä·ù_µ¹¼Ü_¾Ë¹ä_Q4_00043.JPG	train	train	¾Ë¹ä	6	¾Ë¹ä	Q4	3	1	side	400	606.54	400	606.54
side_µ¹¼Ü¹ä·ù_µ¹¼Ü_¾Ë¹ä_Q4_00044.JPG	train	train	¾Ë¹ä	6	¾Ë¹ä	Q4	3	1	side	400	606.54	400	606.54
side_µ¹¼Ü¹ä·ù_µ¹¼Ü_¾Ë¹ä_Q4_00045.JPG	train	train	¾Ë¹ä	6	¾Ë¹ä	Q4	3	1	side	400	606.54	400	606.54
side_µ¹¼Ü¹ä·ù_µ¹¼Ü_¾Ë¹ä_Q4_00046.JPG	train	train	¾Ë¹ä	6	¾Ë¹ä	Q4	3	1	side	400	606.54	400	606.54
side_µ¹¼Ü¹ä·ù_µ¹¼Ü_¾Ë¹ä_Q4_00047.JPG	train	train	¾Ë¹ä	6	¾Ë¹ä	Q4	3	1	side	400	606.54	400	606.54
side_µ¹¼Ü¹ä·ù_µ¹¼Ü_¾Ë¹ä_Q4_00049.JPG	train	train	¾Ë¹ä	6	¾Ë¹ä	Q4	3	1	side	400	606.54	400	606.54
side_µ¹¼Ü¹ä·ù_µ¹¼Ü_¾Ë¹ä_Q4_00050.JPG	train	train	¾Ë¹ä	6	¾Ë¹ä	Q4	3	1	side	400	606.54	400	606.54
side_µ¹¼Ü¹ä·ù_µ¹¼Ü_¾Ë¹ä_Q4_00051.JPG	train	train	¾Ë¹ä	6	¾Ë¹ä	Q4	3	1	side	400	606.54	400	606.54
side_µ¹¼Ü¹ä·ù_µ¹¼Ü_¾Ë¹ä_Q4_00052.JPG	train	train	¾Ë¹ä	6	¾Ë¹ä	Q4	3	1	side	400	606.54	400	606.54
side_µ¹¼Ü¹ä·ù_µ¹¼Ü_¾Ë¹ä_Q4_00054.JPG	train	train	¾Ë¹ä	6	¾Ë¹ä	Q4	3	1	side	400	606.54	400	606.54
side_µ¹¼Ü¹ä·ù_µ¹¼Ü_¾Ë¹ä_Q4_00055.JPG	train	train	¾Ë¹ä	6	¾Ë¹ä	Q4	3	1	side	400	606.54	400	606.54
top_µ¹¼Ü¹ä·ù_µ¹¼Ü_¾Ë¹ä_Q4_00001.JPG	train	train	¾Ë¹ä	6	¾Ë¹ä	Q4	3	1	top	400	606.54	400	606.54
top_µ¹¼Ü¹ä·ù_µ¹¼Ü_¾Ë¹ä_Q4_00003.JPG	train	train	¾Ë¹ä	6	¾Ë¹ä	Q4	3	1	top	400	606.54	400	606.54
top_µ¹¼Ü¹ä·ù_µ¹¼Ü_¾Ë¹ä_Q4_00004.JPG	train	train	¾Ë¹ä	6	¾Ë¹ä	Q4	3	1	top	400	606.54	400	606.54
top_µ¹¼Ü¹ä·ù_µ¹¼Ü_¾Ë¹ä_Q4_00006.JPG	train	train	¾Ë¹ä	6	¾Ë¹ä	Q4	3	1	top	400	606.54	400	606.54
top_µ¹¼Ü¹ä·ù_µ¹¼Ü_¾Ë¹ä_Q4_00007.JPG	train	train	¾Ë¹ä	6	¾Ë¹ä	Q4	3	1	top	400	606.54	400	606.54
top_µ¹¼Ü¹ä·ù_µ¹¼Ü_¾Ë¹ä_Q4_00009.JPG	train	train	¾Ë¹ä	6	¾Ë¹ä	Q4	3	1	top	400	606.54	400	606.54
top_µ¹¼Ü¹ä·ù_µ¹¼Ü_¾Ë¹ä_Q4_00010.JPG	train	train	¾Ë¹ä	6	¾Ë¹ä	Q4	3	1	top	400	606.54	400	606.54
top_µ¹¼Ü¹ä·ù_µ¹¼Ü_¾Ë¹ä_Q4_00011.JPG	train	train	¾Ë¹ä	6	¾Ë¹ä	Q4	3	1	top	400	606.54	400	606.54
top_µ¹¼Ü¹ä·ù_µ¹¼Ü_¾Ë¹ä_Q4_00012.JPG	train	train	¾Ë¹ä	6	¾Ë¹ä	Q4	3	1	top	400	606.54	400	606.54
top_µ¹¼Ü¹ä·ù_µ¹¼Ü_¾Ë¹ä_Q4_00014.JPG	train	train	¾Ë¹ä	6	¾Ë¹ä	Q4	3	1	top	400	606.54	400	606.54
top_µ¹¼Ü¹ä·ù_µ¹¼Ü_¾Ë¹ä_Q4_00015.JPG	train	train	¾Ë¹ä	6	¾Ë¹ä	Q4	3	1	top	400	606.54	400	606.54
top_µ¹¼Ü¹ä·ù_µ¹¼Ü_¾Ë¹ä_Q4_00016.JPG	train	train	¾Ë¹ä	6	¾Ë¹ä	Q4	3	1	top	400	606.54	400	606.54
top_µ¹¼Ü¹ä·ù_µ¹¼Ü_¾Ë¹ä_Q4_00017.JPG	train	train	¾Ë¹ä	6	¾Ë¹ä	Q4	3	1	top	400	606.54	400	606.54
top_µ¹¼Ü¹ä·ù_µ¹¼Ü_¾Ë¹ä_Q4_00018.JPG	train	train	¾Ë¹ä	6	¾Ë¹ä	Q4	3	1	top	400	606.54	400	606.54
top_µ¹¼Ü¹ä·ù_µ¹¼Ü_¾Ë¹ä_Q4_00020.JPG	train	train	¾Ë¹ä	6	¾Ë¹ä	Q4	3	1	top	400	606.54	400	606.54
top_µ¹¼Ü¹ä·ù_µ¹¼Ü_¾Ë¹ä_Q4_00021.JPG	train	train	¾Ë¹ä	6	¾Ë¹ä	Q4	3	1	top	400	606.54	400	606.54
top_µ¹¼Ü¹ä·ù_µ¹¼Ü_¾Ë¹ä_Q4_00022.JPG	train	train	¾Ë¹ä	6	¾Ë¹ä	Q4	3	1	top	400	606.54	400	606.54
top_µ¹¼Ü¹ä·ù_µ¹¼Ü_¾Ë¹ä_Q4_00023.JPG	train	train	¾Ë¹ä	6	¾Ë¹ä	Q4	3	1	top	400	606.54	400	606.54
top_µ¹¼Ü¹ä·ù_µ¹¼Ü_¾Ë¹ä_Q4_00025.JPG	train	train	¾Ë¹ä	6	¾Ë¹ä	Q4	3	1	top	400	606.54	400	606.54
top_µ¹¼Ü¹ä·ù_µ¹¼Ü_¾Ë¹ä_Q4_00026.JPG	train	train	¾Ë¹ä	6	¾Ë¹ä	Q4	3	1	top	400	606.54	400	606.54
top_µ¹¼Ü¹ä·ù_µ¹¼Ü_¾Ë¹ä_Q4_00027.JPG	train	train	¾Ë¹ä	6	¾Ë¹ä	Q4	3	1	top	400	606.54	400	606.54
top_µ¹¼Ü¹ä·ù_µ¹¼Ü_¾Ë¹ä_Q4_00028.JPG	train	train	¾Ë¹ä	6	¾Ë¹ä	Q4	3	1	top	400	606.54	400	606.54
top_µ¹¼Ü¹ä·ù_µ¹¼Ü_¾Ë¹ä_Q4_00029.JPG	train	train	¾Ë¹ä	6	¾Ë¹ä	Q4	3	1	top	400	606.54	400	606.54
top_µ¹¼Ü¹ä·ù_µ¹¼Ü_¾Ë¹ä_Q4_00030.JPG	train	train	¾Ë¹ä	6	¾Ë¹ä	Q4	3	1	top	400	606.54	400	606.54
top_µ¹¼Ü¹ä·ù_µ¹¼Ü_¾Ë¹ä_Q4_00031.JPG	train	train	¾Ë¹ä	6	¾Ë¹ä	Q4	3	1	top	400	606.54	400	606.54
top_µ¹¼Ü¹ä·ù_µ¹¼Ü_¾Ë¹ä_Q4_00032.JPG	train	train	¾Ë¹ä	6	¾Ë¹ä	Q4	3	1	top	400	606.54	400	606.54
top_µ¹¼Ü¹ä·ù_µ¹¼Ü_¾Ë¹ä_Q4_00033.JPG	train	train	¾Ë¹ä	6	¾Ë¹ä	Q4	3	1	top	400	606.54	400	606.54
top_µ¹¼Ü¹ä·ù_µ¹¼Ü_¾Ë¹ä_Q4_00034.JPG	train	train	¾Ë¹ä	6	¾Ë¹ä	Q4	3	1	top	400	606.54	400	606.54
top_µ¹¼Ü¹ä·ù_µ¹¼Ü_¾Ë¹ä_Q4_00035.JPG	train	train	¾Ë¹ä	6	¾Ë¹ä	Q4	3	1	top	400	606.54	400	606.54
top_µ¹¼Ü¹ä·ù_µ¹¼Ü_¾Ë¹ä_Q4_00036.JPG	train	train	¾Ë¹ä	6	¾Ë¹ä	Q4	3	1	top	400	606.54	400	606.54
top_µ¹¼Ü¹ä·ù_µ¹¼Ü_¾Ë¹ä_Q4_00037.JPG	train	train	¾Ë¹ä	6	¾Ë¹ä	Q4	3	1	top	400	606.54	400	606.54
top_µ¹¼Ü¹ä·ù_µ¹¼Ü_¾Ë¹ä_Q4_00038.JPG	train	train	¾Ë¹ä	6	¾Ë¹ä	Q4	3	1	top	400	606.54	400	606.54
top_µ¹¼Ü¹ä·ù_µ¹¼Ü_¾Ë¹ä_Q4_00039.JPG	train	train	¾Ë¹ä	6	¾Ë¹ä	Q4	3	1	top	400	606.54	400	606.54
top_µ¹¼Ü¹ä·ù_µ¹¼Ü_¾Ë¹ä_Q4_00040.JPG	train	train	¾Ë¹ä	6	¾Ë¹ä	Q4	3	1	top	400	606.54	400	606.54
top_µ¹¼Ü¹ä·ù_µ¹¼Ü_¾Ë¹ä_Q4_00041.JPG	train	train	¾Ë¹ä	6	¾Ë¹ä	Q4	3	1	top	400	606.54	400	606.54
top_µ¹¼Ü¹ä·ù_µ¹¼Ü_¾Ë¹ä_Q4_00043.JPG	train	train	¾Ë¹ä	6	¾Ë¹ä	Q4	3	1	top	400	606.54	400	606.54
top_µ¹¼Ü¹ä·ù_µ¹¼Ü_¾Ë¹ä_Q4_00044.JPG	train	train	¾Ë¹ä	6	¾Ë¹ä	Q4	3	1	top	400	606.54	400	606.54
top_µ¹¼Ü¹ä·ù_µ¹¼Ü_¾Ë¹ä_Q4_00046.JPG	train	train	¾Ë¹ä	6	¾Ë¹ä	Q4	3	1	top	400	606.54	400	606.54
top_µ¹¼Ü¹ä·ù_µ¹¼Ü_¾Ë¹ä_Q4_00048.JPG	train	train	¾Ë¹ä	6	¾Ë¹ä	Q4	3	1	top	400	606.54	400	606.54
top_µ¹¼Ü¹ä·ù_µ¹¼Ü_¾Ë¹ä_Q4_00049.JPG	train	train	¾Ë¹ä	6	¾Ë¹ä	Q4	3	1	top	400	606.54	400	606.54
top_µ¹¼Ü¹ä·ù_µ¹¼Ü_¾Ë¹ä_Q4_00050.JPG	train	train	¾Ë¹ä	6	¾Ë¹ä	Q4	3	1	top	400	606.54	400	606.54
top_µ¹¼Ü¹ä·ù_µ¹¼Ü_¾Ë¹ä_Q4_00051.JPG	train	train	¾Ë¹ä	6	¾Ë¹ä	Q4	3	1	top	400	606.54	400	606.54
side_µ¹¼Ü¹ä·ù_µ¹¼Ü_¾Ë¹ä_Q5_00001.JPG	train	train	¾Ë¹ä	6	¾Ë¹ä	Q5	4	1.25	side	400	606.54	500	758.17
side_µ¹¼Ü¹ä·ù_µ¹¼Ü_¾Ë¹ä_Q5_00002.JPG	train	train	¾Ë¹ä	6	¾Ë¹ä	Q5	4	1.25	side	400	606.54	500	758.17
side_µ¹¼Ü¹ä·ù_µ¹¼Ü_¾Ë¹ä_Q5_00003.JPG	train	train	¾Ë¹ä	6	¾Ë¹ä	Q5	4	1.25	side	400	606.54	500	758.17
side_µ¹¼Ü¹ä·ù_µ¹¼Ü_¾Ë¹ä_Q5_00004.JPG	train	train	¾Ë¹ä	6	¾Ë¹ä	Q5	4	1.25	side	400	606.54	500	758.17
side_µ¹¼Ü¹ä·ù_µ¹¼Ü_¾Ë¹ä_Q5_00005.JPG	train	train	¾Ë¹ä	6	¾Ë¹ä	Q5	4	1.25	side	400	606.54	500	758.17
side_µ¹¼Ü¹ä·ù_µ¹¼Ü_¾Ë¹ä_Q5_00006.JPG	train	train	¾Ë¹ä	6	¾Ë¹ä	Q5	4	1.25	side	400	606.54	500	758.17
side_µ¹¼Ü¹ä·ù_µ¹¼Ü_¾Ë¹ä_Q5_00007.JPG	train	train	¾Ë¹ä	6	¾Ë¹ä	Q5	4	1.25	side	400	606.54	500	758.17
side_µ¹¼Ü¹ä·ù_µ¹¼Ü_¾Ë¹ä_Q5_00008.JPG	train	train	¾Ë¹ä	6	¾Ë¹ä	Q5	4	1.25	side	400	606.54	500	758.17
side_µ¹¼Ü¹ä·ù_µ¹¼Ü_¾Ë¹ä_Q5_00009.JPG	train	train	¾Ë¹ä	6	¾Ë¹ä	Q5	4	1.25	side	400	606.54	500	758.17
side_µ¹¼Ü¹ä·ù_µ¹¼Ü_¾Ë¹ä_Q5_00010.JPG	train	train	¾Ë¹ä	6	¾Ë¹ä	Q5	4	1.25	side	400	606.54	500	758.17
side_µ¹¼Ü¹ä·ù_µ¹¼Ü_¾Ë¹ä_Q5_00011.JPG	train	train	¾Ë¹ä	6	¾Ë¹ä	Q5	4	1.25	side	400	606.54	500	758.17
side_µ¹¼Ü¹ä·ù_µ¹¼Ü_¾Ë¹ä_Q5_00012.JPG	train	train	¾Ë¹ä	6	¾Ë¹ä	Q5	4	1.25	side	400	606.54	500	758.17
side_µ¹¼Ü¹ä·ù_µ¹¼Ü_¾Ë¹ä_Q5_00013.JPG	train	train	¾Ë¹ä	6	¾Ë¹ä	Q5	4	1.25	side	400	606.54	500	758.17
side_µ¹¼Ü¹ä·ù_µ¹¼Ü_¾Ë¹ä_Q5_00014.JPG	train	train	¾Ë¹ä	6	¾Ë¹ä	Q5	4	1.25	side	400	606.54	500	758.17
side_µ¹¼Ü¹ä·ù_µ¹¼Ü_¾Ë¹ä_Q5_00015.JPG	train	train	¾Ë¹ä	6	¾Ë¹ä	Q5	4	1.25	side	400	606.54	500	758.17
side_µ¹¼Ü¹ä·ù_µ¹¼Ü_¾Ë¹ä_Q5_00016.JPG	train	train	¾Ë¹ä	6	¾Ë¹ä	Q5	4	1.25	side	400	606.54	500	758.17
side_µ¹¼Ü¹ä·ù_µ¹¼Ü_¾Ë¹ä_Q5_00018.JPG	train	train	¾Ë¹ä	6	¾Ë¹ä	Q5	4	1.25	side	400	606.54	500	758.17
side_µ¹¼Ü¹ä·ù_µ¹¼Ü_¾Ë¹ä_Q5_00020.JPG	train	train	¾Ë¹ä	6	¾Ë¹ä	Q5	4	1.25	side	400	606.54	500	758.17
side_µ¹¼Ü¹ä·ù_µ¹¼Ü_¾Ë¹ä_Q5_00021.JPG	train	train	¾Ë¹ä	6	¾Ë¹ä	Q5	4	1.25	side	400	606.54	500	758.17
side_µ¹¼Ü¹ä·ù_µ¹¼Ü_¾Ë¹ä_Q5_00024.JPG	train	train	¾Ë¹ä	6	¾Ë¹ä	Q5	4	1.25	side	400	606.54	500	758.17
side_µ¹¼Ü¹ä·ù_µ¹¼Ü_¾Ë¹ä_Q5_00025.JPG	train	train	¾Ë¹ä	6	¾Ë¹ä	Q5	4	1.25	side	400	606.54	500	758.17
side_µ¹¼Ü¹ä·ù_µ¹¼Ü_¾Ë¹ä_Q5_00026.JPG	train	train	¾Ë¹ä	6	¾Ë¹ä	Q5	4	1.25	side	400	606.54	500	758.17
side_µ¹¼Ü¹ä·ù_µ¹¼Ü_¾Ë¹ä_Q5_00027.JPG	train	train	¾Ë¹ä	6	¾Ë¹ä	Q5	4	1.25	side	400	606.54	500	758.17
side_µ¹¼Ü¹ä·ù_µ¹¼Ü_¾Ë¹ä_Q5_00028.JPG	train	train	¾Ë¹ä	6	¾Ë¹ä	Q5	4	1.25	side	400	606.54	500	758.17
side_µ¹¼Ü¹ä·ù_µ¹¼Ü_¾Ë¹ä_Q5_00029.JPG	train	train	¾Ë¹ä	6	¾Ë¹ä	Q5	4	1.25	side	400	606.54	500	758.17
side_µ¹¼Ü¹ä·ù_µ¹¼Ü_¾Ë¹ä_Q5_00030.JPG	train	train	¾Ë¹ä	6	¾Ë¹ä	Q5	4	1.25	side	400	606.54	500	758.17
side_µ¹¼Ü¹ä·ù_µ¹¼Ü_¾Ë¹ä_Q5_00031.JPG	train	train	¾Ë¹ä	6	¾Ë¹ä	Q5	4	1.25	side	400	606.54	500	758.17
side_µ¹¼Ü¹ä·ù_µ¹¼Ü_¾Ë¹ä_Q5_00032.JPG	train	train	¾Ë¹ä	6	¾Ë¹ä	Q5	4	1.25	side	400	606.54	500	758.17
side_µ¹¼Ü¹ä·ù_µ¹¼Ü_¾Ë¹ä_Q5_00033.JPG	train	train	¾Ë¹ä	6	¾Ë¹ä	Q5	4	1.25	side	400	606.54	500	758.17
side_µ¹¼Ü¹ä·ù_µ¹¼Ü_¾Ë¹ä_Q5_00034.JPG	train	train	¾Ë¹ä	6	¾Ë¹ä	Q5	4	1.25	side	400	606.54	500	758.17
side_µ¹¼Ü¹ä·ù_µ¹¼Ü_¾Ë¹ä_Q5_00035.JPG	train	train	¾Ë¹ä	6	¾Ë¹ä	Q5	4	1.25	side	400	606.54	500	758.17
side_µ¹¼Ü¹ä·ù_µ¹¼Ü_¾Ë¹ä_Q5_00036.JPG	train	train	¾Ë¹ä	6	¾Ë¹ä	Q5	4	1.25	side	400	606.54	500	758.17
side_µ¹¼Ü¹ä·ù_µ¹¼Ü_¾Ë¹ä_Q5_00038.JPG	train	train	¾Ë¹ä	6	¾Ë¹ä	Q5	4	1.25	side	400	606.54	500	758.17
side_µ¹¼Ü¹ä·ù_µ¹¼Ü_¾Ë¹ä_Q5_00040.JPG	train	train	¾Ë¹ä	6	¾Ë¹ä	Q5	4	1.25	side	400	606.54	500	758.17
side_µ¹¼Ü¹ä·ù_µ¹¼Ü_¾Ë¹ä_Q5_00042.JPG	train	train	¾Ë¹ä	6	¾Ë¹ä	Q5	4	1.25	side	400	606.54	500	758.17
side_µ¹¼Ü¹ä·ù_µ¹¼Ü_¾Ë¹ä_Q5_00043.JPG	train	train	¾Ë¹ä	6	¾Ë¹ä	Q5	4	1.25	side	400	606.54	500	758.17
side_µ¹¼Ü¹ä·ù_µ¹¼Ü_¾Ë¹ä_Q5_00044.JPG	train	train	¾Ë¹ä	6	¾Ë¹ä	Q5	4	1.25	side	400	606.54	500	758.17
side_µ¹¼Ü¹ä·ù_µ¹¼Ü_¾Ë¹ä_Q5_00046.JPG	train	train	¾Ë¹ä	6	¾Ë¹ä	Q5	4	1.25	side	400	606.54	500	758.17
side_µ¹¼Ü¹ä·ù_µ¹¼Ü_¾Ë¹ä_Q5_00047.JPG	train	train	¾Ë¹ä	6	¾Ë¹ä	Q5	4	1.25	side	400	606.54	500	758.17
side_µ¹¼Ü¹ä·ù_µ¹¼Ü_¾Ë¹ä_Q5_00048.JPG	train	train	¾Ë¹ä	6	¾Ë¹ä	Q5	4	1.25	side	400	606.54	500	758.17
side_µ¹¼Ü¹ä·ù_µ¹¼Ü_¾Ë¹ä_Q5_00049.JPG	train	train	¾Ë¹ä	6	¾Ë¹ä	Q5	4	1.25	side	400	606.54	500	758.17
side_µ¹¼Ü¹ä·ù_µ¹¼Ü_¾Ë¹ä_Q5_00050.JPG	train	train	¾Ë¹ä	6	¾Ë¹ä	Q5	4	1.25	side	400	606.54	500	758.17
side_µ¹¼Ü¹ä·ù_µ¹¼Ü_¾Ë¹ä_Q5_00051.JPG	train	train	¾Ë¹ä	6	¾Ë¹ä	Q5	4	1.25	side	400	606.54	500	758.17
side_µ¹¼Ü¹ä·ù_µ¹¼Ü_¾Ë¹ä_Q5_00052.JPG	train	train	¾Ë¹ä	6	¾Ë¹ä	Q5	4	1.25	side	400	606.54	500	758.17
side_µ¹¼Ü¹ä·ù_µ¹¼Ü_¾Ë¹ä_Q5_00053.JPG	train	train	¾Ë¹ä	6	¾Ë¹ä	Q5	4	1.25	side	400	606.54	500	758.17
side_µ¹¼Ü¹ä·ù_µ¹¼Ü_¾Ë¹ä_Q5_00054.JPG	train	train	¾Ë¹ä	6	¾Ë¹ä	Q5	4	1.25	side	400	606.54	500	758.17
side_µ¹¼Ü¹ä·ù_µ¹¼Ü_¾Ë¹ä_Q5_00055.JPG	train	train	¾Ë¹ä	6	¾Ë¹ä	Q5	4	1.25	side	400	606.54	500	758.17
side_µ¹¼Ü¹ä·ù_µ¹¼Ü_¾Ë¹ä_Q5_00056.JPG	train	train	¾Ë¹ä	6	¾Ë¹ä	Q5	4	1.25	side	400	606.54	500	758.17
side_µ¹¼Ü¹ä·ù_µ¹¼Ü_¾Ë¹ä_Q5_00057.JPG	train	train	¾Ë¹ä	6	¾Ë¹ä	Q5	4	1.25	side	400	606.54	500	758.17
side_µ¹¼Ü¹ä·ù_µ¹¼Ü_¾Ë¹ä_Q5_00058.JPG	train	train	¾Ë¹ä	6	¾Ë¹ä	Q5	4	1.25	side	400	606.54	500	758.17
side_µ¹¼Ü¹ä·ù_µ¹¼Ü_¾Ë¹ä_Q5_00059.JPG	train	train	¾Ë¹ä	6	¾Ë¹ä	Q5	4	1.25	side	400	606.54	500	758.17
side_µ¹¼Ü¹ä·ù_µ¹¼Ü_¾Ë¹ä_Q5_00061.JPG	train	train	¾Ë¹ä	6	¾Ë¹ä	Q5	4	1.25	side	400	606.54	500	758.17
top_µ¹¼Ü¹ä·ù_µ¹¼Ü_¾Ë¹ä_Q5_00001.JPG	train	train	¾Ë¹ä	6	¾Ë¹ä	Q5	4	1.25	top	400	606.54	500	758.17
top_µ¹¼Ü¹ä·ù_µ¹¼Ü_¾Ë¹ä_Q5_00002.JPG	train	train	¾Ë¹ä	6	¾Ë¹ä	Q5	4	1.25	top	400	606.54	500	758.17
top_µ¹¼Ü¹ä·ù_µ¹¼Ü_¾Ë¹ä_Q5_00003.JPG	train	train	¾Ë¹ä	6	¾Ë¹ä	Q5	4	1.25	top	400	606.54	500	758.17
top_µ¹¼Ü¹ä·ù_µ¹¼Ü_¾Ë¹ä_Q5_00004.JPG	train	train	¾Ë¹ä	6	¾Ë¹ä	Q5	4	1.25	top	400	606.54	500	758.17
top_µ¹¼Ü¹ä·ù_µ¹¼Ü_¾Ë¹ä_Q5_00005.JPG	train	train	¾Ë¹ä	6	¾Ë¹ä	Q5	4	1.25	top	400	606.54	500	758.17
top_µ¹¼Ü¹ä·ù_µ¹¼Ü_¾Ë¹ä_Q5_00006.JPG	train	train	¾Ë¹ä	6	¾Ë¹ä	Q5	4	1.25	top	400	606.54	500	758.17
top_µ¹¼Ü¹ä·ù_µ¹¼Ü_¾Ë¹ä_Q5_00007.JPG	train	train	¾Ë¹ä	6	¾Ë¹ä	Q5	4	1.25	top	400	606.54	500	758.17
top_µ¹¼Ü¹ä·ù_µ¹¼Ü_¾Ë¹ä_Q5_00009.JPG	train	train	¾Ë¹ä	6	¾Ë¹ä	Q5	4	1.25	top	400	606.54	500	758.17
top_µ¹¼Ü¹ä·ù_µ¹¼Ü_¾Ë¹ä_Q5_00010.JPG	train	train	¾Ë¹ä	6	¾Ë¹ä	Q5	4	1.25	top	400	606.54	500	758.17
top_µ¹¼Ü¹ä·ù_µ¹¼Ü_¾Ë¹ä_Q5_00011.JPG	train	train	¾Ë¹ä	6	¾Ë¹ä	Q5	4	1.25	top	400	606.54	500	758.17
top_µ¹¼Ü¹ä·ù_µ¹¼Ü_¾Ë¹ä_Q5_00013.JPG	train	train	¾Ë¹ä	6	¾Ë¹ä	Q5	4	1.25	top	400	606.54	500	758.17
top_µ¹¼Ü¹ä·ù_µ¹¼Ü_¾Ë¹ä_Q5_00014.JPG	train	train	¾Ë¹ä	6	¾Ë¹ä	Q5	4	1.25	top	400	606.54	500	758.17
top_µ¹¼Ü¹ä·ù_µ¹¼Ü_¾Ë¹ä_Q5_00015.JPG	train	train	¾Ë¹ä	6	¾Ë¹ä	Q5	4	1.25	top	400	606.54	500	758.17
top_µ¹¼Ü¹ä·ù_µ¹¼Ü_¾Ë¹ä_Q5_00016.JPG	train	train	¾Ë¹ä	6	¾Ë¹ä	Q5	4	1.25	top	400	606.54	500	758.17
top_µ¹¼Ü¹ä·ù_µ¹¼Ü_¾Ë¹ä_Q5_00018.JPG	train	train	¾Ë¹ä	6	¾Ë¹ä	Q5	4	1.25	top	400	606.54	500	758.17
top_µ¹¼Ü¹ä·ù_µ¹¼Ü_¾Ë¹ä_Q5_00019.JPG	train	train	¾Ë¹ä	6	¾Ë¹ä	Q5	4	1.25	top	400	606.54	500	758.17
top_µ¹¼Ü¹ä·ù_µ¹¼Ü_¾Ë¹ä_Q5_00022.JPG	train	train	¾Ë¹ä	6	¾Ë¹ä	Q5	4	1.25	top	400	606.54	500	758.17
top_µ¹¼Ü¹ä·ù_µ¹¼Ü_¾Ë¹ä_Q5_00024.JPG	train	train	¾Ë¹ä	6	¾Ë¹ä	Q5	4	1.25	top	400	606.54	500	758.17
top_µ¹¼Ü¹ä·ù_µ¹¼Ü_¾Ë¹ä_Q5_00025.JPG	train	train	¾Ë¹ä	6	¾Ë¹ä	Q5	4	1.25	top	400	606.54	500	758.17
top_µ¹¼Ü¹ä·ù_µ¹¼Ü_¾Ë¹ä_Q5_00026.JPG	train	train	¾Ë¹ä	6	¾Ë¹ä	Q5	4	1.25	top	400	606.54	500	758.17
top_µ¹¼Ü¹ä·ù_µ¹¼Ü_¾Ë¹ä_Q5_00027.JPG	train	train	¾Ë¹ä	6	¾Ë¹ä	Q5	4	1.25	top	400	606.54	500	758.17
top_µ¹¼Ü¹ä·ù_µ¹¼Ü_¾Ë¹ä_Q5_00029.JPG	train	train	¾Ë¹ä	6	¾Ë¹ä	Q5	4	1.25	top	400	606.54	500	758.17
top_µ¹¼Ü¹ä·ù_µ¹¼Ü_¾Ë¹ä_Q5_00030.JPG	train	train	¾Ë¹ä	6	¾Ë¹ä	Q5	4	1.25	top	400	606.54	500	758.17
top_µ¹¼Ü¹ä·ù_µ¹¼Ü_¾Ë¹ä_Q5_00031.JPG	train	train	¾Ë¹ä	6	¾Ë¹ä	Q5	4	1.25	top	400	606.54	500	758.17
top_µ¹¼Ü¹ä·ù_µ¹¼Ü_¾Ë¹ä_Q5_00032.JPG	train	train	¾Ë¹ä	6	¾Ë¹ä	Q5	4	1.25	top	400	606.54	500	758.17
top_µ¹¼Ü¹ä·ù_µ¹¼Ü_¾Ë¹ä_Q5_00033.JPG	train	train	¾Ë¹ä	6	¾Ë¹ä	Q5	4	1.25	top	400	606.54	500	758.17
top_µ¹¼Ü¹ä·ù_µ¹¼Ü_¾Ë¹ä_Q5_00035.JPG	train	train	¾Ë¹ä	6	¾Ë¹ä	Q5	4	1.25	top	400	606.54	500	758.17
top_µ¹¼Ü¹ä·ù_µ¹¼Ü_¾Ë¹ä_Q5_00036.JPG	train	train	¾Ë¹ä	6	¾Ë¹ä	Q5	4	1.25	top	400	606.54	500	758.17
top_µ¹¼Ü¹ä·ù_µ¹¼Ü_¾Ë¹ä_Q5_00038.JPG	train	train	¾Ë¹ä	6	¾Ë¹ä	Q5	4	1.25	top	400	606.54	500	758.17
top_µ¹¼Ü¹ä·ù_µ¹¼Ü_¾Ë¹ä_Q5_00039.JPG	train	train	¾Ë¹ä	6	¾Ë¹ä	Q5	4	1.25	top	400	606.54	500	758.17
top_µ¹¼Ü¹ä·ù_µ¹¼Ü_¾Ë¹ä_Q5_00040.JPG	train	train	¾Ë¹ä	6	¾Ë¹ä	Q5	4	1.25	top	400	606.54	500	758.17
top_µ¹¼Ü¹ä·ù_µ¹¼Ü_¾Ë¹ä_Q5_00041.JPG	train	train	¾Ë¹ä	6	¾Ë¹ä	Q5	4	1.25	top	400	606.54	500	758.17
top_µ¹¼Ü¹ä·ù_µ¹¼Ü_¾Ë¹ä_Q5_00042.JPG	train	train	¾Ë¹ä	6	¾Ë¹ä	Q5	4	1.25	top	400	606.54	500	758.17
top_µ¹¼Ü¹ä·ù_µ¹¼Ü_¾Ë¹ä_Q5_00043.JPG	train	train	¾Ë¹ä	6	¾Ë¹ä	Q5	4	1.25	top	400	606.54	500	758.17
top_µ¹¼Ü¹ä·ù_µ¹¼Ü_¾Ë¹ä_Q5_00044.JPG	train	train	¾Ë¹ä	6	¾Ë¹ä	Q5	4	1.25	top	400	606.54	500	758.17
top_µ¹¼Ü¹ä·ù_µ¹¼Ü_¾Ë¹ä_Q5_00046.JPG	train	train	¾Ë¹ä	6	¾Ë¹ä	Q5	4	1.25	top	400	606.54	500	758.17
top_µ¹¼Ü¹ä·ù_µ¹¼Ü_¾Ë¹ä_Q5_00047.JPG	train	train	¾Ë¹ä	6	¾Ë¹ä	Q5	4	1.25	top	400	606.54	500	758.17
top_µ¹¼Ü¹ä·ù_µ¹¼Ü_¾Ë¹ä_Q5_00048.JPG	train	train	¾Ë¹ä	6	¾Ë¹ä	Q5	4	1.25	top	400	606.54	500	758.17
top_µ¹¼Ü¹ä·ù_µ¹¼Ü_¾Ë¹ä_Q5_00049.JPG	train	train	¾Ë¹ä	6	¾Ë¹ä	Q5	4	1.25	top	400	606.54	500	758.17
top_µ¹¼Ü¹ä·ù_µ¹¼Ü_¾Ë¹ä_Q5_00050.JPG	train	train	¾Ë¹ä	6	¾Ë¹ä	Q5	4	1.25	top	400	606.54	500	758.17
side_µ¹¼Ü¹ä·ù_µ¹¼Ü_¿µ¾çµ¹¼Ü¹ä_Q1_00001.JPG	train	train	¿µ¾çµ¹¼Ü¹ä	7	µ¹¼Ü¹ä	Q1	0	0.25	side	350	528.855	87.5	132.21
side_µ¹¼Ü¹ä·ù_µ¹¼Ü_¿µ¾çµ¹¼Ü¹ä_Q1_00002.JPG	train	train	¿µ¾çµ¹¼Ü¹ä	7	µ¹¼Ü¹ä	Q1	0	0.25	side	350	528.855	87.5	132.21
side_µ¹¼Ü¹ä·ù_µ¹¼Ü_¿µ¾çµ¹¼Ü¹ä_Q1_00003.JPG	train	train	¿µ¾çµ¹¼Ü¹ä	7	µ¹¼Ü¹ä	Q1	0	0.25	side	350	528.855	87.5	132.21
side_µ¹¼Ü¹ä·ù_µ¹¼Ü_¿µ¾çµ¹¼Ü¹ä_Q1_00004.JPG	train	train	¿µ¾çµ¹¼Ü¹ä	7	µ¹¼Ü¹ä	Q1	0	0.25	side	350	528.855	87.5	132.21
side_µ¹¼Ü¹ä·ù_µ¹¼Ü_¿µ¾çµ¹¼Ü¹ä_Q1_00005.JPG	train	train	¿µ¾çµ¹¼Ü¹ä	7	µ¹¼Ü¹ä	Q1	0	0.25	side	350	528.855	87.5	132.21
side_µ¹¼Ü¹ä·ù_µ¹¼Ü_¿µ¾çµ¹¼Ü¹ä_Q1_00006.JPG	train	train	¿µ¾çµ¹¼Ü¹ä	7	µ¹¼Ü¹ä	Q1	0	0.25	side	350	528.855	87.5	132.21
side_µ¹¼Ü¹ä·ù_µ¹¼Ü_¿µ¾çµ¹¼Ü¹ä_Q1_00007.JPG	train	train	¿µ¾çµ¹¼Ü¹ä	7	µ¹¼Ü¹ä	Q1	0	0.25	side	350	528.855	87.5	132.21
side_µ¹¼Ü¹ä·ù_µ¹¼Ü_¿µ¾çµ¹¼Ü¹ä_Q1_00008.JPG	train	train	¿µ¾çµ¹¼Ü¹ä	7	µ¹¼Ü¹ä	Q1	0	0.25	side	350	528.855	87.5	132.21
side_µ¹¼Ü¹ä·ù_µ¹¼Ü_¿µ¾çµ¹¼Ü¹ä_Q1_00009.JPG	train	train	¿µ¾çµ¹¼Ü¹ä	7	µ¹¼Ü¹ä	Q1	0	0.25	side	350	528.855	87.5	132.21
side_µ¹¼Ü¹ä·ù_µ¹¼Ü_¿µ¾çµ¹¼Ü¹ä_Q1_00010.JPG	train	train	¿µ¾çµ¹¼Ü¹ä	7	µ¹¼Ü¹ä	Q1	0	0.25	side	350	528.855	87.5	132.21
side_µ¹¼Ü¹ä·ù_µ¹¼Ü_¿µ¾çµ¹¼Ü¹ä_Q1_00013.JPG	train	train	¿µ¾çµ¹¼Ü¹ä	7	µ¹¼Ü¹ä	Q1	0	0.25	side	350	528.855	87.5	132.21
side_µ¹¼Ü¹ä·ù_µ¹¼Ü_¿µ¾çµ¹¼Ü¹ä_Q1_00017.JPG	train	train	¿µ¾çµ¹¼Ü¹ä	7	µ¹¼Ü¹ä	Q1	0	0.25	side	350	528.855	87.5	132.21
side_µ¹¼Ü¹ä·ù_µ¹¼Ü_¿µ¾çµ¹¼Ü¹ä_Q1_00018.JPG	train	train	¿µ¾çµ¹¼Ü¹ä	7	µ¹¼Ü¹ä	Q1	0	0.25	side	350	528.855	87.5	132.21
side_µ¹¼Ü¹ä·ù_µ¹¼Ü_¿µ¾çµ¹¼Ü¹ä_Q1_00019.JPG	train	train	¿µ¾çµ¹¼Ü¹ä	7	µ¹¼Ü¹ä	Q1	0	0.25	side	350	528.855	87.5	132.21
side_µ¹¼Ü¹ä·ù_µ¹¼Ü_¿µ¾çµ¹¼Ü¹ä_Q1_00020.JPG	train	train	¿µ¾çµ¹¼Ü¹ä	7	µ¹¼Ü¹ä	Q1	0	0.25	side	350	528.855	87.5	132.21
side_µ¹¼Ü¹ä·ù_µ¹¼Ü_¿µ¾çµ¹¼Ü¹ä_Q1_00021.JPG	train	train	¿µ¾çµ¹¼Ü¹ä	7	µ¹¼Ü¹ä	Q1	0	0.25	side	350	528.855	87.5	132.21
side_µ¹¼Ü¹ä·ù_µ¹¼Ü_¿µ¾çµ¹¼Ü¹ä_Q1_00022.JPG	train	train	¿µ¾çµ¹¼Ü¹ä	7	µ¹¼Ü¹ä	Q1	0	0.25	side	350	528.855	87.5	132.21
side_µ¹¼Ü¹ä·ù_µ¹¼Ü_¿µ¾çµ¹¼Ü¹ä_Q1_00024.JPG	train	train	¿µ¾çµ¹¼Ü¹ä	7	µ¹¼Ü¹ä	Q1	0	0.25	side	350	528.855	87.5	132.21
side_µ¹¼Ü¹ä·ù_µ¹¼Ü_¿µ¾çµ¹¼Ü¹ä_Q1_00025.JPG	train	train	¿µ¾çµ¹¼Ü¹ä	7	µ¹¼Ü¹ä	Q1	0	0.25	side	350	528.855	87.5	132.21
side_µ¹¼Ü¹ä·ù_µ¹¼Ü_¿µ¾çµ¹¼Ü¹ä_Q1_00028.JPG	train	train	¿µ¾çµ¹¼Ü¹ä	7	µ¹¼Ü¹ä	Q1	0	0.25	side	350	528.855	87.5	132.21
side_µ¹¼Ü¹ä·ù_µ¹¼Ü_¿µ¾çµ¹¼Ü¹ä_Q1_00029.JPG	train	train	¿µ¾çµ¹¼Ü¹ä	7	µ¹¼Ü¹ä	Q1	0	0.25	side	350	528.855	87.5	132.21
side_µ¹¼Ü¹ä·ù_µ¹¼Ü_¿µ¾çµ¹¼Ü¹ä_Q1_00030.JPG	train	train	¿µ¾çµ¹¼Ü¹ä	7	µ¹¼Ü¹ä	Q1	0	0.25	side	350	528.855	87.5	132.21
side_µ¹¼Ü¹ä·ù_µ¹¼Ü_¿µ¾çµ¹¼Ü¹ä_Q1_00031.JPG	train	train	¿µ¾çµ¹¼Ü¹ä	7	µ¹¼Ü¹ä	Q1	0	0.25	side	350	528.855	87.5	132.21
side_µ¹¼Ü¹ä·ù_µ¹¼Ü_¿µ¾çµ¹¼Ü¹ä_Q1_00033.JPG	train	train	¿µ¾çµ¹¼Ü¹ä	7	µ¹¼Ü¹ä	Q1	0	0.25	side	350	528.855	87.5	132.21
side_µ¹¼Ü¹ä·ù_µ¹¼Ü_¿µ¾çµ¹¼Ü¹ä_Q1_00034.JPG	train	train	¿µ¾çµ¹¼Ü¹ä	7	µ¹¼Ü¹ä	Q1	0	0.25	side	350	528.855	87.5	132.21
side_µ¹¼Ü¹ä·ù_µ¹¼Ü_¿µ¾çµ¹¼Ü¹ä_Q1_00035.JPG	train	train	¿µ¾çµ¹¼Ü¹ä	7	µ¹¼Ü¹ä	Q1	0	0.25	side	350	528.855	87.5	132.21
side_µ¹¼Ü¹ä·ù_µ¹¼Ü_¿µ¾çµ¹¼Ü¹ä_Q1_00037.JPG	train	train	¿µ¾çµ¹¼Ü¹ä	7	µ¹¼Ü¹ä	Q1	0	0.25	side	350	528.855	87.5	132.21
side_µ¹¼Ü¹ä·ù_µ¹¼Ü_¿µ¾çµ¹¼Ü¹ä_Q1_00038.JPG	train	train	¿µ¾çµ¹¼Ü¹ä	7	µ¹¼Ü¹ä	Q1	0	0.25	side	350	528.855	87.5	132.21
side_µ¹¼Ü¹ä·ù_µ¹¼Ü_¿µ¾çµ¹¼Ü¹ä_Q1_00039.JPG	train	train	¿µ¾çµ¹¼Ü¹ä	7	µ¹¼Ü¹ä	Q1	0	0.25	side	350	528.855	87.5	132.21
side_µ¹¼Ü¹ä·ù_µ¹¼Ü_¿µ¾çµ¹¼Ü¹ä_Q1_00040.JPG	train	train	¿µ¾çµ¹¼Ü¹ä	7	µ¹¼Ü¹ä	Q1	0	0.25	side	350	528.855	87.5	132.21
side_µ¹¼Ü¹ä·ù_µ¹¼Ü_¿µ¾çµ¹¼Ü¹ä_Q1_00041.JPG	train	train	¿µ¾çµ¹¼Ü¹ä	7	µ¹¼Ü¹ä	Q1	0	0.25	side	350	528.855	87.5	132.21
side_µ¹¼Ü¹ä·ù_µ¹¼Ü_¿µ¾çµ¹¼Ü¹ä_Q1_00042.JPG	train	train	¿µ¾çµ¹¼Ü¹ä	7	µ¹¼Ü¹ä	Q1	0	0.25	side	350	528.855	87.5	132.21
side_µ¹¼Ü¹ä·ù_µ¹¼Ü_¿µ¾çµ¹¼Ü¹ä_Q1_00043.JPG	train	train	¿µ¾çµ¹¼Ü¹ä	7	µ¹¼Ü¹ä	Q1	0	0.25	side	350	528.855	87.5	132.21
side_µ¹¼Ü¹ä·ù_µ¹¼Ü_¿µ¾çµ¹¼Ü¹ä_Q1_00044.JPG	train	train	¿µ¾çµ¹¼Ü¹ä	7	µ¹¼Ü¹ä	Q1	0	0.25	side	350	528.855	87.5	132.21
side_µ¹¼Ü¹ä·ù_µ¹¼Ü_¿µ¾çµ¹¼Ü¹ä_Q1_00045.JPG	train	train	¿µ¾çµ¹¼Ü¹ä	7	µ¹¼Ü¹ä	Q1	0	0.25	side	350	528.855	87.5	132.21
side_µ¹¼Ü¹ä·ù_µ¹¼Ü_¿µ¾çµ¹¼Ü¹ä_Q1_00046.JPG	train	train	¿µ¾çµ¹¼Ü¹ä	7	µ¹¼Ü¹ä	Q1	0	0.25	side	350	528.855	87.5	132.21
side_µ¹¼Ü¹ä·ù_µ¹¼Ü_¿µ¾çµ¹¼Ü¹ä_Q1_00048.JPG	train	train	¿µ¾çµ¹¼Ü¹ä	7	µ¹¼Ü¹ä	Q1	0	0.25	side	350	528.855	87.5	132.21
side_µ¹¼Ü¹ä·ù_µ¹¼Ü_¿µ¾çµ¹¼Ü¹ä_Q1_00049.JPG	train	train	¿µ¾çµ¹¼Ü¹ä	7	µ¹¼Ü¹ä	Q1	0	0.25	side	350	528.855	87.5	132.21
side_µ¹¼Ü¹ä·ù_µ¹¼Ü_¿µ¾çµ¹¼Ü¹ä_Q1_00050.JPG	train	train	¿µ¾çµ¹¼Ü¹ä	7	µ¹¼Ü¹ä	Q1	0	0.25	side	350	528.855	87.5	132.21
side_µ¹¼Ü¹ä·ù_µ¹¼Ü_¿µ¾çµ¹¼Ü¹ä_Q1_00051.JPG	train	train	¿µ¾çµ¹¼Ü¹ä	7	µ¹¼Ü¹ä	Q1	0	0.25	side	350	528.855	87.5	132.21
side_µ¹¼Ü¹ä·ù_µ¹¼Ü_¿µ¾çµ¹¼Ü¹ä_Q1_00052.JPG	train	train	¿µ¾çµ¹¼Ü¹ä	7	µ¹¼Ü¹ä	Q1	0	0.25	side	350	528.855	87.5	132.21
side_µ¹¼Ü¹ä·ù_µ¹¼Ü_¿µ¾çµ¹¼Ü¹ä_Q1_00053.JPG	train	train	¿µ¾çµ¹¼Ü¹ä	7	µ¹¼Ü¹ä	Q1	0	0.25	side	350	528.855	87.5	132.21
side_µ¹¼Ü¹ä·ù_µ¹¼Ü_¿µ¾çµ¹¼Ü¹ä_Q1_00054.JPG	train	train	¿µ¾çµ¹¼Ü¹ä	7	µ¹¼Ü¹ä	Q1	0	0.25	side	350	528.855	87.5	132.21
side_µ¹¼Ü¹ä·ù_µ¹¼Ü_¿µ¾çµ¹¼Ü¹ä_Q1_00055.JPG	train	train	¿µ¾çµ¹¼Ü¹ä	7	µ¹¼Ü¹ä	Q1	0	0.25	side	350	528.855	87.5	132.21
top_µ¹¼Ü¹ä·ù_µ¹¼Ü_¿µ¾çµ¹¼Ü¹ä_Q1_00001.JPG	train	train	¿µ¾çµ¹¼Ü¹ä	7	µ¹¼Ü¹ä	Q1	0	0.25	top	350	528.855	87.5	132.21
top_µ¹¼Ü¹ä·ù_µ¹¼Ü_¿µ¾çµ¹¼Ü¹ä_Q1_00003.JPG	train	train	¿µ¾çµ¹¼Ü¹ä	7	µ¹¼Ü¹ä	Q1	0	0.25	top	350	528.855	87.5	132.21
top_µ¹¼Ü¹ä·ù_µ¹¼Ü_¿µ¾çµ¹¼Ü¹ä_Q1_00004.JPG	train	train	¿µ¾çµ¹¼Ü¹ä	7	µ¹¼Ü¹ä	Q1	0	0.25	top	350	528.855	87.5	132.21
top_µ¹¼Ü¹ä·ù_µ¹¼Ü_¿µ¾çµ¹¼Ü¹ä_Q1_00005.JPG	train	train	¿µ¾çµ¹¼Ü¹ä	7	µ¹¼Ü¹ä	Q1	0	0.25	top	350	528.855	87.5	132.21
top_µ¹¼Ü¹ä·ù_µ¹¼Ü_¿µ¾çµ¹¼Ü¹ä_Q1_00006.JPG	train	train	¿µ¾çµ¹¼Ü¹ä	7	µ¹¼Ü¹ä	Q1	0	0.25	top	350	528.855	87.5	132.21
top_µ¹¼Ü¹ä·ù_µ¹¼Ü_¿µ¾çµ¹¼Ü¹ä_Q1_00007.JPG	train	train	¿µ¾çµ¹¼Ü¹ä	7	µ¹¼Ü¹ä	Q1	0	0.25	top	350	528.855	87.5	132.21
top_µ¹¼Ü¹ä·ù_µ¹¼Ü_¿µ¾çµ¹¼Ü¹ä_Q1_00008.JPG	train	train	¿µ¾çµ¹¼Ü¹ä	7	µ¹¼Ü¹ä	Q1	0	0.25	top	350	528.855	87.5	132.21
top_µ¹¼Ü¹ä·ù_µ¹¼Ü_¿µ¾çµ¹¼Ü¹ä_Q1_00010.JPG	train	train	¿µ¾çµ¹¼Ü¹ä	7	µ¹¼Ü¹ä	Q1	0	0.25	top	350	528.855	87.5	132.21
top_µ¹¼Ü¹ä·ù_µ¹¼Ü_¿µ¾çµ¹¼Ü¹ä_Q1_00011.JPG	train	train	¿µ¾çµ¹¼Ü¹ä	7	µ¹¼Ü¹ä	Q1	0	0.25	top	350	528.855	87.5	132.21
top_µ¹¼Ü¹ä·ù_µ¹¼Ü_¿µ¾çµ¹¼Ü¹ä_Q1_00012.JPG	train	train	¿µ¾çµ¹¼Ü¹ä	7	µ¹¼Ü¹ä	Q1	0	0.25	top	350	528.855	87.5	132.21
top_µ¹¼Ü¹ä·ù_µ¹¼Ü_¿µ¾çµ¹¼Ü¹ä_Q1_00013.JPG	train	train	¿µ¾çµ¹¼Ü¹ä	7	µ¹¼Ü¹ä	Q1	0	0.25	top	350	528.855	87.5	132.21
top_µ¹¼Ü¹ä·ù_µ¹¼Ü_¿µ¾çµ¹¼Ü¹ä_Q1_00014.JPG	train	train	¿µ¾çµ¹¼Ü¹ä	7	µ¹¼Ü¹ä	Q1	0	0.25	top	350	528.855	87.5	132.21
top_µ¹¼Ü¹ä·ù_µ¹¼Ü_¿µ¾çµ¹¼Ü¹ä_Q1_00015.JPG	train	train	¿µ¾çµ¹¼Ü¹ä	7	µ¹¼Ü¹ä	Q1	0	0.25	top	350	528.855	87.5	132.21
top_µ¹¼Ü¹ä·ù_µ¹¼Ü_¿µ¾çµ¹¼Ü¹ä_Q1_00016.JPG	train	train	¿µ¾çµ¹¼Ü¹ä	7	µ¹¼Ü¹ä	Q1	0	0.25	top	350	528.855	87.5	132.21
top_µ¹¼Ü¹ä·ù_µ¹¼Ü_¿µ¾çµ¹¼Ü¹ä_Q1_00017.JPG	train	train	¿µ¾çµ¹¼Ü¹ä	7	µ¹¼Ü¹ä	Q1	0	0.25	top	350	528.855	87.5	132.21
top_µ¹¼Ü¹ä·ù_µ¹¼Ü_¿µ¾çµ¹¼Ü¹ä_Q1_00018.JPG	train	train	¿µ¾çµ¹¼Ü¹ä	7	µ¹¼Ü¹ä	Q1	0	0.25	top	350	528.855	87.5	132.21
top_µ¹¼Ü¹ä·ù_µ¹¼Ü_¿µ¾çµ¹¼Ü¹ä_Q1_00019.JPG	train	train	¿µ¾çµ¹¼Ü¹ä	7	µ¹¼Ü¹ä	Q1	0	0.25	top	350	528.855	87.5	132.21
top_µ¹¼Ü¹ä·ù_µ¹¼Ü_¿µ¾çµ¹¼Ü¹ä_Q1_00020.JPG	train	train	¿µ¾çµ¹¼Ü¹ä	7	µ¹¼Ü¹ä	Q1	0	0.25	top	350	528.855	87.5	132.21
top_µ¹¼Ü¹ä·ù_µ¹¼Ü_¿µ¾çµ¹¼Ü¹ä_Q1_00021.JPG	train	train	¿µ¾çµ¹¼Ü¹ä	7	µ¹¼Ü¹ä	Q1	0	0.25	top	350	528.855	87.5	132.21
top_µ¹¼Ü¹ä·ù_µ¹¼Ü_¿µ¾çµ¹¼Ü¹ä_Q1_00022.JPG	train	train	¿µ¾çµ¹¼Ü¹ä	7	µ¹¼Ü¹ä	Q1	0	0.25	top	350	528.855	87.5	132.21
top_µ¹¼Ü¹ä·ù_µ¹¼Ü_¿µ¾çµ¹¼Ü¹ä_Q1_00024.JPG	train	train	¿µ¾çµ¹¼Ü¹ä	7	µ¹¼Ü¹ä	Q1	0	0.25	top	350	528.855	87.5	132.21
top_µ¹¼Ü¹ä·ù_µ¹¼Ü_¿µ¾çµ¹¼Ü¹ä_Q1_00026.JPG	train	train	¿µ¾çµ¹¼Ü¹ä	7	µ¹¼Ü¹ä	Q1	0	0.25	top	350	528.855	87.5	132.21
top_µ¹¼Ü¹ä·ù_µ¹¼Ü_¿µ¾çµ¹¼Ü¹ä_Q1_00027.JPG	train	train	¿µ¾çµ¹¼Ü¹ä	7	µ¹¼Ü¹ä	Q1	0	0.25	top	350	528.855	87.5	132.21
top_µ¹¼Ü¹ä·ù_µ¹¼Ü_¿µ¾çµ¹¼Ü¹ä_Q1_00028.JPG	train	train	¿µ¾çµ¹¼Ü¹ä	7	µ¹¼Ü¹ä	Q1	0	0.25	top	350	528.855	87.5	132.21
top_µ¹¼Ü¹ä·ù_µ¹¼Ü_¿µ¾çµ¹¼Ü¹ä_Q1_00029.JPG	train	train	¿µ¾çµ¹¼Ü¹ä	7	µ¹¼Ü¹ä	Q1	0	0.25	top	350	528.855	87.5	132.21
top_µ¹¼Ü¹ä·ù_µ¹¼Ü_¿µ¾çµ¹¼Ü¹ä_Q1_00030.JPG	train	train	¿µ¾çµ¹¼Ü¹ä	7	µ¹¼Ü¹ä	Q1	0	0.25	top	350	528.855	87.5	132.21
top_µ¹¼Ü¹ä·ù_µ¹¼Ü_¿µ¾çµ¹¼Ü¹ä_Q1_00034.JPG	train	train	¿µ¾çµ¹¼Ü¹ä	7	µ¹¼Ü¹ä	Q1	0	0.25	top	350	528.855	87.5	132.21
top_µ¹¼Ü¹ä·ù_µ¹¼Ü_¿µ¾çµ¹¼Ü¹ä_Q1_00035.JPG	train	train	¿µ¾çµ¹¼Ü¹ä	7	µ¹¼Ü¹ä	Q1	0	0.25	top	350	528.855	87.5	132.21
top_µ¹¼Ü¹ä·ù_µ¹¼Ü_¿µ¾çµ¹¼Ü¹ä_Q1_00036.JPG	train	train	¿µ¾çµ¹¼Ü¹ä	7	µ¹¼Ü¹ä	Q1	0	0.25	top	350	528.855	87.5	132.21
top_µ¹¼Ü¹ä·ù_µ¹¼Ü_¿µ¾çµ¹¼Ü¹ä_Q1_00037.JPG	train	train	¿µ¾çµ¹¼Ü¹ä	7	µ¹¼Ü¹ä	Q1	0	0.25	top	350	528.855	87.5	132.21
top_µ¹¼Ü¹ä·ù_µ¹¼Ü_¿µ¾çµ¹¼Ü¹ä_Q1_00038.JPG	train	train	¿µ¾çµ¹¼Ü¹ä	7	µ¹¼Ü¹ä	Q1	0	0.25	top	350	528.855	87.5	132.21
top_µ¹¼Ü¹ä·ù_µ¹¼Ü_¿µ¾çµ¹¼Ü¹ä_Q1_00039.JPG	train	train	¿µ¾çµ¹¼Ü¹ä	7	µ¹¼Ü¹ä	Q1	0	0.25	top	350	528.855	87.5	132.21
top_µ¹¼Ü¹ä·ù_µ¹¼Ü_¿µ¾çµ¹¼Ü¹ä_Q1_00041.JPG	train	train	¿µ¾çµ¹¼Ü¹ä	7	µ¹¼Ü¹ä	Q1	0	0.25	top	350	528.855	87.5	132.21
top_µ¹¼Ü¹ä·ù_µ¹¼Ü_¿µ¾çµ¹¼Ü¹ä_Q1_00042.JPG	train	train	¿µ¾çµ¹¼Ü¹ä	7	µ¹¼Ü¹ä	Q1	0	0.25	top	350	528.855	87.5	132.21
top_µ¹¼Ü¹ä·ù_µ¹¼Ü_¿µ¾çµ¹¼Ü¹ä_Q1_00043.JPG	train	train	¿µ¾çµ¹¼Ü¹ä	7	µ¹¼Ü¹ä	Q1	0	0.25	top	350	528.855	87.5	132.21
top_µ¹¼Ü¹ä·ù_µ¹¼Ü_¿µ¾çµ¹¼Ü¹ä_Q1_00045.JPG	train	train	¿µ¾çµ¹¼Ü¹ä	7	µ¹¼Ü¹ä	Q1	0	0.25	top	350	528.855	87.5	132.21
top_µ¹¼Ü¹ä·ù_µ¹¼Ü_¿µ¾çµ¹¼Ü¹ä_Q1_00046.JPG	train	train	¿µ¾çµ¹¼Ü¹ä	7	µ¹¼Ü¹ä	Q1	0	0.25	top	350	528.855	87.5	132.21
top_µ¹¼Ü¹ä·ù_µ¹¼Ü_¿µ¾çµ¹¼Ü¹ä_Q1_00047.JPG	train	train	¿µ¾çµ¹¼Ü¹ä	7	µ¹¼Ü¹ä	Q1	0	0.25	top	350	528.855	87.5	132.21
top_µ¹¼Ü¹ä·ù_µ¹¼Ü_¿µ¾çµ¹¼Ü¹ä_Q1_00048.JPG	train	train	¿µ¾çµ¹¼Ü¹ä	7	µ¹¼Ü¹ä	Q1	0	0.25	top	350	528.855	87.5	132.21
top_µ¹¼Ü¹ä·ù_µ¹¼Ü_¿µ¾çµ¹¼Ü¹ä_Q1_00050.JPG	train	train	¿µ¾çµ¹¼Ü¹ä	7	µ¹¼Ü¹ä	Q1	0	0.25	top	350	528.855	87.5	132.21
top_µ¹¼Ü¹ä·ù_µ¹¼Ü_¿µ¾çµ¹¼Ü¹ä_Q1_00051.JPG	train	train	¿µ¾çµ¹¼Ü¹ä	7	µ¹¼Ü¹ä	Q1	0	0.25	top	350	528.855	87.5	132.21
top_µ¹¼Ü¹ä·ù_µ¹¼Ü_¿µ¾çµ¹¼Ü¹ä_Q1_00052.JPG	train	train	¿µ¾çµ¹¼Ü¹ä	7	µ¹¼Ü¹ä	Q1	0	0.25	top	350	528.855	87.5	132.21
top_µ¹¼Ü¹ä·ù_µ¹¼Ü_¿µ¾çµ¹¼Ü¹ä_Q1_00053.JPG	train	train	¿µ¾çµ¹¼Ü¹ä	7	µ¹¼Ü¹ä	Q1	0	0.25	top	350	528.855	87.5	132.21
side_µ¹¼Ü¹ä·ù_µ¹¼Ü_¿µ¾çµ¹¼Ü¹ä_Q2_00001.JPG	train	train	¿µ¾çµ¹¼Ü¹ä	7	µ¹¼Ü¹ä	Q2	1	0.5	side	350	528.855	175	264.43
side_µ¹¼Ü¹ä·ù_µ¹¼Ü_¿µ¾çµ¹¼Ü¹ä_Q2_00002.JPG	train	train	¿µ¾çµ¹¼Ü¹ä	7	µ¹¼Ü¹ä	Q2	1	0.5	side	350	528.855	175	264.43
side_µ¹¼Ü¹ä·ù_µ¹¼Ü_¿µ¾çµ¹¼Ü¹ä_Q2_00003.JPG	train	train	¿µ¾çµ¹¼Ü¹ä	7	µ¹¼Ü¹ä	Q2	1	0.5	side	350	528.855	175	264.43
side_µ¹¼Ü¹ä·ù_µ¹¼Ü_¿µ¾çµ¹¼Ü¹ä_Q2_00004.JPG	train	train	¿µ¾çµ¹¼Ü¹ä	7	µ¹¼Ü¹ä	Q2	1	0.5	side	350	528.855	175	264.43
side_µ¹¼Ü¹ä·ù_µ¹¼Ü_¿µ¾çµ¹¼Ü¹ä_Q2_00005.JPG	train	train	¿µ¾çµ¹¼Ü¹ä	7	µ¹¼Ü¹ä	Q2	1	0.5	side	350	528.855	175	264.43
side_µ¹¼Ü¹ä·ù_µ¹¼Ü_¿µ¾çµ¹¼Ü¹ä_Q2_00006.JPG	train	train	¿µ¾çµ¹¼Ü¹ä	7	µ¹¼Ü¹ä	Q2	1	0.5	side	350	528.855	175	264.43
side_µ¹¼Ü¹ä·ù_µ¹¼Ü_¿µ¾çµ¹¼Ü¹ä_Q2_00007.JPG	train	train	¿µ¾çµ¹¼Ü¹ä	7	µ¹¼Ü¹ä	Q2	1	0.5	side	350	528.855	175	264.43
side_µ¹¼Ü¹ä·ù_µ¹¼Ü_¿µ¾çµ¹¼Ü¹ä_Q2_00008.JPG	train	train	¿µ¾çµ¹¼Ü¹ä	7	µ¹¼Ü¹ä	Q2	1	0.5	side	350	528.855	175	264.43
side_µ¹¼Ü¹ä·ù_µ¹¼Ü_¿µ¾çµ¹¼Ü¹ä_Q2_00009.JPG	train	train	¿µ¾çµ¹¼Ü¹ä	7	µ¹¼Ü¹ä	Q2	1	0.5	side	350	528.855	175	264.43
side_µ¹¼Ü¹ä·ù_µ¹¼Ü_¿µ¾çµ¹¼Ü¹ä_Q2_00011.JPG	train	train	¿µ¾çµ¹¼Ü¹ä	7	µ¹¼Ü¹ä	Q2	1	0.5	side	350	528.855	175	264.43
side_µ¹¼Ü¹ä·ù_µ¹¼Ü_¿µ¾çµ¹¼Ü¹ä_Q2_00014.JPG	train	train	¿µ¾çµ¹¼Ü¹ä	7	µ¹¼Ü¹ä	Q2	1	0.5	side	350	528.855	175	264.43
side_µ¹¼Ü¹ä·ù_µ¹¼Ü_¿µ¾çµ¹¼Ü¹ä_Q2_00016.JPG	train	train	¿µ¾çµ¹¼Ü¹ä	7	µ¹¼Ü¹ä	Q2	1	0.5	side	350	528.855	175	264.43
side_µ¹¼Ü¹ä·ù_µ¹¼Ü_¿µ¾çµ¹¼Ü¹ä_Q2_00017.JPG	train	train	¿µ¾çµ¹¼Ü¹ä	7	µ¹¼Ü¹ä	Q2	1	0.5	side	350	528.855	175	264.43
side_µ¹¼Ü¹ä·ù_µ¹¼Ü_¿µ¾çµ¹¼Ü¹ä_Q2_00018.JPG	train	train	¿µ¾çµ¹¼Ü¹ä	7	µ¹¼Ü¹ä	Q2	1	0.5	side	350	528.855	175	264.43
side_µ¹¼Ü¹ä·ù_µ¹¼Ü_¿µ¾çµ¹¼Ü¹ä_Q2_00019.JPG	train	train	¿µ¾çµ¹¼Ü¹ä	7	µ¹¼Ü¹ä	Q2	1	0.5	side	350	528.855	175	264.43
side_µ¹¼Ü¹ä·ù_µ¹¼Ü_¿µ¾çµ¹¼Ü¹ä_Q2_00020.JPG	train	train	¿µ¾çµ¹¼Ü¹ä	7	µ¹¼Ü¹ä	Q2	1	0.5	side	350	528.855	175	264.43
side_µ¹¼Ü¹ä·ù_µ¹¼Ü_¿µ¾çµ¹¼Ü¹ä_Q2_00021.JPG	train	train	¿µ¾çµ¹¼Ü¹ä	7	µ¹¼Ü¹ä	Q2	1	0.5	side	350	528.855	175	264.43
side_µ¹¼Ü¹ä·ù_µ¹¼Ü_¿µ¾çµ¹¼Ü¹ä_Q2_00022.JPG	train	train	¿µ¾çµ¹¼Ü¹ä	7	µ¹¼Ü¹ä	Q2	1	0.5	side	350	528.855	175	264.43
side_µ¹¼Ü¹ä·ù_µ¹¼Ü_¿µ¾çµ¹¼Ü¹ä_Q2_00023.JPG	train	train	¿µ¾çµ¹¼Ü¹ä	7	µ¹¼Ü¹ä	Q2	1	0.5	side	350	528.855	175	264.43
side_µ¹¼Ü¹ä·ù_µ¹¼Ü_¿µ¾çµ¹¼Ü¹ä_Q2_00024.JPG	train	train	¿µ¾çµ¹¼Ü¹ä	7	µ¹¼Ü¹ä	Q2	1	0.5	side	350	528.855	175	264.43
side_µ¹¼Ü¹ä·ù_µ¹¼Ü_¿µ¾çµ¹¼Ü¹ä_Q2_00025.JPG	train	train	¿µ¾çµ¹¼Ü¹ä	7	µ¹¼Ü¹ä	Q2	1	0.5	side	350	528.855	175	264.43
side_µ¹¼Ü¹ä·ù_µ¹¼Ü_¿µ¾çµ¹¼Ü¹ä_Q2_00026.JPG	train	train	¿µ¾çµ¹¼Ü¹ä	7	µ¹¼Ü¹ä	Q2	1	0.5	side	350	528.855	175	264.43
side_µ¹¼Ü¹ä·ù_µ¹¼Ü_¿µ¾çµ¹¼Ü¹ä_Q2_00028.JPG	train	train	¿µ¾çµ¹¼Ü¹ä	7	µ¹¼Ü¹ä	Q2	1	0.5	side	350	528.855	175	264.43
side_µ¹¼Ü¹ä·ù_µ¹¼Ü_¿µ¾çµ¹¼Ü¹ä_Q2_00029.JPG	train	train	¿µ¾çµ¹¼Ü¹ä	7	µ¹¼Ü¹ä	Q2	1	0.5	side	350	528.855	175	264.43
side_µ¹¼Ü¹ä·ù_µ¹¼Ü_¿µ¾çµ¹¼Ü¹ä_Q2_00030.JPG	train	train	¿µ¾çµ¹¼Ü¹ä	7	µ¹¼Ü¹ä	Q2	1	0.5	side	350	528.855	175	264.43
side_µ¹¼Ü¹ä·ù_µ¹¼Ü_¿µ¾çµ¹¼Ü¹ä_Q2_00031.JPG	train	train	¿µ¾çµ¹¼Ü¹ä	7	µ¹¼Ü¹ä	Q2	1	0.5	side	350	528.855	175	264.43
side_µ¹¼Ü¹ä·ù_µ¹¼Ü_¿µ¾çµ¹¼Ü¹ä_Q2_00032.JPG	train	train	¿µ¾çµ¹¼Ü¹ä	7	µ¹¼Ü¹ä	Q2	1	0.5	side	350	528.855	175	264.43
side_µ¹¼Ü¹ä·ù_µ¹¼Ü_¿µ¾çµ¹¼Ü¹ä_Q2_00033.JPG	train	train	¿µ¾çµ¹¼Ü¹ä	7	µ¹¼Ü¹ä	Q2	1	0.5	side	350	528.855	175	264.43
side_µ¹¼Ü¹ä·ù_µ¹¼Ü_¿µ¾çµ¹¼Ü¹ä_Q2_00034.JPG	train	train	¿µ¾çµ¹¼Ü¹ä	7	µ¹¼Ü¹ä	Q2	1	0.5	side	350	528.855	175	264.43
side_µ¹¼Ü¹ä·ù_µ¹¼Ü_¿µ¾çµ¹¼Ü¹ä_Q2_00035.JPG	train	train	¿µ¾çµ¹¼Ü¹ä	7	µ¹¼Ü¹ä	Q2	1	0.5	side	350	528.855	175	264.43
side_µ¹¼Ü¹ä·ù_µ¹¼Ü_¿µ¾çµ¹¼Ü¹ä_Q2_00036.JPG	train	train	¿µ¾çµ¹¼Ü¹ä	7	µ¹¼Ü¹ä	Q2	1	0.5	side	350	528.855	175	264.43
side_µ¹¼Ü¹ä·ù_µ¹¼Ü_¿µ¾çµ¹¼Ü¹ä_Q2_00037.JPG	train	train	¿µ¾çµ¹¼Ü¹ä	7	µ¹¼Ü¹ä	Q2	1	0.5	side	350	528.855	175	264.43
side_µ¹¼Ü¹ä·ù_µ¹¼Ü_¿µ¾çµ¹¼Ü¹ä_Q2_00038.JPG	train	train	¿µ¾çµ¹¼Ü¹ä	7	µ¹¼Ü¹ä	Q2	1	0.5	side	350	528.855	175	264.43
side_µ¹¼Ü¹ä·ù_µ¹¼Ü_¿µ¾çµ¹¼Ü¹ä_Q2_00039.JPG	train	train	¿µ¾çµ¹¼Ü¹ä	7	µ¹¼Ü¹ä	Q2	1	0.5	side	350	528.855	175	264.43
side_µ¹¼Ü¹ä·ù_µ¹¼Ü_¿µ¾çµ¹¼Ü¹ä_Q2_00040.JPG	train	train	¿µ¾çµ¹¼Ü¹ä	7	µ¹¼Ü¹ä	Q2	1	0.5	side	350	528.855	175	264.43
side_µ¹¼Ü¹ä·ù_µ¹¼Ü_¿µ¾çµ¹¼Ü¹ä_Q2_00041.JPG	train	train	¿µ¾çµ¹¼Ü¹ä	7	µ¹¼Ü¹ä	Q2	1	0.5	side	350	528.855	175	264.43
side_µ¹¼Ü¹ä·ù_µ¹¼Ü_¿µ¾çµ¹¼Ü¹ä_Q2_00042.JPG	train	train	¿µ¾çµ¹¼Ü¹ä	7	µ¹¼Ü¹ä	Q2	1	0.5	side	350	528.855	175	264.43
side_µ¹¼Ü¹ä·ù_µ¹¼Ü_¿µ¾çµ¹¼Ü¹ä_Q2_00043.JPG	train	train	¿µ¾çµ¹¼Ü¹ä	7	µ¹¼Ü¹ä	Q2	1	0.5	side	350	528.855	175	264.43
side_µ¹¼Ü¹ä·ù_µ¹¼Ü_¿µ¾çµ¹¼Ü¹ä_Q2_00045.JPG	train	train	¿µ¾çµ¹¼Ü¹ä	7	µ¹¼Ü¹ä	Q2	1	0.5	side	350	528.855	175	264.43
side_µ¹¼Ü¹ä·ù_µ¹¼Ü_¿µ¾çµ¹¼Ü¹ä_Q2_00046.JPG	train	train	¿µ¾çµ¹¼Ü¹ä	7	µ¹¼Ü¹ä	Q2	1	0.5	side	350	528.855	175	264.43
side_µ¹¼Ü¹ä·ù_µ¹¼Ü_¿µ¾çµ¹¼Ü¹ä_Q2_00047.JPG	train	train	¿µ¾çµ¹¼Ü¹ä	7	µ¹¼Ü¹ä	Q2	1	0.5	side	350	528.855	175	264.43
side_µ¹¼Ü¹ä·ù_µ¹¼Ü_¿µ¾çµ¹¼Ü¹ä_Q2_00048.JPG	train	train	¿µ¾çµ¹¼Ü¹ä	7	µ¹¼Ü¹ä	Q2	1	0.5	side	350	528.855	175	264.43
side_µ¹¼Ü¹ä·ù_µ¹¼Ü_¿µ¾çµ¹¼Ü¹ä_Q2_00049.JPG	train	train	¿µ¾çµ¹¼Ü¹ä	7	µ¹¼Ü¹ä	Q2	1	0.5	side	350	528.855	175	264.43
side_µ¹¼Ü¹ä·ù_µ¹¼Ü_¿µ¾çµ¹¼Ü¹ä_Q2_00051.JPG	train	train	¿µ¾çµ¹¼Ü¹ä	7	µ¹¼Ü¹ä	Q2	1	0.5	side	350	528.855	175	264.43
side_µ¹¼Ü¹ä·ù_µ¹¼Ü_¿µ¾çµ¹¼Ü¹ä_Q2_00052.JPG	train	train	¿µ¾çµ¹¼Ü¹ä	7	µ¹¼Ü¹ä	Q2	1	0.5	side	350	528.855	175	264.43
top_µ¹¼Ü¹ä·ù_µ¹¼Ü_¿µ¾çµ¹¼Ü¹ä_Q2_00001.JPG	train	train	¿µ¾çµ¹¼Ü¹ä	7	µ¹¼Ü¹ä	Q2	1	0.5	top	350	528.855	175	264.43
top_µ¹¼Ü¹ä·ù_µ¹¼Ü_¿µ¾çµ¹¼Ü¹ä_Q2_00002.JPG	train	train	¿µ¾çµ¹¼Ü¹ä	7	µ¹¼Ü¹ä	Q2	1	0.5	top	350	528.855	175	264.43
top_µ¹¼Ü¹ä·ù_µ¹¼Ü_¿µ¾çµ¹¼Ü¹ä_Q2_00003.JPG	train	train	¿µ¾çµ¹¼Ü¹ä	7	µ¹¼Ü¹ä	Q2	1	0.5	top	350	528.855	175	264.43
top_µ¹¼Ü¹ä·ù_µ¹¼Ü_¿µ¾çµ¹¼Ü¹ä_Q2_00004.JPG	train	train	¿µ¾çµ¹¼Ü¹ä	7	µ¹¼Ü¹ä	Q2	1	0.5	top	350	528.855	175	264.43
top_µ¹¼Ü¹ä·ù_µ¹¼Ü_¿µ¾çµ¹¼Ü¹ä_Q2_00007.JPG	train	train	¿µ¾çµ¹¼Ü¹ä	7	µ¹¼Ü¹ä	Q2	1	0.5	top	350	528.855	175	264.43
top_µ¹¼Ü¹ä·ù_µ¹¼Ü_¿µ¾çµ¹¼Ü¹ä_Q2_00008.JPG	train	train	¿µ¾çµ¹¼Ü¹ä	7	µ¹¼Ü¹ä	Q2	1	0.5	top	350	528.855	175	264.43
top_µ¹¼Ü¹ä·ù_µ¹¼Ü_¿µ¾çµ¹¼Ü¹ä_Q2_00010.JPG	train	train	¿µ¾çµ¹¼Ü¹ä	7	µ¹¼Ü¹ä	Q2	1	0.5	top	350	528.855	175	264.43
top_µ¹¼Ü¹ä·ù_µ¹¼Ü_¿µ¾çµ¹¼Ü¹ä_Q2_00012.JPG	train	train	¿µ¾çµ¹¼Ü¹ä	7	µ¹¼Ü¹ä	Q2	1	0.5	top	350	528.855	175	264.43
top_µ¹¼Ü¹ä·ù_µ¹¼Ü_¿µ¾çµ¹¼Ü¹ä_Q2_00013.JPG	train	train	¿µ¾çµ¹¼Ü¹ä	7	µ¹¼Ü¹ä	Q2	1	0.5	top	350	528.855	175	264.43
top_µ¹¼Ü¹ä·ù_µ¹¼Ü_¿µ¾çµ¹¼Ü¹ä_Q2_00014.JPG	train	train	¿µ¾çµ¹¼Ü¹ä	7	µ¹¼Ü¹ä	Q2	1	0.5	top	350	528.855	175	264.43
top_µ¹¼Ü¹ä·ù_µ¹¼Ü_¿µ¾çµ¹¼Ü¹ä_Q2_00015.JPG	train	train	¿µ¾çµ¹¼Ü¹ä	7	µ¹¼Ü¹ä	Q2	1	0.5	top	350	528.855	175	264.43
top_µ¹¼Ü¹ä·ù_µ¹¼Ü_¿µ¾çµ¹¼Ü¹ä_Q2_00016.JPG	train	train	¿µ¾çµ¹¼Ü¹ä	7	µ¹¼Ü¹ä	Q2	1	0.5	top	350	528.855	175	264.43
top_µ¹¼Ü¹ä·ù_µ¹¼Ü_¿µ¾çµ¹¼Ü¹ä_Q2_00017.JPG	train	train	¿µ¾çµ¹¼Ü¹ä	7	µ¹¼Ü¹ä	Q2	1	0.5	top	350	528.855	175	264.43
top_µ¹¼Ü¹ä·ù_µ¹¼Ü_¿µ¾çµ¹¼Ü¹ä_Q2_00018.JPG	train	train	¿µ¾çµ¹¼Ü¹ä	7	µ¹¼Ü¹ä	Q2	1	0.5	top	350	528.855	175	264.43
top_µ¹¼Ü¹ä·ù_µ¹¼Ü_¿µ¾çµ¹¼Ü¹ä_Q2_00019.JPG	train	train	¿µ¾çµ¹¼Ü¹ä	7	µ¹¼Ü¹ä	Q2	1	0.5	top	350	528.855	175	264.43
top_µ¹¼Ü¹ä·ù_µ¹¼Ü_¿µ¾çµ¹¼Ü¹ä_Q2_00020.JPG	train	train	¿µ¾çµ¹¼Ü¹ä	7	µ¹¼Ü¹ä	Q2	1	0.5	top	350	528.855	175	264.43
top_µ¹¼Ü¹ä·ù_µ¹¼Ü_¿µ¾çµ¹¼Ü¹ä_Q2_00021.JPG	train	train	¿µ¾çµ¹¼Ü¹ä	7	µ¹¼Ü¹ä	Q2	1	0.5	top	350	528.855	175	264.43
top_µ¹¼Ü¹ä·ù_µ¹¼Ü_¿µ¾çµ¹¼Ü¹ä_Q2_00022.JPG	train	train	¿µ¾çµ¹¼Ü¹ä	7	µ¹¼Ü¹ä	Q2	1	0.5	top	350	528.855	175	264.43
top_µ¹¼Ü¹ä·ù_µ¹¼Ü_¿µ¾çµ¹¼Ü¹ä_Q2_00024.JPG	train	train	¿µ¾çµ¹¼Ü¹ä	7	µ¹¼Ü¹ä	Q2	1	0.5	top	350	528.855	175	264.43
top_µ¹¼Ü¹ä·ù_µ¹¼Ü_¿µ¾çµ¹¼Ü¹ä_Q2_00026.JPG	train	train	¿µ¾çµ¹¼Ü¹ä	7	µ¹¼Ü¹ä	Q2	1	0.5	top	350	528.855	175	264.43
top_µ¹¼Ü¹ä·ù_µ¹¼Ü_¿µ¾çµ¹¼Ü¹ä_Q2_00028.JPG	train	train	¿µ¾çµ¹¼Ü¹ä	7	µ¹¼Ü¹ä	Q2	1	0.5	top	350	528.855	175	264.43
top_µ¹¼Ü¹ä·ù_µ¹¼Ü_¿µ¾çµ¹¼Ü¹ä_Q2_00029.JPG	train	train	¿µ¾çµ¹¼Ü¹ä	7	µ¹¼Ü¹ä	Q2	1	0.5	top	350	528.855	175	264.43
top_µ¹¼Ü¹ä·ù_µ¹¼Ü_¿µ¾çµ¹¼Ü¹ä_Q2_00030.JPG	train	train	¿µ¾çµ¹¼Ü¹ä	7	µ¹¼Ü¹ä	Q2	1	0.5	top	350	528.855	175	264.43
top_µ¹¼Ü¹ä·ù_µ¹¼Ü_¿µ¾çµ¹¼Ü¹ä_Q2_00032.JPG	train	train	¿µ¾çµ¹¼Ü¹ä	7	µ¹¼Ü¹ä	Q2	1	0.5	top	350	528.855	175	264.43
top_µ¹¼Ü¹ä·ù_µ¹¼Ü_¿µ¾çµ¹¼Ü¹ä_Q2_00034.JPG	train	train	¿µ¾çµ¹¼Ü¹ä	7	µ¹¼Ü¹ä	Q2	1	0.5	top	350	528.855	175	264.43
top_µ¹¼Ü¹ä·ù_µ¹¼Ü_¿µ¾çµ¹¼Ü¹ä_Q2_00035.JPG	train	train	¿µ¾çµ¹¼Ü¹ä	7	µ¹¼Ü¹ä	Q2	1	0.5	top	350	528.855	175	264.43
top_µ¹¼Ü¹ä·ù_µ¹¼Ü_¿µ¾çµ¹¼Ü¹ä_Q2_00038.JPG	train	train	¿µ¾çµ¹¼Ü¹ä	7	µ¹¼Ü¹ä	Q2	1	0.5	top	350	528.855	175	264.43
top_µ¹¼Ü¹ä·ù_µ¹¼Ü_¿µ¾çµ¹¼Ü¹ä_Q2_00039.JPG	train	train	¿µ¾çµ¹¼Ü¹ä	7	µ¹¼Ü¹ä	Q2	1	0.5	top	350	528.855	175	264.43
top_µ¹¼Ü¹ä·ù_µ¹¼Ü_¿µ¾çµ¹¼Ü¹ä_Q2_00040.JPG	train	train	¿µ¾çµ¹¼Ü¹ä	7	µ¹¼Ü¹ä	Q2	1	0.5	top	350	528.855	175	264.43
top_µ¹¼Ü¹ä·ù_µ¹¼Ü_¿µ¾çµ¹¼Ü¹ä_Q2_00042.JPG	train	train	¿µ¾çµ¹¼Ü¹ä	7	µ¹¼Ü¹ä	Q2	1	0.5	top	350	528.855	175	264.43
top_µ¹¼Ü¹ä·ù_µ¹¼Ü_¿µ¾çµ¹¼Ü¹ä_Q2_00043.JPG	train	train	¿µ¾çµ¹¼Ü¹ä	7	µ¹¼Ü¹ä	Q2	1	0.5	top	350	528.855	175	264.43
top_µ¹¼Ü¹ä·ù_µ¹¼Ü_¿µ¾çµ¹¼Ü¹ä_Q2_00044.JPG	train	train	¿µ¾çµ¹¼Ü¹ä	7	µ¹¼Ü¹ä	Q2	1	0.5	top	350	528.855	175	264.43
top_µ¹¼Ü¹ä·ù_µ¹¼Ü_¿µ¾çµ¹¼Ü¹ä_Q2_00045.JPG	train	train	¿µ¾çµ¹¼Ü¹ä	7	µ¹¼Ü¹ä	Q2	1	0.5	top	350	528.855	175	264.43
top_µ¹¼Ü¹ä·ù_µ¹¼Ü_¿µ¾çµ¹¼Ü¹ä_Q2_00047.JPG	train	train	¿µ¾çµ¹¼Ü¹ä	7	µ¹¼Ü¹ä	Q2	1	0.5	top	350	528.855	175	264.43
top_µ¹¼Ü¹ä·ù_µ¹¼Ü_¿µ¾çµ¹¼Ü¹ä_Q2_00048.JPG	train	train	¿µ¾çµ¹¼Ü¹ä	7	µ¹¼Ü¹ä	Q2	1	0.5	top	350	528.855	175	264.43
top_µ¹¼Ü¹ä·ù_µ¹¼Ü_¿µ¾çµ¹¼Ü¹ä_Q2_00049.JPG	train	train	¿µ¾çµ¹¼Ü¹ä	7	µ¹¼Ü¹ä	Q2	1	0.5	top	350	528.855	175	264.43
top_µ¹¼Ü¹ä·ù_µ¹¼Ü_¿µ¾çµ¹¼Ü¹ä_Q2_00050.JPG	train	train	¿µ¾çµ¹¼Ü¹ä	7	µ¹¼Ü¹ä	Q2	1	0.5	top	350	528.855	175	264.43
top_µ¹¼Ü¹ä·ù_µ¹¼Ü_¿µ¾çµ¹¼Ü¹ä_Q2_00052.JPG	train	train	¿µ¾çµ¹¼Ü¹ä	7	µ¹¼Ü¹ä	Q2	1	0.5	top	350	528.855	175	264.43
top_µ¹¼Ü¹ä·ù_µ¹¼Ü_¿µ¾çµ¹¼Ü¹ä_Q2_00053.JPG	train	train	¿µ¾çµ¹¼Ü¹ä	7	µ¹¼Ü¹ä	Q2	1	0.5	top	350	528.855	175	264.43
top_µ¹¼Ü¹ä·ù_µ¹¼Ü_¿µ¾çµ¹¼Ü¹ä_Q2_00054.JPG	train	train	¿µ¾çµ¹¼Ü¹ä	7	µ¹¼Ü¹ä	Q2	1	0.5	top	350	528.855	175	264.43
side_µ¹¼Ü¹ä·ù_µ¹¼Ü_¿µ¾çµ¹¼Ü¹ä_Q3_00001.JPG	train	train	¿µ¾çµ¹¼Ü¹ä	7	µ¹¼Ü¹ä	Q3	2	0.75	side	350	528.855	262.5	396.64
side_µ¹¼Ü¹ä·ù_µ¹¼Ü_¿µ¾çµ¹¼Ü¹ä_Q3_00002.JPG	train	train	¿µ¾çµ¹¼Ü¹ä	7	µ¹¼Ü¹ä	Q3	2	0.75	side	350	528.855	262.5	396.64
side_µ¹¼Ü¹ä·ù_µ¹¼Ü_¿µ¾çµ¹¼Ü¹ä_Q3_00003.JPG	train	train	¿µ¾çµ¹¼Ü¹ä	7	µ¹¼Ü¹ä	Q3	2	0.75	side	350	528.855	262.5	396.64
side_µ¹¼Ü¹ä·ù_µ¹¼Ü_¿µ¾çµ¹¼Ü¹ä_Q3_00004.JPG	train	train	¿µ¾çµ¹¼Ü¹ä	7	µ¹¼Ü¹ä	Q3	2	0.75	side	350	528.855	262.5	396.64
side_µ¹¼Ü¹ä·ù_µ¹¼Ü_¿µ¾çµ¹¼Ü¹ä_Q3_00005.JPG	train	train	¿µ¾çµ¹¼Ü¹ä	7	µ¹¼Ü¹ä	Q3	2	0.75	side	350	528.855	262.5	396.64
side_µ¹¼Ü¹ä·ù_µ¹¼Ü_¿µ¾çµ¹¼Ü¹ä_Q3_00006.JPG	train	train	¿µ¾çµ¹¼Ü¹ä	7	µ¹¼Ü¹ä	Q3	2	0.75	side	350	528.855	262.5	396.64
side_µ¹¼Ü¹ä·ù_µ¹¼Ü_¿µ¾çµ¹¼Ü¹ä_Q3_00008.JPG	train	train	¿µ¾çµ¹¼Ü¹ä	7	µ¹¼Ü¹ä	Q3	2	0.75	side	350	528.855	262.5	396.64
side_µ¹¼Ü¹ä·ù_µ¹¼Ü_¿µ¾çµ¹¼Ü¹ä_Q3_00009.JPG	train	train	¿µ¾çµ¹¼Ü¹ä	7	µ¹¼Ü¹ä	Q3	2	0.75	side	350	528.855	262.5	396.64
side_µ¹¼Ü¹ä·ù_µ¹¼Ü_¿µ¾çµ¹¼Ü¹ä_Q3_00010.JPG	train	train	¿µ¾çµ¹¼Ü¹ä	7	µ¹¼Ü¹ä	Q3	2	0.75	side	350	528.855	262.5	396.64
side_µ¹¼Ü¹ä·ù_µ¹¼Ü_¿µ¾çµ¹¼Ü¹ä_Q3_00011.JPG	train	train	¿µ¾çµ¹¼Ü¹ä	7	µ¹¼Ü¹ä	Q3	2	0.75	side	350	528.855	262.5	396.64
side_µ¹¼Ü¹ä·ù_µ¹¼Ü_¿µ¾çµ¹¼Ü¹ä_Q3_00012.JPG	train	train	¿µ¾çµ¹¼Ü¹ä	7	µ¹¼Ü¹ä	Q3	2	0.75	side	350	528.855	262.5	396.64
side_µ¹¼Ü¹ä·ù_µ¹¼Ü_¿µ¾çµ¹¼Ü¹ä_Q3_00013.JPG	train	train	¿µ¾çµ¹¼Ü¹ä	7	µ¹¼Ü¹ä	Q3	2	0.75	side	350	528.855	262.5	396.64
side_µ¹¼Ü¹ä·ù_µ¹¼Ü_¿µ¾çµ¹¼Ü¹ä_Q3_00014.JPG	train	train	¿µ¾çµ¹¼Ü¹ä	7	µ¹¼Ü¹ä	Q3	2	0.75	side	350	528.855	262.5	396.64
side_µ¹¼Ü¹ä·ù_µ¹¼Ü_¿µ¾çµ¹¼Ü¹ä_Q3_00015.JPG	train	train	¿µ¾çµ¹¼Ü¹ä	7	µ¹¼Ü¹ä	Q3	2	0.75	side	350	528.855	262.5	396.64
side_µ¹¼Ü¹ä·ù_µ¹¼Ü_¿µ¾çµ¹¼Ü¹ä_Q3_00016.JPG	train	train	¿µ¾çµ¹¼Ü¹ä	7	µ¹¼Ü¹ä	Q3	2	0.75	side	350	528.855	262.5	396.64
side_µ¹¼Ü¹ä·ù_µ¹¼Ü_¿µ¾çµ¹¼Ü¹ä_Q3_00017.JPG	train	train	¿µ¾çµ¹¼Ü¹ä	7	µ¹¼Ü¹ä	Q3	2	0.75	side	350	528.855	262.5	396.64
side_µ¹¼Ü¹ä·ù_µ¹¼Ü_¿µ¾çµ¹¼Ü¹ä_Q3_00018.JPG	train	train	¿µ¾çµ¹¼Ü¹ä	7	µ¹¼Ü¹ä	Q3	2	0.75	side	350	528.855	262.5	396.64
side_µ¹¼Ü¹ä·ù_µ¹¼Ü_¿µ¾çµ¹¼Ü¹ä_Q3_00019.JPG	train	train	¿µ¾çµ¹¼Ü¹ä	7	µ¹¼Ü¹ä	Q3	2	0.75	side	350	528.855	262.5	396.64
side_µ¹¼Ü¹ä·ù_µ¹¼Ü_¿µ¾çµ¹¼Ü¹ä_Q3_00020.JPG	train	train	¿µ¾çµ¹¼Ü¹ä	7	µ¹¼Ü¹ä	Q3	2	0.75	side	350	528.855	262.5	396.64
side_µ¹¼Ü¹ä·ù_µ¹¼Ü_¿µ¾çµ¹¼Ü¹ä_Q3_00021.JPG	train	train	¿µ¾çµ¹¼Ü¹ä	7	µ¹¼Ü¹ä	Q3	2	0.75	side	350	528.855	262.5	396.64
side_µ¹¼Ü¹ä·ù_µ¹¼Ü_¿µ¾çµ¹¼Ü¹ä_Q3_00023.JPG	train	train	¿µ¾çµ¹¼Ü¹ä	7	µ¹¼Ü¹ä	Q3	2	0.75	side	350	528.855	262.5	396.64
side_µ¹¼Ü¹ä·ù_µ¹¼Ü_¿µ¾çµ¹¼Ü¹ä_Q3_00024.JPG	train	train	¿µ¾çµ¹¼Ü¹ä	7	µ¹¼Ü¹ä	Q3	2	0.75	side	350	528.855	262.5	396.64
side_µ¹¼Ü¹ä·ù_µ¹¼Ü_¿µ¾çµ¹¼Ü¹ä_Q3_00025.JPG	train	train	¿µ¾çµ¹¼Ü¹ä	7	µ¹¼Ü¹ä	Q3	2	0.75	side	350	528.855	262.5	396.64
side_µ¹¼Ü¹ä·ù_µ¹¼Ü_¿µ¾çµ¹¼Ü¹ä_Q3_00026.JPG	train	train	¿µ¾çµ¹¼Ü¹ä	7	µ¹¼Ü¹ä	Q3	2	0.75	side	350	528.855	262.5	396.64
side_µ¹¼Ü¹ä·ù_µ¹¼Ü_¿µ¾çµ¹¼Ü¹ä_Q3_00027.JPG	train	train	¿µ¾çµ¹¼Ü¹ä	7	µ¹¼Ü¹ä	Q3	2	0.75	side	350	528.855	262.5	396.64
side_µ¹¼Ü¹ä·ù_µ¹¼Ü_¿µ¾çµ¹¼Ü¹ä_Q3_00028.JPG	train	train	¿µ¾çµ¹¼Ü¹ä	7	µ¹¼Ü¹ä	Q3	2	0.75	side	350	528.855	262.5	396.64
side_µ¹¼Ü¹ä·ù_µ¹¼Ü_¿µ¾çµ¹¼Ü¹ä_Q3_00030.JPG	train	train	¿µ¾çµ¹¼Ü¹ä	7	µ¹¼Ü¹ä	Q3	2	0.75	side	350	528.855	262.5	396.64
side_µ¹¼Ü¹ä·ù_µ¹¼Ü_¿µ¾çµ¹¼Ü¹ä_Q3_00031.JPG	train	train	¿µ¾çµ¹¼Ü¹ä	7	µ¹¼Ü¹ä	Q3	2	0.75	side	350	528.855	262.5	396.64
side_µ¹¼Ü¹ä·ù_µ¹¼Ü_¿µ¾çµ¹¼Ü¹ä_Q3_00032.JPG	train	train	¿µ¾çµ¹¼Ü¹ä	7	µ¹¼Ü¹ä	Q3	2	0.75	side	350	528.855	262.5	396.64
side_µ¹¼Ü¹ä·ù_µ¹¼Ü_¿µ¾çµ¹¼Ü¹ä_Q3_00033.JPG	train	train	¿µ¾çµ¹¼Ü¹ä	7	µ¹¼Ü¹ä	Q3	2	0.75	side	350	528.855	262.5	396.64
side_µ¹¼Ü¹ä·ù_µ¹¼Ü_¿µ¾çµ¹¼Ü¹ä_Q3_00034.JPG	train	train	¿µ¾çµ¹¼Ü¹ä	7	µ¹¼Ü¹ä	Q3	2	0.75	side	350	528.855	262.5	396.64
side_µ¹¼Ü¹ä·ù_µ¹¼Ü_¿µ¾çµ¹¼Ü¹ä_Q3_00035.JPG	train	train	¿µ¾çµ¹¼Ü¹ä	7	µ¹¼Ü¹ä	Q3	2	0.75	side	350	528.855	262.5	396.64
side_µ¹¼Ü¹ä·ù_µ¹¼Ü_¿µ¾çµ¹¼Ü¹ä_Q3_00037.JPG	train	train	¿µ¾çµ¹¼Ü¹ä	7	µ¹¼Ü¹ä	Q3	2	0.75	side	350	528.855	262.5	396.64
side_µ¹¼Ü¹ä·ù_µ¹¼Ü_¿µ¾çµ¹¼Ü¹ä_Q3_00038.JPG	train	train	¿µ¾çµ¹¼Ü¹ä	7	µ¹¼Ü¹ä	Q3	2	0.75	side	350	528.855	262.5	396.64
side_µ¹¼Ü¹ä·ù_µ¹¼Ü_¿µ¾çµ¹¼Ü¹ä_Q3_00039.JPG	train	train	¿µ¾çµ¹¼Ü¹ä	7	µ¹¼Ü¹ä	Q3	2	0.75	side	350	528.855	262.5	396.64
side_µ¹¼Ü¹ä·ù_µ¹¼Ü_¿µ¾çµ¹¼Ü¹ä_Q3_00040.JPG	train	train	¿µ¾çµ¹¼Ü¹ä	7	µ¹¼Ü¹ä	Q3	2	0.75	side	350	528.855	262.5	396.64
side_µ¹¼Ü¹ä·ù_µ¹¼Ü_¿µ¾çµ¹¼Ü¹ä_Q3_00041.JPG	train	train	¿µ¾çµ¹¼Ü¹ä	7	µ¹¼Ü¹ä	Q3	2	0.75	side	350	528.855	262.5	396.64
side_µ¹¼Ü¹ä·ù_µ¹¼Ü_¿µ¾çµ¹¼Ü¹ä_Q3_00042.JPG	train	train	¿µ¾çµ¹¼Ü¹ä	7	µ¹¼Ü¹ä	Q3	2	0.75	side	350	528.855	262.5	396.64
side_µ¹¼Ü¹ä·ù_µ¹¼Ü_¿µ¾çµ¹¼Ü¹ä_Q3_00043.JPG	train	train	¿µ¾çµ¹¼Ü¹ä	7	µ¹¼Ü¹ä	Q3	2	0.75	side	350	528.855	262.5	396.64
side_µ¹¼Ü¹ä·ù_µ¹¼Ü_¿µ¾çµ¹¼Ü¹ä_Q3_00044.JPG	train	train	¿µ¾çµ¹¼Ü¹ä	7	µ¹¼Ü¹ä	Q3	2	0.75	side	350	528.855	262.5	396.64
side_µ¹¼Ü¹ä·ù_µ¹¼Ü_¿µ¾çµ¹¼Ü¹ä_Q3_00045.JPG	train	train	¿µ¾çµ¹¼Ü¹ä	7	µ¹¼Ü¹ä	Q3	2	0.75	side	350	528.855	262.5	396.64
side_µ¹¼Ü¹ä·ù_µ¹¼Ü_¿µ¾çµ¹¼Ü¹ä_Q3_00048.JPG	train	train	¿µ¾çµ¹¼Ü¹ä	7	µ¹¼Ü¹ä	Q3	2	0.75	side	350	528.855	262.5	396.64
side_µ¹¼Ü¹ä·ù_µ¹¼Ü_¿µ¾çµ¹¼Ü¹ä_Q3_00050.JPG	train	train	¿µ¾çµ¹¼Ü¹ä	7	µ¹¼Ü¹ä	Q3	2	0.75	side	350	528.855	262.5	396.64
side_µ¹¼Ü¹ä·ù_µ¹¼Ü_¿µ¾çµ¹¼Ü¹ä_Q3_00051.JPG	train	train	¿µ¾çµ¹¼Ü¹ä	7	µ¹¼Ü¹ä	Q3	2	0.75	side	350	528.855	262.5	396.64
top_µ¹¼Ü¹ä·ù_µ¹¼Ü_¿µ¾çµ¹¼Ü¹ä_Q3_00001.JPG	train	train	¿µ¾çµ¹¼Ü¹ä	7	µ¹¼Ü¹ä	Q3	2	0.75	top	350	528.855	262.5	396.64
top_µ¹¼Ü¹ä·ù_µ¹¼Ü_¿µ¾çµ¹¼Ü¹ä_Q3_00002.JPG	train	train	¿µ¾çµ¹¼Ü¹ä	7	µ¹¼Ü¹ä	Q3	2	0.75	top	350	528.855	262.5	396.64
top_µ¹¼Ü¹ä·ù_µ¹¼Ü_¿µ¾çµ¹¼Ü¹ä_Q3_00004.JPG	train	train	¿µ¾çµ¹¼Ü¹ä	7	µ¹¼Ü¹ä	Q3	2	0.75	top	350	528.855	262.5	396.64
top_µ¹¼Ü¹ä·ù_µ¹¼Ü_¿µ¾çµ¹¼Ü¹ä_Q3_00005.JPG	train	train	¿µ¾çµ¹¼Ü¹ä	7	µ¹¼Ü¹ä	Q3	2	0.75	top	350	528.855	262.5	396.64
top_µ¹¼Ü¹ä·ù_µ¹¼Ü_¿µ¾çµ¹¼Ü¹ä_Q3_00006.JPG	train	train	¿µ¾çµ¹¼Ü¹ä	7	µ¹¼Ü¹ä	Q3	2	0.75	top	350	528.855	262.5	396.64
top_µ¹¼Ü¹ä·ù_µ¹¼Ü_¿µ¾çµ¹¼Ü¹ä_Q3_00007.JPG	train	train	¿µ¾çµ¹¼Ü¹ä	7	µ¹¼Ü¹ä	Q3	2	0.75	top	350	528.855	262.5	396.64
top_µ¹¼Ü¹ä·ù_µ¹¼Ü_¿µ¾çµ¹¼Ü¹ä_Q3_00008.JPG	train	train	¿µ¾çµ¹¼Ü¹ä	7	µ¹¼Ü¹ä	Q3	2	0.75	top	350	528.855	262.5	396.64
top_µ¹¼Ü¹ä·ù_µ¹¼Ü_¿µ¾çµ¹¼Ü¹ä_Q3_00009.JPG	train	train	¿µ¾çµ¹¼Ü¹ä	7	µ¹¼Ü¹ä	Q3	2	0.75	top	350	528.855	262.5	396.64
top_µ¹¼Ü¹ä·ù_µ¹¼Ü_¿µ¾çµ¹¼Ü¹ä_Q3_00010.JPG	train	train	¿µ¾çµ¹¼Ü¹ä	7	µ¹¼Ü¹ä	Q3	2	0.75	top	350	528.855	262.5	396.64
top_µ¹¼Ü¹ä·ù_µ¹¼Ü_¿µ¾çµ¹¼Ü¹ä_Q3_00011.JPG	train	train	¿µ¾çµ¹¼Ü¹ä	7	µ¹¼Ü¹ä	Q3	2	0.75	top	350	528.855	262.5	396.64
top_µ¹¼Ü¹ä·ù_µ¹¼Ü_¿µ¾çµ¹¼Ü¹ä_Q3_00012.JPG	train	train	¿µ¾çµ¹¼Ü¹ä	7	µ¹¼Ü¹ä	Q3	2	0.75	top	350	528.855	262.5	396.64
top_µ¹¼Ü¹ä·ù_µ¹¼Ü_¿µ¾çµ¹¼Ü¹ä_Q3_00014.JPG	train	train	¿µ¾çµ¹¼Ü¹ä	7	µ¹¼Ü¹ä	Q3	2	0.75	top	350	528.855	262.5	396.64
top_µ¹¼Ü¹ä·ù_µ¹¼Ü_¿µ¾çµ¹¼Ü¹ä_Q3_00015.JPG	train	train	¿µ¾çµ¹¼Ü¹ä	7	µ¹¼Ü¹ä	Q3	2	0.75	top	350	528.855	262.5	396.64
top_µ¹¼Ü¹ä·ù_µ¹¼Ü_¿µ¾çµ¹¼Ü¹ä_Q3_00016.JPG	train	train	¿µ¾çµ¹¼Ü¹ä	7	µ¹¼Ü¹ä	Q3	2	0.75	top	350	528.855	262.5	396.64
top_µ¹¼Ü¹ä·ù_µ¹¼Ü_¿µ¾çµ¹¼Ü¹ä_Q3_00017.JPG	train	train	¿µ¾çµ¹¼Ü¹ä	7	µ¹¼Ü¹ä	Q3	2	0.75	top	350	528.855	262.5	396.64
top_µ¹¼Ü¹ä·ù_µ¹¼Ü_¿µ¾çµ¹¼Ü¹ä_Q3_00020.JPG	train	train	¿µ¾çµ¹¼Ü¹ä	7	µ¹¼Ü¹ä	Q3	2	0.75	top	350	528.855	262.5	396.64
top_µ¹¼Ü¹ä·ù_µ¹¼Ü_¿µ¾çµ¹¼Ü¹ä_Q3_00022.JPG	train	train	¿µ¾çµ¹¼Ü¹ä	7	µ¹¼Ü¹ä	Q3	2	0.75	top	350	528.855	262.5	396.64
top_µ¹¼Ü¹ä·ù_µ¹¼Ü_¿µ¾çµ¹¼Ü¹ä_Q3_00025.JPG	train	train	¿µ¾çµ¹¼Ü¹ä	7	µ¹¼Ü¹ä	Q3	2	0.75	top	350	528.855	262.5	396.64
top_µ¹¼Ü¹ä·ù_µ¹¼Ü_¿µ¾çµ¹¼Ü¹ä_Q3_00026.JPG	train	train	¿µ¾çµ¹¼Ü¹ä	7	µ¹¼Ü¹ä	Q3	2	0.75	top	350	528.855	262.5	396.64
top_µ¹¼Ü¹ä·ù_µ¹¼Ü_¿µ¾çµ¹¼Ü¹ä_Q3_00028.JPG	train	train	¿µ¾çµ¹¼Ü¹ä	7	µ¹¼Ü¹ä	Q3	2	0.75	top	350	528.855	262.5	396.64
top_µ¹¼Ü¹ä·ù_µ¹¼Ü_¿µ¾çµ¹¼Ü¹ä_Q3_00029.JPG	train	train	¿µ¾çµ¹¼Ü¹ä	7	µ¹¼Ü¹ä	Q3	2	0.75	top	350	528.855	262.5	396.64
top_µ¹¼Ü¹ä·ù_µ¹¼Ü_¿µ¾çµ¹¼Ü¹ä_Q3_00030.JPG	train	train	¿µ¾çµ¹¼Ü¹ä	7	µ¹¼Ü¹ä	Q3	2	0.75	top	350	528.855	262.5	396.64
top_µ¹¼Ü¹ä·ù_µ¹¼Ü_¿µ¾çµ¹¼Ü¹ä_Q3_00031.JPG	train	train	¿µ¾çµ¹¼Ü¹ä	7	µ¹¼Ü¹ä	Q3	2	0.75	top	350	528.855	262.5	396.64
top_µ¹¼Ü¹ä·ù_µ¹¼Ü_¿µ¾çµ¹¼Ü¹ä_Q3_00032.JPG	train	train	¿µ¾çµ¹¼Ü¹ä	7	µ¹¼Ü¹ä	Q3	2	0.75	top	350	528.855	262.5	396.64
top_µ¹¼Ü¹ä·ù_µ¹¼Ü_¿µ¾çµ¹¼Ü¹ä_Q3_00033.JPG	train	train	¿µ¾çµ¹¼Ü¹ä	7	µ¹¼Ü¹ä	Q3	2	0.75	top	350	528.855	262.5	396.64
top_µ¹¼Ü¹ä·ù_µ¹¼Ü_¿µ¾çµ¹¼Ü¹ä_Q3_00034.JPG	train	train	¿µ¾çµ¹¼Ü¹ä	7	µ¹¼Ü¹ä	Q3	2	0.75	top	350	528.855	262.5	396.64
top_µ¹¼Ü¹ä·ù_µ¹¼Ü_¿µ¾çµ¹¼Ü¹ä_Q3_00035.JPG	train	train	¿µ¾çµ¹¼Ü¹ä	7	µ¹¼Ü¹ä	Q3	2	0.75	top	350	528.855	262.5	396.64
top_µ¹¼Ü¹ä·ù_µ¹¼Ü_¿µ¾çµ¹¼Ü¹ä_Q3_00036.JPG	train	train	¿µ¾çµ¹¼Ü¹ä	7	µ¹¼Ü¹ä	Q3	2	0.75	top	350	528.855	262.5	396.64
top_µ¹¼Ü¹ä·ù_µ¹¼Ü_¿µ¾çµ¹¼Ü¹ä_Q3_00038.JPG	train	train	¿µ¾çµ¹¼Ü¹ä	7	µ¹¼Ü¹ä	Q3	2	0.75	top	350	528.855	262.5	396.64
top_µ¹¼Ü¹ä·ù_µ¹¼Ü_¿µ¾çµ¹¼Ü¹ä_Q3_00039.JPG	train	train	¿µ¾çµ¹¼Ü¹ä	7	µ¹¼Ü¹ä	Q3	2	0.75	top	350	528.855	262.5	396.64
top_µ¹¼Ü¹ä·ù_µ¹¼Ü_¿µ¾çµ¹¼Ü¹ä_Q3_00040.JPG	train	train	¿µ¾çµ¹¼Ü¹ä	7	µ¹¼Ü¹ä	Q3	2	0.75	top	350	528.855	262.5	396.64
top_µ¹¼Ü¹ä·ù_µ¹¼Ü_¿µ¾çµ¹¼Ü¹ä_Q3_00041.JPG	train	train	¿µ¾çµ¹¼Ü¹ä	7	µ¹¼Ü¹ä	Q3	2	0.75	top	350	528.855	262.5	396.64
top_µ¹¼Ü¹ä·ù_µ¹¼Ü_¿µ¾çµ¹¼Ü¹ä_Q3_00042.JPG	train	train	¿µ¾çµ¹¼Ü¹ä	7	µ¹¼Ü¹ä	Q3	2	0.75	top	350	528.855	262.5	396.64
top_µ¹¼Ü¹ä·ù_µ¹¼Ü_¿µ¾çµ¹¼Ü¹ä_Q3_00043.JPG	train	train	¿µ¾çµ¹¼Ü¹ä	7	µ¹¼Ü¹ä	Q3	2	0.75	top	350	528.855	262.5	396.64
top_µ¹¼Ü¹ä·ù_µ¹¼Ü_¿µ¾çµ¹¼Ü¹ä_Q3_00046.JPG	train	train	¿µ¾çµ¹¼Ü¹ä	7	µ¹¼Ü¹ä	Q3	2	0.75	top	350	528.855	262.5	396.64
top_µ¹¼Ü¹ä·ù_µ¹¼Ü_¿µ¾çµ¹¼Ü¹ä_Q3_00049.JPG	train	train	¿µ¾çµ¹¼Ü¹ä	7	µ¹¼Ü¹ä	Q3	2	0.75	top	350	528.855	262.5	396.64
top_µ¹¼Ü¹ä·ù_µ¹¼Ü_¿µ¾çµ¹¼Ü¹ä_Q3_00050.JPG	train	train	¿µ¾çµ¹¼Ü¹ä	7	µ¹¼Ü¹ä	Q3	2	0.75	top	350	528.855	262.5	396.64
top_µ¹¼Ü¹ä·ù_µ¹¼Ü_¿µ¾çµ¹¼Ü¹ä_Q3_00051.JPG	train	train	¿µ¾çµ¹¼Ü¹ä	7	µ¹¼Ü¹ä	Q3	2	0.75	top	350	528.855	262.5	396.64
top_µ¹¼Ü¹ä·ù_µ¹¼Ü_¿µ¾çµ¹¼Ü¹ä_Q3_00052.JPG	train	train	¿µ¾çµ¹¼Ü¹ä	7	µ¹¼Ü¹ä	Q3	2	0.75	top	350	528.855	262.5	396.64
top_µ¹¼Ü¹ä·ù_µ¹¼Ü_¿µ¾çµ¹¼Ü¹ä_Q3_00053.JPG	train	train	¿µ¾çµ¹¼Ü¹ä	7	µ¹¼Ü¹ä	Q3	2	0.75	top	350	528.855	262.5	396.64
top_µ¹¼Ü¹ä·ù_µ¹¼Ü_¿µ¾çµ¹¼Ü¹ä_Q3_00054.JPG	train	train	¿µ¾çµ¹¼Ü¹ä	7	µ¹¼Ü¹ä	Q3	2	0.75	top	350	528.855	262.5	396.64
top_µ¹¼Ü¹ä·ù_µ¹¼Ü_¿µ¾çµ¹¼Ü¹ä_Q3_00056.JPG	train	train	¿µ¾çµ¹¼Ü¹ä	7	µ¹¼Ü¹ä	Q3	2	0.75	top	350	528.855	262.5	396.64
top_µ¹¼Ü¹ä·ù_µ¹¼Ü_¿µ¾çµ¹¼Ü¹ä_Q3_00057.JPG	train	train	¿µ¾çµ¹¼Ü¹ä	7	µ¹¼Ü¹ä	Q3	2	0.75	top	350	528.855	262.5	396.64
side_µ¹¼Ü¹ä·ù_µ¹¼Ü_¿µ¾çµ¹¼Ü¹ä_Q4_00001.JPG	train	train	¿µ¾çµ¹¼Ü¹ä	7	µ¹¼Ü¹ä	Q4	3	1	side	350	528.855	350	528.86
side_µ¹¼Ü¹ä·ù_µ¹¼Ü_¿µ¾çµ¹¼Ü¹ä_Q4_00003.JPG	train	train	¿µ¾çµ¹¼Ü¹ä	7	µ¹¼Ü¹ä	Q4	3	1	side	350	528.855	350	528.86
side_µ¹¼Ü¹ä·ù_µ¹¼Ü_¿µ¾çµ¹¼Ü¹ä_Q4_00005.JPG	train	train	¿µ¾çµ¹¼Ü¹ä	7	µ¹¼Ü¹ä	Q4	3	1	side	350	528.855	350	528.86
side_µ¹¼Ü¹ä·ù_µ¹¼Ü_¿µ¾çµ¹¼Ü¹ä_Q4_00006.JPG	train	train	¿µ¾çµ¹¼Ü¹ä	7	µ¹¼Ü¹ä	Q4	3	1	side	350	528.855	350	528.86
side_µ¹¼Ü¹ä·ù_µ¹¼Ü_¿µ¾çµ¹¼Ü¹ä_Q4_00007.JPG	train	train	¿µ¾çµ¹¼Ü¹ä	7	µ¹¼Ü¹ä	Q4	3	1	side	350	528.855	350	528.86
side_µ¹¼Ü¹ä·ù_µ¹¼Ü_¿µ¾çµ¹¼Ü¹ä_Q4_00010.JPG	train	train	¿µ¾çµ¹¼Ü¹ä	7	µ¹¼Ü¹ä	Q4	3	1	side	350	528.855	350	528.86
side_µ¹¼Ü¹ä·ù_µ¹¼Ü_¿µ¾çµ¹¼Ü¹ä_Q4_00012.JPG	train	train	¿µ¾çµ¹¼Ü¹ä	7	µ¹¼Ü¹ä	Q4	3	1	side	350	528.855	350	528.86
side_µ¹¼Ü¹ä·ù_µ¹¼Ü_¿µ¾çµ¹¼Ü¹ä_Q4_00013.JPG	train	train	¿µ¾çµ¹¼Ü¹ä	7	µ¹¼Ü¹ä	Q4	3	1	side	350	528.855	350	528.86
side_µ¹¼Ü¹ä·ù_µ¹¼Ü_¿µ¾çµ¹¼Ü¹ä_Q4_00014.JPG	train	train	¿µ¾çµ¹¼Ü¹ä	7	µ¹¼Ü¹ä	Q4	3	1	side	350	528.855	350	528.86
side_µ¹¼Ü¹ä·ù_µ¹¼Ü_¿µ¾çµ¹¼Ü¹ä_Q4_00015.JPG	train	train	¿µ¾çµ¹¼Ü¹ä	7	µ¹¼Ü¹ä	Q4	3	1	side	350	528.855	350	528.86
side_µ¹¼Ü¹ä·ù_µ¹¼Ü_¿µ¾çµ¹¼Ü¹ä_Q4_00016.JPG	train	train	¿µ¾çµ¹¼Ü¹ä	7	µ¹¼Ü¹ä	Q4	3	1	side	350	528.855	350	528.86
side_µ¹¼Ü¹ä·ù_µ¹¼Ü_¿µ¾çµ¹¼Ü¹ä_Q4_00017.JPG	train	train	¿µ¾çµ¹¼Ü¹ä	7	µ¹¼Ü¹ä	Q4	3	1	side	350	528.855	350	528.86
side_µ¹¼Ü¹ä·ù_µ¹¼Ü_¿µ¾çµ¹¼Ü¹ä_Q4_00018.JPG	train	train	¿µ¾çµ¹¼Ü¹ä	7	µ¹¼Ü¹ä	Q4	3	1	side	350	528.855	350	528.86
side_µ¹¼Ü¹ä·ù_µ¹¼Ü_¿µ¾çµ¹¼Ü¹ä_Q4_00020.JPG	train	train	¿µ¾çµ¹¼Ü¹ä	7	µ¹¼Ü¹ä	Q4	3	1	side	350	528.855	350	528.86
side_µ¹¼Ü¹ä·ù_µ¹¼Ü_¿µ¾çµ¹¼Ü¹ä_Q4_00021.JPG	train	train	¿µ¾çµ¹¼Ü¹ä	7	µ¹¼Ü¹ä	Q4	3	1	side	350	528.855	350	528.86
side_µ¹¼Ü¹ä·ù_µ¹¼Ü_¿µ¾çµ¹¼Ü¹ä_Q4_00022.JPG	train	train	¿µ¾çµ¹¼Ü¹ä	7	µ¹¼Ü¹ä	Q4	3	1	side	350	528.855	350	528.86
side_µ¹¼Ü¹ä·ù_µ¹¼Ü_¿µ¾çµ¹¼Ü¹ä_Q4_00023.JPG	train	train	¿µ¾çµ¹¼Ü¹ä	7	µ¹¼Ü¹ä	Q4	3	1	side	350	528.855	350	528.86
side_µ¹¼Ü¹ä·ù_µ¹¼Ü_¿µ¾çµ¹¼Ü¹ä_Q4_00024.JPG	train	train	¿µ¾çµ¹¼Ü¹ä	7	µ¹¼Ü¹ä	Q4	3	1	side	350	528.855	350	528.86
side_µ¹¼Ü¹ä·ù_µ¹¼Ü_¿µ¾çµ¹¼Ü¹ä_Q4_00025.JPG	train	train	¿µ¾çµ¹¼Ü¹ä	7	µ¹¼Ü¹ä	Q4	3	1	side	350	528.855	350	528.86
side_µ¹¼Ü¹ä·ù_µ¹¼Ü_¿µ¾çµ¹¼Ü¹ä_Q4_00026.JPG	train	train	¿µ¾çµ¹¼Ü¹ä	7	µ¹¼Ü¹ä	Q4	3	1	side	350	528.855	350	528.86
side_µ¹¼Ü¹ä·ù_µ¹¼Ü_¿µ¾çµ¹¼Ü¹ä_Q4_00027.JPG	train	train	¿µ¾çµ¹¼Ü¹ä	7	µ¹¼Ü¹ä	Q4	3	1	side	350	528.855	350	528.86
side_µ¹¼Ü¹ä·ù_µ¹¼Ü_¿µ¾çµ¹¼Ü¹ä_Q4_00029.JPG	train	train	¿µ¾çµ¹¼Ü¹ä	7	µ¹¼Ü¹ä	Q4	3	1	side	350	528.855	350	528.86
side_µ¹¼Ü¹ä·ù_µ¹¼Ü_¿µ¾çµ¹¼Ü¹ä_Q4_00030.JPG	train	train	¿µ¾çµ¹¼Ü¹ä	7	µ¹¼Ü¹ä	Q4	3	1	side	350	528.855	350	528.86
side_µ¹¼Ü¹ä·ù_µ¹¼Ü_¿µ¾çµ¹¼Ü¹ä_Q4_00031.JPG	train	train	¿µ¾çµ¹¼Ü¹ä	7	µ¹¼Ü¹ä	Q4	3	1	side	350	528.855	350	528.86
side_µ¹¼Ü¹ä·ù_µ¹¼Ü_¿µ¾çµ¹¼Ü¹ä_Q4_00033.JPG	train	train	¿µ¾çµ¹¼Ü¹ä	7	µ¹¼Ü¹ä	Q4	3	1	side	350	528.855	350	528.86
side_µ¹¼Ü¹ä·ù_µ¹¼Ü_¿µ¾çµ¹¼Ü¹ä_Q4_00034.JPG	train	train	¿µ¾çµ¹¼Ü¹ä	7	µ¹¼Ü¹ä	Q4	3	1	side	350	528.855	350	528.86
side_µ¹¼Ü¹ä·ù_µ¹¼Ü_¿µ¾çµ¹¼Ü¹ä_Q4_00035.JPG	train	train	¿µ¾çµ¹¼Ü¹ä	7	µ¹¼Ü¹ä	Q4	3	1	side	350	528.855	350	528.86
side_µ¹¼Ü¹ä·ù_µ¹¼Ü_¿µ¾çµ¹¼Ü¹ä_Q4_00036.JPG	train	train	¿µ¾çµ¹¼Ü¹ä	7	µ¹¼Ü¹ä	Q4	3	1	side	350	528.855	350	528.86
side_µ¹¼Ü¹ä·ù_µ¹¼Ü_¿µ¾çµ¹¼Ü¹ä_Q4_00037.JPG	train	train	¿µ¾çµ¹¼Ü¹ä	7	µ¹¼Ü¹ä	Q4	3	1	side	350	528.855	350	528.86
side_µ¹¼Ü¹ä·ù_µ¹¼Ü_¿µ¾çµ¹¼Ü¹ä_Q4_00038.JPG	train	train	¿µ¾çµ¹¼Ü¹ä	7	µ¹¼Ü¹ä	Q4	3	1	side	350	528.855	350	528.86
side_µ¹¼Ü¹ä·ù_µ¹¼Ü_¿µ¾çµ¹¼Ü¹ä_Q4_00040.JPG	train	train	¿µ¾çµ¹¼Ü¹ä	7	µ¹¼Ü¹ä	Q4	3	1	side	350	528.855	350	528.86
side_µ¹¼Ü¹ä·ù_µ¹¼Ü_¿µ¾çµ¹¼Ü¹ä_Q4_00042.JPG	train	train	¿µ¾çµ¹¼Ü¹ä	7	µ¹¼Ü¹ä	Q4	3	1	side	350	528.855	350	528.86
side_µ¹¼Ü¹ä·ù_µ¹¼Ü_¿µ¾çµ¹¼Ü¹ä_Q4_00043.JPG	train	train	¿µ¾çµ¹¼Ü¹ä	7	µ¹¼Ü¹ä	Q4	3	1	side	350	528.855	350	528.86
side_µ¹¼Ü¹ä·ù_µ¹¼Ü_¿µ¾çµ¹¼Ü¹ä_Q4_00044.JPG	train	train	¿µ¾çµ¹¼Ü¹ä	7	µ¹¼Ü¹ä	Q4	3	1	side	350	528.855	350	528.86
side_µ¹¼Ü¹ä·ù_µ¹¼Ü_¿µ¾çµ¹¼Ü¹ä_Q4_00045.JPG	train	train	¿µ¾çµ¹¼Ü¹ä	7	µ¹¼Ü¹ä	Q4	3	1	side	350	528.855	350	528.86
side_µ¹¼Ü¹ä·ù_µ¹¼Ü_¿µ¾çµ¹¼Ü¹ä_Q4_00046.JPG	train	train	¿µ¾çµ¹¼Ü¹ä	7	µ¹¼Ü¹ä	Q4	3	1	side	350	528.855	350	528.86
side_µ¹¼Ü¹ä·ù_µ¹¼Ü_¿µ¾çµ¹¼Ü¹ä_Q4_00047.JPG	train	train	¿µ¾çµ¹¼Ü¹ä	7	µ¹¼Ü¹ä	Q4	3	1	side	350	528.855	350	528.86
side_µ¹¼Ü¹ä·ù_µ¹¼Ü_¿µ¾çµ¹¼Ü¹ä_Q4_00048.JPG	train	train	¿µ¾çµ¹¼Ü¹ä	7	µ¹¼Ü¹ä	Q4	3	1	side	350	528.855	350	528.86
side_µ¹¼Ü¹ä·ù_µ¹¼Ü_¿µ¾çµ¹¼Ü¹ä_Q4_00049.JPG	train	train	¿µ¾çµ¹¼Ü¹ä	7	µ¹¼Ü¹ä	Q4	3	1	side	350	528.855	350	528.86
side_µ¹¼Ü¹ä·ù_µ¹¼Ü_¿µ¾çµ¹¼Ü¹ä_Q4_00050.JPG	train	train	¿µ¾çµ¹¼Ü¹ä	7	µ¹¼Ü¹ä	Q4	3	1	side	350	528.855	350	528.86
side_µ¹¼Ü¹ä·ù_µ¹¼Ü_¿µ¾çµ¹¼Ü¹ä_Q4_00051.JPG	train	train	¿µ¾çµ¹¼Ü¹ä	7	µ¹¼Ü¹ä	Q4	3	1	side	350	528.855	350	528.86
top_µ¹¼Ü¹ä·ù_µ¹¼Ü_¿µ¾çµ¹¼Ü¹ä_Q4_00002.JPG	train	train	¿µ¾çµ¹¼Ü¹ä	7	µ¹¼Ü¹ä	Q4	3	1	top	350	528.855	350	528.86
top_µ¹¼Ü¹ä·ù_µ¹¼Ü_¿µ¾çµ¹¼Ü¹ä_Q4_00004.JPG	train	train	¿µ¾çµ¹¼Ü¹ä	7	µ¹¼Ü¹ä	Q4	3	1	top	350	528.855	350	528.86
top_µ¹¼Ü¹ä·ù_µ¹¼Ü_¿µ¾çµ¹¼Ü¹ä_Q4_00005.JPG	train	train	¿µ¾çµ¹¼Ü¹ä	7	µ¹¼Ü¹ä	Q4	3	1	top	350	528.855	350	528.86
top_µ¹¼Ü¹ä·ù_µ¹¼Ü_¿µ¾çµ¹¼Ü¹ä_Q4_00006.JPG	train	train	¿µ¾çµ¹¼Ü¹ä	7	µ¹¼Ü¹ä	Q4	3	1	top	350	528.855	350	528.86
top_µ¹¼Ü¹ä·ù_µ¹¼Ü_¿µ¾çµ¹¼Ü¹ä_Q4_00008.JPG	train	train	¿µ¾çµ¹¼Ü¹ä	7	µ¹¼Ü¹ä	Q4	3	1	top	350	528.855	350	528.86
top_µ¹¼Ü¹ä·ù_µ¹¼Ü_¿µ¾çµ¹¼Ü¹ä_Q4_00009.JPG	train	train	¿µ¾çµ¹¼Ü¹ä	7	µ¹¼Ü¹ä	Q4	3	1	top	350	528.855	350	528.86
top_µ¹¼Ü¹ä·ù_µ¹¼Ü_¿µ¾çµ¹¼Ü¹ä_Q4_00010.JPG	train	train	¿µ¾çµ¹¼Ü¹ä	7	µ¹¼Ü¹ä	Q4	3	1	top	350	528.855	350	528.86
top_µ¹¼Ü¹ä·ù_µ¹¼Ü_¿µ¾çµ¹¼Ü¹ä_Q4_00012.JPG	train	train	¿µ¾çµ¹¼Ü¹ä	7	µ¹¼Ü¹ä	Q4	3	1	top	350	528.855	350	528.86
top_µ¹¼Ü¹ä·ù_µ¹¼Ü_¿µ¾çµ¹¼Ü¹ä_Q4_00013.JPG	train	train	¿µ¾çµ¹¼Ü¹ä	7	µ¹¼Ü¹ä	Q4	3	1	top	350	528.855	350	528.86
top_µ¹¼Ü¹ä·ù_µ¹¼Ü_¿µ¾çµ¹¼Ü¹ä_Q4_00014.JPG	train	train	¿µ¾çµ¹¼Ü¹ä	7	µ¹¼Ü¹ä	Q4	3	1	top	350	528.855	350	528.86
top_µ¹¼Ü¹ä·ù_µ¹¼Ü_¿µ¾çµ¹¼Ü¹ä_Q4_00016.JPG	train	train	¿µ¾çµ¹¼Ü¹ä	7	µ¹¼Ü¹ä	Q4	3	1	top	350	528.855	350	528.86
top_µ¹¼Ü¹ä·ù_µ¹¼Ü_¿µ¾çµ¹¼Ü¹ä_Q4_00017.JPG	train	train	¿µ¾çµ¹¼Ü¹ä	7	µ¹¼Ü¹ä	Q4	3	1	top	350	528.855	350	528.86
top_µ¹¼Ü¹ä·ù_µ¹¼Ü_¿µ¾çµ¹¼Ü¹ä_Q4_00018.JPG	train	train	¿µ¾çµ¹¼Ü¹ä	7	µ¹¼Ü¹ä	Q4	3	1	top	350	528.855	350	528.86
top_µ¹¼Ü¹ä·ù_µ¹¼Ü_¿µ¾çµ¹¼Ü¹ä_Q4_00019.JPG	train	train	¿µ¾çµ¹¼Ü¹ä	7	µ¹¼Ü¹ä	Q4	3	1	top	350	528.855	350	528.86
top_µ¹¼Ü¹ä·ù_µ¹¼Ü_¿µ¾çµ¹¼Ü¹ä_Q4_00020.JPG	train	train	¿µ¾çµ¹¼Ü¹ä	7	µ¹¼Ü¹ä	Q4	3	1	top	350	528.855	350	528.86
top_µ¹¼Ü¹ä·ù_µ¹¼Ü_¿µ¾çµ¹¼Ü¹ä_Q4_00021.JPG	train	train	¿µ¾çµ¹¼Ü¹ä	7	µ¹¼Ü¹ä	Q4	3	1	top	350	528.855	350	528.86
top_µ¹¼Ü¹ä·ù_µ¹¼Ü_¿µ¾çµ¹¼Ü¹ä_Q4_00023.JPG	train	train	¿µ¾çµ¹¼Ü¹ä	7	µ¹¼Ü¹ä	Q4	3	1	top	350	528.855	350	528.86
top_µ¹¼Ü¹ä·ù_µ¹¼Ü_¿µ¾çµ¹¼Ü¹ä_Q4_00024.JPG	train	train	¿µ¾çµ¹¼Ü¹ä	7	µ¹¼Ü¹ä	Q4	3	1	top	350	528.855	350	528.86
top_µ¹¼Ü¹ä·ù_µ¹¼Ü_¿µ¾çµ¹¼Ü¹ä_Q4_00025.JPG	train	train	¿µ¾çµ¹¼Ü¹ä	7	µ¹¼Ü¹ä	Q4	3	1	top	350	528.855	350	528.86
top_µ¹¼Ü¹ä·ù_µ¹¼Ü_¿µ¾çµ¹¼Ü¹ä_Q4_00026.JPG	train	train	¿µ¾çµ¹¼Ü¹ä	7	µ¹¼Ü¹ä	Q4	3	1	top	350	528.855	350	528.86
top_µ¹¼Ü¹ä·ù_µ¹¼Ü_¿µ¾çµ¹¼Ü¹ä_Q4_00027.JPG	train	train	¿µ¾çµ¹¼Ü¹ä	7	µ¹¼Ü¹ä	Q4	3	1	top	350	528.855	350	528.86
top_µ¹¼Ü¹ä·ù_µ¹¼Ü_¿µ¾çµ¹¼Ü¹ä_Q4_00028.JPG	train	train	¿µ¾çµ¹¼Ü¹ä	7	µ¹¼Ü¹ä	Q4	3	1	top	350	528.855	350	528.86
top_µ¹¼Ü¹ä·ù_µ¹¼Ü_¿µ¾çµ¹¼Ü¹ä_Q4_00029.JPG	train	train	¿µ¾çµ¹¼Ü¹ä	7	µ¹¼Ü¹ä	Q4	3	1	top	350	528.855	350	528.86
top_µ¹¼Ü¹ä·ù_µ¹¼Ü_¿µ¾çµ¹¼Ü¹ä_Q4_00030.JPG	train	train	¿µ¾çµ¹¼Ü¹ä	7	µ¹¼Ü¹ä	Q4	3	1	top	350	528.855	350	528.86
top_µ¹¼Ü¹ä·ù_µ¹¼Ü_¿µ¾çµ¹¼Ü¹ä_Q4_00031.JPG	train	train	¿µ¾çµ¹¼Ü¹ä	7	µ¹¼Ü¹ä	Q4	3	1	top	350	528.855	350	528.86
top_µ¹¼Ü¹ä·ù_µ¹¼Ü_¿µ¾çµ¹¼Ü¹ä_Q4_00032.JPG	train	train	¿µ¾çµ¹¼Ü¹ä	7	µ¹¼Ü¹ä	Q4	3	1	top	350	528.855	350	528.86
top_µ¹¼Ü¹ä·ù_µ¹¼Ü_¿µ¾çµ¹¼Ü¹ä_Q4_00033.JPG	train	train	¿µ¾çµ¹¼Ü¹ä	7	µ¹¼Ü¹ä	Q4	3	1	top	350	528.855	350	528.86
top_µ¹¼Ü¹ä·ù_µ¹¼Ü_¿µ¾çµ¹¼Ü¹ä_Q4_00035.JPG	train	train	¿µ¾çµ¹¼Ü¹ä	7	µ¹¼Ü¹ä	Q4	3	1	top	350	528.855	350	528.86
top_µ¹¼Ü¹ä·ù_µ¹¼Ü_¿µ¾çµ¹¼Ü¹ä_Q4_00036.JPG	train	train	¿µ¾çµ¹¼Ü¹ä	7	µ¹¼Ü¹ä	Q4	3	1	top	350	528.855	350	528.86
top_µ¹¼Ü¹ä·ù_µ¹¼Ü_¿µ¾çµ¹¼Ü¹ä_Q4_00037.JPG	train	train	¿µ¾çµ¹¼Ü¹ä	7	µ¹¼Ü¹ä	Q4	3	1	top	350	528.855	350	528.86
top_µ¹¼Ü¹ä·ù_µ¹¼Ü_¿µ¾çµ¹¼Ü¹ä_Q4_00038.JPG	train	train	¿µ¾çµ¹¼Ü¹ä	7	µ¹¼Ü¹ä	Q4	3	1	top	350	528.855	350	528.86
top_µ¹¼Ü¹ä·ù_µ¹¼Ü_¿µ¾çµ¹¼Ü¹ä_Q4_00039.JPG	train	train	¿µ¾çµ¹¼Ü¹ä	7	µ¹¼Ü¹ä	Q4	3	1	top	350	528.855	350	528.86
top_µ¹¼Ü¹ä·ù_µ¹¼Ü_¿µ¾çµ¹¼Ü¹ä_Q4_00040.JPG	train	train	¿µ¾çµ¹¼Ü¹ä	7	µ¹¼Ü¹ä	Q4	3	1	top	350	528.855	350	528.86
top_µ¹¼Ü¹ä·ù_µ¹¼Ü_¿µ¾çµ¹¼Ü¹ä_Q4_00041.JPG	train	train	¿µ¾çµ¹¼Ü¹ä	7	µ¹¼Ü¹ä	Q4	3	1	top	350	528.855	350	528.86
top_µ¹¼Ü¹ä·ù_µ¹¼Ü_¿µ¾çµ¹¼Ü¹ä_Q4_00042.JPG	train	train	¿µ¾çµ¹¼Ü¹ä	7	µ¹¼Ü¹ä	Q4	3	1	top	350	528.855	350	528.86
top_µ¹¼Ü¹ä·ù_µ¹¼Ü_¿µ¾çµ¹¼Ü¹ä_Q4_00043.JPG	train	train	¿µ¾çµ¹¼Ü¹ä	7	µ¹¼Ü¹ä	Q4	3	1	top	350	528.855	350	528.86
top_µ¹¼Ü¹ä·ù_µ¹¼Ü_¿µ¾çµ¹¼Ü¹ä_Q4_00044.JPG	train	train	¿µ¾çµ¹¼Ü¹ä	7	µ¹¼Ü¹ä	Q4	3	1	top	350	528.855	350	528.86
top_µ¹¼Ü¹ä·ù_µ¹¼Ü_¿µ¾çµ¹¼Ü¹ä_Q4_00045.JPG	train	train	¿µ¾çµ¹¼Ü¹ä	7	µ¹¼Ü¹ä	Q4	3	1	top	350	528.855	350	528.86
top_µ¹¼Ü¹ä·ù_µ¹¼Ü_¿µ¾çµ¹¼Ü¹ä_Q4_00046.JPG	train	train	¿µ¾çµ¹¼Ü¹ä	7	µ¹¼Ü¹ä	Q4	3	1	top	350	528.855	350	528.86
top_µ¹¼Ü¹ä·ù_µ¹¼Ü_¿µ¾çµ¹¼Ü¹ä_Q4_00049.JPG	train	train	¿µ¾çµ¹¼Ü¹ä	7	µ¹¼Ü¹ä	Q4	3	1	top	350	528.855	350	528.86
top_µ¹¼Ü¹ä·ù_µ¹¼Ü_¿µ¾çµ¹¼Ü¹ä_Q4_00051.JPG	train	train	¿µ¾çµ¹¼Ü¹ä	7	µ¹¼Ü¹ä	Q4	3	1	top	350	528.855	350	528.86
top_µ¹¼Ü¹ä·ù_µ¹¼Ü_¿µ¾çµ¹¼Ü¹ä_Q4_00052.JPG	train	train	¿µ¾çµ¹¼Ü¹ä	7	µ¹¼Ü¹ä	Q4	3	1	top	350	528.855	350	528.86
top_µ¹¼Ü¹ä·ù_µ¹¼Ü_¿µ¾çµ¹¼Ü¹ä_Q4_00053.JPG	train	train	¿µ¾çµ¹¼Ü¹ä	7	µ¹¼Ü¹ä	Q4	3	1	top	350	528.855	350	528.86
side_µ¹¼Ü¹ä·ù_µ¹¼Ü_¿µ¾çµ¹¼Ü¹ä_Q5_00001.JPG	train	train	¿µ¾çµ¹¼Ü¹ä	7	µ¹¼Ü¹ä	Q5	4	1.25	side	350	528.855	437.5	661.07
side_µ¹¼Ü¹ä·ù_µ¹¼Ü_¿µ¾çµ¹¼Ü¹ä_Q5_00002.JPG	train	train	¿µ¾çµ¹¼Ü¹ä	7	µ¹¼Ü¹ä	Q5	4	1.25	side	350	528.855	437.5	661.07
side_µ¹¼Ü¹ä·ù_µ¹¼Ü_¿µ¾çµ¹¼Ü¹ä_Q5_00003.JPG	train	train	¿µ¾çµ¹¼Ü¹ä	7	µ¹¼Ü¹ä	Q5	4	1.25	side	350	528.855	437.5	661.07
side_µ¹¼Ü¹ä·ù_µ¹¼Ü_¿µ¾çµ¹¼Ü¹ä_Q5_00005.JPG	train	train	¿µ¾çµ¹¼Ü¹ä	7	µ¹¼Ü¹ä	Q5	4	1.25	side	350	528.855	437.5	661.07
side_µ¹¼Ü¹ä·ù_µ¹¼Ü_¿µ¾çµ¹¼Ü¹ä_Q5_00006.JPG	train	train	¿µ¾çµ¹¼Ü¹ä	7	µ¹¼Ü¹ä	Q5	4	1.25	side	350	528.855	437.5	661.07
side_µ¹¼Ü¹ä·ù_µ¹¼Ü_¿µ¾çµ¹¼Ü¹ä_Q5_00007.JPG	train	train	¿µ¾çµ¹¼Ü¹ä	7	µ¹¼Ü¹ä	Q5	4	1.25	side	350	528.855	437.5	661.07
side_µ¹¼Ü¹ä·ù_µ¹¼Ü_¿µ¾çµ¹¼Ü¹ä_Q5_00009.JPG	train	train	¿µ¾çµ¹¼Ü¹ä	7	µ¹¼Ü¹ä	Q5	4	1.25	side	350	528.855	437.5	661.07
side_µ¹¼Ü¹ä·ù_µ¹¼Ü_¿µ¾çµ¹¼Ü¹ä_Q5_00011.JPG	train	train	¿µ¾çµ¹¼Ü¹ä	7	µ¹¼Ü¹ä	Q5	4	1.25	side	350	528.855	437.5	661.07
side_µ¹¼Ü¹ä·ù_µ¹¼Ü_¿µ¾çµ¹¼Ü¹ä_Q5_00012.JPG	train	train	¿µ¾çµ¹¼Ü¹ä	7	µ¹¼Ü¹ä	Q5	4	1.25	side	350	528.855	437.5	661.07
side_µ¹¼Ü¹ä·ù_µ¹¼Ü_¿µ¾çµ¹¼Ü¹ä_Q5_00014.JPG	train	train	¿µ¾çµ¹¼Ü¹ä	7	µ¹¼Ü¹ä	Q5	4	1.25	side	350	528.855	437.5	661.07
side_µ¹¼Ü¹ä·ù_µ¹¼Ü_¿µ¾çµ¹¼Ü¹ä_Q5_00016.JPG	train	train	¿µ¾çµ¹¼Ü¹ä	7	µ¹¼Ü¹ä	Q5	4	1.25	side	350	528.855	437.5	661.07
side_µ¹¼Ü¹ä·ù_µ¹¼Ü_¿µ¾çµ¹¼Ü¹ä_Q5_00019.JPG	train	train	¿µ¾çµ¹¼Ü¹ä	7	µ¹¼Ü¹ä	Q5	4	1.25	side	350	528.855	437.5	661.07
side_µ¹¼Ü¹ä·ù_µ¹¼Ü_¿µ¾çµ¹¼Ü¹ä_Q5_00021.JPG	train	train	¿µ¾çµ¹¼Ü¹ä	7	µ¹¼Ü¹ä	Q5	4	1.25	side	350	528.855	437.5	661.07
side_µ¹¼Ü¹ä·ù_µ¹¼Ü_¿µ¾çµ¹¼Ü¹ä_Q5_00022.JPG	train	train	¿µ¾çµ¹¼Ü¹ä	7	µ¹¼Ü¹ä	Q5	4	1.25	side	350	528.855	437.5	661.07
side_µ¹¼Ü¹ä·ù_µ¹¼Ü_¿µ¾çµ¹¼Ü¹ä_Q5_00025.JPG	train	train	¿µ¾çµ¹¼Ü¹ä	7	µ¹¼Ü¹ä	Q5	4	1.25	side	350	528.855	437.5	661.07
side_µ¹¼Ü¹ä·ù_µ¹¼Ü_¿µ¾çµ¹¼Ü¹ä_Q5_00026.JPG	train	train	¿µ¾çµ¹¼Ü¹ä	7	µ¹¼Ü¹ä	Q5	4	1.25	side	350	528.855	437.5	661.07
side_µ¹¼Ü¹ä·ù_µ¹¼Ü_¿µ¾çµ¹¼Ü¹ä_Q5_00027.JPG	train	train	¿µ¾çµ¹¼Ü¹ä	7	µ¹¼Ü¹ä	Q5	4	1.25	side	350	528.855	437.5	661.07
side_µ¹¼Ü¹ä·ù_µ¹¼Ü_¿µ¾çµ¹¼Ü¹ä_Q5_00029.JPG	train	train	¿µ¾çµ¹¼Ü¹ä	7	µ¹¼Ü¹ä	Q5	4	1.25	side	350	528.855	437.5	661.07
side_µ¹¼Ü¹ä·ù_µ¹¼Ü_¿µ¾çµ¹¼Ü¹ä_Q5_00030.JPG	train	train	¿µ¾çµ¹¼Ü¹ä	7	µ¹¼Ü¹ä	Q5	4	1.25	side	350	528.855	437.5	661.07
side_µ¹¼Ü¹ä·ù_µ¹¼Ü_¿µ¾çµ¹¼Ü¹ä_Q5_00031.JPG	train	train	¿µ¾çµ¹¼Ü¹ä	7	µ¹¼Ü¹ä	Q5	4	1.25	side	350	528.855	437.5	661.07
side_µ¹¼Ü¹ä·ù_µ¹¼Ü_¿µ¾çµ¹¼Ü¹ä_Q5_00032.JPG	train	train	¿µ¾çµ¹¼Ü¹ä	7	µ¹¼Ü¹ä	Q5	4	1.25	side	350	528.855	437.5	661.07
side_µ¹¼Ü¹ä·ù_µ¹¼Ü_¿µ¾çµ¹¼Ü¹ä_Q5_00033.JPG	train	train	¿µ¾çµ¹¼Ü¹ä	7	µ¹¼Ü¹ä	Q5	4	1.25	side	350	528.855	437.5	661.07
side_µ¹¼Ü¹ä·ù_µ¹¼Ü_¿µ¾çµ¹¼Ü¹ä_Q5_00034.JPG	train	train	¿µ¾çµ¹¼Ü¹ä	7	µ¹¼Ü¹ä	Q5	4	1.25	side	350	528.855	437.5	661.07
side_µ¹¼Ü¹ä·ù_µ¹¼Ü_¿µ¾çµ¹¼Ü¹ä_Q5_00035.JPG	train	train	¿µ¾çµ¹¼Ü¹ä	7	µ¹¼Ü¹ä	Q5	4	1.25	side	350	528.855	437.5	661.07
side_µ¹¼Ü¹ä·ù_µ¹¼Ü_¿µ¾çµ¹¼Ü¹ä_Q5_00036.JPG	train	train	¿µ¾çµ¹¼Ü¹ä	7	µ¹¼Ü¹ä	Q5	4	1.25	side	350	528.855	437.5	661.07
side_µ¹¼Ü¹ä·ù_µ¹¼Ü_¿µ¾çµ¹¼Ü¹ä_Q5_00037.JPG	train	train	¿µ¾çµ¹¼Ü¹ä	7	µ¹¼Ü¹ä	Q5	4	1.25	side	350	528.855	437.5	661.07
side_µ¹¼Ü¹ä·ù_µ¹¼Ü_¿µ¾çµ¹¼Ü¹ä_Q5_00038.JPG	train	train	¿µ¾çµ¹¼Ü¹ä	7	µ¹¼Ü¹ä	Q5	4	1.25	side	350	528.855	437.5	661.07
side_µ¹¼Ü¹ä·ù_µ¹¼Ü_¿µ¾çµ¹¼Ü¹ä_Q5_00040.JPG	train	train	¿µ¾çµ¹¼Ü¹ä	7	µ¹¼Ü¹ä	Q5	4	1.25	side	350	528.855	437.5	661.07
side_µ¹¼Ü¹ä·ù_µ¹¼Ü_¿µ¾çµ¹¼Ü¹ä_Q5_00041.JPG	train	train	¿µ¾çµ¹¼Ü¹ä	7	µ¹¼Ü¹ä	Q5	4	1.25	side	350	528.855	437.5	661.07
side_µ¹¼Ü¹ä·ù_µ¹¼Ü_¿µ¾çµ¹¼Ü¹ä_Q5_00042.JPG	train	train	¿µ¾çµ¹¼Ü¹ä	7	µ¹¼Ü¹ä	Q5	4	1.25	side	350	528.855	437.5	661.07
side_µ¹¼Ü¹ä·ù_µ¹¼Ü_¿µ¾çµ¹¼Ü¹ä_Q5_00043.JPG	train	train	¿µ¾çµ¹¼Ü¹ä	7	µ¹¼Ü¹ä	Q5	4	1.25	side	350	528.855	437.5	661.07
side_µ¹¼Ü¹ä·ù_µ¹¼Ü_¿µ¾çµ¹¼Ü¹ä_Q5_00045.JPG	train	train	¿µ¾çµ¹¼Ü¹ä	7	µ¹¼Ü¹ä	Q5	4	1.25	side	350	528.855	437.5	661.07
side_µ¹¼Ü¹ä·ù_µ¹¼Ü_¿µ¾çµ¹¼Ü¹ä_Q5_00046.JPG	train	train	¿µ¾çµ¹¼Ü¹ä	7	µ¹¼Ü¹ä	Q5	4	1.25	side	350	528.855	437.5	661.07
side_µ¹¼Ü¹ä·ù_µ¹¼Ü_¿µ¾çµ¹¼Ü¹ä_Q5_00047.JPG	train	train	¿µ¾çµ¹¼Ü¹ä	7	µ¹¼Ü¹ä	Q5	4	1.25	side	350	528.855	437.5	661.07
side_µ¹¼Ü¹ä·ù_µ¹¼Ü_¿µ¾çµ¹¼Ü¹ä_Q5_00048.JPG	train	train	¿µ¾çµ¹¼Ü¹ä	7	µ¹¼Ü¹ä	Q5	4	1.25	side	350	528.855	437.5	661.07
side_µ¹¼Ü¹ä·ù_µ¹¼Ü_¿µ¾çµ¹¼Ü¹ä_Q5_00050.JPG	train	train	¿µ¾çµ¹¼Ü¹ä	7	µ¹¼Ü¹ä	Q5	4	1.25	side	350	528.855	437.5	661.07
side_µ¹¼Ü¹ä·ù_µ¹¼Ü_¿µ¾çµ¹¼Ü¹ä_Q5_00051.JPG	train	train	¿µ¾çµ¹¼Ü¹ä	7	µ¹¼Ü¹ä	Q5	4	1.25	side	350	528.855	437.5	661.07
side_µ¹¼Ü¹ä·ù_µ¹¼Ü_¿µ¾çµ¹¼Ü¹ä_Q5_00052.JPG	train	train	¿µ¾çµ¹¼Ü¹ä	7	µ¹¼Ü¹ä	Q5	4	1.25	side	350	528.855	437.5	661.07
side_µ¹¼Ü¹ä·ù_µ¹¼Ü_¿µ¾çµ¹¼Ü¹ä_Q5_00053.JPG	train	train	¿µ¾çµ¹¼Ü¹ä	7	µ¹¼Ü¹ä	Q5	4	1.25	side	350	528.855	437.5	661.07
side_µ¹¼Ü¹ä·ù_µ¹¼Ü_¿µ¾çµ¹¼Ü¹ä_Q5_00054.JPG	train	train	¿µ¾çµ¹¼Ü¹ä	7	µ¹¼Ü¹ä	Q5	4	1.25	side	350	528.855	437.5	661.07
side_µ¹¼Ü¹ä·ù_µ¹¼Ü_¿µ¾çµ¹¼Ü¹ä_Q5_00055.JPG	train	train	¿µ¾çµ¹¼Ü¹ä	7	µ¹¼Ü¹ä	Q5	4	1.25	side	350	528.855	437.5	661.07
side_µ¹¼Ü¹ä·ù_µ¹¼Ü_¿µ¾çµ¹¼Ü¹ä_Q5_00056.JPG	train	train	¿µ¾çµ¹¼Ü¹ä	7	µ¹¼Ü¹ä	Q5	4	1.25	side	350	528.855	437.5	661.07
side_µ¹¼Ü¹ä·ù_µ¹¼Ü_¿µ¾çµ¹¼Ü¹ä_Q5_00057.JPG	train	train	¿µ¾çµ¹¼Ü¹ä	7	µ¹¼Ü¹ä	Q5	4	1.25	side	350	528.855	437.5	661.07
side_µ¹¼Ü¹ä·ù_µ¹¼Ü_¿µ¾çµ¹¼Ü¹ä_Q5_00058.JPG	train	train	¿µ¾çµ¹¼Ü¹ä	7	µ¹¼Ü¹ä	Q5	4	1.25	side	350	528.855	437.5	661.07
top_µ¹¼Ü¹ä·ù_µ¹¼Ü_¿µ¾çµ¹¼Ü¹ä_Q5_00001.JPG	train	train	¿µ¾çµ¹¼Ü¹ä	7	µ¹¼Ü¹ä	Q5	4	1.25	top	350	528.855	437.5	661.07
top_µ¹¼Ü¹ä·ù_µ¹¼Ü_¿µ¾çµ¹¼Ü¹ä_Q5_00002.JPG	train	train	¿µ¾çµ¹¼Ü¹ä	7	µ¹¼Ü¹ä	Q5	4	1.25	top	350	528.855	437.5	661.07
top_µ¹¼Ü¹ä·ù_µ¹¼Ü_¿µ¾çµ¹¼Ü¹ä_Q5_00003.JPG	train	train	¿µ¾çµ¹¼Ü¹ä	7	µ¹¼Ü¹ä	Q5	4	1.25	top	350	528.855	437.5	661.07
top_µ¹¼Ü¹ä·ù_µ¹¼Ü_¿µ¾çµ¹¼Ü¹ä_Q5_00004.JPG	train	train	¿µ¾çµ¹¼Ü¹ä	7	µ¹¼Ü¹ä	Q5	4	1.25	top	350	528.855	437.5	661.07
top_µ¹¼Ü¹ä·ù_µ¹¼Ü_¿µ¾çµ¹¼Ü¹ä_Q5_00005.JPG	train	train	¿µ¾çµ¹¼Ü¹ä	7	µ¹¼Ü¹ä	Q5	4	1.25	top	350	528.855	437.5	661.07
top_µ¹¼Ü¹ä·ù_µ¹¼Ü_¿µ¾çµ¹¼Ü¹ä_Q5_00006.JPG	train	train	¿µ¾çµ¹¼Ü¹ä	7	µ¹¼Ü¹ä	Q5	4	1.25	top	350	528.855	437.5	661.07
top_µ¹¼Ü¹ä·ù_µ¹¼Ü_¿µ¾çµ¹¼Ü¹ä_Q5_00009.JPG	train	train	¿µ¾çµ¹¼Ü¹ä	7	µ¹¼Ü¹ä	Q5	4	1.25	top	350	528.855	437.5	661.07
top_µ¹¼Ü¹ä·ù_µ¹¼Ü_¿µ¾çµ¹¼Ü¹ä_Q5_00010.JPG	train	train	¿µ¾çµ¹¼Ü¹ä	7	µ¹¼Ü¹ä	Q5	4	1.25	top	350	528.855	437.5	661.07
top_µ¹¼Ü¹ä·ù_µ¹¼Ü_¿µ¾çµ¹¼Ü¹ä_Q5_00011.JPG	train	train	¿µ¾çµ¹¼Ü¹ä	7	µ¹¼Ü¹ä	Q5	4	1.25	top	350	528.855	437.5	661.07
top_µ¹¼Ü¹ä·ù_µ¹¼Ü_¿µ¾çµ¹¼Ü¹ä_Q5_00012.JPG	train	train	¿µ¾çµ¹¼Ü¹ä	7	µ¹¼Ü¹ä	Q5	4	1.25	top	350	528.855	437.5	661.07
top_µ¹¼Ü¹ä·ù_µ¹¼Ü_¿µ¾çµ¹¼Ü¹ä_Q5_00014.JPG	train	train	¿µ¾çµ¹¼Ü¹ä	7	µ¹¼Ü¹ä	Q5	4	1.25	top	350	528.855	437.5	661.07
top_µ¹¼Ü¹ä·ù_µ¹¼Ü_¿µ¾çµ¹¼Ü¹ä_Q5_00015.JPG	train	train	¿µ¾çµ¹¼Ü¹ä	7	µ¹¼Ü¹ä	Q5	4	1.25	top	350	528.855	437.5	661.07
top_µ¹¼Ü¹ä·ù_µ¹¼Ü_¿µ¾çµ¹¼Ü¹ä_Q5_00016.JPG	train	train	¿µ¾çµ¹¼Ü¹ä	7	µ¹¼Ü¹ä	Q5	4	1.25	top	350	528.855	437.5	661.07
top_µ¹¼Ü¹ä·ù_µ¹¼Ü_¿µ¾çµ¹¼Ü¹ä_Q5_00017.JPG	train	train	¿µ¾çµ¹¼Ü¹ä	7	µ¹¼Ü¹ä	Q5	4	1.25	top	350	528.855	437.5	661.07
top_µ¹¼Ü¹ä·ù_µ¹¼Ü_¿µ¾çµ¹¼Ü¹ä_Q5_00018.JPG	train	train	¿µ¾çµ¹¼Ü¹ä	7	µ¹¼Ü¹ä	Q5	4	1.25	top	350	528.855	437.5	661.07
top_µ¹¼Ü¹ä·ù_µ¹¼Ü_¿µ¾çµ¹¼Ü¹ä_Q5_00019.JPG	train	train	¿µ¾çµ¹¼Ü¹ä	7	µ¹¼Ü¹ä	Q5	4	1.25	top	350	528.855	437.5	661.07
top_µ¹¼Ü¹ä·ù_µ¹¼Ü_¿µ¾çµ¹¼Ü¹ä_Q5_00020.JPG	train	train	¿µ¾çµ¹¼Ü¹ä	7	µ¹¼Ü¹ä	Q5	4	1.25	top	350	528.855	437.5	661.07
top_µ¹¼Ü¹ä·ù_µ¹¼Ü_¿µ¾çµ¹¼Ü¹ä_Q5_00023.JPG	train	train	¿µ¾çµ¹¼Ü¹ä	7	µ¹¼Ü¹ä	Q5	4	1.25	top	350	528.855	437.5	661.07
top_µ¹¼Ü¹ä·ù_µ¹¼Ü_¿µ¾çµ¹¼Ü¹ä_Q5_00024.JPG	train	train	¿µ¾çµ¹¼Ü¹ä	7	µ¹¼Ü¹ä	Q5	4	1.25	top	350	528.855	437.5	661.07
top_µ¹¼Ü¹ä·ù_µ¹¼Ü_¿µ¾çµ¹¼Ü¹ä_Q5_00025.JPG	train	train	¿µ¾çµ¹¼Ü¹ä	7	µ¹¼Ü¹ä	Q5	4	1.25	top	350	528.855	437.5	661.07
top_µ¹¼Ü¹ä·ù_µ¹¼Ü_¿µ¾çµ¹¼Ü¹ä_Q5_00026.JPG	train	train	¿µ¾çµ¹¼Ü¹ä	7	µ¹¼Ü¹ä	Q5	4	1.25	top	350	528.855	437.5	661.07
top_µ¹¼Ü¹ä·ù_µ¹¼Ü_¿µ¾çµ¹¼Ü¹ä_Q5_00027.JPG	train	train	¿µ¾çµ¹¼Ü¹ä	7	µ¹¼Ü¹ä	Q5	4	1.25	top	350	528.855	437.5	661.07
top_µ¹¼Ü¹ä·ù_µ¹¼Ü_¿µ¾çµ¹¼Ü¹ä_Q5_00028.JPG	train	train	¿µ¾çµ¹¼Ü¹ä	7	µ¹¼Ü¹ä	Q5	4	1.25	top	350	528.855	437.5	661.07
top_µ¹¼Ü¹ä·ù_µ¹¼Ü_¿µ¾çµ¹¼Ü¹ä_Q5_00029.JPG	train	train	¿µ¾çµ¹¼Ü¹ä	7	µ¹¼Ü¹ä	Q5	4	1.25	top	350	528.855	437.5	661.07
top_µ¹¼Ü¹ä·ù_µ¹¼Ü_¿µ¾çµ¹¼Ü¹ä_Q5_00030.JPG	train	train	¿µ¾çµ¹¼Ü¹ä	7	µ¹¼Ü¹ä	Q5	4	1.25	top	350	528.855	437.5	661.07
top_µ¹¼Ü¹ä·ù_µ¹¼Ü_¿µ¾çµ¹¼Ü¹ä_Q5_00031.JPG	train	train	¿µ¾çµ¹¼Ü¹ä	7	µ¹¼Ü¹ä	Q5	4	1.25	top	350	528.855	437.5	661.07
top_µ¹¼Ü¹ä·ù_µ¹¼Ü_¿µ¾çµ¹¼Ü¹ä_Q5_00032.JPG	train	train	¿µ¾çµ¹¼Ü¹ä	7	µ¹¼Ü¹ä	Q5	4	1.25	top	350	528.855	437.5	661.07
top_µ¹¼Ü¹ä·ù_µ¹¼Ü_¿µ¾çµ¹¼Ü¹ä_Q5_00033.JPG	train	train	¿µ¾çµ¹¼Ü¹ä	7	µ¹¼Ü¹ä	Q5	4	1.25	top	350	528.855	437.5	661.07
top_µ¹¼Ü¹ä·ù_µ¹¼Ü_¿µ¾çµ¹¼Ü¹ä_Q5_00034.JPG	train	train	¿µ¾çµ¹¼Ü¹ä	7	µ¹¼Ü¹ä	Q5	4	1.25	top	350	528.855	437.5	661.07
top_µ¹¼Ü¹ä·ù_µ¹¼Ü_¿µ¾çµ¹¼Ü¹ä_Q5_00035.JPG	train	train	¿µ¾çµ¹¼Ü¹ä	7	µ¹¼Ü¹ä	Q5	4	1.25	top	350	528.855	437.5	661.07
top_µ¹¼Ü¹ä·ù_µ¹¼Ü_¿µ¾çµ¹¼Ü¹ä_Q5_00037.JPG	train	train	¿µ¾çµ¹¼Ü¹ä	7	µ¹¼Ü¹ä	Q5	4	1.25	top	350	528.855	437.5	661.07
top_µ¹¼Ü¹ä·ù_µ¹¼Ü_¿µ¾çµ¹¼Ü¹ä_Q5_00038.JPG	train	train	¿µ¾çµ¹¼Ü¹ä	7	µ¹¼Ü¹ä	Q5	4	1.25	top	350	528.855	437.5	661.07
top_µ¹¼Ü¹ä·ù_µ¹¼Ü_¿µ¾çµ¹¼Ü¹ä_Q5_00040.JPG	train	train	¿µ¾çµ¹¼Ü¹ä	7	µ¹¼Ü¹ä	Q5	4	1.25	top	350	528.855	437.5	661.07
top_µ¹¼Ü¹ä·ù_µ¹¼Ü_¿µ¾çµ¹¼Ü¹ä_Q5_00041.JPG	train	train	¿µ¾çµ¹¼Ü¹ä	7	µ¹¼Ü¹ä	Q5	4	1.25	top	350	528.855	437.5	661.07
top_µ¹¼Ü¹ä·ù_µ¹¼Ü_¿µ¾çµ¹¼Ü¹ä_Q5_00042.JPG	train	train	¿µ¾çµ¹¼Ü¹ä	7	µ¹¼Ü¹ä	Q5	4	1.25	top	350	528.855	437.5	661.07
top_µ¹¼Ü¹ä·ù_µ¹¼Ü_¿µ¾çµ¹¼Ü¹ä_Q5_00043.JPG	train	train	¿µ¾çµ¹¼Ü¹ä	7	µ¹¼Ü¹ä	Q5	4	1.25	top	350	528.855	437.5	661.07
top_µ¹¼Ü¹ä·ù_µ¹¼Ü_¿µ¾çµ¹¼Ü¹ä_Q5_00044.JPG	train	train	¿µ¾çµ¹¼Ü¹ä	7	µ¹¼Ü¹ä	Q5	4	1.25	top	350	528.855	437.5	661.07
top_µ¹¼Ü¹ä·ù_µ¹¼Ü_¿µ¾çµ¹¼Ü¹ä_Q5_00046.JPG	train	train	¿µ¾çµ¹¼Ü¹ä	7	µ¹¼Ü¹ä	Q5	4	1.25	top	350	528.855	437.5	661.07
top_µ¹¼Ü¹ä·ù_µ¹¼Ü_¿µ¾çµ¹¼Ü¹ä_Q5_00047.JPG	train	train	¿µ¾çµ¹¼Ü¹ä	7	µ¹¼Ü¹ä	Q5	4	1.25	top	350	528.855	437.5	661.07
top_µ¹¼Ü¹ä·ù_µ¹¼Ü_¿µ¾çµ¹¼Ü¹ä_Q5_00048.JPG	train	train	¿µ¾çµ¹¼Ü¹ä	7	µ¹¼Ü¹ä	Q5	4	1.25	top	350	528.855	437.5	661.07
top_µ¹¼Ü¹ä·ù_µ¹¼Ü_¿µ¾çµ¹¼Ü¹ä_Q5_00049.JPG	train	train	¿µ¾çµ¹¼Ü¹ä	7	µ¹¼Ü¹ä	Q5	4	1.25	top	350	528.855	437.5	661.07
top_µ¹¼Ü¹ä·ù_µ¹¼Ü_¿µ¾çµ¹¼Ü¹ä_Q5_00050.JPG	train	train	¿µ¾çµ¹¼Ü¹ä	7	µ¹¼Ü¹ä	Q5	4	1.25	top	350	528.855	437.5	661.07
top_µ¹¼Ü¹ä·ù_µ¹¼Ü_¿µ¾çµ¹¼Ü¹ä_Q5_00051.JPG	train	train	¿µ¾çµ¹¼Ü¹ä	7	µ¹¼Ü¹ä	Q5	4	1.25	top	350	528.855	437.5	661.07
top_µ¹¼Ü¹ä·ù_µ¹¼Ü_¿µ¾çµ¹¼Ü¹ä_Q5_00052.JPG	train	train	¿µ¾çµ¹¼Ü¹ä	7	µ¹¼Ü¹ä	Q5	4	1.25	top	350	528.855	437.5	661.07
top_µ¹¼Ü¹ä·ù_µ¹¼Ü_¿µ¾çµ¹¼Ü¹ä_Q5_00054.JPG	train	train	¿µ¾çµ¹¼Ü¹ä	7	µ¹¼Ü¹ä	Q5	4	1.25	top	350	528.855	437.5	661.07
top_µ¹¼Ü¹ä·ù_µ¹¼Ü_¿µ¾çµ¹¼Ü¹ä_Q5_00055.JPG	train	train	¿µ¾çµ¹¼Ü¹ä	7	µ¹¼Ü¹ä	Q5	4	1.25	top	350	528.855	437.5	661.07
top_µ¹¼Ü¹ä·ù_µ¹¼Ü_¿µ¾çµ¹¼Ü¹ä_Q5_00056.JPG	train	train	¿µ¾çµ¹¼Ü¹ä	7	µ¹¼Ü¹ä	Q5	4	1.25	top	350	528.855	437.5	661.07
top_µ¹¼Ü¹ä·ù_µ¹¼Ü_¿µ¾çµ¹¼Ü¹ä_Q5_00057.JPG	train	train	¿µ¾çµ¹¼Ü¹ä	7	µ¹¼Ü¹ä	Q5	4	1.25	top	350	528.855	437.5	661.07
top_µ¹¼Ü¹ä·ù_µ¹¼Ü_¿µ¾çµ¹¼Ü¹ä_Q5_00058.JPG	train	train	¿µ¾çµ¹¼Ü¹ä	7	µ¹¼Ü¹ä	Q5	4	1.25	top	350	528.855	437.5	661.07
top_µ¹¼Ü¹ä·ù_µ¹¼Ü_¿µ¾çµ¹¼Ü¹ä_Q5_00059.JPG	train	train	¿µ¾çµ¹¼Ü¹ä	7	µ¹¼Ü¹ä	Q5	4	1.25	top	350	528.855	437.5	661.07
side_ºñºö¹äµ¤¹ä·ù_Á¢½Ã_ÀâÅÁ¹ä_Q1_00001.JPG	train	train	ÀâÅÁ¹ä	8	ÀâÅÁ¹ä	Q1	0	0.25	side	750	737.23	187.5	184.31
side_ºñºö¹äµ¤¹ä·ù_Á¢½Ã_ÀâÅÁ¹ä_Q1_00002.JPG	train	train	ÀâÅÁ¹ä	8	ÀâÅÁ¹ä	Q1	0	0.25	side	750	737.23	187.5	184.31
side_ºñºö¹äµ¤¹ä·ù_Á¢½Ã_ÀâÅÁ¹ä_Q1_00003.JPG	train	train	ÀâÅÁ¹ä	8	ÀâÅÁ¹ä	Q1	0	0.25	side	750	737.23	187.5	184.31
side_ºñºö¹äµ¤¹ä·ù_Á¢½Ã_ÀâÅÁ¹ä_Q1_00004.JPG	train	train	ÀâÅÁ¹ä	8	ÀâÅÁ¹ä	Q1	0	0.25	side	750	737.23	187.5	184.31
side_ºñºö¹äµ¤¹ä·ù_Á¢½Ã_ÀâÅÁ¹ä_Q1_00005.JPG	train	train	ÀâÅÁ¹ä	8	ÀâÅÁ¹ä	Q1	0	0.25	side	750	737.23	187.5	184.31
side_ºñºö¹äµ¤¹ä·ù_Á¢½Ã_ÀâÅÁ¹ä_Q1_00006.JPG	train	train	ÀâÅÁ¹ä	8	ÀâÅÁ¹ä	Q1	0	0.25	side	750	737.23	187.5	184.31
side_ºñºö¹äµ¤¹ä·ù_Á¢½Ã_ÀâÅÁ¹ä_Q1_00007.JPG	train	train	ÀâÅÁ¹ä	8	ÀâÅÁ¹ä	Q1	0	0.25	side	750	737.23	187.5	184.31
side_ºñºö¹äµ¤¹ä·ù_Á¢½Ã_ÀâÅÁ¹ä_Q1_00008.JPG	train	train	ÀâÅÁ¹ä	8	ÀâÅÁ¹ä	Q1	0	0.25	side	750	737.23	187.5	184.31
side_ºñºö¹äµ¤¹ä·ù_Á¢½Ã_ÀâÅÁ¹ä_Q1_00010.JPG	train	train	ÀâÅÁ¹ä	8	ÀâÅÁ¹ä	Q1	0	0.25	side	750	737.23	187.5	184.31
side_ºñºö¹äµ¤¹ä·ù_Á¢½Ã_ÀâÅÁ¹ä_Q1_00011.JPG	train	train	ÀâÅÁ¹ä	8	ÀâÅÁ¹ä	Q1	0	0.25	side	750	737.23	187.5	184.31
side_ºñºö¹äµ¤¹ä·ù_Á¢½Ã_ÀâÅÁ¹ä_Q1_00012.JPG	train	train	ÀâÅÁ¹ä	8	ÀâÅÁ¹ä	Q1	0	0.25	side	750	737.23	187.5	184.31
side_ºñºö¹äµ¤¹ä·ù_Á¢½Ã_ÀâÅÁ¹ä_Q1_00013.JPG	train	train	ÀâÅÁ¹ä	8	ÀâÅÁ¹ä	Q1	0	0.25	side	750	737.23	187.5	184.31
side_ºñºö¹äµ¤¹ä·ù_Á¢½Ã_ÀâÅÁ¹ä_Q1_00014.JPG	train	train	ÀâÅÁ¹ä	8	ÀâÅÁ¹ä	Q1	0	0.25	side	750	737.23	187.5	184.31
side_ºñºö¹äµ¤¹ä·ù_Á¢½Ã_ÀâÅÁ¹ä_Q1_00015.JPG	train	train	ÀâÅÁ¹ä	8	ÀâÅÁ¹ä	Q1	0	0.25	side	750	737.23	187.5	184.31
side_ºñºö¹äµ¤¹ä·ù_Á¢½Ã_ÀâÅÁ¹ä_Q1_00016.JPG	train	train	ÀâÅÁ¹ä	8	ÀâÅÁ¹ä	Q1	0	0.25	side	750	737.23	187.5	184.31
side_ºñºö¹äµ¤¹ä·ù_Á¢½Ã_ÀâÅÁ¹ä_Q1_00017.JPG	train	train	ÀâÅÁ¹ä	8	ÀâÅÁ¹ä	Q1	0	0.25	side	750	737.23	187.5	184.31
side_ºñºö¹äµ¤¹ä·ù_Á¢½Ã_ÀâÅÁ¹ä_Q1_00018.JPG	train	train	ÀâÅÁ¹ä	8	ÀâÅÁ¹ä	Q1	0	0.25	side	750	737.23	187.5	184.31
side_ºñºö¹äµ¤¹ä·ù_Á¢½Ã_ÀâÅÁ¹ä_Q1_00019.JPG	train	train	ÀâÅÁ¹ä	8	ÀâÅÁ¹ä	Q1	0	0.25	side	750	737.23	187.5	184.31
side_ºñºö¹äµ¤¹ä·ù_Á¢½Ã_ÀâÅÁ¹ä_Q1_00021.JPG	train	train	ÀâÅÁ¹ä	8	ÀâÅÁ¹ä	Q1	0	0.25	side	750	737.23	187.5	184.31
side_ºñºö¹äµ¤¹ä·ù_Á¢½Ã_ÀâÅÁ¹ä_Q1_00022.JPG	train	train	ÀâÅÁ¹ä	8	ÀâÅÁ¹ä	Q1	0	0.25	side	750	737.23	187.5	184.31
side_ºñºö¹äµ¤¹ä·ù_Á¢½Ã_ÀâÅÁ¹ä_Q1_00023.JPG	train	train	ÀâÅÁ¹ä	8	ÀâÅÁ¹ä	Q1	0	0.25	side	750	737.23	187.5	184.31
side_ºñºö¹äµ¤¹ä·ù_Á¢½Ã_ÀâÅÁ¹ä_Q1_00028.JPG	train	train	ÀâÅÁ¹ä	8	ÀâÅÁ¹ä	Q1	0	0.25	side	750	737.23	187.5	184.31
side_ºñºö¹äµ¤¹ä·ù_Á¢½Ã_ÀâÅÁ¹ä_Q1_00029.JPG	train	train	ÀâÅÁ¹ä	8	ÀâÅÁ¹ä	Q1	0	0.25	side	750	737.23	187.5	184.31
side_ºñºö¹äµ¤¹ä·ù_Á¢½Ã_ÀâÅÁ¹ä_Q1_00031.JPG	train	train	ÀâÅÁ¹ä	8	ÀâÅÁ¹ä	Q1	0	0.25	side	750	737.23	187.5	184.31
side_ºñºö¹äµ¤¹ä·ù_Á¢½Ã_ÀâÅÁ¹ä_Q1_00032.JPG	train	train	ÀâÅÁ¹ä	8	ÀâÅÁ¹ä	Q1	0	0.25	side	750	737.23	187.5	184.31
side_ºñºö¹äµ¤¹ä·ù_Á¢½Ã_ÀâÅÁ¹ä_Q1_00033.JPG	train	train	ÀâÅÁ¹ä	8	ÀâÅÁ¹ä	Q1	0	0.25	side	750	737.23	187.5	184.31
side_ºñºö¹äµ¤¹ä·ù_Á¢½Ã_ÀâÅÁ¹ä_Q1_00035.JPG	train	train	ÀâÅÁ¹ä	8	ÀâÅÁ¹ä	Q1	0	0.25	side	750	737.23	187.5	184.31
side_ºñºö¹äµ¤¹ä·ù_Á¢½Ã_ÀâÅÁ¹ä_Q1_00037.JPG	train	train	ÀâÅÁ¹ä	8	ÀâÅÁ¹ä	Q1	0	0.25	side	750	737.23	187.5	184.31
side_ºñºö¹äµ¤¹ä·ù_Á¢½Ã_ÀâÅÁ¹ä_Q1_00038.JPG	train	train	ÀâÅÁ¹ä	8	ÀâÅÁ¹ä	Q1	0	0.25	side	750	737.23	187.5	184.31
side_ºñºö¹äµ¤¹ä·ù_Á¢½Ã_ÀâÅÁ¹ä_Q1_00039.JPG	train	train	ÀâÅÁ¹ä	8	ÀâÅÁ¹ä	Q1	0	0.25	side	750	737.23	187.5	184.31
side_ºñºö¹äµ¤¹ä·ù_Á¢½Ã_ÀâÅÁ¹ä_Q1_00040.JPG	train	train	ÀâÅÁ¹ä	8	ÀâÅÁ¹ä	Q1	0	0.25	side	750	737.23	187.5	184.31
side_ºñºö¹äµ¤¹ä·ù_Á¢½Ã_ÀâÅÁ¹ä_Q1_00041.JPG	train	train	ÀâÅÁ¹ä	8	ÀâÅÁ¹ä	Q1	0	0.25	side	750	737.23	187.5	184.31
side_ºñºö¹äµ¤¹ä·ù_Á¢½Ã_ÀâÅÁ¹ä_Q1_00043.JPG	train	train	ÀâÅÁ¹ä	8	ÀâÅÁ¹ä	Q1	0	0.25	side	750	737.23	187.5	184.31
side_ºñºö¹äµ¤¹ä·ù_Á¢½Ã_ÀâÅÁ¹ä_Q1_00044.JPG	train	train	ÀâÅÁ¹ä	8	ÀâÅÁ¹ä	Q1	0	0.25	side	750	737.23	187.5	184.31
side_ºñºö¹äµ¤¹ä·ù_Á¢½Ã_ÀâÅÁ¹ä_Q1_00045.JPG	train	train	ÀâÅÁ¹ä	8	ÀâÅÁ¹ä	Q1	0	0.25	side	750	737.23	187.5	184.31
side_ºñºö¹äµ¤¹ä·ù_Á¢½Ã_ÀâÅÁ¹ä_Q1_00047.JPG	train	train	ÀâÅÁ¹ä	8	ÀâÅÁ¹ä	Q1	0	0.25	side	750	737.23	187.5	184.31
side_ºñºö¹äµ¤¹ä·ù_Á¢½Ã_ÀâÅÁ¹ä_Q1_00048.JPG	train	train	ÀâÅÁ¹ä	8	ÀâÅÁ¹ä	Q1	0	0.25	side	750	737.23	187.5	184.31
side_ºñºö¹äµ¤¹ä·ù_Á¢½Ã_ÀâÅÁ¹ä_Q1_00050.JPG	train	train	ÀâÅÁ¹ä	8	ÀâÅÁ¹ä	Q1	0	0.25	side	750	737.23	187.5	184.31
side_ºñºö¹äµ¤¹ä·ù_Á¢½Ã_ÀâÅÁ¹ä_Q1_00051.JPG	train	train	ÀâÅÁ¹ä	8	ÀâÅÁ¹ä	Q1	0	0.25	side	750	737.23	187.5	184.31
side_ºñºö¹äµ¤¹ä·ù_Á¢½Ã_ÀâÅÁ¹ä_Q1_00052.JPG	train	train	ÀâÅÁ¹ä	8	ÀâÅÁ¹ä	Q1	0	0.25	side	750	737.23	187.5	184.31
top_ºñºö¹äµ¤¹ä·ù_Á¢½Ã_ÀâÅÁ¹ä_Q1_00001.JPG	train	train	ÀâÅÁ¹ä	8	ÀâÅÁ¹ä	Q1	0	0.25	top	750	737.23	187.5	184.31
top_ºñºö¹äµ¤¹ä·ù_Á¢½Ã_ÀâÅÁ¹ä_Q1_00002.JPG	train	train	ÀâÅÁ¹ä	8	ÀâÅÁ¹ä	Q1	0	0.25	top	750	737.23	187.5	184.31
top_ºñºö¹äµ¤¹ä·ù_Á¢½Ã_ÀâÅÁ¹ä_Q1_00003.JPG	train	train	ÀâÅÁ¹ä	8	ÀâÅÁ¹ä	Q1	0	0.25	top	750	737.23	187.5	184.31
top_ºñºö¹äµ¤¹ä·ù_Á¢½Ã_ÀâÅÁ¹ä_Q1_00005.JPG	train	train	ÀâÅÁ¹ä	8	ÀâÅÁ¹ä	Q1	0	0.25	top	750	737.23	187.5	184.31
top_ºñºö¹äµ¤¹ä·ù_Á¢½Ã_ÀâÅÁ¹ä_Q1_00006.JPG	train	train	ÀâÅÁ¹ä	8	ÀâÅÁ¹ä	Q1	0	0.25	top	750	737.23	187.5	184.31
top_ºñºö¹äµ¤¹ä·ù_Á¢½Ã_ÀâÅÁ¹ä_Q1_00007.JPG	train	train	ÀâÅÁ¹ä	8	ÀâÅÁ¹ä	Q1	0	0.25	top	750	737.23	187.5	184.31
top_ºñºö¹äµ¤¹ä·ù_Á¢½Ã_ÀâÅÁ¹ä_Q1_00008.JPG	train	train	ÀâÅÁ¹ä	8	ÀâÅÁ¹ä	Q1	0	0.25	top	750	737.23	187.5	184.31
top_ºñºö¹äµ¤¹ä·ù_Á¢½Ã_ÀâÅÁ¹ä_Q1_00009.JPG	train	train	ÀâÅÁ¹ä	8	ÀâÅÁ¹ä	Q1	0	0.25	top	750	737.23	187.5	184.31
top_ºñºö¹äµ¤¹ä·ù_Á¢½Ã_ÀâÅÁ¹ä_Q1_00010.JPG	train	train	ÀâÅÁ¹ä	8	ÀâÅÁ¹ä	Q1	0	0.25	top	750	737.23	187.5	184.31
top_ºñºö¹äµ¤¹ä·ù_Á¢½Ã_ÀâÅÁ¹ä_Q1_00011.JPG	train	train	ÀâÅÁ¹ä	8	ÀâÅÁ¹ä	Q1	0	0.25	top	750	737.23	187.5	184.31
top_ºñºö¹äµ¤¹ä·ù_Á¢½Ã_ÀâÅÁ¹ä_Q1_00012.JPG	train	train	ÀâÅÁ¹ä	8	ÀâÅÁ¹ä	Q1	0	0.25	top	750	737.23	187.5	184.31
top_ºñºö¹äµ¤¹ä·ù_Á¢½Ã_ÀâÅÁ¹ä_Q1_00014.JPG	train	train	ÀâÅÁ¹ä	8	ÀâÅÁ¹ä	Q1	0	0.25	top	750	737.23	187.5	184.31
top_ºñºö¹äµ¤¹ä·ù_Á¢½Ã_ÀâÅÁ¹ä_Q1_00015.JPG	train	train	ÀâÅÁ¹ä	8	ÀâÅÁ¹ä	Q1	0	0.25	top	750	737.23	187.5	184.31
top_ºñºö¹äµ¤¹ä·ù_Á¢½Ã_ÀâÅÁ¹ä_Q1_00016.JPG	train	train	ÀâÅÁ¹ä	8	ÀâÅÁ¹ä	Q1	0	0.25	top	750	737.23	187.5	184.31
top_ºñºö¹äµ¤¹ä·ù_Á¢½Ã_ÀâÅÁ¹ä_Q1_00017.JPG	train	train	ÀâÅÁ¹ä	8	ÀâÅÁ¹ä	Q1	0	0.25	top	750	737.23	187.5	184.31
top_ºñºö¹äµ¤¹ä·ù_Á¢½Ã_ÀâÅÁ¹ä_Q1_00018.JPG	train	train	ÀâÅÁ¹ä	8	ÀâÅÁ¹ä	Q1	0	0.25	top	750	737.23	187.5	184.31
top_ºñºö¹äµ¤¹ä·ù_Á¢½Ã_ÀâÅÁ¹ä_Q1_00019.JPG	train	train	ÀâÅÁ¹ä	8	ÀâÅÁ¹ä	Q1	0	0.25	top	750	737.23	187.5	184.31
top_ºñºö¹äµ¤¹ä·ù_Á¢½Ã_ÀâÅÁ¹ä_Q1_00020.JPG	train	train	ÀâÅÁ¹ä	8	ÀâÅÁ¹ä	Q1	0	0.25	top	750	737.23	187.5	184.31
top_ºñºö¹äµ¤¹ä·ù_Á¢½Ã_ÀâÅÁ¹ä_Q1_00021.JPG	train	train	ÀâÅÁ¹ä	8	ÀâÅÁ¹ä	Q1	0	0.25	top	750	737.23	187.5	184.31
top_ºñºö¹äµ¤¹ä·ù_Á¢½Ã_ÀâÅÁ¹ä_Q1_00022.JPG	train	train	ÀâÅÁ¹ä	8	ÀâÅÁ¹ä	Q1	0	0.25	top	750	737.23	187.5	184.31
top_ºñºö¹äµ¤¹ä·ù_Á¢½Ã_ÀâÅÁ¹ä_Q1_00025.JPG	train	train	ÀâÅÁ¹ä	8	ÀâÅÁ¹ä	Q1	0	0.25	top	750	737.23	187.5	184.31
top_ºñºö¹äµ¤¹ä·ù_Á¢½Ã_ÀâÅÁ¹ä_Q1_00026.JPG	train	train	ÀâÅÁ¹ä	8	ÀâÅÁ¹ä	Q1	0	0.25	top	750	737.23	187.5	184.31
top_ºñºö¹äµ¤¹ä·ù_Á¢½Ã_ÀâÅÁ¹ä_Q1_00027.JPG	train	train	ÀâÅÁ¹ä	8	ÀâÅÁ¹ä	Q1	0	0.25	top	750	737.23	187.5	184.31
top_ºñºö¹äµ¤¹ä·ù_Á¢½Ã_ÀâÅÁ¹ä_Q1_00028.JPG	train	train	ÀâÅÁ¹ä	8	ÀâÅÁ¹ä	Q1	0	0.25	top	750	737.23	187.5	184.31
top_ºñºö¹äµ¤¹ä·ù_Á¢½Ã_ÀâÅÁ¹ä_Q1_00030.JPG	train	train	ÀâÅÁ¹ä	8	ÀâÅÁ¹ä	Q1	0	0.25	top	750	737.23	187.5	184.31
top_ºñºö¹äµ¤¹ä·ù_Á¢½Ã_ÀâÅÁ¹ä_Q1_00031.JPG	train	train	ÀâÅÁ¹ä	8	ÀâÅÁ¹ä	Q1	0	0.25	top	750	737.23	187.5	184.31
top_ºñºö¹äµ¤¹ä·ù_Á¢½Ã_ÀâÅÁ¹ä_Q1_00032.JPG	train	train	ÀâÅÁ¹ä	8	ÀâÅÁ¹ä	Q1	0	0.25	top	750	737.23	187.5	184.31
top_ºñºö¹äµ¤¹ä·ù_Á¢½Ã_ÀâÅÁ¹ä_Q1_00033.JPG	train	train	ÀâÅÁ¹ä	8	ÀâÅÁ¹ä	Q1	0	0.25	top	750	737.23	187.5	184.31
top_ºñºö¹äµ¤¹ä·ù_Á¢½Ã_ÀâÅÁ¹ä_Q1_00034.JPG	train	train	ÀâÅÁ¹ä	8	ÀâÅÁ¹ä	Q1	0	0.25	top	750	737.23	187.5	184.31
top_ºñºö¹äµ¤¹ä·ù_Á¢½Ã_ÀâÅÁ¹ä_Q1_00036.JPG	train	train	ÀâÅÁ¹ä	8	ÀâÅÁ¹ä	Q1	0	0.25	top	750	737.23	187.5	184.31
top_ºñºö¹äµ¤¹ä·ù_Á¢½Ã_ÀâÅÁ¹ä_Q1_00038.JPG	train	train	ÀâÅÁ¹ä	8	ÀâÅÁ¹ä	Q1	0	0.25	top	750	737.23	187.5	184.31
top_ºñºö¹äµ¤¹ä·ù_Á¢½Ã_ÀâÅÁ¹ä_Q1_00039.JPG	train	train	ÀâÅÁ¹ä	8	ÀâÅÁ¹ä	Q1	0	0.25	top	750	737.23	187.5	184.31
top_ºñºö¹äµ¤¹ä·ù_Á¢½Ã_ÀâÅÁ¹ä_Q1_00040.JPG	train	train	ÀâÅÁ¹ä	8	ÀâÅÁ¹ä	Q1	0	0.25	top	750	737.23	187.5	184.31
top_ºñºö¹äµ¤¹ä·ù_Á¢½Ã_ÀâÅÁ¹ä_Q1_00041.JPG	train	train	ÀâÅÁ¹ä	8	ÀâÅÁ¹ä	Q1	0	0.25	top	750	737.23	187.5	184.31
top_ºñºö¹äµ¤¹ä·ù_Á¢½Ã_ÀâÅÁ¹ä_Q1_00042.JPG	train	train	ÀâÅÁ¹ä	8	ÀâÅÁ¹ä	Q1	0	0.25	top	750	737.23	187.5	184.31
top_ºñºö¹äµ¤¹ä·ù_Á¢½Ã_ÀâÅÁ¹ä_Q1_00043.JPG	train	train	ÀâÅÁ¹ä	8	ÀâÅÁ¹ä	Q1	0	0.25	top	750	737.23	187.5	184.31
top_ºñºö¹äµ¤¹ä·ù_Á¢½Ã_ÀâÅÁ¹ä_Q1_00044.JPG	train	train	ÀâÅÁ¹ä	8	ÀâÅÁ¹ä	Q1	0	0.25	top	750	737.23	187.5	184.31
top_ºñºö¹äµ¤¹ä·ù_Á¢½Ã_ÀâÅÁ¹ä_Q1_00045.JPG	train	train	ÀâÅÁ¹ä	8	ÀâÅÁ¹ä	Q1	0	0.25	top	750	737.23	187.5	184.31
top_ºñºö¹äµ¤¹ä·ù_Á¢½Ã_ÀâÅÁ¹ä_Q1_00046.JPG	train	train	ÀâÅÁ¹ä	8	ÀâÅÁ¹ä	Q1	0	0.25	top	750	737.23	187.5	184.31
top_ºñºö¹äµ¤¹ä·ù_Á¢½Ã_ÀâÅÁ¹ä_Q1_00047.JPG	train	train	ÀâÅÁ¹ä	8	ÀâÅÁ¹ä	Q1	0	0.25	top	750	737.23	187.5	184.31
top_ºñºö¹äµ¤¹ä·ù_Á¢½Ã_ÀâÅÁ¹ä_Q1_00049.JPG	train	train	ÀâÅÁ¹ä	8	ÀâÅÁ¹ä	Q1	0	0.25	top	750	737.23	187.5	184.31
top_ºñºö¹äµ¤¹ä·ù_Á¢½Ã_ÀâÅÁ¹ä_Q1_00050.JPG	train	train	ÀâÅÁ¹ä	8	ÀâÅÁ¹ä	Q1	0	0.25	top	750	737.23	187.5	184.31
top_ºñºö¹äµ¤¹ä·ù_Á¢½Ã_ÀâÅÁ¹ä_Q1_00051.JPG	train	train	ÀâÅÁ¹ä	8	ÀâÅÁ¹ä	Q1	0	0.25	top	750	737.23	187.5	184.31
top_ºñºö¹äµ¤¹ä·ù_Á¢½Ã_ÀâÅÁ¹ä_Q1_00053.JPG	train	train	ÀâÅÁ¹ä	8	ÀâÅÁ¹ä	Q1	0	0.25	top	750	737.23	187.5	184.31
top_ºñºö¹äµ¤¹ä·ù_Á¢½Ã_ÀâÅÁ¹ä_Q1_00054.JPG	train	train	ÀâÅÁ¹ä	8	ÀâÅÁ¹ä	Q1	0	0.25	top	750	737.23	187.5	184.31
top_ºñºö¹äµ¤¹ä·ù_Á¢½Ã_ÀâÅÁ¹ä_Q1_00055.JPG	train	train	ÀâÅÁ¹ä	8	ÀâÅÁ¹ä	Q1	0	0.25	top	750	737.23	187.5	184.31
side_ºñºö¹äµ¤¹ä·ù_Á¢½Ã_ÀâÅÁ¹ä_Q2_00002.JPG	train	train	ÀâÅÁ¹ä	8	ÀâÅÁ¹ä	Q2	1	0.5	side	750	737.23	375	368.62
side_ºñºö¹äµ¤¹ä·ù_Á¢½Ã_ÀâÅÁ¹ä_Q2_00003.JPG	train	train	ÀâÅÁ¹ä	8	ÀâÅÁ¹ä	Q2	1	0.5	side	750	737.23	375	368.62
side_ºñºö¹äµ¤¹ä·ù_Á¢½Ã_ÀâÅÁ¹ä_Q2_00004.JPG	train	train	ÀâÅÁ¹ä	8	ÀâÅÁ¹ä	Q2	1	0.5	side	750	737.23	375	368.62
side_ºñºö¹äµ¤¹ä·ù_Á¢½Ã_ÀâÅÁ¹ä_Q2_00005.JPG	train	train	ÀâÅÁ¹ä	8	ÀâÅÁ¹ä	Q2	1	0.5	side	750	737.23	375	368.62
side_ºñºö¹äµ¤¹ä·ù_Á¢½Ã_ÀâÅÁ¹ä_Q2_00007.JPG	train	train	ÀâÅÁ¹ä	8	ÀâÅÁ¹ä	Q2	1	0.5	side	750	737.23	375	368.62
side_ºñºö¹äµ¤¹ä·ù_Á¢½Ã_ÀâÅÁ¹ä_Q2_00008.JPG	train	train	ÀâÅÁ¹ä	8	ÀâÅÁ¹ä	Q2	1	0.5	side	750	737.23	375	368.62
side_ºñºö¹äµ¤¹ä·ù_Á¢½Ã_ÀâÅÁ¹ä_Q2_00009.JPG	train	train	ÀâÅÁ¹ä	8	ÀâÅÁ¹ä	Q2	1	0.5	side	750	737.23	375	368.62
side_ºñºö¹äµ¤¹ä·ù_Á¢½Ã_ÀâÅÁ¹ä_Q2_00010.JPG	train	train	ÀâÅÁ¹ä	8	ÀâÅÁ¹ä	Q2	1	0.5	side	750	737.23	375	368.62
side_ºñºö¹äµ¤¹ä·ù_Á¢½Ã_ÀâÅÁ¹ä_Q2_00011.JPG	train	train	ÀâÅÁ¹ä	8	ÀâÅÁ¹ä	Q2	1	0.5	side	750	737.23	375	368.62
side_ºñºö¹äµ¤¹ä·ù_Á¢½Ã_ÀâÅÁ¹ä_Q2_00012.JPG	train	train	ÀâÅÁ¹ä	8	ÀâÅÁ¹ä	Q2	1	0.5	side	750	737.23	375	368.62
side_ºñºö¹äµ¤¹ä·ù_Á¢½Ã_ÀâÅÁ¹ä_Q2_00013.JPG	train	train	ÀâÅÁ¹ä	8	ÀâÅÁ¹ä	Q2	1	0.5	side	750	737.23	375	368.62
side_ºñºö¹äµ¤¹ä·ù_Á¢½Ã_ÀâÅÁ¹ä_Q2_00016.JPG	train	train	ÀâÅÁ¹ä	8	ÀâÅÁ¹ä	Q2	1	0.5	side	750	737.23	375	368.62
side_ºñºö¹äµ¤¹ä·ù_Á¢½Ã_ÀâÅÁ¹ä_Q2_00017.JPG	train	train	ÀâÅÁ¹ä	8	ÀâÅÁ¹ä	Q2	1	0.5	side	750	737.23	375	368.62
side_ºñºö¹äµ¤¹ä·ù_Á¢½Ã_ÀâÅÁ¹ä_Q2_00018.JPG	train	train	ÀâÅÁ¹ä	8	ÀâÅÁ¹ä	Q2	1	0.5	side	750	737.23	375	368.62
side_ºñºö¹äµ¤¹ä·ù_Á¢½Ã_ÀâÅÁ¹ä_Q2_00019.JPG	train	train	ÀâÅÁ¹ä	8	ÀâÅÁ¹ä	Q2	1	0.5	side	750	737.23	375	368.62
side_ºñºö¹äµ¤¹ä·ù_Á¢½Ã_ÀâÅÁ¹ä_Q2_00020.JPG	train	train	ÀâÅÁ¹ä	8	ÀâÅÁ¹ä	Q2	1	0.5	side	750	737.23	375	368.62
side_ºñºö¹äµ¤¹ä·ù_Á¢½Ã_ÀâÅÁ¹ä_Q2_00021.JPG	train	train	ÀâÅÁ¹ä	8	ÀâÅÁ¹ä	Q2	1	0.5	side	750	737.23	375	368.62
side_ºñºö¹äµ¤¹ä·ù_Á¢½Ã_ÀâÅÁ¹ä_Q2_00022.JPG	train	train	ÀâÅÁ¹ä	8	ÀâÅÁ¹ä	Q2	1	0.5	side	750	737.23	375	368.62
side_ºñºö¹äµ¤¹ä·ù_Á¢½Ã_ÀâÅÁ¹ä_Q2_00023.JPG	train	train	ÀâÅÁ¹ä	8	ÀâÅÁ¹ä	Q2	1	0.5	side	750	737.23	375	368.62
side_ºñºö¹äµ¤¹ä·ù_Á¢½Ã_ÀâÅÁ¹ä_Q2_00024.JPG	train	train	ÀâÅÁ¹ä	8	ÀâÅÁ¹ä	Q2	1	0.5	side	750	737.23	375	368.62
side_ºñºö¹äµ¤¹ä·ù_Á¢½Ã_ÀâÅÁ¹ä_Q2_00025.JPG	train	train	ÀâÅÁ¹ä	8	ÀâÅÁ¹ä	Q2	1	0.5	side	750	737.23	375	368.62
side_ºñºö¹äµ¤¹ä·ù_Á¢½Ã_ÀâÅÁ¹ä_Q2_00029.JPG	train	train	ÀâÅÁ¹ä	8	ÀâÅÁ¹ä	Q2	1	0.5	side	750	737.23	375	368.62
side_ºñºö¹äµ¤¹ä·ù_Á¢½Ã_ÀâÅÁ¹ä_Q2_00030.JPG	train	train	ÀâÅÁ¹ä	8	ÀâÅÁ¹ä	Q2	1	0.5	side	750	737.23	375	368.62
side_ºñºö¹äµ¤¹ä·ù_Á¢½Ã_ÀâÅÁ¹ä_Q2_00031.JPG	train	train	ÀâÅÁ¹ä	8	ÀâÅÁ¹ä	Q2	1	0.5	side	750	737.23	375	368.62
side_ºñºö¹äµ¤¹ä·ù_Á¢½Ã_ÀâÅÁ¹ä_Q2_00032.JPG	train	train	ÀâÅÁ¹ä	8	ÀâÅÁ¹ä	Q2	1	0.5	side	750	737.23	375	368.62
side_ºñºö¹äµ¤¹ä·ù_Á¢½Ã_ÀâÅÁ¹ä_Q2_00033.JPG	train	train	ÀâÅÁ¹ä	8	ÀâÅÁ¹ä	Q2	1	0.5	side	750	737.23	375	368.62
side_ºñºö¹äµ¤¹ä·ù_Á¢½Ã_ÀâÅÁ¹ä_Q2_00034.JPG	train	train	ÀâÅÁ¹ä	8	ÀâÅÁ¹ä	Q2	1	0.5	side	750	737.23	375	368.62
side_ºñºö¹äµ¤¹ä·ù_Á¢½Ã_ÀâÅÁ¹ä_Q2_00036.JPG	train	train	ÀâÅÁ¹ä	8	ÀâÅÁ¹ä	Q2	1	0.5	side	750	737.23	375	368.62
side_ºñºö¹äµ¤¹ä·ù_Á¢½Ã_ÀâÅÁ¹ä_Q2_00037.JPG	train	train	ÀâÅÁ¹ä	8	ÀâÅÁ¹ä	Q2	1	0.5	side	750	737.23	375	368.62
side_ºñºö¹äµ¤¹ä·ù_Á¢½Ã_ÀâÅÁ¹ä_Q2_00039.JPG	train	train	ÀâÅÁ¹ä	8	ÀâÅÁ¹ä	Q2	1	0.5	side	750	737.23	375	368.62
side_ºñºö¹äµ¤¹ä·ù_Á¢½Ã_ÀâÅÁ¹ä_Q2_00040.JPG	train	train	ÀâÅÁ¹ä	8	ÀâÅÁ¹ä	Q2	1	0.5	side	750	737.23	375	368.62
side_ºñºö¹äµ¤¹ä·ù_Á¢½Ã_ÀâÅÁ¹ä_Q2_00042.JPG	train	train	ÀâÅÁ¹ä	8	ÀâÅÁ¹ä	Q2	1	0.5	side	750	737.23	375	368.62
side_ºñºö¹äµ¤¹ä·ù_Á¢½Ã_ÀâÅÁ¹ä_Q2_00044.JPG	train	train	ÀâÅÁ¹ä	8	ÀâÅÁ¹ä	Q2	1	0.5	side	750	737.23	375	368.62
side_ºñºö¹äµ¤¹ä·ù_Á¢½Ã_ÀâÅÁ¹ä_Q2_00045.JPG	train	train	ÀâÅÁ¹ä	8	ÀâÅÁ¹ä	Q2	1	0.5	side	750	737.23	375	368.62
side_ºñºö¹äµ¤¹ä·ù_Á¢½Ã_ÀâÅÁ¹ä_Q2_00046.JPG	train	train	ÀâÅÁ¹ä	8	ÀâÅÁ¹ä	Q2	1	0.5	side	750	737.23	375	368.62
side_ºñºö¹äµ¤¹ä·ù_Á¢½Ã_ÀâÅÁ¹ä_Q2_00047.JPG	train	train	ÀâÅÁ¹ä	8	ÀâÅÁ¹ä	Q2	1	0.5	side	750	737.23	375	368.62
side_ºñºö¹äµ¤¹ä·ù_Á¢½Ã_ÀâÅÁ¹ä_Q2_00048.JPG	train	train	ÀâÅÁ¹ä	8	ÀâÅÁ¹ä	Q2	1	0.5	side	750	737.23	375	368.62
side_ºñºö¹äµ¤¹ä·ù_Á¢½Ã_ÀâÅÁ¹ä_Q2_00049.JPG	train	train	ÀâÅÁ¹ä	8	ÀâÅÁ¹ä	Q2	1	0.5	side	750	737.23	375	368.62
side_ºñºö¹äµ¤¹ä·ù_Á¢½Ã_ÀâÅÁ¹ä_Q2_00050.JPG	train	train	ÀâÅÁ¹ä	8	ÀâÅÁ¹ä	Q2	1	0.5	side	750	737.23	375	368.62
side_ºñºö¹äµ¤¹ä·ù_Á¢½Ã_ÀâÅÁ¹ä_Q2_00051.JPG	train	train	ÀâÅÁ¹ä	8	ÀâÅÁ¹ä	Q2	1	0.5	side	750	737.23	375	368.62
side_ºñºö¹äµ¤¹ä·ù_Á¢½Ã_ÀâÅÁ¹ä_Q2_00052.JPG	train	train	ÀâÅÁ¹ä	8	ÀâÅÁ¹ä	Q2	1	0.5	side	750	737.23	375	368.62
side_ºñºö¹äµ¤¹ä·ù_Á¢½Ã_ÀâÅÁ¹ä_Q2_00053.JPG	train	train	ÀâÅÁ¹ä	8	ÀâÅÁ¹ä	Q2	1	0.5	side	750	737.23	375	368.62
side_ºñºö¹äµ¤¹ä·ù_Á¢½Ã_ÀâÅÁ¹ä_Q2_00054.JPG	train	train	ÀâÅÁ¹ä	8	ÀâÅÁ¹ä	Q2	1	0.5	side	750	737.23	375	368.62
top_ºñºö¹äµ¤¹ä·ù_Á¢½Ã_ÀâÅÁ¹ä_Q2_00001.JPG	train	train	ÀâÅÁ¹ä	8	ÀâÅÁ¹ä	Q2	1	0.5	top	750	737.23	375	368.62
top_ºñºö¹äµ¤¹ä·ù_Á¢½Ã_ÀâÅÁ¹ä_Q2_00002.JPG	train	train	ÀâÅÁ¹ä	8	ÀâÅÁ¹ä	Q2	1	0.5	top	750	737.23	375	368.62
top_ºñºö¹äµ¤¹ä·ù_Á¢½Ã_ÀâÅÁ¹ä_Q2_00003.JPG	train	train	ÀâÅÁ¹ä	8	ÀâÅÁ¹ä	Q2	1	0.5	top	750	737.23	375	368.62
top_ºñºö¹äµ¤¹ä·ù_Á¢½Ã_ÀâÅÁ¹ä_Q2_00004.JPG	train	train	ÀâÅÁ¹ä	8	ÀâÅÁ¹ä	Q2	1	0.5	top	750	737.23	375	368.62
top_ºñºö¹äµ¤¹ä·ù_Á¢½Ã_ÀâÅÁ¹ä_Q2_00005.JPG	train	train	ÀâÅÁ¹ä	8	ÀâÅÁ¹ä	Q2	1	0.5	top	750	737.23	375	368.62
top_ºñºö¹äµ¤¹ä·ù_Á¢½Ã_ÀâÅÁ¹ä_Q2_00006.JPG	train	train	ÀâÅÁ¹ä	8	ÀâÅÁ¹ä	Q2	1	0.5	top	750	737.23	375	368.62
top_ºñºö¹äµ¤¹ä·ù_Á¢½Ã_ÀâÅÁ¹ä_Q2_00008.JPG	train	train	ÀâÅÁ¹ä	8	ÀâÅÁ¹ä	Q2	1	0.5	top	750	737.23	375	368.62
top_ºñºö¹äµ¤¹ä·ù_Á¢½Ã_ÀâÅÁ¹ä_Q2_00009.JPG	train	train	ÀâÅÁ¹ä	8	ÀâÅÁ¹ä	Q2	1	0.5	top	750	737.23	375	368.62
top_ºñºö¹äµ¤¹ä·ù_Á¢½Ã_ÀâÅÁ¹ä_Q2_00010.JPG	train	train	ÀâÅÁ¹ä	8	ÀâÅÁ¹ä	Q2	1	0.5	top	750	737.23	375	368.62
top_ºñºö¹äµ¤¹ä·ù_Á¢½Ã_ÀâÅÁ¹ä_Q2_00011.JPG	train	train	ÀâÅÁ¹ä	8	ÀâÅÁ¹ä	Q2	1	0.5	top	750	737.23	375	368.62
top_ºñºö¹äµ¤¹ä·ù_Á¢½Ã_ÀâÅÁ¹ä_Q2_00012.JPG	train	train	ÀâÅÁ¹ä	8	ÀâÅÁ¹ä	Q2	1	0.5	top	750	737.23	375	368.62
top_ºñºö¹äµ¤¹ä·ù_Á¢½Ã_ÀâÅÁ¹ä_Q2_00014.JPG	train	train	ÀâÅÁ¹ä	8	ÀâÅÁ¹ä	Q2	1	0.5	top	750	737.23	375	368.62
top_ºñºö¹äµ¤¹ä·ù_Á¢½Ã_ÀâÅÁ¹ä_Q2_00015.JPG	train	train	ÀâÅÁ¹ä	8	ÀâÅÁ¹ä	Q2	1	0.5	top	750	737.23	375	368.62
top_ºñºö¹äµ¤¹ä·ù_Á¢½Ã_ÀâÅÁ¹ä_Q2_00016.JPG	train	train	ÀâÅÁ¹ä	8	ÀâÅÁ¹ä	Q2	1	0.5	top	750	737.23	375	368.62
top_ºñºö¹äµ¤¹ä·ù_Á¢½Ã_ÀâÅÁ¹ä_Q2_00017.JPG	train	train	ÀâÅÁ¹ä	8	ÀâÅÁ¹ä	Q2	1	0.5	top	750	737.23	375	368.62
top_ºñºö¹äµ¤¹ä·ù_Á¢½Ã_ÀâÅÁ¹ä_Q2_00018.JPG	train	train	ÀâÅÁ¹ä	8	ÀâÅÁ¹ä	Q2	1	0.5	top	750	737.23	375	368.62
top_ºñºö¹äµ¤¹ä·ù_Á¢½Ã_ÀâÅÁ¹ä_Q2_00021.JPG	train	train	ÀâÅÁ¹ä	8	ÀâÅÁ¹ä	Q2	1	0.5	top	750	737.23	375	368.62
top_ºñºö¹äµ¤¹ä·ù_Á¢½Ã_ÀâÅÁ¹ä_Q2_00022.JPG	train	train	ÀâÅÁ¹ä	8	ÀâÅÁ¹ä	Q2	1	0.5	top	750	737.23	375	368.62
top_ºñºö¹äµ¤¹ä·ù_Á¢½Ã_ÀâÅÁ¹ä_Q2_00023.JPG	train	train	ÀâÅÁ¹ä	8	ÀâÅÁ¹ä	Q2	1	0.5	top	750	737.23	375	368.62
top_ºñºö¹äµ¤¹ä·ù_Á¢½Ã_ÀâÅÁ¹ä_Q2_00025.JPG	train	train	ÀâÅÁ¹ä	8	ÀâÅÁ¹ä	Q2	1	0.5	top	750	737.23	375	368.62
top_ºñºö¹äµ¤¹ä·ù_Á¢½Ã_ÀâÅÁ¹ä_Q2_00026.JPG	train	train	ÀâÅÁ¹ä	8	ÀâÅÁ¹ä	Q2	1	0.5	top	750	737.23	375	368.62
top_ºñºö¹äµ¤¹ä·ù_Á¢½Ã_ÀâÅÁ¹ä_Q2_00027.JPG	train	train	ÀâÅÁ¹ä	8	ÀâÅÁ¹ä	Q2	1	0.5	top	750	737.23	375	368.62
top_ºñºö¹äµ¤¹ä·ù_Á¢½Ã_ÀâÅÁ¹ä_Q2_00028.JPG	train	train	ÀâÅÁ¹ä	8	ÀâÅÁ¹ä	Q2	1	0.5	top	750	737.23	375	368.62
top_ºñºö¹äµ¤¹ä·ù_Á¢½Ã_ÀâÅÁ¹ä_Q2_00030.JPG	train	train	ÀâÅÁ¹ä	8	ÀâÅÁ¹ä	Q2	1	0.5	top	750	737.23	375	368.62
top_ºñºö¹äµ¤¹ä·ù_Á¢½Ã_ÀâÅÁ¹ä_Q2_00031.JPG	train	train	ÀâÅÁ¹ä	8	ÀâÅÁ¹ä	Q2	1	0.5	top	750	737.23	375	368.62
top_ºñºö¹äµ¤¹ä·ù_Á¢½Ã_ÀâÅÁ¹ä_Q2_00032.JPG	train	train	ÀâÅÁ¹ä	8	ÀâÅÁ¹ä	Q2	1	0.5	top	750	737.23	375	368.62
top_ºñºö¹äµ¤¹ä·ù_Á¢½Ã_ÀâÅÁ¹ä_Q2_00034.JPG	train	train	ÀâÅÁ¹ä	8	ÀâÅÁ¹ä	Q2	1	0.5	top	750	737.23	375	368.62
top_ºñºö¹äµ¤¹ä·ù_Á¢½Ã_ÀâÅÁ¹ä_Q2_00036.JPG	train	train	ÀâÅÁ¹ä	8	ÀâÅÁ¹ä	Q2	1	0.5	top	750	737.23	375	368.62
top_ºñºö¹äµ¤¹ä·ù_Á¢½Ã_ÀâÅÁ¹ä_Q2_00037.JPG	train	train	ÀâÅÁ¹ä	8	ÀâÅÁ¹ä	Q2	1	0.5	top	750	737.23	375	368.62
top_ºñºö¹äµ¤¹ä·ù_Á¢½Ã_ÀâÅÁ¹ä_Q2_00038.JPG	train	train	ÀâÅÁ¹ä	8	ÀâÅÁ¹ä	Q2	1	0.5	top	750	737.23	375	368.62
top_ºñºö¹äµ¤¹ä·ù_Á¢½Ã_ÀâÅÁ¹ä_Q2_00040.JPG	train	train	ÀâÅÁ¹ä	8	ÀâÅÁ¹ä	Q2	1	0.5	top	750	737.23	375	368.62
top_ºñºö¹äµ¤¹ä·ù_Á¢½Ã_ÀâÅÁ¹ä_Q2_00041.JPG	train	train	ÀâÅÁ¹ä	8	ÀâÅÁ¹ä	Q2	1	0.5	top	750	737.23	375	368.62
top_ºñºö¹äµ¤¹ä·ù_Á¢½Ã_ÀâÅÁ¹ä_Q2_00042.JPG	train	train	ÀâÅÁ¹ä	8	ÀâÅÁ¹ä	Q2	1	0.5	top	750	737.23	375	368.62
top_ºñºö¹äµ¤¹ä·ù_Á¢½Ã_ÀâÅÁ¹ä_Q2_00043.JPG	train	train	ÀâÅÁ¹ä	8	ÀâÅÁ¹ä	Q2	1	0.5	top	750	737.23	375	368.62
top_ºñºö¹äµ¤¹ä·ù_Á¢½Ã_ÀâÅÁ¹ä_Q2_00044.JPG	train	train	ÀâÅÁ¹ä	8	ÀâÅÁ¹ä	Q2	1	0.5	top	750	737.23	375	368.62
top_ºñºö¹äµ¤¹ä·ù_Á¢½Ã_ÀâÅÁ¹ä_Q2_00046.JPG	train	train	ÀâÅÁ¹ä	8	ÀâÅÁ¹ä	Q2	1	0.5	top	750	737.23	375	368.62
top_ºñºö¹äµ¤¹ä·ù_Á¢½Ã_ÀâÅÁ¹ä_Q2_00047.JPG	train	train	ÀâÅÁ¹ä	8	ÀâÅÁ¹ä	Q2	1	0.5	top	750	737.23	375	368.62
top_ºñºö¹äµ¤¹ä·ù_Á¢½Ã_ÀâÅÁ¹ä_Q2_00048.JPG	train	train	ÀâÅÁ¹ä	8	ÀâÅÁ¹ä	Q2	1	0.5	top	750	737.23	375	368.62
top_ºñºö¹äµ¤¹ä·ù_Á¢½Ã_ÀâÅÁ¹ä_Q2_00049.JPG	train	train	ÀâÅÁ¹ä	8	ÀâÅÁ¹ä	Q2	1	0.5	top	750	737.23	375	368.62
top_ºñºö¹äµ¤¹ä·ù_Á¢½Ã_ÀâÅÁ¹ä_Q2_00050.JPG	train	train	ÀâÅÁ¹ä	8	ÀâÅÁ¹ä	Q2	1	0.5	top	750	737.23	375	368.62
top_ºñºö¹äµ¤¹ä·ù_Á¢½Ã_ÀâÅÁ¹ä_Q2_00051.JPG	train	train	ÀâÅÁ¹ä	8	ÀâÅÁ¹ä	Q2	1	0.5	top	750	737.23	375	368.62
top_ºñºö¹äµ¤¹ä·ù_Á¢½Ã_ÀâÅÁ¹ä_Q2_00052.JPG	train	train	ÀâÅÁ¹ä	8	ÀâÅÁ¹ä	Q2	1	0.5	top	750	737.23	375	368.62
top_ºñºö¹äµ¤¹ä·ù_Á¢½Ã_ÀâÅÁ¹ä_Q2_00053.JPG	train	train	ÀâÅÁ¹ä	8	ÀâÅÁ¹ä	Q2	1	0.5	top	750	737.23	375	368.62
top_ºñºö¹äµ¤¹ä·ù_Á¢½Ã_ÀâÅÁ¹ä_Q2_00054.JPG	train	train	ÀâÅÁ¹ä	8	ÀâÅÁ¹ä	Q2	1	0.5	top	750	737.23	375	368.62
side_ºñºö¹äµ¤¹ä·ù_Á¢½Ã_ÀâÅÁ¹ä_Q3_00002.JPG	train	train	ÀâÅÁ¹ä	8	ÀâÅÁ¹ä	Q3	2	0.75	side	750	737.23	562.5	552.92
side_ºñºö¹äµ¤¹ä·ù_Á¢½Ã_ÀâÅÁ¹ä_Q3_00003.JPG	train	train	ÀâÅÁ¹ä	8	ÀâÅÁ¹ä	Q3	2	0.75	side	750	737.23	562.5	552.92
side_ºñºö¹äµ¤¹ä·ù_Á¢½Ã_ÀâÅÁ¹ä_Q3_00005.JPG	train	train	ÀâÅÁ¹ä	8	ÀâÅÁ¹ä	Q3	2	0.75	side	750	737.23	562.5	552.92
side_ºñºö¹äµ¤¹ä·ù_Á¢½Ã_ÀâÅÁ¹ä_Q3_00006.JPG	train	train	ÀâÅÁ¹ä	8	ÀâÅÁ¹ä	Q3	2	0.75	side	750	737.23	562.5	552.92
side_ºñºö¹äµ¤¹ä·ù_Á¢½Ã_ÀâÅÁ¹ä_Q3_00007.JPG	train	train	ÀâÅÁ¹ä	8	ÀâÅÁ¹ä	Q3	2	0.75	side	750	737.23	562.5	552.92
side_ºñºö¹äµ¤¹ä·ù_Á¢½Ã_ÀâÅÁ¹ä_Q3_00008.JPG	train	train	ÀâÅÁ¹ä	8	ÀâÅÁ¹ä	Q3	2	0.75	side	750	737.23	562.5	552.92
side_ºñºö¹äµ¤¹ä·ù_Á¢½Ã_ÀâÅÁ¹ä_Q3_00009.JPG	train	train	ÀâÅÁ¹ä	8	ÀâÅÁ¹ä	Q3	2	0.75	side	750	737.23	562.5	552.92
side_ºñºö¹äµ¤¹ä·ù_Á¢½Ã_ÀâÅÁ¹ä_Q3_00010.JPG	train	train	ÀâÅÁ¹ä	8	ÀâÅÁ¹ä	Q3	2	0.75	side	750	737.23	562.5	552.92
side_ºñºö¹äµ¤¹ä·ù_Á¢½Ã_ÀâÅÁ¹ä_Q3_00011.JPG	train	train	ÀâÅÁ¹ä	8	ÀâÅÁ¹ä	Q3	2	0.75	side	750	737.23	562.5	552.92
side_ºñºö¹äµ¤¹ä·ù_Á¢½Ã_ÀâÅÁ¹ä_Q3_00012.JPG	train	train	ÀâÅÁ¹ä	8	ÀâÅÁ¹ä	Q3	2	0.75	side	750	737.23	562.5	552.92
side_ºñºö¹äµ¤¹ä·ù_Á¢½Ã_ÀâÅÁ¹ä_Q3_00013.JPG	train	train	ÀâÅÁ¹ä	8	ÀâÅÁ¹ä	Q3	2	0.75	side	750	737.23	562.5	552.92
side_ºñºö¹äµ¤¹ä·ù_Á¢½Ã_ÀâÅÁ¹ä_Q3_00015.JPG	train	train	ÀâÅÁ¹ä	8	ÀâÅÁ¹ä	Q3	2	0.75	side	750	737.23	562.5	552.92
side_ºñºö¹äµ¤¹ä·ù_Á¢½Ã_ÀâÅÁ¹ä_Q3_00016.JPG	train	train	ÀâÅÁ¹ä	8	ÀâÅÁ¹ä	Q3	2	0.75	side	750	737.23	562.5	552.92
side_ºñºö¹äµ¤¹ä·ù_Á¢½Ã_ÀâÅÁ¹ä_Q3_00017.JPG	train	train	ÀâÅÁ¹ä	8	ÀâÅÁ¹ä	Q3	2	0.75	side	750	737.23	562.5	552.92
side_ºñºö¹äµ¤¹ä·ù_Á¢½Ã_ÀâÅÁ¹ä_Q3_00019.JPG	train	train	ÀâÅÁ¹ä	8	ÀâÅÁ¹ä	Q3	2	0.75	side	750	737.23	562.5	552.92
side_ºñºö¹äµ¤¹ä·ù_Á¢½Ã_ÀâÅÁ¹ä_Q3_00020.JPG	train	train	ÀâÅÁ¹ä	8	ÀâÅÁ¹ä	Q3	2	0.75	side	750	737.23	562.5	552.92
side_ºñºö¹äµ¤¹ä·ù_Á¢½Ã_ÀâÅÁ¹ä_Q3_00021.JPG	train	train	ÀâÅÁ¹ä	8	ÀâÅÁ¹ä	Q3	2	0.75	side	750	737.23	562.5	552.92
side_ºñºö¹äµ¤¹ä·ù_Á¢½Ã_ÀâÅÁ¹ä_Q3_00022.JPG	train	train	ÀâÅÁ¹ä	8	ÀâÅÁ¹ä	Q3	2	0.75	side	750	737.23	562.5	552.92
side_ºñºö¹äµ¤¹ä·ù_Á¢½Ã_ÀâÅÁ¹ä_Q3_00023.JPG	train	train	ÀâÅÁ¹ä	8	ÀâÅÁ¹ä	Q3	2	0.75	side	750	737.23	562.5	552.92
side_ºñºö¹äµ¤¹ä·ù_Á¢½Ã_ÀâÅÁ¹ä_Q3_00024.JPG	train	train	ÀâÅÁ¹ä	8	ÀâÅÁ¹ä	Q3	2	0.75	side	750	737.23	562.5	552.92
side_ºñºö¹äµ¤¹ä·ù_Á¢½Ã_ÀâÅÁ¹ä_Q3_00025.JPG	train	train	ÀâÅÁ¹ä	8	ÀâÅÁ¹ä	Q3	2	0.75	side	750	737.23	562.5	552.92
side_ºñºö¹äµ¤¹ä·ù_Á¢½Ã_ÀâÅÁ¹ä_Q3_00026.JPG	train	train	ÀâÅÁ¹ä	8	ÀâÅÁ¹ä	Q3	2	0.75	side	750	737.23	562.5	552.92
side_ºñºö¹äµ¤¹ä·ù_Á¢½Ã_ÀâÅÁ¹ä_Q3_00027.JPG	train	train	ÀâÅÁ¹ä	8	ÀâÅÁ¹ä	Q3	2	0.75	side	750	737.23	562.5	552.92
side_ºñºö¹äµ¤¹ä·ù_Á¢½Ã_ÀâÅÁ¹ä_Q3_00028.JPG	train	train	ÀâÅÁ¹ä	8	ÀâÅÁ¹ä	Q3	2	0.75	side	750	737.23	562.5	552.92
side_ºñºö¹äµ¤¹ä·ù_Á¢½Ã_ÀâÅÁ¹ä_Q3_00029.JPG	train	train	ÀâÅÁ¹ä	8	ÀâÅÁ¹ä	Q3	2	0.75	side	750	737.23	562.5	552.92
side_ºñºö¹äµ¤¹ä·ù_Á¢½Ã_ÀâÅÁ¹ä_Q3_00031.JPG	train	train	ÀâÅÁ¹ä	8	ÀâÅÁ¹ä	Q3	2	0.75	side	750	737.23	562.5	552.92
side_ºñºö¹äµ¤¹ä·ù_Á¢½Ã_ÀâÅÁ¹ä_Q3_00032.JPG	train	train	ÀâÅÁ¹ä	8	ÀâÅÁ¹ä	Q3	2	0.75	side	750	737.23	562.5	552.92
side_ºñºö¹äµ¤¹ä·ù_Á¢½Ã_ÀâÅÁ¹ä_Q3_00033.JPG	train	train	ÀâÅÁ¹ä	8	ÀâÅÁ¹ä	Q3	2	0.75	side	750	737.23	562.5	552.92
side_ºñºö¹äµ¤¹ä·ù_Á¢½Ã_ÀâÅÁ¹ä_Q3_00035.JPG	train	train	ÀâÅÁ¹ä	8	ÀâÅÁ¹ä	Q3	2	0.75	side	750	737.23	562.5	552.92
side_ºñºö¹äµ¤¹ä·ù_Á¢½Ã_ÀâÅÁ¹ä_Q3_00036.JPG	train	train	ÀâÅÁ¹ä	8	ÀâÅÁ¹ä	Q3	2	0.75	side	750	737.23	562.5	552.92
side_ºñºö¹äµ¤¹ä·ù_Á¢½Ã_ÀâÅÁ¹ä_Q3_00037.JPG	train	train	ÀâÅÁ¹ä	8	ÀâÅÁ¹ä	Q3	2	0.75	side	750	737.23	562.5	552.92
side_ºñºö¹äµ¤¹ä·ù_Á¢½Ã_ÀâÅÁ¹ä_Q3_00038.JPG	train	train	ÀâÅÁ¹ä	8	ÀâÅÁ¹ä	Q3	2	0.75	side	750	737.23	562.5	552.92
side_ºñºö¹äµ¤¹ä·ù_Á¢½Ã_ÀâÅÁ¹ä_Q3_00040.JPG	train	train	ÀâÅÁ¹ä	8	ÀâÅÁ¹ä	Q3	2	0.75	side	750	737.23	562.5	552.92
side_ºñºö¹äµ¤¹ä·ù_Á¢½Ã_ÀâÅÁ¹ä_Q3_00041.JPG	train	train	ÀâÅÁ¹ä	8	ÀâÅÁ¹ä	Q3	2	0.75	side	750	737.23	562.5	552.92
side_ºñºö¹äµ¤¹ä·ù_Á¢½Ã_ÀâÅÁ¹ä_Q3_00043.JPG	train	train	ÀâÅÁ¹ä	8	ÀâÅÁ¹ä	Q3	2	0.75	side	750	737.23	562.5	552.92
side_ºñºö¹äµ¤¹ä·ù_Á¢½Ã_ÀâÅÁ¹ä_Q3_00044.JPG	train	train	ÀâÅÁ¹ä	8	ÀâÅÁ¹ä	Q3	2	0.75	side	750	737.23	562.5	552.92
side_ºñºö¹äµ¤¹ä·ù_Á¢½Ã_ÀâÅÁ¹ä_Q3_00045.JPG	train	train	ÀâÅÁ¹ä	8	ÀâÅÁ¹ä	Q3	2	0.75	side	750	737.23	562.5	552.92
side_ºñºö¹äµ¤¹ä·ù_Á¢½Ã_ÀâÅÁ¹ä_Q3_00046.JPG	train	train	ÀâÅÁ¹ä	8	ÀâÅÁ¹ä	Q3	2	0.75	side	750	737.23	562.5	552.92
side_ºñºö¹äµ¤¹ä·ù_Á¢½Ã_ÀâÅÁ¹ä_Q3_00047.JPG	train	train	ÀâÅÁ¹ä	8	ÀâÅÁ¹ä	Q3	2	0.75	side	750	737.23	562.5	552.92
side_ºñºö¹äµ¤¹ä·ù_Á¢½Ã_ÀâÅÁ¹ä_Q3_00048.JPG	train	train	ÀâÅÁ¹ä	8	ÀâÅÁ¹ä	Q3	2	0.75	side	750	737.23	562.5	552.92
side_ºñºö¹äµ¤¹ä·ù_Á¢½Ã_ÀâÅÁ¹ä_Q3_00049.JPG	train	train	ÀâÅÁ¹ä	8	ÀâÅÁ¹ä	Q3	2	0.75	side	750	737.23	562.5	552.92
side_ºñºö¹äµ¤¹ä·ù_Á¢½Ã_ÀâÅÁ¹ä_Q3_00050.JPG	train	train	ÀâÅÁ¹ä	8	ÀâÅÁ¹ä	Q3	2	0.75	side	750	737.23	562.5	552.92
side_ºñºö¹äµ¤¹ä·ù_Á¢½Ã_ÀâÅÁ¹ä_Q3_00051.JPG	train	train	ÀâÅÁ¹ä	8	ÀâÅÁ¹ä	Q3	2	0.75	side	750	737.23	562.5	552.92
side_ºñºö¹äµ¤¹ä·ù_Á¢½Ã_ÀâÅÁ¹ä_Q3_00052.JPG	train	train	ÀâÅÁ¹ä	8	ÀâÅÁ¹ä	Q3	2	0.75	side	750	737.23	562.5	552.92
top_ºñºö¹äµ¤¹ä·ù_Á¢½Ã_ÀâÅÁ¹ä_Q3_00001.JPG	train	train	ÀâÅÁ¹ä	8	ÀâÅÁ¹ä	Q3	2	0.75	top	750	737.23	562.5	552.92
top_ºñºö¹äµ¤¹ä·ù_Á¢½Ã_ÀâÅÁ¹ä_Q3_00003.JPG	train	train	ÀâÅÁ¹ä	8	ÀâÅÁ¹ä	Q3	2	0.75	top	750	737.23	562.5	552.92
top_ºñºö¹äµ¤¹ä·ù_Á¢½Ã_ÀâÅÁ¹ä_Q3_00004.JPG	train	train	ÀâÅÁ¹ä	8	ÀâÅÁ¹ä	Q3	2	0.75	top	750	737.23	562.5	552.92
top_ºñºö¹äµ¤¹ä·ù_Á¢½Ã_ÀâÅÁ¹ä_Q3_00005.JPG	train	train	ÀâÅÁ¹ä	8	ÀâÅÁ¹ä	Q3	2	0.75	top	750	737.23	562.5	552.92
top_ºñºö¹äµ¤¹ä·ù_Á¢½Ã_ÀâÅÁ¹ä_Q3_00006.JPG	train	train	ÀâÅÁ¹ä	8	ÀâÅÁ¹ä	Q3	2	0.75	top	750	737.23	562.5	552.92
top_ºñºö¹äµ¤¹ä·ù_Á¢½Ã_ÀâÅÁ¹ä_Q3_00007.JPG	train	train	ÀâÅÁ¹ä	8	ÀâÅÁ¹ä	Q3	2	0.75	top	750	737.23	562.5	552.92
top_ºñºö¹äµ¤¹ä·ù_Á¢½Ã_ÀâÅÁ¹ä_Q3_00009.JPG	train	train	ÀâÅÁ¹ä	8	ÀâÅÁ¹ä	Q3	2	0.75	top	750	737.23	562.5	552.92
top_ºñºö¹äµ¤¹ä·ù_Á¢½Ã_ÀâÅÁ¹ä_Q3_00010.JPG	train	train	ÀâÅÁ¹ä	8	ÀâÅÁ¹ä	Q3	2	0.75	top	750	737.23	562.5	552.92
top_ºñºö¹äµ¤¹ä·ù_Á¢½Ã_ÀâÅÁ¹ä_Q3_00011.JPG	train	train	ÀâÅÁ¹ä	8	ÀâÅÁ¹ä	Q3	2	0.75	top	750	737.23	562.5	552.92
top_ºñºö¹äµ¤¹ä·ù_Á¢½Ã_ÀâÅÁ¹ä_Q3_00013.JPG	train	train	ÀâÅÁ¹ä	8	ÀâÅÁ¹ä	Q3	2	0.75	top	750	737.23	562.5	552.92
top_ºñºö¹äµ¤¹ä·ù_Á¢½Ã_ÀâÅÁ¹ä_Q3_00016.JPG	train	train	ÀâÅÁ¹ä	8	ÀâÅÁ¹ä	Q3	2	0.75	top	750	737.23	562.5	552.92
top_ºñºö¹äµ¤¹ä·ù_Á¢½Ã_ÀâÅÁ¹ä_Q3_00017.JPG	train	train	ÀâÅÁ¹ä	8	ÀâÅÁ¹ä	Q3	2	0.75	top	750	737.23	562.5	552.92
top_ºñºö¹äµ¤¹ä·ù_Á¢½Ã_ÀâÅÁ¹ä_Q3_00018.JPG	train	train	ÀâÅÁ¹ä	8	ÀâÅÁ¹ä	Q3	2	0.75	top	750	737.23	562.5	552.92
top_ºñºö¹äµ¤¹ä·ù_Á¢½Ã_ÀâÅÁ¹ä_Q3_00019.JPG	train	train	ÀâÅÁ¹ä	8	ÀâÅÁ¹ä	Q3	2	0.75	top	750	737.23	562.5	552.92
top_ºñºö¹äµ¤¹ä·ù_Á¢½Ã_ÀâÅÁ¹ä_Q3_00020.JPG	train	train	ÀâÅÁ¹ä	8	ÀâÅÁ¹ä	Q3	2	0.75	top	750	737.23	562.5	552.92
top_ºñºö¹äµ¤¹ä·ù_Á¢½Ã_ÀâÅÁ¹ä_Q3_00021.JPG	train	train	ÀâÅÁ¹ä	8	ÀâÅÁ¹ä	Q3	2	0.75	top	750	737.23	562.5	552.92
top_ºñºö¹äµ¤¹ä·ù_Á¢½Ã_ÀâÅÁ¹ä_Q3_00022.JPG	train	train	ÀâÅÁ¹ä	8	ÀâÅÁ¹ä	Q3	2	0.75	top	750	737.23	562.5	552.92
top_ºñºö¹äµ¤¹ä·ù_Á¢½Ã_ÀâÅÁ¹ä_Q3_00024.JPG	train	train	ÀâÅÁ¹ä	8	ÀâÅÁ¹ä	Q3	2	0.75	top	750	737.23	562.5	552.92
top_ºñºö¹äµ¤¹ä·ù_Á¢½Ã_ÀâÅÁ¹ä_Q3_00025.JPG	train	train	ÀâÅÁ¹ä	8	ÀâÅÁ¹ä	Q3	2	0.75	top	750	737.23	562.5	552.92
top_ºñºö¹äµ¤¹ä·ù_Á¢½Ã_ÀâÅÁ¹ä_Q3_00026.JPG	train	train	ÀâÅÁ¹ä	8	ÀâÅÁ¹ä	Q3	2	0.75	top	750	737.23	562.5	552.92
top_ºñºö¹äµ¤¹ä·ù_Á¢½Ã_ÀâÅÁ¹ä_Q3_00027.JPG	train	train	ÀâÅÁ¹ä	8	ÀâÅÁ¹ä	Q3	2	0.75	top	750	737.23	562.5	552.92
top_ºñºö¹äµ¤¹ä·ù_Á¢½Ã_ÀâÅÁ¹ä_Q3_00028.JPG	train	train	ÀâÅÁ¹ä	8	ÀâÅÁ¹ä	Q3	2	0.75	top	750	737.23	562.5	552.92
top_ºñºö¹äµ¤¹ä·ù_Á¢½Ã_ÀâÅÁ¹ä_Q3_00029.JPG	train	train	ÀâÅÁ¹ä	8	ÀâÅÁ¹ä	Q3	2	0.75	top	750	737.23	562.5	552.92
top_ºñºö¹äµ¤¹ä·ù_Á¢½Ã_ÀâÅÁ¹ä_Q3_00032.JPG	train	train	ÀâÅÁ¹ä	8	ÀâÅÁ¹ä	Q3	2	0.75	top	750	737.23	562.5	552.92
top_ºñºö¹äµ¤¹ä·ù_Á¢½Ã_ÀâÅÁ¹ä_Q3_00033.JPG	train	train	ÀâÅÁ¹ä	8	ÀâÅÁ¹ä	Q3	2	0.75	top	750	737.23	562.5	552.92
top_ºñºö¹äµ¤¹ä·ù_Á¢½Ã_ÀâÅÁ¹ä_Q3_00035.JPG	train	train	ÀâÅÁ¹ä	8	ÀâÅÁ¹ä	Q3	2	0.75	top	750	737.23	562.5	552.92
top_ºñºö¹äµ¤¹ä·ù_Á¢½Ã_ÀâÅÁ¹ä_Q3_00037.JPG	train	train	ÀâÅÁ¹ä	8	ÀâÅÁ¹ä	Q3	2	0.75	top	750	737.23	562.5	552.92
top_ºñºö¹äµ¤¹ä·ù_Á¢½Ã_ÀâÅÁ¹ä_Q3_00038.JPG	train	train	ÀâÅÁ¹ä	8	ÀâÅÁ¹ä	Q3	2	0.75	top	750	737.23	562.5	552.92
top_ºñºö¹äµ¤¹ä·ù_Á¢½Ã_ÀâÅÁ¹ä_Q3_00039.JPG	train	train	ÀâÅÁ¹ä	8	ÀâÅÁ¹ä	Q3	2	0.75	top	750	737.23	562.5	552.92
top_ºñºö¹äµ¤¹ä·ù_Á¢½Ã_ÀâÅÁ¹ä_Q3_00040.JPG	train	train	ÀâÅÁ¹ä	8	ÀâÅÁ¹ä	Q3	2	0.75	top	750	737.23	562.5	552.92
top_ºñºö¹äµ¤¹ä·ù_Á¢½Ã_ÀâÅÁ¹ä_Q3_00042.JPG	train	train	ÀâÅÁ¹ä	8	ÀâÅÁ¹ä	Q3	2	0.75	top	750	737.23	562.5	552.92
top_ºñºö¹äµ¤¹ä·ù_Á¢½Ã_ÀâÅÁ¹ä_Q3_00043.JPG	train	train	ÀâÅÁ¹ä	8	ÀâÅÁ¹ä	Q3	2	0.75	top	750	737.23	562.5	552.92
top_ºñºö¹äµ¤¹ä·ù_Á¢½Ã_ÀâÅÁ¹ä_Q3_00044.JPG	train	train	ÀâÅÁ¹ä	8	ÀâÅÁ¹ä	Q3	2	0.75	top	750	737.23	562.5	552.92
top_ºñºö¹äµ¤¹ä·ù_Á¢½Ã_ÀâÅÁ¹ä_Q3_00046.JPG	train	train	ÀâÅÁ¹ä	8	ÀâÅÁ¹ä	Q3	2	0.75	top	750	737.23	562.5	552.92
top_ºñºö¹äµ¤¹ä·ù_Á¢½Ã_ÀâÅÁ¹ä_Q3_00047.JPG	train	train	ÀâÅÁ¹ä	8	ÀâÅÁ¹ä	Q3	2	0.75	top	750	737.23	562.5	552.92
top_ºñºö¹äµ¤¹ä·ù_Á¢½Ã_ÀâÅÁ¹ä_Q3_00048.JPG	train	train	ÀâÅÁ¹ä	8	ÀâÅÁ¹ä	Q3	2	0.75	top	750	737.23	562.5	552.92
top_ºñºö¹äµ¤¹ä·ù_Á¢½Ã_ÀâÅÁ¹ä_Q3_00049.JPG	train	train	ÀâÅÁ¹ä	8	ÀâÅÁ¹ä	Q3	2	0.75	top	750	737.23	562.5	552.92
top_ºñºö¹äµ¤¹ä·ù_Á¢½Ã_ÀâÅÁ¹ä_Q3_00050.JPG	train	train	ÀâÅÁ¹ä	8	ÀâÅÁ¹ä	Q3	2	0.75	top	750	737.23	562.5	552.92
top_ºñºö¹äµ¤¹ä·ù_Á¢½Ã_ÀâÅÁ¹ä_Q3_00051.JPG	train	train	ÀâÅÁ¹ä	8	ÀâÅÁ¹ä	Q3	2	0.75	top	750	737.23	562.5	552.92
top_ºñºö¹äµ¤¹ä·ù_Á¢½Ã_ÀâÅÁ¹ä_Q3_00053.JPG	train	train	ÀâÅÁ¹ä	8	ÀâÅÁ¹ä	Q3	2	0.75	top	750	737.23	562.5	552.92
side_ºñºö¹äµ¤¹ä·ù_Á¢½Ã_ÀâÅÁ¹ä_Q4_00001.JPG	train	train	ÀâÅÁ¹ä	8	ÀâÅÁ¹ä	Q4	3	1	side	750	737.23	750	737.23
side_ºñºö¹äµ¤¹ä·ù_Á¢½Ã_ÀâÅÁ¹ä_Q4_00002.JPG	train	train	ÀâÅÁ¹ä	8	ÀâÅÁ¹ä	Q4	3	1	side	750	737.23	750	737.23
side_ºñºö¹äµ¤¹ä·ù_Á¢½Ã_ÀâÅÁ¹ä_Q4_00003.JPG	train	train	ÀâÅÁ¹ä	8	ÀâÅÁ¹ä	Q4	3	1	side	750	737.23	750	737.23
side_ºñºö¹äµ¤¹ä·ù_Á¢½Ã_ÀâÅÁ¹ä_Q4_00004.JPG	train	train	ÀâÅÁ¹ä	8	ÀâÅÁ¹ä	Q4	3	1	side	750	737.23	750	737.23
side_ºñºö¹äµ¤¹ä·ù_Á¢½Ã_ÀâÅÁ¹ä_Q4_00005.JPG	train	train	ÀâÅÁ¹ä	8	ÀâÅÁ¹ä	Q4	3	1	side	750	737.23	750	737.23
side_ºñºö¹äµ¤¹ä·ù_Á¢½Ã_ÀâÅÁ¹ä_Q4_00007.JPG	train	train	ÀâÅÁ¹ä	8	ÀâÅÁ¹ä	Q4	3	1	side	750	737.23	750	737.23
side_ºñºö¹äµ¤¹ä·ù_Á¢½Ã_ÀâÅÁ¹ä_Q4_00009.JPG	train	train	ÀâÅÁ¹ä	8	ÀâÅÁ¹ä	Q4	3	1	side	750	737.23	750	737.23
side_ºñºö¹äµ¤¹ä·ù_Á¢½Ã_ÀâÅÁ¹ä_Q4_00010.JPG	train	train	ÀâÅÁ¹ä	8	ÀâÅÁ¹ä	Q4	3	1	side	750	737.23	750	737.23
side_ºñºö¹äµ¤¹ä·ù_Á¢½Ã_ÀâÅÁ¹ä_Q4_00012.JPG	train	train	ÀâÅÁ¹ä	8	ÀâÅÁ¹ä	Q4	3	1	side	750	737.23	750	737.23
side_ºñºö¹äµ¤¹ä·ù_Á¢½Ã_ÀâÅÁ¹ä_Q4_00013.JPG	train	train	ÀâÅÁ¹ä	8	ÀâÅÁ¹ä	Q4	3	1	side	750	737.23	750	737.23
side_ºñºö¹äµ¤¹ä·ù_Á¢½Ã_ÀâÅÁ¹ä_Q4_00014.JPG	train	train	ÀâÅÁ¹ä	8	ÀâÅÁ¹ä	Q4	3	1	side	750	737.23	750	737.23
side_ºñºö¹äµ¤¹ä·ù_Á¢½Ã_ÀâÅÁ¹ä_Q4_00016.JPG	train	train	ÀâÅÁ¹ä	8	ÀâÅÁ¹ä	Q4	3	1	side	750	737.23	750	737.23
side_ºñºö¹äµ¤¹ä·ù_Á¢½Ã_ÀâÅÁ¹ä_Q4_00017.JPG	train	train	ÀâÅÁ¹ä	8	ÀâÅÁ¹ä	Q4	3	1	side	750	737.23	750	737.23
side_ºñºö¹äµ¤¹ä·ù_Á¢½Ã_ÀâÅÁ¹ä_Q4_00019.JPG	train	train	ÀâÅÁ¹ä	8	ÀâÅÁ¹ä	Q4	3	1	side	750	737.23	750	737.23
side_ºñºö¹äµ¤¹ä·ù_Á¢½Ã_ÀâÅÁ¹ä_Q4_00021.JPG	train	train	ÀâÅÁ¹ä	8	ÀâÅÁ¹ä	Q4	3	1	side	750	737.23	750	737.23
side_ºñºö¹äµ¤¹ä·ù_Á¢½Ã_ÀâÅÁ¹ä_Q4_00023.JPG	train	train	ÀâÅÁ¹ä	8	ÀâÅÁ¹ä	Q4	3	1	side	750	737.23	750	737.23
side_ºñºö¹äµ¤¹ä·ù_Á¢½Ã_ÀâÅÁ¹ä_Q4_00024.JPG	train	train	ÀâÅÁ¹ä	8	ÀâÅÁ¹ä	Q4	3	1	side	750	737.23	750	737.23
side_ºñºö¹äµ¤¹ä·ù_Á¢½Ã_ÀâÅÁ¹ä_Q4_00025.JPG	train	train	ÀâÅÁ¹ä	8	ÀâÅÁ¹ä	Q4	3	1	side	750	737.23	750	737.23
side_ºñºö¹äµ¤¹ä·ù_Á¢½Ã_ÀâÅÁ¹ä_Q4_00028.JPG	train	train	ÀâÅÁ¹ä	8	ÀâÅÁ¹ä	Q4	3	1	side	750	737.23	750	737.23
side_ºñºö¹äµ¤¹ä·ù_Á¢½Ã_ÀâÅÁ¹ä_Q4_00030.JPG	train	train	ÀâÅÁ¹ä	8	ÀâÅÁ¹ä	Q4	3	1	side	750	737.23	750	737.23
side_ºñºö¹äµ¤¹ä·ù_Á¢½Ã_ÀâÅÁ¹ä_Q4_00031.JPG	train	train	ÀâÅÁ¹ä	8	ÀâÅÁ¹ä	Q4	3	1	side	750	737.23	750	737.23
side_ºñºö¹äµ¤¹ä·ù_Á¢½Ã_ÀâÅÁ¹ä_Q4_00032.JPG	train	train	ÀâÅÁ¹ä	8	ÀâÅÁ¹ä	Q4	3	1	side	750	737.23	750	737.23
side_ºñºö¹äµ¤¹ä·ù_Á¢½Ã_ÀâÅÁ¹ä_Q4_00033.JPG	train	train	ÀâÅÁ¹ä	8	ÀâÅÁ¹ä	Q4	3	1	side	750	737.23	750	737.23
side_ºñºö¹äµ¤¹ä·ù_Á¢½Ã_ÀâÅÁ¹ä_Q4_00034.JPG	train	train	ÀâÅÁ¹ä	8	ÀâÅÁ¹ä	Q4	3	1	side	750	737.23	750	737.23
side_ºñºö¹äµ¤¹ä·ù_Á¢½Ã_ÀâÅÁ¹ä_Q4_00035.JPG	train	train	ÀâÅÁ¹ä	8	ÀâÅÁ¹ä	Q4	3	1	side	750	737.23	750	737.23
side_ºñºö¹äµ¤¹ä·ù_Á¢½Ã_ÀâÅÁ¹ä_Q4_00036.JPG	train	train	ÀâÅÁ¹ä	8	ÀâÅÁ¹ä	Q4	3	1	side	750	737.23	750	737.23
side_ºñºö¹äµ¤¹ä·ù_Á¢½Ã_ÀâÅÁ¹ä_Q4_00037.JPG	train	train	ÀâÅÁ¹ä	8	ÀâÅÁ¹ä	Q4	3	1	side	750	737.23	750	737.23
side_ºñºö¹äµ¤¹ä·ù_Á¢½Ã_ÀâÅÁ¹ä_Q4_00038.JPG	train	train	ÀâÅÁ¹ä	8	ÀâÅÁ¹ä	Q4	3	1	side	750	737.23	750	737.23
side_ºñºö¹äµ¤¹ä·ù_Á¢½Ã_ÀâÅÁ¹ä_Q4_00040.JPG	train	train	ÀâÅÁ¹ä	8	ÀâÅÁ¹ä	Q4	3	1	side	750	737.23	750	737.23
side_ºñºö¹äµ¤¹ä·ù_Á¢½Ã_ÀâÅÁ¹ä_Q4_00041.JPG	train	train	ÀâÅÁ¹ä	8	ÀâÅÁ¹ä	Q4	3	1	side	750	737.23	750	737.23
side_ºñºö¹äµ¤¹ä·ù_Á¢½Ã_ÀâÅÁ¹ä_Q4_00042.JPG	train	train	ÀâÅÁ¹ä	8	ÀâÅÁ¹ä	Q4	3	1	side	750	737.23	750	737.23
side_ºñºö¹äµ¤¹ä·ù_Á¢½Ã_ÀâÅÁ¹ä_Q4_00043.JPG	train	train	ÀâÅÁ¹ä	8	ÀâÅÁ¹ä	Q4	3	1	side	750	737.23	750	737.23
side_ºñºö¹äµ¤¹ä·ù_Á¢½Ã_ÀâÅÁ¹ä_Q4_00044.JPG	train	train	ÀâÅÁ¹ä	8	ÀâÅÁ¹ä	Q4	3	1	side	750	737.23	750	737.23
side_ºñºö¹äµ¤¹ä·ù_Á¢½Ã_ÀâÅÁ¹ä_Q4_00045.JPG	train	train	ÀâÅÁ¹ä	8	ÀâÅÁ¹ä	Q4	3	1	side	750	737.23	750	737.23
side_ºñºö¹äµ¤¹ä·ù_Á¢½Ã_ÀâÅÁ¹ä_Q4_00046.JPG	train	train	ÀâÅÁ¹ä	8	ÀâÅÁ¹ä	Q4	3	1	side	750	737.23	750	737.23
side_ºñºö¹äµ¤¹ä·ù_Á¢½Ã_ÀâÅÁ¹ä_Q4_00047.JPG	train	train	ÀâÅÁ¹ä	8	ÀâÅÁ¹ä	Q4	3	1	side	750	737.23	750	737.23
side_ºñºö¹äµ¤¹ä·ù_Á¢½Ã_ÀâÅÁ¹ä_Q4_00049.JPG	train	train	ÀâÅÁ¹ä	8	ÀâÅÁ¹ä	Q4	3	1	side	750	737.23	750	737.23
side_ºñºö¹äµ¤¹ä·ù_Á¢½Ã_ÀâÅÁ¹ä_Q4_00050.JPG	train	train	ÀâÅÁ¹ä	8	ÀâÅÁ¹ä	Q4	3	1	side	750	737.23	750	737.23
side_ºñºö¹äµ¤¹ä·ù_Á¢½Ã_ÀâÅÁ¹ä_Q4_00051.JPG	train	train	ÀâÅÁ¹ä	8	ÀâÅÁ¹ä	Q4	3	1	side	750	737.23	750	737.23
side_ºñºö¹äµ¤¹ä·ù_Á¢½Ã_ÀâÅÁ¹ä_Q4_00052.JPG	train	train	ÀâÅÁ¹ä	8	ÀâÅÁ¹ä	Q4	3	1	side	750	737.23	750	737.23
side_ºñºö¹äµ¤¹ä·ù_Á¢½Ã_ÀâÅÁ¹ä_Q4_00053.JPG	train	train	ÀâÅÁ¹ä	8	ÀâÅÁ¹ä	Q4	3	1	side	750	737.23	750	737.23
side_ºñºö¹äµ¤¹ä·ù_Á¢½Ã_ÀâÅÁ¹ä_Q4_00054.JPG	train	train	ÀâÅÁ¹ä	8	ÀâÅÁ¹ä	Q4	3	1	side	750	737.23	750	737.23
side_ºñºö¹äµ¤¹ä·ù_Á¢½Ã_ÀâÅÁ¹ä_Q4_00055.JPG	train	train	ÀâÅÁ¹ä	8	ÀâÅÁ¹ä	Q4	3	1	side	750	737.23	750	737.23
top_ºñºö¹äµ¤¹ä·ù_Á¢½Ã_ÀâÅÁ¹ä_Q4_00001.JPG	train	train	ÀâÅÁ¹ä	8	ÀâÅÁ¹ä	Q4	3	1	top	750	737.23	750	737.23
top_ºñºö¹äµ¤¹ä·ù_Á¢½Ã_ÀâÅÁ¹ä_Q4_00002.JPG	train	train	ÀâÅÁ¹ä	8	ÀâÅÁ¹ä	Q4	3	1	top	750	737.23	750	737.23
top_ºñºö¹äµ¤¹ä·ù_Á¢½Ã_ÀâÅÁ¹ä_Q4_00003.JPG	train	train	ÀâÅÁ¹ä	8	ÀâÅÁ¹ä	Q4	3	1	top	750	737.23	750	737.23
top_ºñºö¹äµ¤¹ä·ù_Á¢½Ã_ÀâÅÁ¹ä_Q4_00004.JPG	train	train	ÀâÅÁ¹ä	8	ÀâÅÁ¹ä	Q4	3	1	top	750	737.23	750	737.23
top_ºñºö¹äµ¤¹ä·ù_Á¢½Ã_ÀâÅÁ¹ä_Q4_00005.JPG	train	train	ÀâÅÁ¹ä	8	ÀâÅÁ¹ä	Q4	3	1	top	750	737.23	750	737.23
top_ºñºö¹äµ¤¹ä·ù_Á¢½Ã_ÀâÅÁ¹ä_Q4_00006.JPG	train	train	ÀâÅÁ¹ä	8	ÀâÅÁ¹ä	Q4	3	1	top	750	737.23	750	737.23
top_ºñºö¹äµ¤¹ä·ù_Á¢½Ã_ÀâÅÁ¹ä_Q4_00007.JPG	train	train	ÀâÅÁ¹ä	8	ÀâÅÁ¹ä	Q4	3	1	top	750	737.23	750	737.23
top_ºñºö¹äµ¤¹ä·ù_Á¢½Ã_ÀâÅÁ¹ä_Q4_00009.JPG	train	train	ÀâÅÁ¹ä	8	ÀâÅÁ¹ä	Q4	3	1	top	750	737.23	750	737.23
top_ºñºö¹äµ¤¹ä·ù_Á¢½Ã_ÀâÅÁ¹ä_Q4_00010.JPG	train	train	ÀâÅÁ¹ä	8	ÀâÅÁ¹ä	Q4	3	1	top	750	737.23	750	737.23
top_ºñºö¹äµ¤¹ä·ù_Á¢½Ã_ÀâÅÁ¹ä_Q4_00011.JPG	train	train	ÀâÅÁ¹ä	8	ÀâÅÁ¹ä	Q4	3	1	top	750	737.23	750	737.23
top_ºñºö¹äµ¤¹ä·ù_Á¢½Ã_ÀâÅÁ¹ä_Q4_00012.JPG	train	train	ÀâÅÁ¹ä	8	ÀâÅÁ¹ä	Q4	3	1	top	750	737.23	750	737.23
top_ºñºö¹äµ¤¹ä·ù_Á¢½Ã_ÀâÅÁ¹ä_Q4_00013.JPG	train	train	ÀâÅÁ¹ä	8	ÀâÅÁ¹ä	Q4	3	1	top	750	737.23	750	737.23
top_ºñºö¹äµ¤¹ä·ù_Á¢½Ã_ÀâÅÁ¹ä_Q4_00014.JPG	train	train	ÀâÅÁ¹ä	8	ÀâÅÁ¹ä	Q4	3	1	top	750	737.23	750	737.23
top_ºñºö¹äµ¤¹ä·ù_Á¢½Ã_ÀâÅÁ¹ä_Q4_00015.JPG	train	train	ÀâÅÁ¹ä	8	ÀâÅÁ¹ä	Q4	3	1	top	750	737.23	750	737.23
top_ºñºö¹äµ¤¹ä·ù_Á¢½Ã_ÀâÅÁ¹ä_Q4_00016.JPG	train	train	ÀâÅÁ¹ä	8	ÀâÅÁ¹ä	Q4	3	1	top	750	737.23	750	737.23
top_ºñºö¹äµ¤¹ä·ù_Á¢½Ã_ÀâÅÁ¹ä_Q4_00017.JPG	train	train	ÀâÅÁ¹ä	8	ÀâÅÁ¹ä	Q4	3	1	top	750	737.23	750	737.23
top_ºñºö¹äµ¤¹ä·ù_Á¢½Ã_ÀâÅÁ¹ä_Q4_00020.JPG	train	train	ÀâÅÁ¹ä	8	ÀâÅÁ¹ä	Q4	3	1	top	750	737.23	750	737.23
top_ºñºö¹äµ¤¹ä·ù_Á¢½Ã_ÀâÅÁ¹ä_Q4_00021.JPG	train	train	ÀâÅÁ¹ä	8	ÀâÅÁ¹ä	Q4	3	1	top	750	737.23	750	737.23
top_ºñºö¹äµ¤¹ä·ù_Á¢½Ã_ÀâÅÁ¹ä_Q4_00023.JPG	train	train	ÀâÅÁ¹ä	8	ÀâÅÁ¹ä	Q4	3	1	top	750	737.23	750	737.23
top_ºñºö¹äµ¤¹ä·ù_Á¢½Ã_ÀâÅÁ¹ä_Q4_00024.JPG	train	train	ÀâÅÁ¹ä	8	ÀâÅÁ¹ä	Q4	3	1	top	750	737.23	750	737.23
top_ºñºö¹äµ¤¹ä·ù_Á¢½Ã_ÀâÅÁ¹ä_Q4_00026.JPG	train	train	ÀâÅÁ¹ä	8	ÀâÅÁ¹ä	Q4	3	1	top	750	737.23	750	737.23
top_ºñºö¹äµ¤¹ä·ù_Á¢½Ã_ÀâÅÁ¹ä_Q4_00028.JPG	train	train	ÀâÅÁ¹ä	8	ÀâÅÁ¹ä	Q4	3	1	top	750	737.23	750	737.23
top_ºñºö¹äµ¤¹ä·ù_Á¢½Ã_ÀâÅÁ¹ä_Q4_00029.JPG	train	train	ÀâÅÁ¹ä	8	ÀâÅÁ¹ä	Q4	3	1	top	750	737.23	750	737.23
top_ºñºö¹äµ¤¹ä·ù_Á¢½Ã_ÀâÅÁ¹ä_Q4_00030.JPG	train	train	ÀâÅÁ¹ä	8	ÀâÅÁ¹ä	Q4	3	1	top	750	737.23	750	737.23
top_ºñºö¹äµ¤¹ä·ù_Á¢½Ã_ÀâÅÁ¹ä_Q4_00031.JPG	train	train	ÀâÅÁ¹ä	8	ÀâÅÁ¹ä	Q4	3	1	top	750	737.23	750	737.23
top_ºñºö¹äµ¤¹ä·ù_Á¢½Ã_ÀâÅÁ¹ä_Q4_00032.JPG	train	train	ÀâÅÁ¹ä	8	ÀâÅÁ¹ä	Q4	3	1	top	750	737.23	750	737.23
top_ºñºö¹äµ¤¹ä·ù_Á¢½Ã_ÀâÅÁ¹ä_Q4_00033.JPG	train	train	ÀâÅÁ¹ä	8	ÀâÅÁ¹ä	Q4	3	1	top	750	737.23	750	737.23
top_ºñºö¹äµ¤¹ä·ù_Á¢½Ã_ÀâÅÁ¹ä_Q4_00034.JPG	train	train	ÀâÅÁ¹ä	8	ÀâÅÁ¹ä	Q4	3	1	top	750	737.23	750	737.23
top_ºñºö¹äµ¤¹ä·ù_Á¢½Ã_ÀâÅÁ¹ä_Q4_00035.JPG	train	train	ÀâÅÁ¹ä	8	ÀâÅÁ¹ä	Q4	3	1	top	750	737.23	750	737.23
top_ºñºö¹äµ¤¹ä·ù_Á¢½Ã_ÀâÅÁ¹ä_Q4_00036.JPG	train	train	ÀâÅÁ¹ä	8	ÀâÅÁ¹ä	Q4	3	1	top	750	737.23	750	737.23
top_ºñºö¹äµ¤¹ä·ù_Á¢½Ã_ÀâÅÁ¹ä_Q4_00037.JPG	train	train	ÀâÅÁ¹ä	8	ÀâÅÁ¹ä	Q4	3	1	top	750	737.23	750	737.23
top_ºñºö¹äµ¤¹ä·ù_Á¢½Ã_ÀâÅÁ¹ä_Q4_00039.JPG	train	train	ÀâÅÁ¹ä	8	ÀâÅÁ¹ä	Q4	3	1	top	750	737.23	750	737.23
top_ºñºö¹äµ¤¹ä·ù_Á¢½Ã_ÀâÅÁ¹ä_Q4_00040.JPG	train	train	ÀâÅÁ¹ä	8	ÀâÅÁ¹ä	Q4	3	1	top	750	737.23	750	737.23
top_ºñºö¹äµ¤¹ä·ù_Á¢½Ã_ÀâÅÁ¹ä_Q4_00041.JPG	train	train	ÀâÅÁ¹ä	8	ÀâÅÁ¹ä	Q4	3	1	top	750	737.23	750	737.23
top_ºñºö¹äµ¤¹ä·ù_Á¢½Ã_ÀâÅÁ¹ä_Q4_00042.JPG	train	train	ÀâÅÁ¹ä	8	ÀâÅÁ¹ä	Q4	3	1	top	750	737.23	750	737.23
top_ºñºö¹äµ¤¹ä·ù_Á¢½Ã_ÀâÅÁ¹ä_Q4_00044.JPG	train	train	ÀâÅÁ¹ä	8	ÀâÅÁ¹ä	Q4	3	1	top	750	737.23	750	737.23
top_ºñºö¹äµ¤¹ä·ù_Á¢½Ã_ÀâÅÁ¹ä_Q4_00045.JPG	train	train	ÀâÅÁ¹ä	8	ÀâÅÁ¹ä	Q4	3	1	top	750	737.23	750	737.23
top_ºñºö¹äµ¤¹ä·ù_Á¢½Ã_ÀâÅÁ¹ä_Q4_00046.JPG	train	train	ÀâÅÁ¹ä	8	ÀâÅÁ¹ä	Q4	3	1	top	750	737.23	750	737.23
top_ºñºö¹äµ¤¹ä·ù_Á¢½Ã_ÀâÅÁ¹ä_Q4_00047.JPG	train	train	ÀâÅÁ¹ä	8	ÀâÅÁ¹ä	Q4	3	1	top	750	737.23	750	737.23
top_ºñºö¹äµ¤¹ä·ù_Á¢½Ã_ÀâÅÁ¹ä_Q4_00049.JPG	train	train	ÀâÅÁ¹ä	8	ÀâÅÁ¹ä	Q4	3	1	top	750	737.23	750	737.23
top_ºñºö¹äµ¤¹ä·ù_Á¢½Ã_ÀâÅÁ¹ä_Q4_00050.JPG	train	train	ÀâÅÁ¹ä	8	ÀâÅÁ¹ä	Q4	3	1	top	750	737.23	750	737.23
top_ºñºö¹äµ¤¹ä·ù_Á¢½Ã_ÀâÅÁ¹ä_Q4_00051.JPG	train	train	ÀâÅÁ¹ä	8	ÀâÅÁ¹ä	Q4	3	1	top	750	737.23	750	737.23
top_ºñºö¹äµ¤¹ä·ù_Á¢½Ã_ÀâÅÁ¹ä_Q4_00052.JPG	train	train	ÀâÅÁ¹ä	8	ÀâÅÁ¹ä	Q4	3	1	top	750	737.23	750	737.23
top_ºñºö¹äµ¤¹ä·ù_Á¢½Ã_ÀâÅÁ¹ä_Q4_00053.JPG	train	train	ÀâÅÁ¹ä	8	ÀâÅÁ¹ä	Q4	3	1	top	750	737.23	750	737.23
side_ºñºö¹äµ¤¹ä·ù_Á¢½Ã_ÀâÅÁ¹ä_Q5_00001.JPG	train	train	ÀâÅÁ¹ä	8	ÀâÅÁ¹ä	Q5	4	1.25	side	750	737.23	937.5	921.54
side_ºñºö¹äµ¤¹ä·ù_Á¢½Ã_ÀâÅÁ¹ä_Q5_00002.JPG	train	train	ÀâÅÁ¹ä	8	ÀâÅÁ¹ä	Q5	4	1.25	side	750	737.23	937.5	921.54
side_ºñºö¹äµ¤¹ä·ù_Á¢½Ã_ÀâÅÁ¹ä_Q5_00003.JPG	train	train	ÀâÅÁ¹ä	8	ÀâÅÁ¹ä	Q5	4	1.25	side	750	737.23	937.5	921.54
side_ºñºö¹äµ¤¹ä·ù_Á¢½Ã_ÀâÅÁ¹ä_Q5_00005.JPG	train	train	ÀâÅÁ¹ä	8	ÀâÅÁ¹ä	Q5	4	1.25	side	750	737.23	937.5	921.54
side_ºñºö¹äµ¤¹ä·ù_Á¢½Ã_ÀâÅÁ¹ä_Q5_00006.JPG	train	train	ÀâÅÁ¹ä	8	ÀâÅÁ¹ä	Q5	4	1.25	side	750	737.23	937.5	921.54
side_ºñºö¹äµ¤¹ä·ù_Á¢½Ã_ÀâÅÁ¹ä_Q5_00007.JPG	train	train	ÀâÅÁ¹ä	8	ÀâÅÁ¹ä	Q5	4	1.25	side	750	737.23	937.5	921.54
side_ºñºö¹äµ¤¹ä·ù_Á¢½Ã_ÀâÅÁ¹ä_Q5_00009.JPG	train	train	ÀâÅÁ¹ä	8	ÀâÅÁ¹ä	Q5	4	1.25	side	750	737.23	937.5	921.54
side_ºñºö¹äµ¤¹ä·ù_Á¢½Ã_ÀâÅÁ¹ä_Q5_00010.JPG	train	train	ÀâÅÁ¹ä	8	ÀâÅÁ¹ä	Q5	4	1.25	side	750	737.23	937.5	921.54
side_ºñºö¹äµ¤¹ä·ù_Á¢½Ã_ÀâÅÁ¹ä_Q5_00011.JPG	train	train	ÀâÅÁ¹ä	8	ÀâÅÁ¹ä	Q5	4	1.25	side	750	737.23	937.5	921.54
side_ºñºö¹äµ¤¹ä·ù_Á¢½Ã_ÀâÅÁ¹ä_Q5_00012.JPG	train	train	ÀâÅÁ¹ä	8	ÀâÅÁ¹ä	Q5	4	1.25	side	750	737.23	937.5	921.54
side_ºñºö¹äµ¤¹ä·ù_Á¢½Ã_ÀâÅÁ¹ä_Q5_00013.JPG	train	train	ÀâÅÁ¹ä	8	ÀâÅÁ¹ä	Q5	4	1.25	side	750	737.23	937.5	921.54
side_ºñºö¹äµ¤¹ä·ù_Á¢½Ã_ÀâÅÁ¹ä_Q5_00014.JPG	train	train	ÀâÅÁ¹ä	8	ÀâÅÁ¹ä	Q5	4	1.25	side	750	737.23	937.5	921.54
side_ºñºö¹äµ¤¹ä·ù_Á¢½Ã_ÀâÅÁ¹ä_Q5_00016.JPG	train	train	ÀâÅÁ¹ä	8	ÀâÅÁ¹ä	Q5	4	1.25	side	750	737.23	937.5	921.54
side_ºñºö¹äµ¤¹ä·ù_Á¢½Ã_ÀâÅÁ¹ä_Q5_00017.JPG	train	train	ÀâÅÁ¹ä	8	ÀâÅÁ¹ä	Q5	4	1.25	side	750	737.23	937.5	921.54
side_ºñºö¹äµ¤¹ä·ù_Á¢½Ã_ÀâÅÁ¹ä_Q5_00018.JPG	train	train	ÀâÅÁ¹ä	8	ÀâÅÁ¹ä	Q5	4	1.25	side	750	737.23	937.5	921.54
side_ºñºö¹äµ¤¹ä·ù_Á¢½Ã_ÀâÅÁ¹ä_Q5_00019.JPG	train	train	ÀâÅÁ¹ä	8	ÀâÅÁ¹ä	Q5	4	1.25	side	750	737.23	937.5	921.54
side_ºñºö¹äµ¤¹ä·ù_Á¢½Ã_ÀâÅÁ¹ä_Q5_00021.JPG	train	train	ÀâÅÁ¹ä	8	ÀâÅÁ¹ä	Q5	4	1.25	side	750	737.23	937.5	921.54
side_ºñºö¹äµ¤¹ä·ù_Á¢½Ã_ÀâÅÁ¹ä_Q5_00023.JPG	train	train	ÀâÅÁ¹ä	8	ÀâÅÁ¹ä	Q5	4	1.25	side	750	737.23	937.5	921.54
side_ºñºö¹äµ¤¹ä·ù_Á¢½Ã_ÀâÅÁ¹ä_Q5_00024.JPG	train	train	ÀâÅÁ¹ä	8	ÀâÅÁ¹ä	Q5	4	1.25	side	750	737.23	937.5	921.54
side_ºñºö¹äµ¤¹ä·ù_Á¢½Ã_ÀâÅÁ¹ä_Q5_00025.JPG	train	train	ÀâÅÁ¹ä	8	ÀâÅÁ¹ä	Q5	4	1.25	side	750	737.23	937.5	921.54
side_ºñºö¹äµ¤¹ä·ù_Á¢½Ã_ÀâÅÁ¹ä_Q5_00026.JPG	train	train	ÀâÅÁ¹ä	8	ÀâÅÁ¹ä	Q5	4	1.25	side	750	737.23	937.5	921.54
side_ºñºö¹äµ¤¹ä·ù_Á¢½Ã_ÀâÅÁ¹ä_Q5_00027.JPG	train	train	ÀâÅÁ¹ä	8	ÀâÅÁ¹ä	Q5	4	1.25	side	750	737.23	937.5	921.54
side_ºñºö¹äµ¤¹ä·ù_Á¢½Ã_ÀâÅÁ¹ä_Q5_00030.JPG	train	train	ÀâÅÁ¹ä	8	ÀâÅÁ¹ä	Q5	4	1.25	side	750	737.23	937.5	921.54
side_ºñºö¹äµ¤¹ä·ù_Á¢½Ã_ÀâÅÁ¹ä_Q5_00031.JPG	train	train	ÀâÅÁ¹ä	8	ÀâÅÁ¹ä	Q5	4	1.25	side	750	737.23	937.5	921.54
side_ºñºö¹äµ¤¹ä·ù_Á¢½Ã_ÀâÅÁ¹ä_Q5_00033.JPG	train	train	ÀâÅÁ¹ä	8	ÀâÅÁ¹ä	Q5	4	1.25	side	750	737.23	937.5	921.54
side_ºñºö¹äµ¤¹ä·ù_Á¢½Ã_ÀâÅÁ¹ä_Q5_00034.JPG	train	train	ÀâÅÁ¹ä	8	ÀâÅÁ¹ä	Q5	4	1.25	side	750	737.23	937.5	921.54
side_ºñºö¹äµ¤¹ä·ù_Á¢½Ã_ÀâÅÁ¹ä_Q5_00035.JPG	train	train	ÀâÅÁ¹ä	8	ÀâÅÁ¹ä	Q5	4	1.25	side	750	737.23	937.5	921.54
side_ºñºö¹äµ¤¹ä·ù_Á¢½Ã_ÀâÅÁ¹ä_Q5_00038.JPG	train	train	ÀâÅÁ¹ä	8	ÀâÅÁ¹ä	Q5	4	1.25	side	750	737.23	937.5	921.54
side_ºñºö¹äµ¤¹ä·ù_Á¢½Ã_ÀâÅÁ¹ä_Q5_00039.JPG	train	train	ÀâÅÁ¹ä	8	ÀâÅÁ¹ä	Q5	4	1.25	side	750	737.23	937.5	921.54
side_ºñºö¹äµ¤¹ä·ù_Á¢½Ã_ÀâÅÁ¹ä_Q5_00040.JPG	train	train	ÀâÅÁ¹ä	8	ÀâÅÁ¹ä	Q5	4	1.25	side	750	737.23	937.5	921.54
side_ºñºö¹äµ¤¹ä·ù_Á¢½Ã_ÀâÅÁ¹ä_Q5_00041.JPG	train	train	ÀâÅÁ¹ä	8	ÀâÅÁ¹ä	Q5	4	1.25	side	750	737.23	937.5	921.54
side_ºñºö¹äµ¤¹ä·ù_Á¢½Ã_ÀâÅÁ¹ä_Q5_00042.JPG	train	train	ÀâÅÁ¹ä	8	ÀâÅÁ¹ä	Q5	4	1.25	side	750	737.23	937.5	921.54
side_ºñºö¹äµ¤¹ä·ù_Á¢½Ã_ÀâÅÁ¹ä_Q5_00043.JPG	train	train	ÀâÅÁ¹ä	8	ÀâÅÁ¹ä	Q5	4	1.25	side	750	737.23	937.5	921.54
side_ºñºö¹äµ¤¹ä·ù_Á¢½Ã_ÀâÅÁ¹ä_Q5_00045.JPG	train	train	ÀâÅÁ¹ä	8	ÀâÅÁ¹ä	Q5	4	1.25	side	750	737.23	937.5	921.54
side_ºñºö¹äµ¤¹ä·ù_Á¢½Ã_ÀâÅÁ¹ä_Q5_00046.JPG	train	train	ÀâÅÁ¹ä	8	ÀâÅÁ¹ä	Q5	4	1.25	side	750	737.23	937.5	921.54
side_ºñºö¹äµ¤¹ä·ù_Á¢½Ã_ÀâÅÁ¹ä_Q5_00047.JPG	train	train	ÀâÅÁ¹ä	8	ÀâÅÁ¹ä	Q5	4	1.25	side	750	737.23	937.5	921.54
side_ºñºö¹äµ¤¹ä·ù_Á¢½Ã_ÀâÅÁ¹ä_Q5_00049.JPG	train	train	ÀâÅÁ¹ä	8	ÀâÅÁ¹ä	Q5	4	1.25	side	750	737.23	937.5	921.54
side_ºñºö¹äµ¤¹ä·ù_Á¢½Ã_ÀâÅÁ¹ä_Q5_00051.JPG	train	train	ÀâÅÁ¹ä	8	ÀâÅÁ¹ä	Q5	4	1.25	side	750	737.23	937.5	921.54
side_ºñºö¹äµ¤¹ä·ù_Á¢½Ã_ÀâÅÁ¹ä_Q5_00052.JPG	train	train	ÀâÅÁ¹ä	8	ÀâÅÁ¹ä	Q5	4	1.25	side	750	737.23	937.5	921.54
side_ºñºö¹äµ¤¹ä·ù_Á¢½Ã_ÀâÅÁ¹ä_Q5_00053.JPG	train	train	ÀâÅÁ¹ä	8	ÀâÅÁ¹ä	Q5	4	1.25	side	750	737.23	937.5	921.54
top_ºñºö¹äµ¤¹ä·ù_Á¢½Ã_ÀâÅÁ¹ä_Q5_00001.JPG	train	train	ÀâÅÁ¹ä	8	ÀâÅÁ¹ä	Q5	4	1.25	top	750	737.23	937.5	921.54
top_ºñºö¹äµ¤¹ä·ù_Á¢½Ã_ÀâÅÁ¹ä_Q5_00003.JPG	train	train	ÀâÅÁ¹ä	8	ÀâÅÁ¹ä	Q5	4	1.25	top	750	737.23	937.5	921.54
top_ºñºö¹äµ¤¹ä·ù_Á¢½Ã_ÀâÅÁ¹ä_Q5_00004.JPG	train	train	ÀâÅÁ¹ä	8	ÀâÅÁ¹ä	Q5	4	1.25	top	750	737.23	937.5	921.54
top_ºñºö¹äµ¤¹ä·ù_Á¢½Ã_ÀâÅÁ¹ä_Q5_00005.JPG	train	train	ÀâÅÁ¹ä	8	ÀâÅÁ¹ä	Q5	4	1.25	top	750	737.23	937.5	921.54
top_ºñºö¹äµ¤¹ä·ù_Á¢½Ã_ÀâÅÁ¹ä_Q5_00007.JPG	train	train	ÀâÅÁ¹ä	8	ÀâÅÁ¹ä	Q5	4	1.25	top	750	737.23	937.5	921.54
top_ºñºö¹äµ¤¹ä·ù_Á¢½Ã_ÀâÅÁ¹ä_Q5_00008.JPG	train	train	ÀâÅÁ¹ä	8	ÀâÅÁ¹ä	Q5	4	1.25	top	750	737.23	937.5	921.54
top_ºñºö¹äµ¤¹ä·ù_Á¢½Ã_ÀâÅÁ¹ä_Q5_00009.JPG	train	train	ÀâÅÁ¹ä	8	ÀâÅÁ¹ä	Q5	4	1.25	top	750	737.23	937.5	921.54
top_ºñºö¹äµ¤¹ä·ù_Á¢½Ã_ÀâÅÁ¹ä_Q5_00010.JPG	train	train	ÀâÅÁ¹ä	8	ÀâÅÁ¹ä	Q5	4	1.25	top	750	737.23	937.5	921.54
top_ºñºö¹äµ¤¹ä·ù_Á¢½Ã_ÀâÅÁ¹ä_Q5_00011.JPG	train	train	ÀâÅÁ¹ä	8	ÀâÅÁ¹ä	Q5	4	1.25	top	750	737.23	937.5	921.54
top_ºñºö¹äµ¤¹ä·ù_Á¢½Ã_ÀâÅÁ¹ä_Q5_00012.JPG	train	train	ÀâÅÁ¹ä	8	ÀâÅÁ¹ä	Q5	4	1.25	top	750	737.23	937.5	921.54
top_ºñºö¹äµ¤¹ä·ù_Á¢½Ã_ÀâÅÁ¹ä_Q5_00013.JPG	train	train	ÀâÅÁ¹ä	8	ÀâÅÁ¹ä	Q5	4	1.25	top	750	737.23	937.5	921.54
top_ºñºö¹äµ¤¹ä·ù_Á¢½Ã_ÀâÅÁ¹ä_Q5_00014.JPG	train	train	ÀâÅÁ¹ä	8	ÀâÅÁ¹ä	Q5	4	1.25	top	750	737.23	937.5	921.54
top_ºñºö¹äµ¤¹ä·ù_Á¢½Ã_ÀâÅÁ¹ä_Q5_00015.JPG	train	train	ÀâÅÁ¹ä	8	ÀâÅÁ¹ä	Q5	4	1.25	top	750	737.23	937.5	921.54
top_ºñºö¹äµ¤¹ä·ù_Á¢½Ã_ÀâÅÁ¹ä_Q5_00016.JPG	train	train	ÀâÅÁ¹ä	8	ÀâÅÁ¹ä	Q5	4	1.25	top	750	737.23	937.5	921.54
top_ºñºö¹äµ¤¹ä·ù_Á¢½Ã_ÀâÅÁ¹ä_Q5_00017.JPG	train	train	ÀâÅÁ¹ä	8	ÀâÅÁ¹ä	Q5	4	1.25	top	750	737.23	937.5	921.54
top_ºñºö¹äµ¤¹ä·ù_Á¢½Ã_ÀâÅÁ¹ä_Q5_00018.JPG	train	train	ÀâÅÁ¹ä	8	ÀâÅÁ¹ä	Q5	4	1.25	top	750	737.23	937.5	921.54
top_ºñºö¹äµ¤¹ä·ù_Á¢½Ã_ÀâÅÁ¹ä_Q5_00019.JPG	train	train	ÀâÅÁ¹ä	8	ÀâÅÁ¹ä	Q5	4	1.25	top	750	737.23	937.5	921.54
top_ºñºö¹äµ¤¹ä·ù_Á¢½Ã_ÀâÅÁ¹ä_Q5_00020.JPG	train	train	ÀâÅÁ¹ä	8	ÀâÅÁ¹ä	Q5	4	1.25	top	750	737.23	937.5	921.54
top_ºñºö¹äµ¤¹ä·ù_Á¢½Ã_ÀâÅÁ¹ä_Q5_00021.JPG	train	train	ÀâÅÁ¹ä	8	ÀâÅÁ¹ä	Q5	4	1.25	top	750	737.23	937.5	921.54
top_ºñºö¹äµ¤¹ä·ù_Á¢½Ã_ÀâÅÁ¹ä_Q5_00022.JPG	train	train	ÀâÅÁ¹ä	8	ÀâÅÁ¹ä	Q5	4	1.25	top	750	737.23	937.5	921.54
top_ºñºö¹äµ¤¹ä·ù_Á¢½Ã_ÀâÅÁ¹ä_Q5_00024.JPG	train	train	ÀâÅÁ¹ä	8	ÀâÅÁ¹ä	Q5	4	1.25	top	750	737.23	937.5	921.54
top_ºñºö¹äµ¤¹ä·ù_Á¢½Ã_ÀâÅÁ¹ä_Q5_00025.JPG	train	train	ÀâÅÁ¹ä	8	ÀâÅÁ¹ä	Q5	4	1.25	top	750	737.23	937.5	921.54
top_ºñºö¹äµ¤¹ä·ù_Á¢½Ã_ÀâÅÁ¹ä_Q5_00026.JPG	train	train	ÀâÅÁ¹ä	8	ÀâÅÁ¹ä	Q5	4	1.25	top	750	737.23	937.5	921.54
top_ºñºö¹äµ¤¹ä·ù_Á¢½Ã_ÀâÅÁ¹ä_Q5_00027.JPG	train	train	ÀâÅÁ¹ä	8	ÀâÅÁ¹ä	Q5	4	1.25	top	750	737.23	937.5	921.54
top_ºñºö¹äµ¤¹ä·ù_Á¢½Ã_ÀâÅÁ¹ä_Q5_00028.JPG	train	train	ÀâÅÁ¹ä	8	ÀâÅÁ¹ä	Q5	4	1.25	top	750	737.23	937.5	921.54
top_ºñºö¹äµ¤¹ä·ù_Á¢½Ã_ÀâÅÁ¹ä_Q5_00030.JPG	train	train	ÀâÅÁ¹ä	8	ÀâÅÁ¹ä	Q5	4	1.25	top	750	737.23	937.5	921.54
top_ºñºö¹äµ¤¹ä·ù_Á¢½Ã_ÀâÅÁ¹ä_Q5_00031.JPG	train	train	ÀâÅÁ¹ä	8	ÀâÅÁ¹ä	Q5	4	1.25	top	750	737.23	937.5	921.54
top_ºñºö¹äµ¤¹ä·ù_Á¢½Ã_ÀâÅÁ¹ä_Q5_00032.JPG	train	train	ÀâÅÁ¹ä	8	ÀâÅÁ¹ä	Q5	4	1.25	top	750	737.23	937.5	921.54
top_ºñºö¹äµ¤¹ä·ù_Á¢½Ã_ÀâÅÁ¹ä_Q5_00034.JPG	train	train	ÀâÅÁ¹ä	8	ÀâÅÁ¹ä	Q5	4	1.25	top	750	737.23	937.5	921.54
top_ºñºö¹äµ¤¹ä·ù_Á¢½Ã_ÀâÅÁ¹ä_Q5_00035.JPG	train	train	ÀâÅÁ¹ä	8	ÀâÅÁ¹ä	Q5	4	1.25	top	750	737.23	937.5	921.54
top_ºñºö¹äµ¤¹ä·ù_Á¢½Ã_ÀâÅÁ¹ä_Q5_00037.JPG	train	train	ÀâÅÁ¹ä	8	ÀâÅÁ¹ä	Q5	4	1.25	top	750	737.23	937.5	921.54
top_ºñºö¹äµ¤¹ä·ù_Á¢½Ã_ÀâÅÁ¹ä_Q5_00038.JPG	train	train	ÀâÅÁ¹ä	8	ÀâÅÁ¹ä	Q5	4	1.25	top	750	737.23	937.5	921.54
top_ºñºö¹äµ¤¹ä·ù_Á¢½Ã_ÀâÅÁ¹ä_Q5_00039.JPG	train	train	ÀâÅÁ¹ä	8	ÀâÅÁ¹ä	Q5	4	1.25	top	750	737.23	937.5	921.54
top_ºñºö¹äµ¤¹ä·ù_Á¢½Ã_ÀâÅÁ¹ä_Q5_00040.JPG	train	train	ÀâÅÁ¹ä	8	ÀâÅÁ¹ä	Q5	4	1.25	top	750	737.23	937.5	921.54
top_ºñºö¹äµ¤¹ä·ù_Á¢½Ã_ÀâÅÁ¹ä_Q5_00041.JPG	train	train	ÀâÅÁ¹ä	8	ÀâÅÁ¹ä	Q5	4	1.25	top	750	737.23	937.5	921.54
top_ºñºö¹äµ¤¹ä·ù_Á¢½Ã_ÀâÅÁ¹ä_Q5_00043.JPG	train	train	ÀâÅÁ¹ä	8	ÀâÅÁ¹ä	Q5	4	1.25	top	750	737.23	937.5	921.54
top_ºñºö¹äµ¤¹ä·ù_Á¢½Ã_ÀâÅÁ¹ä_Q5_00044.JPG	train	train	ÀâÅÁ¹ä	8	ÀâÅÁ¹ä	Q5	4	1.25	top	750	737.23	937.5	921.54
top_ºñºö¹äµ¤¹ä·ù_Á¢½Ã_ÀâÅÁ¹ä_Q5_00045.JPG	train	train	ÀâÅÁ¹ä	8	ÀâÅÁ¹ä	Q5	4	1.25	top	750	737.23	937.5	921.54
top_ºñºö¹äµ¤¹ä·ù_Á¢½Ã_ÀâÅÁ¹ä_Q5_00046.JPG	train	train	ÀâÅÁ¹ä	8	ÀâÅÁ¹ä	Q5	4	1.25	top	750	737.23	937.5	921.54
top_ºñºö¹äµ¤¹ä·ù_Á¢½Ã_ÀâÅÁ¹ä_Q5_00047.JPG	train	train	ÀâÅÁ¹ä	8	ÀâÅÁ¹ä	Q5	4	1.25	top	750	737.23	937.5	921.54
top_ºñºö¹äµ¤¹ä·ù_Á¢½Ã_ÀâÅÁ¹ä_Q5_00048.JPG	train	train	ÀâÅÁ¹ä	8	ÀâÅÁ¹ä	Q5	4	1.25	top	750	737.23	937.5	921.54
top_ºñºö¹äµ¤¹ä·ù_Á¢½Ã_ÀâÅÁ¹ä_Q5_00049.JPG	train	train	ÀâÅÁ¹ä	8	ÀâÅÁ¹ä	Q5	4	1.25	top	750	737.23	937.5	921.54
top_ºñºö¹äµ¤¹ä·ù_Á¢½Ã_ÀâÅÁ¹ä_Q5_00050.JPG	train	train	ÀâÅÁ¹ä	8	ÀâÅÁ¹ä	Q5	4	1.25	top	750	737.23	937.5	921.54
top_ºñºö¹äµ¤¹ä·ù_Á¢½Ã_ÀâÅÁ¹ä_Q5_00051.JPG	train	train	ÀâÅÁ¹ä	8	ÀâÅÁ¹ä	Q5	4	1.25	top	750	737.23	937.5	921.54
top_ºñºö¹äµ¤¹ä·ù_Á¢½Ã_ÀâÅÁ¹ä_Q5_00052.JPG	train	train	ÀâÅÁ¹ä	8	ÀâÅÁ¹ä	Q5	4	1.25	top	750	737.23	937.5	921.54
top_ºñºö¹äµ¤¹ä·ù_Á¢½Ã_ÀâÅÁ¹ä_Q5_00053.JPG	train	train	ÀâÅÁ¹ä	8	ÀâÅÁ¹ä	Q5	4	1.25	top	750	737.23	937.5	921.54
top_ºñºö¹äµ¤¹ä·ù_Á¢½Ã_ÀâÅÁ¹ä_Q5_00054.JPG	train	train	ÀâÅÁ¹ä	8	ÀâÅÁ¹ä	Q5	4	1.25	top	750	737.23	937.5	921.54
side_ºñºö¹äµ¤¹ä·ù_³Ã¸é±â_ÀüÁÖºñºö¹ä_Q1_00001.JPG	train	train	ÀüÁÖºñºö¹ä	9	ÀüÁÖºñºö¹ä	Q1	0	0.25	side	450	662.192	112.5	165.55
side_ºñºö¹äµ¤¹ä·ù_³Ã¸é±â_ÀüÁÖºñºö¹ä_Q1_00003.JPG	train	train	ÀüÁÖºñºö¹ä	9	ÀüÁÖºñºö¹ä	Q1	0	0.25	side	450	662.192	112.5	165.55
side_ºñºö¹äµ¤¹ä·ù_³Ã¸é±â_ÀüÁÖºñºö¹ä_Q1_00005.JPG	train	train	ÀüÁÖºñºö¹ä	9	ÀüÁÖºñºö¹ä	Q1	0	0.25	side	450	662.192	112.5	165.55
side_ºñºö¹äµ¤¹ä·ù_³Ã¸é±â_ÀüÁÖºñºö¹ä_Q1_00006.JPG	train	train	ÀüÁÖºñºö¹ä	9	ÀüÁÖºñºö¹ä	Q1	0	0.25	side	450	662.192	112.5	165.55
side_ºñºö¹äµ¤¹ä·ù_³Ã¸é±â_ÀüÁÖºñºö¹ä_Q1_00007.JPG	train	train	ÀüÁÖºñºö¹ä	9	ÀüÁÖºñºö¹ä	Q1	0	0.25	side	450	662.192	112.5	165.55
side_ºñºö¹äµ¤¹ä·ù_³Ã¸é±â_ÀüÁÖºñºö¹ä_Q1_00008.JPG	train	train	ÀüÁÖºñºö¹ä	9	ÀüÁÖºñºö¹ä	Q1	0	0.25	side	450	662.192	112.5	165.55
side_ºñºö¹äµ¤¹ä·ù_³Ã¸é±â_ÀüÁÖºñºö¹ä_Q1_00009.JPG	train	train	ÀüÁÖºñºö¹ä	9	ÀüÁÖºñºö¹ä	Q1	0	0.25	side	450	662.192	112.5	165.55
side_ºñºö¹äµ¤¹ä·ù_³Ã¸é±â_ÀüÁÖºñºö¹ä_Q1_00010.JPG	train	train	ÀüÁÖºñºö¹ä	9	ÀüÁÖºñºö¹ä	Q1	0	0.25	side	450	662.192	112.5	165.55
side_ºñºö¹äµ¤¹ä·ù_³Ã¸é±â_ÀüÁÖºñºö¹ä_Q1_00013.JPG	train	train	ÀüÁÖºñºö¹ä	9	ÀüÁÖºñºö¹ä	Q1	0	0.25	side	450	662.192	112.5	165.55
side_ºñºö¹äµ¤¹ä·ù_³Ã¸é±â_ÀüÁÖºñºö¹ä_Q1_00014.JPG	train	train	ÀüÁÖºñºö¹ä	9	ÀüÁÖºñºö¹ä	Q1	0	0.25	side	450	662.192	112.5	165.55
side_ºñºö¹äµ¤¹ä·ù_³Ã¸é±â_ÀüÁÖºñºö¹ä_Q1_00015.JPG	train	train	ÀüÁÖºñºö¹ä	9	ÀüÁÖºñºö¹ä	Q1	0	0.25	side	450	662.192	112.5	165.55
side_ºñºö¹äµ¤¹ä·ù_³Ã¸é±â_ÀüÁÖºñºö¹ä_Q1_00016.JPG	train	train	ÀüÁÖºñºö¹ä	9	ÀüÁÖºñºö¹ä	Q1	0	0.25	side	450	662.192	112.5	165.55
side_ºñºö¹äµ¤¹ä·ù_³Ã¸é±â_ÀüÁÖºñºö¹ä_Q1_00017.JPG	train	train	ÀüÁÖºñºö¹ä	9	ÀüÁÖºñºö¹ä	Q1	0	0.25	side	450	662.192	112.5	165.55
side_ºñºö¹äµ¤¹ä·ù_³Ã¸é±â_ÀüÁÖºñºö¹ä_Q1_00018.JPG	train	train	ÀüÁÖºñºö¹ä	9	ÀüÁÖºñºö¹ä	Q1	0	0.25	side	450	662.192	112.5	165.55
side_ºñºö¹äµ¤¹ä·ù_³Ã¸é±â_ÀüÁÖºñºö¹ä_Q1_00019.JPG	train	train	ÀüÁÖºñºö¹ä	9	ÀüÁÖºñºö¹ä	Q1	0	0.25	side	450	662.192	112.5	165.55
side_ºñºö¹äµ¤¹ä·ù_³Ã¸é±â_ÀüÁÖºñºö¹ä_Q1_00020.JPG	train	train	ÀüÁÖºñºö¹ä	9	ÀüÁÖºñºö¹ä	Q1	0	0.25	side	450	662.192	112.5	165.55
side_ºñºö¹äµ¤¹ä·ù_³Ã¸é±â_ÀüÁÖºñºö¹ä_Q1_00021.JPG	train	train	ÀüÁÖºñºö¹ä	9	ÀüÁÖºñºö¹ä	Q1	0	0.25	side	450	662.192	112.5	165.55
side_ºñºö¹äµ¤¹ä·ù_³Ã¸é±â_ÀüÁÖºñºö¹ä_Q1_00024.JPG	train	train	ÀüÁÖºñºö¹ä	9	ÀüÁÖºñºö¹ä	Q1	0	0.25	side	450	662.192	112.5	165.55
side_ºñºö¹äµ¤¹ä·ù_³Ã¸é±â_ÀüÁÖºñºö¹ä_Q1_00025.JPG	train	train	ÀüÁÖºñºö¹ä	9	ÀüÁÖºñºö¹ä	Q1	0	0.25	side	450	662.192	112.5	165.55
side_ºñºö¹äµ¤¹ä·ù_³Ã¸é±â_ÀüÁÖºñºö¹ä_Q1_00026.JPG	train	train	ÀüÁÖºñºö¹ä	9	ÀüÁÖºñºö¹ä	Q1	0	0.25	side	450	662.192	112.5	165.55
side_ºñºö¹äµ¤¹ä·ù_³Ã¸é±â_ÀüÁÖºñºö¹ä_Q1_00027.JPG	train	train	ÀüÁÖºñºö¹ä	9	ÀüÁÖºñºö¹ä	Q1	0	0.25	side	450	662.192	112.5	165.55
side_ºñºö¹äµ¤¹ä·ù_³Ã¸é±â_ÀüÁÖºñºö¹ä_Q1_00028.JPG	train	train	ÀüÁÖºñºö¹ä	9	ÀüÁÖºñºö¹ä	Q1	0	0.25	side	450	662.192	112.5	165.55
side_ºñºö¹äµ¤¹ä·ù_³Ã¸é±â_ÀüÁÖºñºö¹ä_Q1_00030.JPG	train	train	ÀüÁÖºñºö¹ä	9	ÀüÁÖºñºö¹ä	Q1	0	0.25	side	450	662.192	112.5	165.55
side_ºñºö¹äµ¤¹ä·ù_³Ã¸é±â_ÀüÁÖºñºö¹ä_Q1_00032.JPG	train	train	ÀüÁÖºñºö¹ä	9	ÀüÁÖºñºö¹ä	Q1	0	0.25	side	450	662.192	112.5	165.55
side_ºñºö¹äµ¤¹ä·ù_³Ã¸é±â_ÀüÁÖºñºö¹ä_Q1_00033.JPG	train	train	ÀüÁÖºñºö¹ä	9	ÀüÁÖºñºö¹ä	Q1	0	0.25	side	450	662.192	112.5	165.55
side_ºñºö¹äµ¤¹ä·ù_³Ã¸é±â_ÀüÁÖºñºö¹ä_Q1_00034.JPG	train	train	ÀüÁÖºñºö¹ä	9	ÀüÁÖºñºö¹ä	Q1	0	0.25	side	450	662.192	112.5	165.55
side_ºñºö¹äµ¤¹ä·ù_³Ã¸é±â_ÀüÁÖºñºö¹ä_Q1_00035.JPG	train	train	ÀüÁÖºñºö¹ä	9	ÀüÁÖºñºö¹ä	Q1	0	0.25	side	450	662.192	112.5	165.55
side_ºñºö¹äµ¤¹ä·ù_³Ã¸é±â_ÀüÁÖºñºö¹ä_Q1_00036.JPG	train	train	ÀüÁÖºñºö¹ä	9	ÀüÁÖºñºö¹ä	Q1	0	0.25	side	450	662.192	112.5	165.55
side_ºñºö¹äµ¤¹ä·ù_³Ã¸é±â_ÀüÁÖºñºö¹ä_Q1_00037.JPG	train	train	ÀüÁÖºñºö¹ä	9	ÀüÁÖºñºö¹ä	Q1	0	0.25	side	450	662.192	112.5	165.55
side_ºñºö¹äµ¤¹ä·ù_³Ã¸é±â_ÀüÁÖºñºö¹ä_Q1_00038.JPG	train	train	ÀüÁÖºñºö¹ä	9	ÀüÁÖºñºö¹ä	Q1	0	0.25	side	450	662.192	112.5	165.55
side_ºñºö¹äµ¤¹ä·ù_³Ã¸é±â_ÀüÁÖºñºö¹ä_Q1_00039.JPG	train	train	ÀüÁÖºñºö¹ä	9	ÀüÁÖºñºö¹ä	Q1	0	0.25	side	450	662.192	112.5	165.55
side_ºñºö¹äµ¤¹ä·ù_³Ã¸é±â_ÀüÁÖºñºö¹ä_Q1_00040.JPG	train	train	ÀüÁÖºñºö¹ä	9	ÀüÁÖºñºö¹ä	Q1	0	0.25	side	450	662.192	112.5	165.55
side_ºñºö¹äµ¤¹ä·ù_³Ã¸é±â_ÀüÁÖºñºö¹ä_Q1_00041.JPG	train	train	ÀüÁÖºñºö¹ä	9	ÀüÁÖºñºö¹ä	Q1	0	0.25	side	450	662.192	112.5	165.55
side_ºñºö¹äµ¤¹ä·ù_³Ã¸é±â_ÀüÁÖºñºö¹ä_Q1_00042.JPG	train	train	ÀüÁÖºñºö¹ä	9	ÀüÁÖºñºö¹ä	Q1	0	0.25	side	450	662.192	112.5	165.55
side_ºñºö¹äµ¤¹ä·ù_³Ã¸é±â_ÀüÁÖºñºö¹ä_Q1_00043.JPG	train	train	ÀüÁÖºñºö¹ä	9	ÀüÁÖºñºö¹ä	Q1	0	0.25	side	450	662.192	112.5	165.55
side_ºñºö¹äµ¤¹ä·ù_³Ã¸é±â_ÀüÁÖºñºö¹ä_Q1_00044.JPG	train	train	ÀüÁÖºñºö¹ä	9	ÀüÁÖºñºö¹ä	Q1	0	0.25	side	450	662.192	112.5	165.55
side_ºñºö¹äµ¤¹ä·ù_³Ã¸é±â_ÀüÁÖºñºö¹ä_Q1_00045.JPG	train	train	ÀüÁÖºñºö¹ä	9	ÀüÁÖºñºö¹ä	Q1	0	0.25	side	450	662.192	112.5	165.55
side_ºñºö¹äµ¤¹ä·ù_³Ã¸é±â_ÀüÁÖºñºö¹ä_Q1_00046.JPG	train	train	ÀüÁÖºñºö¹ä	9	ÀüÁÖºñºö¹ä	Q1	0	0.25	side	450	662.192	112.5	165.55
side_ºñºö¹äµ¤¹ä·ù_³Ã¸é±â_ÀüÁÖºñºö¹ä_Q1_00047.JPG	train	train	ÀüÁÖºñºö¹ä	9	ÀüÁÖºñºö¹ä	Q1	0	0.25	side	450	662.192	112.5	165.55
side_ºñºö¹äµ¤¹ä·ù_³Ã¸é±â_ÀüÁÖºñºö¹ä_Q1_00048.JPG	train	train	ÀüÁÖºñºö¹ä	9	ÀüÁÖºñºö¹ä	Q1	0	0.25	side	450	662.192	112.5	165.55
side_ºñºö¹äµ¤¹ä·ù_³Ã¸é±â_ÀüÁÖºñºö¹ä_Q1_00049.JPG	train	train	ÀüÁÖºñºö¹ä	9	ÀüÁÖºñºö¹ä	Q1	0	0.25	side	450	662.192	112.5	165.55
side_ºñºö¹äµ¤¹ä·ù_³Ã¸é±â_ÀüÁÖºñºö¹ä_Q1_00051.JPG	train	train	ÀüÁÖºñºö¹ä	9	ÀüÁÖºñºö¹ä	Q1	0	0.25	side	450	662.192	112.5	165.55
side_ºñºö¹äµ¤¹ä·ù_³Ã¸é±â_ÀüÁÖºñºö¹ä_Q1_00052.JPG	train	train	ÀüÁÖºñºö¹ä	9	ÀüÁÖºñºö¹ä	Q1	0	0.25	side	450	662.192	112.5	165.55
side_ºñºö¹äµ¤¹ä·ù_³Ã¸é±â_ÀüÁÖºñºö¹ä_Q1_00053.JPG	train	train	ÀüÁÖºñºö¹ä	9	ÀüÁÖºñºö¹ä	Q1	0	0.25	side	450	662.192	112.5	165.55
top_ºñºö¹äµ¤¹ä·ù_³Ã¸é±â_ÀüÁÖºñºö¹ä_Q1_00001.JPG	train	train	ÀüÁÖºñºö¹ä	9	ÀüÁÖºñºö¹ä	Q1	0	0.25	top	450	662.192	112.5	165.55
top_ºñºö¹äµ¤¹ä·ù_³Ã¸é±â_ÀüÁÖºñºö¹ä_Q1_00003.JPG	train	train	ÀüÁÖºñºö¹ä	9	ÀüÁÖºñºö¹ä	Q1	0	0.25	top	450	662.192	112.5	165.55
top_ºñºö¹äµ¤¹ä·ù_³Ã¸é±â_ÀüÁÖºñºö¹ä_Q1_00004.JPG	train	train	ÀüÁÖºñºö¹ä	9	ÀüÁÖºñºö¹ä	Q1	0	0.25	top	450	662.192	112.5	165.55
top_ºñºö¹äµ¤¹ä·ù_³Ã¸é±â_ÀüÁÖºñºö¹ä_Q1_00005.JPG	train	train	ÀüÁÖºñºö¹ä	9	ÀüÁÖºñºö¹ä	Q1	0	0.25	top	450	662.192	112.5	165.55
top_ºñºö¹äµ¤¹ä·ù_³Ã¸é±â_ÀüÁÖºñºö¹ä_Q1_00007.JPG	train	train	ÀüÁÖºñºö¹ä	9	ÀüÁÖºñºö¹ä	Q1	0	0.25	top	450	662.192	112.5	165.55
top_ºñºö¹äµ¤¹ä·ù_³Ã¸é±â_ÀüÁÖºñºö¹ä_Q1_00008.JPG	train	train	ÀüÁÖºñºö¹ä	9	ÀüÁÖºñºö¹ä	Q1	0	0.25	top	450	662.192	112.5	165.55
top_ºñºö¹äµ¤¹ä·ù_³Ã¸é±â_ÀüÁÖºñºö¹ä_Q1_00010.JPG	train	train	ÀüÁÖºñºö¹ä	9	ÀüÁÖºñºö¹ä	Q1	0	0.25	top	450	662.192	112.5	165.55
top_ºñºö¹äµ¤¹ä·ù_³Ã¸é±â_ÀüÁÖºñºö¹ä_Q1_00012.JPG	train	train	ÀüÁÖºñºö¹ä	9	ÀüÁÖºñºö¹ä	Q1	0	0.25	top	450	662.192	112.5	165.55
top_ºñºö¹äµ¤¹ä·ù_³Ã¸é±â_ÀüÁÖºñºö¹ä_Q1_00013.JPG	train	train	ÀüÁÖºñºö¹ä	9	ÀüÁÖºñºö¹ä	Q1	0	0.25	top	450	662.192	112.5	165.55
top_ºñºö¹äµ¤¹ä·ù_³Ã¸é±â_ÀüÁÖºñºö¹ä_Q1_00014.JPG	train	train	ÀüÁÖºñºö¹ä	9	ÀüÁÖºñºö¹ä	Q1	0	0.25	top	450	662.192	112.5	165.55
top_ºñºö¹äµ¤¹ä·ù_³Ã¸é±â_ÀüÁÖºñºö¹ä_Q1_00015.JPG	train	train	ÀüÁÖºñºö¹ä	9	ÀüÁÖºñºö¹ä	Q1	0	0.25	top	450	662.192	112.5	165.55
top_ºñºö¹äµ¤¹ä·ù_³Ã¸é±â_ÀüÁÖºñºö¹ä_Q1_00016.JPG	train	train	ÀüÁÖºñºö¹ä	9	ÀüÁÖºñºö¹ä	Q1	0	0.25	top	450	662.192	112.5	165.55
top_ºñºö¹äµ¤¹ä·ù_³Ã¸é±â_ÀüÁÖºñºö¹ä_Q1_00017.JPG	train	train	ÀüÁÖºñºö¹ä	9	ÀüÁÖºñºö¹ä	Q1	0	0.25	top	450	662.192	112.5	165.55
top_ºñºö¹äµ¤¹ä·ù_³Ã¸é±â_ÀüÁÖºñºö¹ä_Q1_00019.JPG	train	train	ÀüÁÖºñºö¹ä	9	ÀüÁÖºñºö¹ä	Q1	0	0.25	top	450	662.192	112.5	165.55
top_ºñºö¹äµ¤¹ä·ù_³Ã¸é±â_ÀüÁÖºñºö¹ä_Q1_00020.JPG	train	train	ÀüÁÖºñºö¹ä	9	ÀüÁÖºñºö¹ä	Q1	0	0.25	top	450	662.192	112.5	165.55
top_ºñºö¹äµ¤¹ä·ù_³Ã¸é±â_ÀüÁÖºñºö¹ä_Q1_00021.JPG	train	train	ÀüÁÖºñºö¹ä	9	ÀüÁÖºñºö¹ä	Q1	0	0.25	top	450	662.192	112.5	165.55
top_ºñºö¹äµ¤¹ä·ù_³Ã¸é±â_ÀüÁÖºñºö¹ä_Q1_00023.JPG	train	train	ÀüÁÖºñºö¹ä	9	ÀüÁÖºñºö¹ä	Q1	0	0.25	top	450	662.192	112.5	165.55
top_ºñºö¹äµ¤¹ä·ù_³Ã¸é±â_ÀüÁÖºñºö¹ä_Q1_00024.JPG	train	train	ÀüÁÖºñºö¹ä	9	ÀüÁÖºñºö¹ä	Q1	0	0.25	top	450	662.192	112.5	165.55
top_ºñºö¹äµ¤¹ä·ù_³Ã¸é±â_ÀüÁÖºñºö¹ä_Q1_00026.JPG	train	train	ÀüÁÖºñºö¹ä	9	ÀüÁÖºñºö¹ä	Q1	0	0.25	top	450	662.192	112.5	165.55
top_ºñºö¹äµ¤¹ä·ù_³Ã¸é±â_ÀüÁÖºñºö¹ä_Q1_00027.JPG	train	train	ÀüÁÖºñºö¹ä	9	ÀüÁÖºñºö¹ä	Q1	0	0.25	top	450	662.192	112.5	165.55
top_ºñºö¹äµ¤¹ä·ù_³Ã¸é±â_ÀüÁÖºñºö¹ä_Q1_00028.JPG	train	train	ÀüÁÖºñºö¹ä	9	ÀüÁÖºñºö¹ä	Q1	0	0.25	top	450	662.192	112.5	165.55
top_ºñºö¹äµ¤¹ä·ù_³Ã¸é±â_ÀüÁÖºñºö¹ä_Q1_00030.JPG	train	train	ÀüÁÖºñºö¹ä	9	ÀüÁÖºñºö¹ä	Q1	0	0.25	top	450	662.192	112.5	165.55
top_ºñºö¹äµ¤¹ä·ù_³Ã¸é±â_ÀüÁÖºñºö¹ä_Q1_00031.JPG	train	train	ÀüÁÖºñºö¹ä	9	ÀüÁÖºñºö¹ä	Q1	0	0.25	top	450	662.192	112.5	165.55
top_ºñºö¹äµ¤¹ä·ù_³Ã¸é±â_ÀüÁÖºñºö¹ä_Q1_00033.JPG	train	train	ÀüÁÖºñºö¹ä	9	ÀüÁÖºñºö¹ä	Q1	0	0.25	top	450	662.192	112.5	165.55
top_ºñºö¹äµ¤¹ä·ù_³Ã¸é±â_ÀüÁÖºñºö¹ä_Q1_00034.JPG	train	train	ÀüÁÖºñºö¹ä	9	ÀüÁÖºñºö¹ä	Q1	0	0.25	top	450	662.192	112.5	165.55
top_ºñºö¹äµ¤¹ä·ù_³Ã¸é±â_ÀüÁÖºñºö¹ä_Q1_00035.JPG	train	train	ÀüÁÖºñºö¹ä	9	ÀüÁÖºñºö¹ä	Q1	0	0.25	top	450	662.192	112.5	165.55
top_ºñºö¹äµ¤¹ä·ù_³Ã¸é±â_ÀüÁÖºñºö¹ä_Q1_00037.JPG	train	train	ÀüÁÖºñºö¹ä	9	ÀüÁÖºñºö¹ä	Q1	0	0.25	top	450	662.192	112.5	165.55
top_ºñºö¹äµ¤¹ä·ù_³Ã¸é±â_ÀüÁÖºñºö¹ä_Q1_00038.JPG	train	train	ÀüÁÖºñºö¹ä	9	ÀüÁÖºñºö¹ä	Q1	0	0.25	top	450	662.192	112.5	165.55
top_ºñºö¹äµ¤¹ä·ù_³Ã¸é±â_ÀüÁÖºñºö¹ä_Q1_00039.JPG	train	train	ÀüÁÖºñºö¹ä	9	ÀüÁÖºñºö¹ä	Q1	0	0.25	top	450	662.192	112.5	165.55
top_ºñºö¹äµ¤¹ä·ù_³Ã¸é±â_ÀüÁÖºñºö¹ä_Q1_00040.JPG	train	train	ÀüÁÖºñºö¹ä	9	ÀüÁÖºñºö¹ä	Q1	0	0.25	top	450	662.192	112.5	165.55
top_ºñºö¹äµ¤¹ä·ù_³Ã¸é±â_ÀüÁÖºñºö¹ä_Q1_00041.JPG	train	train	ÀüÁÖºñºö¹ä	9	ÀüÁÖºñºö¹ä	Q1	0	0.25	top	450	662.192	112.5	165.55
top_ºñºö¹äµ¤¹ä·ù_³Ã¸é±â_ÀüÁÖºñºö¹ä_Q1_00042.JPG	train	train	ÀüÁÖºñºö¹ä	9	ÀüÁÖºñºö¹ä	Q1	0	0.25	top	450	662.192	112.5	165.55
top_ºñºö¹äµ¤¹ä·ù_³Ã¸é±â_ÀüÁÖºñºö¹ä_Q1_00043.JPG	train	train	ÀüÁÖºñºö¹ä	9	ÀüÁÖºñºö¹ä	Q1	0	0.25	top	450	662.192	112.5	165.55
top_ºñºö¹äµ¤¹ä·ù_³Ã¸é±â_ÀüÁÖºñºö¹ä_Q1_00044.JPG	train	train	ÀüÁÖºñºö¹ä	9	ÀüÁÖºñºö¹ä	Q1	0	0.25	top	450	662.192	112.5	165.55
top_ºñºö¹äµ¤¹ä·ù_³Ã¸é±â_ÀüÁÖºñºö¹ä_Q1_00045.JPG	train	train	ÀüÁÖºñºö¹ä	9	ÀüÁÖºñºö¹ä	Q1	0	0.25	top	450	662.192	112.5	165.55
top_ºñºö¹äµ¤¹ä·ù_³Ã¸é±â_ÀüÁÖºñºö¹ä_Q1_00046.JPG	train	train	ÀüÁÖºñºö¹ä	9	ÀüÁÖºñºö¹ä	Q1	0	0.25	top	450	662.192	112.5	165.55
top_ºñºö¹äµ¤¹ä·ù_³Ã¸é±â_ÀüÁÖºñºö¹ä_Q1_00047.JPG	train	train	ÀüÁÖºñºö¹ä	9	ÀüÁÖºñºö¹ä	Q1	0	0.25	top	450	662.192	112.5	165.55
top_ºñºö¹äµ¤¹ä·ù_³Ã¸é±â_ÀüÁÖºñºö¹ä_Q1_00048.JPG	train	train	ÀüÁÖºñºö¹ä	9	ÀüÁÖºñºö¹ä	Q1	0	0.25	top	450	662.192	112.5	165.55
top_ºñºö¹äµ¤¹ä·ù_³Ã¸é±â_ÀüÁÖºñºö¹ä_Q1_00049.JPG	train	train	ÀüÁÖºñºö¹ä	9	ÀüÁÖºñºö¹ä	Q1	0	0.25	top	450	662.192	112.5	165.55
top_ºñºö¹äµ¤¹ä·ù_³Ã¸é±â_ÀüÁÖºñºö¹ä_Q1_00052.JPG	train	train	ÀüÁÖºñºö¹ä	9	ÀüÁÖºñºö¹ä	Q1	0	0.25	top	450	662.192	112.5	165.55
top_ºñºö¹äµ¤¹ä·ù_³Ã¸é±â_ÀüÁÖºñºö¹ä_Q1_00053.JPG	train	train	ÀüÁÖºñºö¹ä	9	ÀüÁÖºñºö¹ä	Q1	0	0.25	top	450	662.192	112.5	165.55
side_ºñºö¹äµ¤¹ä·ù_³Ã¸é±â_ÀüÁÖºñºö¹ä_Q2_00002.JPG	train	train	ÀüÁÖºñºö¹ä	9	ÀüÁÖºñºö¹ä	Q2	1	0.5	side	450	662.192	225	331.1
side_ºñºö¹äµ¤¹ä·ù_³Ã¸é±â_ÀüÁÖºñºö¹ä_Q2_00004.JPG	train	train	ÀüÁÖºñºö¹ä	9	ÀüÁÖºñºö¹ä	Q2	1	0.5	side	450	662.192	225	331.1
side_ºñºö¹äµ¤¹ä·ù_³Ã¸é±â_ÀüÁÖºñºö¹ä_Q2_00005.JPG	train	train	ÀüÁÖºñºö¹ä	9	ÀüÁÖºñºö¹ä	Q2	1	0.5	side	450	662.192	225	331.1
side_ºñºö¹äµ¤¹ä·ù_³Ã¸é±â_ÀüÁÖºñºö¹ä_Q2_00006.JPG	train	train	ÀüÁÖºñºö¹ä	9	ÀüÁÖºñºö¹ä	Q2	1	0.5	side	450	662.192	225	331.1
side_ºñºö¹äµ¤¹ä·ù_³Ã¸é±â_ÀüÁÖºñºö¹ä_Q2_00007.JPG	train	train	ÀüÁÖºñºö¹ä	9	ÀüÁÖºñºö¹ä	Q2	1	0.5	side	450	662.192	225	331.1
side_ºñºö¹äµ¤¹ä·ù_³Ã¸é±â_ÀüÁÖºñºö¹ä_Q2_00008.JPG	train	train	ÀüÁÖºñºö¹ä	9	ÀüÁÖºñºö¹ä	Q2	1	0.5	side	450	662.192	225	331.1
side_ºñºö¹äµ¤¹ä·ù_³Ã¸é±â_ÀüÁÖºñºö¹ä_Q2_00010.JPG	train	train	ÀüÁÖºñºö¹ä	9	ÀüÁÖºñºö¹ä	Q2	1	0.5	side	450	662.192	225	331.1
side_ºñºö¹äµ¤¹ä·ù_³Ã¸é±â_ÀüÁÖºñºö¹ä_Q2_00011.JPG	train	train	ÀüÁÖºñºö¹ä	9	ÀüÁÖºñºö¹ä	Q2	1	0.5	side	450	662.192	225	331.1
side_ºñºö¹äµ¤¹ä·ù_³Ã¸é±â_ÀüÁÖºñºö¹ä_Q2_00012.JPG	train	train	ÀüÁÖºñºö¹ä	9	ÀüÁÖºñºö¹ä	Q2	1	0.5	side	450	662.192	225	331.1
side_ºñºö¹äµ¤¹ä·ù_³Ã¸é±â_ÀüÁÖºñºö¹ä_Q2_00013.JPG	train	train	ÀüÁÖºñºö¹ä	9	ÀüÁÖºñºö¹ä	Q2	1	0.5	side	450	662.192	225	331.1
side_ºñºö¹äµ¤¹ä·ù_³Ã¸é±â_ÀüÁÖºñºö¹ä_Q2_00014.JPG	train	train	ÀüÁÖºñºö¹ä	9	ÀüÁÖºñºö¹ä	Q2	1	0.5	side	450	662.192	225	331.1
side_ºñºö¹äµ¤¹ä·ù_³Ã¸é±â_ÀüÁÖºñºö¹ä_Q2_00016.JPG	train	train	ÀüÁÖºñºö¹ä	9	ÀüÁÖºñºö¹ä	Q2	1	0.5	side	450	662.192	225	331.1
side_ºñºö¹äµ¤¹ä·ù_³Ã¸é±â_ÀüÁÖºñºö¹ä_Q2_00017.JPG	train	train	ÀüÁÖºñºö¹ä	9	ÀüÁÖºñºö¹ä	Q2	1	0.5	side	450	662.192	225	331.1
side_ºñºö¹äµ¤¹ä·ù_³Ã¸é±â_ÀüÁÖºñºö¹ä_Q2_00018.JPG	train	train	ÀüÁÖºñºö¹ä	9	ÀüÁÖºñºö¹ä	Q2	1	0.5	side	450	662.192	225	331.1
side_ºñºö¹äµ¤¹ä·ù_³Ã¸é±â_ÀüÁÖºñºö¹ä_Q2_00019.JPG	train	train	ÀüÁÖºñºö¹ä	9	ÀüÁÖºñºö¹ä	Q2	1	0.5	side	450	662.192	225	331.1
side_ºñºö¹äµ¤¹ä·ù_³Ã¸é±â_ÀüÁÖºñºö¹ä_Q2_00020.JPG	train	train	ÀüÁÖºñºö¹ä	9	ÀüÁÖºñºö¹ä	Q2	1	0.5	side	450	662.192	225	331.1
side_ºñºö¹äµ¤¹ä·ù_³Ã¸é±â_ÀüÁÖºñºö¹ä_Q2_00021.JPG	train	train	ÀüÁÖºñºö¹ä	9	ÀüÁÖºñºö¹ä	Q2	1	0.5	side	450	662.192	225	331.1
side_ºñºö¹äµ¤¹ä·ù_³Ã¸é±â_ÀüÁÖºñºö¹ä_Q2_00022.JPG	train	train	ÀüÁÖºñºö¹ä	9	ÀüÁÖºñºö¹ä	Q2	1	0.5	side	450	662.192	225	331.1
side_ºñºö¹äµ¤¹ä·ù_³Ã¸é±â_ÀüÁÖºñºö¹ä_Q2_00023.JPG	train	train	ÀüÁÖºñºö¹ä	9	ÀüÁÖºñºö¹ä	Q2	1	0.5	side	450	662.192	225	331.1
side_ºñºö¹äµ¤¹ä·ù_³Ã¸é±â_ÀüÁÖºñºö¹ä_Q2_00024.JPG	train	train	ÀüÁÖºñºö¹ä	9	ÀüÁÖºñºö¹ä	Q2	1	0.5	side	450	662.192	225	331.1
side_ºñºö¹äµ¤¹ä·ù_³Ã¸é±â_ÀüÁÖºñºö¹ä_Q2_00025.JPG	train	train	ÀüÁÖºñºö¹ä	9	ÀüÁÖºñºö¹ä	Q2	1	0.5	side	450	662.192	225	331.1
side_ºñºö¹äµ¤¹ä·ù_³Ã¸é±â_ÀüÁÖºñºö¹ä_Q2_00026.JPG	train	train	ÀüÁÖºñºö¹ä	9	ÀüÁÖºñºö¹ä	Q2	1	0.5	side	450	662.192	225	331.1
side_ºñºö¹äµ¤¹ä·ù_³Ã¸é±â_ÀüÁÖºñºö¹ä_Q2_00027.JPG	train	train	ÀüÁÖºñºö¹ä	9	ÀüÁÖºñºö¹ä	Q2	1	0.5	side	450	662.192	225	331.1
side_ºñºö¹äµ¤¹ä·ù_³Ã¸é±â_ÀüÁÖºñºö¹ä_Q2_00028.JPG	train	train	ÀüÁÖºñºö¹ä	9	ÀüÁÖºñºö¹ä	Q2	1	0.5	side	450	662.192	225	331.1
side_ºñºö¹äµ¤¹ä·ù_³Ã¸é±â_ÀüÁÖºñºö¹ä_Q2_00029.JPG	train	train	ÀüÁÖºñºö¹ä	9	ÀüÁÖºñºö¹ä	Q2	1	0.5	side	450	662.192	225	331.1
side_ºñºö¹äµ¤¹ä·ù_³Ã¸é±â_ÀüÁÖºñºö¹ä_Q2_00030.JPG	train	train	ÀüÁÖºñºö¹ä	9	ÀüÁÖºñºö¹ä	Q2	1	0.5	side	450	662.192	225	331.1
side_ºñºö¹äµ¤¹ä·ù_³Ã¸é±â_ÀüÁÖºñºö¹ä_Q2_00031.JPG	train	train	ÀüÁÖºñºö¹ä	9	ÀüÁÖºñºö¹ä	Q2	1	0.5	side	450	662.192	225	331.1
side_ºñºö¹äµ¤¹ä·ù_³Ã¸é±â_ÀüÁÖºñºö¹ä_Q2_00032.JPG	train	train	ÀüÁÖºñºö¹ä	9	ÀüÁÖºñºö¹ä	Q2	1	0.5	side	450	662.192	225	331.1
side_ºñºö¹äµ¤¹ä·ù_³Ã¸é±â_ÀüÁÖºñºö¹ä_Q2_00033.JPG	train	train	ÀüÁÖºñºö¹ä	9	ÀüÁÖºñºö¹ä	Q2	1	0.5	side	450	662.192	225	331.1
side_ºñºö¹äµ¤¹ä·ù_³Ã¸é±â_ÀüÁÖºñºö¹ä_Q2_00034.JPG	train	train	ÀüÁÖºñºö¹ä	9	ÀüÁÖºñºö¹ä	Q2	1	0.5	side	450	662.192	225	331.1
side_ºñºö¹äµ¤¹ä·ù_³Ã¸é±â_ÀüÁÖºñºö¹ä_Q2_00035.JPG	train	train	ÀüÁÖºñºö¹ä	9	ÀüÁÖºñºö¹ä	Q2	1	0.5	side	450	662.192	225	331.1
side_ºñºö¹äµ¤¹ä·ù_³Ã¸é±â_ÀüÁÖºñºö¹ä_Q2_00037.JPG	train	train	ÀüÁÖºñºö¹ä	9	ÀüÁÖºñºö¹ä	Q2	1	0.5	side	450	662.192	225	331.1
side_ºñºö¹äµ¤¹ä·ù_³Ã¸é±â_ÀüÁÖºñºö¹ä_Q2_00038.JPG	train	train	ÀüÁÖºñºö¹ä	9	ÀüÁÖºñºö¹ä	Q2	1	0.5	side	450	662.192	225	331.1
side_ºñºö¹äµ¤¹ä·ù_³Ã¸é±â_ÀüÁÖºñºö¹ä_Q2_00039.JPG	train	train	ÀüÁÖºñºö¹ä	9	ÀüÁÖºñºö¹ä	Q2	1	0.5	side	450	662.192	225	331.1
side_ºñºö¹äµ¤¹ä·ù_³Ã¸é±â_ÀüÁÖºñºö¹ä_Q2_00040.JPG	train	train	ÀüÁÖºñºö¹ä	9	ÀüÁÖºñºö¹ä	Q2	1	0.5	side	450	662.192	225	331.1
side_ºñºö¹äµ¤¹ä·ù_³Ã¸é±â_ÀüÁÖºñºö¹ä_Q2_00041.JPG	train	train	ÀüÁÖºñºö¹ä	9	ÀüÁÖºñºö¹ä	Q2	1	0.5	side	450	662.192	225	331.1
side_ºñºö¹äµ¤¹ä·ù_³Ã¸é±â_ÀüÁÖºñºö¹ä_Q2_00042.JPG	train	train	ÀüÁÖºñºö¹ä	9	ÀüÁÖºñºö¹ä	Q2	1	0.5	side	450	662.192	225	331.1
side_ºñºö¹äµ¤¹ä·ù_³Ã¸é±â_ÀüÁÖºñºö¹ä_Q2_00043.JPG	train	train	ÀüÁÖºñºö¹ä	9	ÀüÁÖºñºö¹ä	Q2	1	0.5	side	450	662.192	225	331.1
side_ºñºö¹äµ¤¹ä·ù_³Ã¸é±â_ÀüÁÖºñºö¹ä_Q2_00045.JPG	train	train	ÀüÁÖºñºö¹ä	9	ÀüÁÖºñºö¹ä	Q2	1	0.5	side	450	662.192	225	331.1
side_ºñºö¹äµ¤¹ä·ù_³Ã¸é±â_ÀüÁÖºñºö¹ä_Q2_00046.JPG	train	train	ÀüÁÖºñºö¹ä	9	ÀüÁÖºñºö¹ä	Q2	1	0.5	side	450	662.192	225	331.1
side_ºñºö¹äµ¤¹ä·ù_³Ã¸é±â_ÀüÁÖºñºö¹ä_Q2_00047.JPG	train	train	ÀüÁÖºñºö¹ä	9	ÀüÁÖºñºö¹ä	Q2	1	0.5	side	450	662.192	225	331.1
side_ºñºö¹äµ¤¹ä·ù_³Ã¸é±â_ÀüÁÖºñºö¹ä_Q2_00048.JPG	train	train	ÀüÁÖºñºö¹ä	9	ÀüÁÖºñºö¹ä	Q2	1	0.5	side	450	662.192	225	331.1
side_ºñºö¹äµ¤¹ä·ù_³Ã¸é±â_ÀüÁÖºñºö¹ä_Q2_00049.JPG	train	train	ÀüÁÖºñºö¹ä	9	ÀüÁÖºñºö¹ä	Q2	1	0.5	side	450	662.192	225	331.1
side_ºñºö¹äµ¤¹ä·ù_³Ã¸é±â_ÀüÁÖºñºö¹ä_Q2_00050.JPG	train	train	ÀüÁÖºñºö¹ä	9	ÀüÁÖºñºö¹ä	Q2	1	0.5	side	450	662.192	225	331.1
side_ºñºö¹äµ¤¹ä·ù_³Ã¸é±â_ÀüÁÖºñºö¹ä_Q2_00051.JPG	train	train	ÀüÁÖºñºö¹ä	9	ÀüÁÖºñºö¹ä	Q2	1	0.5	side	450	662.192	225	331.1
side_ºñºö¹äµ¤¹ä·ù_³Ã¸é±â_ÀüÁÖºñºö¹ä_Q2_00053.JPG	train	train	ÀüÁÖºñºö¹ä	9	ÀüÁÖºñºö¹ä	Q2	1	0.5	side	450	662.192	225	331.1
side_ºñºö¹äµ¤¹ä·ù_³Ã¸é±â_ÀüÁÖºñºö¹ä_Q2_00054.JPG	train	train	ÀüÁÖºñºö¹ä	9	ÀüÁÖºñºö¹ä	Q2	1	0.5	side	450	662.192	225	331.1
top_ºñºö¹äµ¤¹ä·ù_³Ã¸é±â_ÀüÁÖºñºö¹ä_Q2_00001.JPG	train	train	ÀüÁÖºñºö¹ä	9	ÀüÁÖºñºö¹ä	Q2	1	0.5	top	450	662.192	225	331.1
top_ºñºö¹äµ¤¹ä·ù_³Ã¸é±â_ÀüÁÖºñºö¹ä_Q2_00002.JPG	train	train	ÀüÁÖºñºö¹ä	9	ÀüÁÖºñºö¹ä	Q2	1	0.5	top	450	662.192	225	331.1
top_ºñºö¹äµ¤¹ä·ù_³Ã¸é±â_ÀüÁÖºñºö¹ä_Q2_00005.JPG	train	train	ÀüÁÖºñºö¹ä	9	ÀüÁÖºñºö¹ä	Q2	1	0.5	top	450	662.192	225	331.1
top_ºñºö¹äµ¤¹ä·ù_³Ã¸é±â_ÀüÁÖºñºö¹ä_Q2_00006.JPG	train	train	ÀüÁÖºñºö¹ä	9	ÀüÁÖºñºö¹ä	Q2	1	0.5	top	450	662.192	225	331.1
top_ºñºö¹äµ¤¹ä·ù_³Ã¸é±â_ÀüÁÖºñºö¹ä_Q2_00007.JPG	train	train	ÀüÁÖºñºö¹ä	9	ÀüÁÖºñºö¹ä	Q2	1	0.5	top	450	662.192	225	331.1
top_ºñºö¹äµ¤¹ä·ù_³Ã¸é±â_ÀüÁÖºñºö¹ä_Q2_00008.JPG	train	train	ÀüÁÖºñºö¹ä	9	ÀüÁÖºñºö¹ä	Q2	1	0.5	top	450	662.192	225	331.1
top_ºñºö¹äµ¤¹ä·ù_³Ã¸é±â_ÀüÁÖºñºö¹ä_Q2_00010.JPG	train	train	ÀüÁÖºñºö¹ä	9	ÀüÁÖºñºö¹ä	Q2	1	0.5	top	450	662.192	225	331.1
top_ºñºö¹äµ¤¹ä·ù_³Ã¸é±â_ÀüÁÖºñºö¹ä_Q2_00011.JPG	train	train	ÀüÁÖºñºö¹ä	9	ÀüÁÖºñºö¹ä	Q2	1	0.5	top	450	662.192	225	331.1
top_ºñºö¹äµ¤¹ä·ù_³Ã¸é±â_ÀüÁÖºñºö¹ä_Q2_00012.JPG	train	train	ÀüÁÖºñºö¹ä	9	ÀüÁÖºñºö¹ä	Q2	1	0.5	top	450	662.192	225	331.1
top_ºñºö¹äµ¤¹ä·ù_³Ã¸é±â_ÀüÁÖºñºö¹ä_Q2_00014.JPG	train	train	ÀüÁÖºñºö¹ä	9	ÀüÁÖºñºö¹ä	Q2	1	0.5	top	450	662.192	225	331.1
top_ºñºö¹äµ¤¹ä·ù_³Ã¸é±â_ÀüÁÖºñºö¹ä_Q2_00016.JPG	train	train	ÀüÁÖºñºö¹ä	9	ÀüÁÖºñºö¹ä	Q2	1	0.5	top	450	662.192	225	331.1
top_ºñºö¹äµ¤¹ä·ù_³Ã¸é±â_ÀüÁÖºñºö¹ä_Q2_00017.JPG	train	train	ÀüÁÖºñºö¹ä	9	ÀüÁÖºñºö¹ä	Q2	1	0.5	top	450	662.192	225	331.1
top_ºñºö¹äµ¤¹ä·ù_³Ã¸é±â_ÀüÁÖºñºö¹ä_Q2_00018.JPG	train	train	ÀüÁÖºñºö¹ä	9	ÀüÁÖºñºö¹ä	Q2	1	0.5	top	450	662.192	225	331.1
top_ºñºö¹äµ¤¹ä·ù_³Ã¸é±â_ÀüÁÖºñºö¹ä_Q2_00019.JPG	train	train	ÀüÁÖºñºö¹ä	9	ÀüÁÖºñºö¹ä	Q2	1	0.5	top	450	662.192	225	331.1
top_ºñºö¹äµ¤¹ä·ù_³Ã¸é±â_ÀüÁÖºñºö¹ä_Q2_00020.JPG	train	train	ÀüÁÖºñºö¹ä	9	ÀüÁÖºñºö¹ä	Q2	1	0.5	top	450	662.192	225	331.1
top_ºñºö¹äµ¤¹ä·ù_³Ã¸é±â_ÀüÁÖºñºö¹ä_Q2_00023.JPG	train	train	ÀüÁÖºñºö¹ä	9	ÀüÁÖºñºö¹ä	Q2	1	0.5	top	450	662.192	225	331.1
top_ºñºö¹äµ¤¹ä·ù_³Ã¸é±â_ÀüÁÖºñºö¹ä_Q2_00024.JPG	train	train	ÀüÁÖºñºö¹ä	9	ÀüÁÖºñºö¹ä	Q2	1	0.5	top	450	662.192	225	331.1
top_ºñºö¹äµ¤¹ä·ù_³Ã¸é±â_ÀüÁÖºñºö¹ä_Q2_00025.JPG	train	train	ÀüÁÖºñºö¹ä	9	ÀüÁÖºñºö¹ä	Q2	1	0.5	top	450	662.192	225	331.1
top_ºñºö¹äµ¤¹ä·ù_³Ã¸é±â_ÀüÁÖºñºö¹ä_Q2_00026.JPG	train	train	ÀüÁÖºñºö¹ä	9	ÀüÁÖºñºö¹ä	Q2	1	0.5	top	450	662.192	225	331.1
top_ºñºö¹äµ¤¹ä·ù_³Ã¸é±â_ÀüÁÖºñºö¹ä_Q2_00027.JPG	train	train	ÀüÁÖºñºö¹ä	9	ÀüÁÖºñºö¹ä	Q2	1	0.5	top	450	662.192	225	331.1
top_ºñºö¹äµ¤¹ä·ù_³Ã¸é±â_ÀüÁÖºñºö¹ä_Q2_00028.JPG	train	train	ÀüÁÖºñºö¹ä	9	ÀüÁÖºñºö¹ä	Q2	1	0.5	top	450	662.192	225	331.1
top_ºñºö¹äµ¤¹ä·ù_³Ã¸é±â_ÀüÁÖºñºö¹ä_Q2_00029.JPG	train	train	ÀüÁÖºñºö¹ä	9	ÀüÁÖºñºö¹ä	Q2	1	0.5	top	450	662.192	225	331.1
top_ºñºö¹äµ¤¹ä·ù_³Ã¸é±â_ÀüÁÖºñºö¹ä_Q2_00030.JPG	train	train	ÀüÁÖºñºö¹ä	9	ÀüÁÖºñºö¹ä	Q2	1	0.5	top	450	662.192	225	331.1
top_ºñºö¹äµ¤¹ä·ù_³Ã¸é±â_ÀüÁÖºñºö¹ä_Q2_00032.JPG	train	train	ÀüÁÖºñºö¹ä	9	ÀüÁÖºñºö¹ä	Q2	1	0.5	top	450	662.192	225	331.1
top_ºñºö¹äµ¤¹ä·ù_³Ã¸é±â_ÀüÁÖºñºö¹ä_Q2_00033.JPG	train	train	ÀüÁÖºñºö¹ä	9	ÀüÁÖºñºö¹ä	Q2	1	0.5	top	450	662.192	225	331.1
top_ºñºö¹äµ¤¹ä·ù_³Ã¸é±â_ÀüÁÖºñºö¹ä_Q2_00034.JPG	train	train	ÀüÁÖºñºö¹ä	9	ÀüÁÖºñºö¹ä	Q2	1	0.5	top	450	662.192	225	331.1
top_ºñºö¹äµ¤¹ä·ù_³Ã¸é±â_ÀüÁÖºñºö¹ä_Q2_00036.JPG	train	train	ÀüÁÖºñºö¹ä	9	ÀüÁÖºñºö¹ä	Q2	1	0.5	top	450	662.192	225	331.1
top_ºñºö¹äµ¤¹ä·ù_³Ã¸é±â_ÀüÁÖºñºö¹ä_Q2_00037.JPG	train	train	ÀüÁÖºñºö¹ä	9	ÀüÁÖºñºö¹ä	Q2	1	0.5	top	450	662.192	225	331.1
top_ºñºö¹äµ¤¹ä·ù_³Ã¸é±â_ÀüÁÖºñºö¹ä_Q2_00038.JPG	train	train	ÀüÁÖºñºö¹ä	9	ÀüÁÖºñºö¹ä	Q2	1	0.5	top	450	662.192	225	331.1
top_ºñºö¹äµ¤¹ä·ù_³Ã¸é±â_ÀüÁÖºñºö¹ä_Q2_00039.JPG	train	train	ÀüÁÖºñºö¹ä	9	ÀüÁÖºñºö¹ä	Q2	1	0.5	top	450	662.192	225	331.1
top_ºñºö¹äµ¤¹ä·ù_³Ã¸é±â_ÀüÁÖºñºö¹ä_Q2_00040.JPG	train	train	ÀüÁÖºñºö¹ä	9	ÀüÁÖºñºö¹ä	Q2	1	0.5	top	450	662.192	225	331.1
top_ºñºö¹äµ¤¹ä·ù_³Ã¸é±â_ÀüÁÖºñºö¹ä_Q2_00041.JPG	train	train	ÀüÁÖºñºö¹ä	9	ÀüÁÖºñºö¹ä	Q2	1	0.5	top	450	662.192	225	331.1
top_ºñºö¹äµ¤¹ä·ù_³Ã¸é±â_ÀüÁÖºñºö¹ä_Q2_00042.JPG	train	train	ÀüÁÖºñºö¹ä	9	ÀüÁÖºñºö¹ä	Q2	1	0.5	top	450	662.192	225	331.1
top_ºñºö¹äµ¤¹ä·ù_³Ã¸é±â_ÀüÁÖºñºö¹ä_Q2_00043.JPG	train	train	ÀüÁÖºñºö¹ä	9	ÀüÁÖºñºö¹ä	Q2	1	0.5	top	450	662.192	225	331.1
top_ºñºö¹äµ¤¹ä·ù_³Ã¸é±â_ÀüÁÖºñºö¹ä_Q2_00044.JPG	train	train	ÀüÁÖºñºö¹ä	9	ÀüÁÖºñºö¹ä	Q2	1	0.5	top	450	662.192	225	331.1
top_ºñºö¹äµ¤¹ä·ù_³Ã¸é±â_ÀüÁÖºñºö¹ä_Q2_00049.JPG	train	train	ÀüÁÖºñºö¹ä	9	ÀüÁÖºñºö¹ä	Q2	1	0.5	top	450	662.192	225	331.1
top_ºñºö¹äµ¤¹ä·ù_³Ã¸é±â_ÀüÁÖºñºö¹ä_Q2_00051.JPG	train	train	ÀüÁÖºñºö¹ä	9	ÀüÁÖºñºö¹ä	Q2	1	0.5	top	450	662.192	225	331.1
top_ºñºö¹äµ¤¹ä·ù_³Ã¸é±â_ÀüÁÖºñºö¹ä_Q2_00052.JPG	train	train	ÀüÁÖºñºö¹ä	9	ÀüÁÖºñºö¹ä	Q2	1	0.5	top	450	662.192	225	331.1
top_ºñºö¹äµ¤¹ä·ù_³Ã¸é±â_ÀüÁÖºñºö¹ä_Q2_00053.JPG	train	train	ÀüÁÖºñºö¹ä	9	ÀüÁÖºñºö¹ä	Q2	1	0.5	top	450	662.192	225	331.1
top_ºñºö¹äµ¤¹ä·ù_³Ã¸é±â_ÀüÁÖºñºö¹ä_Q2_00054.JPG	train	train	ÀüÁÖºñºö¹ä	9	ÀüÁÖºñºö¹ä	Q2	1	0.5	top	450	662.192	225	331.1
top_ºñºö¹äµ¤¹ä·ù_³Ã¸é±â_ÀüÁÖºñºö¹ä_Q2_00055.JPG	train	train	ÀüÁÖºñºö¹ä	9	ÀüÁÖºñºö¹ä	Q2	1	0.5	top	450	662.192	225	331.1
side_ºñºö¹äµ¤¹ä·ù_³Ã¸é±â_ÀüÁÖºñºö¹ä_Q3_00002.JPG	train	train	ÀüÁÖºñºö¹ä	9	ÀüÁÖºñºö¹ä	Q3	2	0.75	side	450	662.192	337.5	496.64
side_ºñºö¹äµ¤¹ä·ù_³Ã¸é±â_ÀüÁÖºñºö¹ä_Q3_00004.JPG	train	train	ÀüÁÖºñºö¹ä	9	ÀüÁÖºñºö¹ä	Q3	2	0.75	side	450	662.192	337.5	496.64
side_ºñºö¹äµ¤¹ä·ù_³Ã¸é±â_ÀüÁÖºñºö¹ä_Q3_00005.JPG	train	train	ÀüÁÖºñºö¹ä	9	ÀüÁÖºñºö¹ä	Q3	2	0.75	side	450	662.192	337.5	496.64
side_ºñºö¹äµ¤¹ä·ù_³Ã¸é±â_ÀüÁÖºñºö¹ä_Q3_00006.JPG	train	train	ÀüÁÖºñºö¹ä	9	ÀüÁÖºñºö¹ä	Q3	2	0.75	side	450	662.192	337.5	496.64
side_ºñºö¹äµ¤¹ä·ù_³Ã¸é±â_ÀüÁÖºñºö¹ä_Q3_00007.JPG	train	train	ÀüÁÖºñºö¹ä	9	ÀüÁÖºñºö¹ä	Q3	2	0.75	side	450	662.192	337.5	496.64
side_ºñºö¹äµ¤¹ä·ù_³Ã¸é±â_ÀüÁÖºñºö¹ä_Q3_00008.JPG	train	train	ÀüÁÖºñºö¹ä	9	ÀüÁÖºñºö¹ä	Q3	2	0.75	side	450	662.192	337.5	496.64
side_ºñºö¹äµ¤¹ä·ù_³Ã¸é±â_ÀüÁÖºñºö¹ä_Q3_00010.JPG	train	train	ÀüÁÖºñºö¹ä	9	ÀüÁÖºñºö¹ä	Q3	2	0.75	side	450	662.192	337.5	496.64
side_ºñºö¹äµ¤¹ä·ù_³Ã¸é±â_ÀüÁÖºñºö¹ä_Q3_00011.JPG	train	train	ÀüÁÖºñºö¹ä	9	ÀüÁÖºñºö¹ä	Q3	2	0.75	side	450	662.192	337.5	496.64
side_ºñºö¹äµ¤¹ä·ù_³Ã¸é±â_ÀüÁÖºñºö¹ä_Q3_00012.JPG	train	train	ÀüÁÖºñºö¹ä	9	ÀüÁÖºñºö¹ä	Q3	2	0.75	side	450	662.192	337.5	496.64
side_ºñºö¹äµ¤¹ä·ù_³Ã¸é±â_ÀüÁÖºñºö¹ä_Q3_00013.JPG	train	train	ÀüÁÖºñºö¹ä	9	ÀüÁÖºñºö¹ä	Q3	2	0.75	side	450	662.192	337.5	496.64
side_ºñºö¹äµ¤¹ä·ù_³Ã¸é±â_ÀüÁÖºñºö¹ä_Q3_00015.JPG	train	train	ÀüÁÖºñºö¹ä	9	ÀüÁÖºñºö¹ä	Q3	2	0.75	side	450	662.192	337.5	496.64
side_ºñºö¹äµ¤¹ä·ù_³Ã¸é±â_ÀüÁÖºñºö¹ä_Q3_00016.JPG	train	train	ÀüÁÖºñºö¹ä	9	ÀüÁÖºñºö¹ä	Q3	2	0.75	side	450	662.192	337.5	496.64
side_ºñºö¹äµ¤¹ä·ù_³Ã¸é±â_ÀüÁÖºñºö¹ä_Q3_00017.JPG	train	train	ÀüÁÖºñºö¹ä	9	ÀüÁÖºñºö¹ä	Q3	2	0.75	side	450	662.192	337.5	496.64
side_ºñºö¹äµ¤¹ä·ù_³Ã¸é±â_ÀüÁÖºñºö¹ä_Q3_00018.JPG	train	train	ÀüÁÖºñºö¹ä	9	ÀüÁÖºñºö¹ä	Q3	2	0.75	side	450	662.192	337.5	496.64
side_ºñºö¹äµ¤¹ä·ù_³Ã¸é±â_ÀüÁÖºñºö¹ä_Q3_00019.JPG	train	train	ÀüÁÖºñºö¹ä	9	ÀüÁÖºñºö¹ä	Q3	2	0.75	side	450	662.192	337.5	496.64
side_ºñºö¹äµ¤¹ä·ù_³Ã¸é±â_ÀüÁÖºñºö¹ä_Q3_00020.JPG	train	train	ÀüÁÖºñºö¹ä	9	ÀüÁÖºñºö¹ä	Q3	2	0.75	side	450	662.192	337.5	496.64
side_ºñºö¹äµ¤¹ä·ù_³Ã¸é±â_ÀüÁÖºñºö¹ä_Q3_00021.JPG	train	train	ÀüÁÖºñºö¹ä	9	ÀüÁÖºñºö¹ä	Q3	2	0.75	side	450	662.192	337.5	496.64
side_ºñºö¹äµ¤¹ä·ù_³Ã¸é±â_ÀüÁÖºñºö¹ä_Q3_00022.JPG	train	train	ÀüÁÖºñºö¹ä	9	ÀüÁÖºñºö¹ä	Q3	2	0.75	side	450	662.192	337.5	496.64
side_ºñºö¹äµ¤¹ä·ù_³Ã¸é±â_ÀüÁÖºñºö¹ä_Q3_00023.JPG	train	train	ÀüÁÖºñºö¹ä	9	ÀüÁÖºñºö¹ä	Q3	2	0.75	side	450	662.192	337.5	496.64
side_ºñºö¹äµ¤¹ä·ù_³Ã¸é±â_ÀüÁÖºñºö¹ä_Q3_00024.JPG	train	train	ÀüÁÖºñºö¹ä	9	ÀüÁÖºñºö¹ä	Q3	2	0.75	side	450	662.192	337.5	496.64
side_ºñºö¹äµ¤¹ä·ù_³Ã¸é±â_ÀüÁÖºñºö¹ä_Q3_00027.JPG	train	train	ÀüÁÖºñºö¹ä	9	ÀüÁÖºñºö¹ä	Q3	2	0.75	side	450	662.192	337.5	496.64
side_ºñºö¹äµ¤¹ä·ù_³Ã¸é±â_ÀüÁÖºñºö¹ä_Q3_00028.JPG	train	train	ÀüÁÖºñºö¹ä	9	ÀüÁÖºñºö¹ä	Q3	2	0.75	side	450	662.192	337.5	496.64
side_ºñºö¹äµ¤¹ä·ù_³Ã¸é±â_ÀüÁÖºñºö¹ä_Q3_00029.JPG	train	train	ÀüÁÖºñºö¹ä	9	ÀüÁÖºñºö¹ä	Q3	2	0.75	side	450	662.192	337.5	496.64
side_ºñºö¹äµ¤¹ä·ù_³Ã¸é±â_ÀüÁÖºñºö¹ä_Q3_00032.JPG	train	train	ÀüÁÖºñºö¹ä	9	ÀüÁÖºñºö¹ä	Q3	2	0.75	side	450	662.192	337.5	496.64
side_ºñºö¹äµ¤¹ä·ù_³Ã¸é±â_ÀüÁÖºñºö¹ä_Q3_00034.JPG	train	train	ÀüÁÖºñºö¹ä	9	ÀüÁÖºñºö¹ä	Q3	2	0.75	side	450	662.192	337.5	496.64
side_ºñºö¹äµ¤¹ä·ù_³Ã¸é±â_ÀüÁÖºñºö¹ä_Q3_00035.JPG	train	train	ÀüÁÖºñºö¹ä	9	ÀüÁÖºñºö¹ä	Q3	2	0.75	side	450	662.192	337.5	496.64
side_ºñºö¹äµ¤¹ä·ù_³Ã¸é±â_ÀüÁÖºñºö¹ä_Q3_00036.JPG	train	train	ÀüÁÖºñºö¹ä	9	ÀüÁÖºñºö¹ä	Q3	2	0.75	side	450	662.192	337.5	496.64
side_ºñºö¹äµ¤¹ä·ù_³Ã¸é±â_ÀüÁÖºñºö¹ä_Q3_00037.JPG	train	train	ÀüÁÖºñºö¹ä	9	ÀüÁÖºñºö¹ä	Q3	2	0.75	side	450	662.192	337.5	496.64
side_ºñºö¹äµ¤¹ä·ù_³Ã¸é±â_ÀüÁÖºñºö¹ä_Q3_00038.JPG	train	train	ÀüÁÖºñºö¹ä	9	ÀüÁÖºñºö¹ä	Q3	2	0.75	side	450	662.192	337.5	496.64
side_ºñºö¹äµ¤¹ä·ù_³Ã¸é±â_ÀüÁÖºñºö¹ä_Q3_00041.JPG	train	train	ÀüÁÖºñºö¹ä	9	ÀüÁÖºñºö¹ä	Q3	2	0.75	side	450	662.192	337.5	496.64
side_ºñºö¹äµ¤¹ä·ù_³Ã¸é±â_ÀüÁÖºñºö¹ä_Q3_00042.JPG	train	train	ÀüÁÖºñºö¹ä	9	ÀüÁÖºñºö¹ä	Q3	2	0.75	side	450	662.192	337.5	496.64
side_ºñºö¹äµ¤¹ä·ù_³Ã¸é±â_ÀüÁÖºñºö¹ä_Q3_00043.JPG	train	train	ÀüÁÖºñºö¹ä	9	ÀüÁÖºñºö¹ä	Q3	2	0.75	side	450	662.192	337.5	496.64
side_ºñºö¹äµ¤¹ä·ù_³Ã¸é±â_ÀüÁÖºñºö¹ä_Q3_00045.JPG	train	train	ÀüÁÖºñºö¹ä	9	ÀüÁÖºñºö¹ä	Q3	2	0.75	side	450	662.192	337.5	496.64
side_ºñºö¹äµ¤¹ä·ù_³Ã¸é±â_ÀüÁÖºñºö¹ä_Q3_00046.JPG	train	train	ÀüÁÖºñºö¹ä	9	ÀüÁÖºñºö¹ä	Q3	2	0.75	side	450	662.192	337.5	496.64
side_ºñºö¹äµ¤¹ä·ù_³Ã¸é±â_ÀüÁÖºñºö¹ä_Q3_00047.JPG	train	train	ÀüÁÖºñºö¹ä	9	ÀüÁÖºñºö¹ä	Q3	2	0.75	side	450	662.192	337.5	496.64
side_ºñºö¹äµ¤¹ä·ù_³Ã¸é±â_ÀüÁÖºñºö¹ä_Q3_00048.JPG	train	train	ÀüÁÖºñºö¹ä	9	ÀüÁÖºñºö¹ä	Q3	2	0.75	side	450	662.192	337.5	496.64
side_ºñºö¹äµ¤¹ä·ù_³Ã¸é±â_ÀüÁÖºñºö¹ä_Q3_00049.JPG	train	train	ÀüÁÖºñºö¹ä	9	ÀüÁÖºñºö¹ä	Q3	2	0.75	side	450	662.192	337.5	496.64
side_ºñºö¹äµ¤¹ä·ù_³Ã¸é±â_ÀüÁÖºñºö¹ä_Q3_00050.JPG	train	train	ÀüÁÖºñºö¹ä	9	ÀüÁÖºñºö¹ä	Q3	2	0.75	side	450	662.192	337.5	496.64
side_ºñºö¹äµ¤¹ä·ù_³Ã¸é±â_ÀüÁÖºñºö¹ä_Q3_00052.JPG	train	train	ÀüÁÖºñºö¹ä	9	ÀüÁÖºñºö¹ä	Q3	2	0.75	side	450	662.192	337.5	496.64
side_ºñºö¹äµ¤¹ä·ù_³Ã¸é±â_ÀüÁÖºñºö¹ä_Q3_00053.JPG	train	train	ÀüÁÖºñºö¹ä	9	ÀüÁÖºñºö¹ä	Q3	2	0.75	side	450	662.192	337.5	496.64
side_ºñºö¹äµ¤¹ä·ù_³Ã¸é±â_ÀüÁÖºñºö¹ä_Q3_00055.JPG	train	train	ÀüÁÖºñºö¹ä	9	ÀüÁÖºñºö¹ä	Q3	2	0.75	side	450	662.192	337.5	496.64
side_ºñºö¹äµ¤¹ä·ù_³Ã¸é±â_ÀüÁÖºñºö¹ä_Q3_00056.JPG	train	train	ÀüÁÖºñºö¹ä	9	ÀüÁÖºñºö¹ä	Q3	2	0.75	side	450	662.192	337.5	496.64
side_ºñºö¹äµ¤¹ä·ù_³Ã¸é±â_ÀüÁÖºñºö¹ä_Q3_00057.JPG	train	train	ÀüÁÖºñºö¹ä	9	ÀüÁÖºñºö¹ä	Q3	2	0.75	side	450	662.192	337.5	496.64
side_ºñºö¹äµ¤¹ä·ù_³Ã¸é±â_ÀüÁÖºñºö¹ä_Q3_00058.JPG	train	train	ÀüÁÖºñºö¹ä	9	ÀüÁÖºñºö¹ä	Q3	2	0.75	side	450	662.192	337.5	496.64
top_ºñºö¹äµ¤¹ä·ù_³Ã¸é±â_ÀüÁÖºñºö¹ä_Q3_00001.JPG	train	train	ÀüÁÖºñºö¹ä	9	ÀüÁÖºñºö¹ä	Q3	2	0.75	top	450	662.192	337.5	496.64
top_ºñºö¹äµ¤¹ä·ù_³Ã¸é±â_ÀüÁÖºñºö¹ä_Q3_00003.JPG	train	train	ÀüÁÖºñºö¹ä	9	ÀüÁÖºñºö¹ä	Q3	2	0.75	top	450	662.192	337.5	496.64
top_ºñºö¹äµ¤¹ä·ù_³Ã¸é±â_ÀüÁÖºñºö¹ä_Q3_00004.JPG	train	train	ÀüÁÖºñºö¹ä	9	ÀüÁÖºñºö¹ä	Q3	2	0.75	top	450	662.192	337.5	496.64
top_ºñºö¹äµ¤¹ä·ù_³Ã¸é±â_ÀüÁÖºñºö¹ä_Q3_00006.JPG	train	train	ÀüÁÖºñºö¹ä	9	ÀüÁÖºñºö¹ä	Q3	2	0.75	top	450	662.192	337.5	496.64
top_ºñºö¹äµ¤¹ä·ù_³Ã¸é±â_ÀüÁÖºñºö¹ä_Q3_00008.JPG	train	train	ÀüÁÖºñºö¹ä	9	ÀüÁÖºñºö¹ä	Q3	2	0.75	top	450	662.192	337.5	496.64
top_ºñºö¹äµ¤¹ä·ù_³Ã¸é±â_ÀüÁÖºñºö¹ä_Q3_00010.JPG	train	train	ÀüÁÖºñºö¹ä	9	ÀüÁÖºñºö¹ä	Q3	2	0.75	top	450	662.192	337.5	496.64
top_ºñºö¹äµ¤¹ä·ù_³Ã¸é±â_ÀüÁÖºñºö¹ä_Q3_00011.JPG	train	train	ÀüÁÖºñºö¹ä	9	ÀüÁÖºñºö¹ä	Q3	2	0.75	top	450	662.192	337.5	496.64
top_ºñºö¹äµ¤¹ä·ù_³Ã¸é±â_ÀüÁÖºñºö¹ä_Q3_00012.JPG	train	train	ÀüÁÖºñºö¹ä	9	ÀüÁÖºñºö¹ä	Q3	2	0.75	top	450	662.192	337.5	496.64
top_ºñºö¹äµ¤¹ä·ù_³Ã¸é±â_ÀüÁÖºñºö¹ä_Q3_00013.JPG	train	train	ÀüÁÖºñºö¹ä	9	ÀüÁÖºñºö¹ä	Q3	2	0.75	top	450	662.192	337.5	496.64
top_ºñºö¹äµ¤¹ä·ù_³Ã¸é±â_ÀüÁÖºñºö¹ä_Q3_00014.JPG	train	train	ÀüÁÖºñºö¹ä	9	ÀüÁÖºñºö¹ä	Q3	2	0.75	top	450	662.192	337.5	496.64
top_ºñºö¹äµ¤¹ä·ù_³Ã¸é±â_ÀüÁÖºñºö¹ä_Q3_00015.JPG	train	train	ÀüÁÖºñºö¹ä	9	ÀüÁÖºñºö¹ä	Q3	2	0.75	top	450	662.192	337.5	496.64
top_ºñºö¹äµ¤¹ä·ù_³Ã¸é±â_ÀüÁÖºñºö¹ä_Q3_00016.JPG	train	train	ÀüÁÖºñºö¹ä	9	ÀüÁÖºñºö¹ä	Q3	2	0.75	top	450	662.192	337.5	496.64
top_ºñºö¹äµ¤¹ä·ù_³Ã¸é±â_ÀüÁÖºñºö¹ä_Q3_00017.JPG	train	train	ÀüÁÖºñºö¹ä	9	ÀüÁÖºñºö¹ä	Q3	2	0.75	top	450	662.192	337.5	496.64
top_ºñºö¹äµ¤¹ä·ù_³Ã¸é±â_ÀüÁÖºñºö¹ä_Q3_00018.JPG	train	train	ÀüÁÖºñºö¹ä	9	ÀüÁÖºñºö¹ä	Q3	2	0.75	top	450	662.192	337.5	496.64
top_ºñºö¹äµ¤¹ä·ù_³Ã¸é±â_ÀüÁÖºñºö¹ä_Q3_00020.JPG	train	train	ÀüÁÖºñºö¹ä	9	ÀüÁÖºñºö¹ä	Q3	2	0.75	top	450	662.192	337.5	496.64
top_ºñºö¹äµ¤¹ä·ù_³Ã¸é±â_ÀüÁÖºñºö¹ä_Q3_00022.JPG	train	train	ÀüÁÖºñºö¹ä	9	ÀüÁÖºñºö¹ä	Q3	2	0.75	top	450	662.192	337.5	496.64
top_ºñºö¹äµ¤¹ä·ù_³Ã¸é±â_ÀüÁÖºñºö¹ä_Q3_00023.JPG	train	train	ÀüÁÖºñºö¹ä	9	ÀüÁÖºñºö¹ä	Q3	2	0.75	top	450	662.192	337.5	496.64
top_ºñºö¹äµ¤¹ä·ù_³Ã¸é±â_ÀüÁÖºñºö¹ä_Q3_00024.JPG	train	train	ÀüÁÖºñºö¹ä	9	ÀüÁÖºñºö¹ä	Q3	2	0.75	top	450	662.192	337.5	496.64
top_ºñºö¹äµ¤¹ä·ù_³Ã¸é±â_ÀüÁÖºñºö¹ä_Q3_00025.JPG	train	train	ÀüÁÖºñºö¹ä	9	ÀüÁÖºñºö¹ä	Q3	2	0.75	top	450	662.192	337.5	496.64
top_ºñºö¹äµ¤¹ä·ù_³Ã¸é±â_ÀüÁÖºñºö¹ä_Q3_00026.JPG	train	train	ÀüÁÖºñºö¹ä	9	ÀüÁÖºñºö¹ä	Q3	2	0.75	top	450	662.192	337.5	496.64
top_ºñºö¹äµ¤¹ä·ù_³Ã¸é±â_ÀüÁÖºñºö¹ä_Q3_00027.JPG	train	train	ÀüÁÖºñºö¹ä	9	ÀüÁÖºñºö¹ä	Q3	2	0.75	top	450	662.192	337.5	496.64
top_ºñºö¹äµ¤¹ä·ù_³Ã¸é±â_ÀüÁÖºñºö¹ä_Q3_00028.JPG	train	train	ÀüÁÖºñºö¹ä	9	ÀüÁÖºñºö¹ä	Q3	2	0.75	top	450	662.192	337.5	496.64
top_ºñºö¹äµ¤¹ä·ù_³Ã¸é±â_ÀüÁÖºñºö¹ä_Q3_00029.JPG	train	train	ÀüÁÖºñºö¹ä	9	ÀüÁÖºñºö¹ä	Q3	2	0.75	top	450	662.192	337.5	496.64
top_ºñºö¹äµ¤¹ä·ù_³Ã¸é±â_ÀüÁÖºñºö¹ä_Q3_00031.JPG	train	train	ÀüÁÖºñºö¹ä	9	ÀüÁÖºñºö¹ä	Q3	2	0.75	top	450	662.192	337.5	496.64
top_ºñºö¹äµ¤¹ä·ù_³Ã¸é±â_ÀüÁÖºñºö¹ä_Q3_00032.JPG	train	train	ÀüÁÖºñºö¹ä	9	ÀüÁÖºñºö¹ä	Q3	2	0.75	top	450	662.192	337.5	496.64
top_ºñºö¹äµ¤¹ä·ù_³Ã¸é±â_ÀüÁÖºñºö¹ä_Q3_00033.JPG	train	train	ÀüÁÖºñºö¹ä	9	ÀüÁÖºñºö¹ä	Q3	2	0.75	top	450	662.192	337.5	496.64
top_ºñºö¹äµ¤¹ä·ù_³Ã¸é±â_ÀüÁÖºñºö¹ä_Q3_00034.JPG	train	train	ÀüÁÖºñºö¹ä	9	ÀüÁÖºñºö¹ä	Q3	2	0.75	top	450	662.192	337.5	496.64
top_ºñºö¹äµ¤¹ä·ù_³Ã¸é±â_ÀüÁÖºñºö¹ä_Q3_00035.JPG	train	train	ÀüÁÖºñºö¹ä	9	ÀüÁÖºñºö¹ä	Q3	2	0.75	top	450	662.192	337.5	496.64
top_ºñºö¹äµ¤¹ä·ù_³Ã¸é±â_ÀüÁÖºñºö¹ä_Q3_00036.JPG	train	train	ÀüÁÖºñºö¹ä	9	ÀüÁÖºñºö¹ä	Q3	2	0.75	top	450	662.192	337.5	496.64
top_ºñºö¹äµ¤¹ä·ù_³Ã¸é±â_ÀüÁÖºñºö¹ä_Q3_00037.JPG	train	train	ÀüÁÖºñºö¹ä	9	ÀüÁÖºñºö¹ä	Q3	2	0.75	top	450	662.192	337.5	496.64
top_ºñºö¹äµ¤¹ä·ù_³Ã¸é±â_ÀüÁÖºñºö¹ä_Q3_00038.JPG	train	train	ÀüÁÖºñºö¹ä	9	ÀüÁÖºñºö¹ä	Q3	2	0.75	top	450	662.192	337.5	496.64
top_ºñºö¹äµ¤¹ä·ù_³Ã¸é±â_ÀüÁÖºñºö¹ä_Q3_00039.JPG	train	train	ÀüÁÖºñºö¹ä	9	ÀüÁÖºñºö¹ä	Q3	2	0.75	top	450	662.192	337.5	496.64
top_ºñºö¹äµ¤¹ä·ù_³Ã¸é±â_ÀüÁÖºñºö¹ä_Q3_00040.JPG	train	train	ÀüÁÖºñºö¹ä	9	ÀüÁÖºñºö¹ä	Q3	2	0.75	top	450	662.192	337.5	496.64
top_ºñºö¹äµ¤¹ä·ù_³Ã¸é±â_ÀüÁÖºñºö¹ä_Q3_00041.JPG	train	train	ÀüÁÖºñºö¹ä	9	ÀüÁÖºñºö¹ä	Q3	2	0.75	top	450	662.192	337.5	496.64
top_ºñºö¹äµ¤¹ä·ù_³Ã¸é±â_ÀüÁÖºñºö¹ä_Q3_00042.JPG	train	train	ÀüÁÖºñºö¹ä	9	ÀüÁÖºñºö¹ä	Q3	2	0.75	top	450	662.192	337.5	496.64
top_ºñºö¹äµ¤¹ä·ù_³Ã¸é±â_ÀüÁÖºñºö¹ä_Q3_00043.JPG	train	train	ÀüÁÖºñºö¹ä	9	ÀüÁÖºñºö¹ä	Q3	2	0.75	top	450	662.192	337.5	496.64
top_ºñºö¹äµ¤¹ä·ù_³Ã¸é±â_ÀüÁÖºñºö¹ä_Q3_00044.JPG	train	train	ÀüÁÖºñºö¹ä	9	ÀüÁÖºñºö¹ä	Q3	2	0.75	top	450	662.192	337.5	496.64
top_ºñºö¹äµ¤¹ä·ù_³Ã¸é±â_ÀüÁÖºñºö¹ä_Q3_00045.JPG	train	train	ÀüÁÖºñºö¹ä	9	ÀüÁÖºñºö¹ä	Q3	2	0.75	top	450	662.192	337.5	496.64
top_ºñºö¹äµ¤¹ä·ù_³Ã¸é±â_ÀüÁÖºñºö¹ä_Q3_00047.JPG	train	train	ÀüÁÖºñºö¹ä	9	ÀüÁÖºñºö¹ä	Q3	2	0.75	top	450	662.192	337.5	496.64
top_ºñºö¹äµ¤¹ä·ù_³Ã¸é±â_ÀüÁÖºñºö¹ä_Q3_00048.JPG	train	train	ÀüÁÖºñºö¹ä	9	ÀüÁÖºñºö¹ä	Q3	2	0.75	top	450	662.192	337.5	496.64
top_ºñºö¹äµ¤¹ä·ù_³Ã¸é±â_ÀüÁÖºñºö¹ä_Q3_00049.JPG	train	train	ÀüÁÖºñºö¹ä	9	ÀüÁÖºñºö¹ä	Q3	2	0.75	top	450	662.192	337.5	496.64
top_ºñºö¹äµ¤¹ä·ù_³Ã¸é±â_ÀüÁÖºñºö¹ä_Q3_00050.JPG	train	train	ÀüÁÖºñºö¹ä	9	ÀüÁÖºñºö¹ä	Q3	2	0.75	top	450	662.192	337.5	496.64
top_ºñºö¹äµ¤¹ä·ù_³Ã¸é±â_ÀüÁÖºñºö¹ä_Q3_00051.JPG	train	train	ÀüÁÖºñºö¹ä	9	ÀüÁÖºñºö¹ä	Q3	2	0.75	top	450	662.192	337.5	496.64
top_ºñºö¹äµ¤¹ä·ù_³Ã¸é±â_ÀüÁÖºñºö¹ä_Q3_00052.JPG	train	train	ÀüÁÖºñºö¹ä	9	ÀüÁÖºñºö¹ä	Q3	2	0.75	top	450	662.192	337.5	496.64
top_ºñºö¹äµ¤¹ä·ù_³Ã¸é±â_ÀüÁÖºñºö¹ä_Q3_00053.JPG	train	train	ÀüÁÖºñºö¹ä	9	ÀüÁÖºñºö¹ä	Q3	2	0.75	top	450	662.192	337.5	496.64
top_ºñºö¹äµ¤¹ä·ù_³Ã¸é±â_ÀüÁÖºñºö¹ä_Q3_00054.JPG	train	train	ÀüÁÖºñºö¹ä	9	ÀüÁÖºñºö¹ä	Q3	2	0.75	top	450	662.192	337.5	496.64
top_ºñºö¹äµ¤¹ä·ù_³Ã¸é±â_ÀüÁÖºñºö¹ä_Q3_00055.JPG	train	train	ÀüÁÖºñºö¹ä	9	ÀüÁÖºñºö¹ä	Q3	2	0.75	top	450	662.192	337.5	496.64
side_ºñºö¹äµ¤¹ä·ù_³Ã¸é±â_ÀüÁÖºñºö¹ä_Q4_00001.JPG	train	train	ÀüÁÖºñºö¹ä	9	ÀüÁÖºñºö¹ä	Q4	3	1	side	450	662.192	450	662.19
side_ºñºö¹äµ¤¹ä·ù_³Ã¸é±â_ÀüÁÖºñºö¹ä_Q4_00002.JPG	train	train	ÀüÁÖºñºö¹ä	9	ÀüÁÖºñºö¹ä	Q4	3	1	side	450	662.192	450	662.19
side_ºñºö¹äµ¤¹ä·ù_³Ã¸é±â_ÀüÁÖºñºö¹ä_Q4_00004.JPG	train	train	ÀüÁÖºñºö¹ä	9	ÀüÁÖºñºö¹ä	Q4	3	1	side	450	662.192	450	662.19
side_ºñºö¹äµ¤¹ä·ù_³Ã¸é±â_ÀüÁÖºñºö¹ä_Q4_00005.JPG	train	train	ÀüÁÖºñºö¹ä	9	ÀüÁÖºñºö¹ä	Q4	3	1	side	450	662.192	450	662.19
side_ºñºö¹äµ¤¹ä·ù_³Ã¸é±â_ÀüÁÖºñºö¹ä_Q4_00006.JPG	train	train	ÀüÁÖºñºö¹ä	9	ÀüÁÖºñºö¹ä	Q4	3	1	side	450	662.192	450	662.19
side_ºñºö¹äµ¤¹ä·ù_³Ã¸é±â_ÀüÁÖºñºö¹ä_Q4_00007.JPG	train	train	ÀüÁÖºñºö¹ä	9	ÀüÁÖºñºö¹ä	Q4	3	1	side	450	662.192	450	662.19
side_ºñºö¹äµ¤¹ä·ù_³Ã¸é±â_ÀüÁÖºñºö¹ä_Q4_00008.JPG	train	train	ÀüÁÖºñºö¹ä	9	ÀüÁÖºñºö¹ä	Q4	3	1	side	450	662.192	450	662.19
side_ºñºö¹äµ¤¹ä·ù_³Ã¸é±â_ÀüÁÖºñºö¹ä_Q4_00009.JPG	train	train	ÀüÁÖºñºö¹ä	9	ÀüÁÖºñºö¹ä	Q4	3	1	side	450	662.192	450	662.19
side_ºñºö¹äµ¤¹ä·ù_³Ã¸é±â_ÀüÁÖºñºö¹ä_Q4_00011.JPG	train	train	ÀüÁÖºñºö¹ä	9	ÀüÁÖºñºö¹ä	Q4	3	1	side	450	662.192	450	662.19
side_ºñºö¹äµ¤¹ä·ù_³Ã¸é±â_ÀüÁÖºñºö¹ä_Q4_00012.JPG	train	train	ÀüÁÖºñºö¹ä	9	ÀüÁÖºñºö¹ä	Q4	3	1	side	450	662.192	450	662.19
side_ºñºö¹äµ¤¹ä·ù_³Ã¸é±â_ÀüÁÖºñºö¹ä_Q4_00013.JPG	train	train	ÀüÁÖºñºö¹ä	9	ÀüÁÖºñºö¹ä	Q4	3	1	side	450	662.192	450	662.19
side_ºñºö¹äµ¤¹ä·ù_³Ã¸é±â_ÀüÁÖºñºö¹ä_Q4_00014.JPG	train	train	ÀüÁÖºñºö¹ä	9	ÀüÁÖºñºö¹ä	Q4	3	1	side	450	662.192	450	662.19
side_ºñºö¹äµ¤¹ä·ù_³Ã¸é±â_ÀüÁÖºñºö¹ä_Q4_00015.JPG	train	train	ÀüÁÖºñºö¹ä	9	ÀüÁÖºñºö¹ä	Q4	3	1	side	450	662.192	450	662.19
side_ºñºö¹äµ¤¹ä·ù_³Ã¸é±â_ÀüÁÖºñºö¹ä_Q4_00018.JPG	train	train	ÀüÁÖºñºö¹ä	9	ÀüÁÖºñºö¹ä	Q4	3	1	side	450	662.192	450	662.19
side_ºñºö¹äµ¤¹ä·ù_³Ã¸é±â_ÀüÁÖºñºö¹ä_Q4_00019.JPG	train	train	ÀüÁÖºñºö¹ä	9	ÀüÁÖºñºö¹ä	Q4	3	1	side	450	662.192	450	662.19
side_ºñºö¹äµ¤¹ä·ù_³Ã¸é±â_ÀüÁÖºñºö¹ä_Q4_00020.JPG	train	train	ÀüÁÖºñºö¹ä	9	ÀüÁÖºñºö¹ä	Q4	3	1	side	450	662.192	450	662.19
side_ºñºö¹äµ¤¹ä·ù_³Ã¸é±â_ÀüÁÖºñºö¹ä_Q4_00021.JPG	train	train	ÀüÁÖºñºö¹ä	9	ÀüÁÖºñºö¹ä	Q4	3	1	side	450	662.192	450	662.19
side_ºñºö¹äµ¤¹ä·ù_³Ã¸é±â_ÀüÁÖºñºö¹ä_Q4_00022.JPG	train	train	ÀüÁÖºñºö¹ä	9	ÀüÁÖºñºö¹ä	Q4	3	1	side	450	662.192	450	662.19
side_ºñºö¹äµ¤¹ä·ù_³Ã¸é±â_ÀüÁÖºñºö¹ä_Q4_00023.JPG	train	train	ÀüÁÖºñºö¹ä	9	ÀüÁÖºñºö¹ä	Q4	3	1	side	450	662.192	450	662.19
side_ºñºö¹äµ¤¹ä·ù_³Ã¸é±â_ÀüÁÖºñºö¹ä_Q4_00024.JPG	train	train	ÀüÁÖºñºö¹ä	9	ÀüÁÖºñºö¹ä	Q4	3	1	side	450	662.192	450	662.19
side_ºñºö¹äµ¤¹ä·ù_³Ã¸é±â_ÀüÁÖºñºö¹ä_Q4_00025.JPG	train	train	ÀüÁÖºñºö¹ä	9	ÀüÁÖºñºö¹ä	Q4	3	1	side	450	662.192	450	662.19
side_ºñºö¹äµ¤¹ä·ù_³Ã¸é±â_ÀüÁÖºñºö¹ä_Q4_00026.JPG	train	train	ÀüÁÖºñºö¹ä	9	ÀüÁÖºñºö¹ä	Q4	3	1	side	450	662.192	450	662.19
side_ºñºö¹äµ¤¹ä·ù_³Ã¸é±â_ÀüÁÖºñºö¹ä_Q4_00028.JPG	train	train	ÀüÁÖºñºö¹ä	9	ÀüÁÖºñºö¹ä	Q4	3	1	side	450	662.192	450	662.19
side_ºñºö¹äµ¤¹ä·ù_³Ã¸é±â_ÀüÁÖºñºö¹ä_Q4_00029.JPG	train	train	ÀüÁÖºñºö¹ä	9	ÀüÁÖºñºö¹ä	Q4	3	1	side	450	662.192	450	662.19
side_ºñºö¹äµ¤¹ä·ù_³Ã¸é±â_ÀüÁÖºñºö¹ä_Q4_00030.JPG	train	train	ÀüÁÖºñºö¹ä	9	ÀüÁÖºñºö¹ä	Q4	3	1	side	450	662.192	450	662.19
side_ºñºö¹äµ¤¹ä·ù_³Ã¸é±â_ÀüÁÖºñºö¹ä_Q4_00031.JPG	train	train	ÀüÁÖºñºö¹ä	9	ÀüÁÖºñºö¹ä	Q4	3	1	side	450	662.192	450	662.19
side_ºñºö¹äµ¤¹ä·ù_³Ã¸é±â_ÀüÁÖºñºö¹ä_Q4_00032.JPG	train	train	ÀüÁÖºñºö¹ä	9	ÀüÁÖºñºö¹ä	Q4	3	1	side	450	662.192	450	662.19
side_ºñºö¹äµ¤¹ä·ù_³Ã¸é±â_ÀüÁÖºñºö¹ä_Q4_00033.JPG	train	train	ÀüÁÖºñºö¹ä	9	ÀüÁÖºñºö¹ä	Q4	3	1	side	450	662.192	450	662.19
side_ºñºö¹äµ¤¹ä·ù_³Ã¸é±â_ÀüÁÖºñºö¹ä_Q4_00035.JPG	train	train	ÀüÁÖºñºö¹ä	9	ÀüÁÖºñºö¹ä	Q4	3	1	side	450	662.192	450	662.19
side_ºñºö¹äµ¤¹ä·ù_³Ã¸é±â_ÀüÁÖºñºö¹ä_Q4_00038.JPG	train	train	ÀüÁÖºñºö¹ä	9	ÀüÁÖºñºö¹ä	Q4	3	1	side	450	662.192	450	662.19
side_ºñºö¹äµ¤¹ä·ù_³Ã¸é±â_ÀüÁÖºñºö¹ä_Q4_00039.JPG	train	train	ÀüÁÖºñºö¹ä	9	ÀüÁÖºñºö¹ä	Q4	3	1	side	450	662.192	450	662.19
side_ºñºö¹äµ¤¹ä·ù_³Ã¸é±â_ÀüÁÖºñºö¹ä_Q4_00040.JPG	train	train	ÀüÁÖºñºö¹ä	9	ÀüÁÖºñºö¹ä	Q4	3	1	side	450	662.192	450	662.19
side_ºñºö¹äµ¤¹ä·ù_³Ã¸é±â_ÀüÁÖºñºö¹ä_Q4_00041.JPG	train	train	ÀüÁÖºñºö¹ä	9	ÀüÁÖºñºö¹ä	Q4	3	1	side	450	662.192	450	662.19
side_ºñºö¹äµ¤¹ä·ù_³Ã¸é±â_ÀüÁÖºñºö¹ä_Q4_00042.JPG	train	train	ÀüÁÖºñºö¹ä	9	ÀüÁÖºñºö¹ä	Q4	3	1	side	450	662.192	450	662.19
side_ºñºö¹äµ¤¹ä·ù_³Ã¸é±â_ÀüÁÖºñºö¹ä_Q4_00043.JPG	train	train	ÀüÁÖºñºö¹ä	9	ÀüÁÖºñºö¹ä	Q4	3	1	side	450	662.192	450	662.19
side_ºñºö¹äµ¤¹ä·ù_³Ã¸é±â_ÀüÁÖºñºö¹ä_Q4_00045.JPG	train	train	ÀüÁÖºñºö¹ä	9	ÀüÁÖºñºö¹ä	Q4	3	1	side	450	662.192	450	662.19
side_ºñºö¹äµ¤¹ä·ù_³Ã¸é±â_ÀüÁÖºñºö¹ä_Q4_00046.JPG	train	train	ÀüÁÖºñºö¹ä	9	ÀüÁÖºñºö¹ä	Q4	3	1	side	450	662.192	450	662.19
side_ºñºö¹äµ¤¹ä·ù_³Ã¸é±â_ÀüÁÖºñºö¹ä_Q4_00047.JPG	train	train	ÀüÁÖºñºö¹ä	9	ÀüÁÖºñºö¹ä	Q4	3	1	side	450	662.192	450	662.19
side_ºñºö¹äµ¤¹ä·ù_³Ã¸é±â_ÀüÁÖºñºö¹ä_Q4_00048.JPG	train	train	ÀüÁÖºñºö¹ä	9	ÀüÁÖºñºö¹ä	Q4	3	1	side	450	662.192	450	662.19
side_ºñºö¹äµ¤¹ä·ù_³Ã¸é±â_ÀüÁÖºñºö¹ä_Q4_00049.JPG	train	train	ÀüÁÖºñºö¹ä	9	ÀüÁÖºñºö¹ä	Q4	3	1	side	450	662.192	450	662.19
side_ºñºö¹äµ¤¹ä·ù_³Ã¸é±â_ÀüÁÖºñºö¹ä_Q4_00050.JPG	train	train	ÀüÁÖºñºö¹ä	9	ÀüÁÖºñºö¹ä	Q4	3	1	side	450	662.192	450	662.19
side_ºñºö¹äµ¤¹ä·ù_³Ã¸é±â_ÀüÁÖºñºö¹ä_Q4_00051.JPG	train	train	ÀüÁÖºñºö¹ä	9	ÀüÁÖºñºö¹ä	Q4	3	1	side	450	662.192	450	662.19
side_ºñºö¹äµ¤¹ä·ù_³Ã¸é±â_ÀüÁÖºñºö¹ä_Q4_00052.JPG	train	train	ÀüÁÖºñºö¹ä	9	ÀüÁÖºñºö¹ä	Q4	3	1	side	450	662.192	450	662.19
side_ºñºö¹äµ¤¹ä·ù_³Ã¸é±â_ÀüÁÖºñºö¹ä_Q4_00053.JPG	train	train	ÀüÁÖºñºö¹ä	9	ÀüÁÖºñºö¹ä	Q4	3	1	side	450	662.192	450	662.19
side_ºñºö¹äµ¤¹ä·ù_³Ã¸é±â_ÀüÁÖºñºö¹ä_Q4_00054.JPG	train	train	ÀüÁÖºñºö¹ä	9	ÀüÁÖºñºö¹ä	Q4	3	1	side	450	662.192	450	662.19
side_ºñºö¹äµ¤¹ä·ù_³Ã¸é±â_ÀüÁÖºñºö¹ä_Q4_00055.JPG	train	train	ÀüÁÖºñºö¹ä	9	ÀüÁÖºñºö¹ä	Q4	3	1	side	450	662.192	450	662.19
top_ºñºö¹äµ¤¹ä·ù_³Ã¸é±â_ÀüÁÖºñºö¹ä_Q4_00001.JPG	train	train	ÀüÁÖºñºö¹ä	9	ÀüÁÖºñºö¹ä	Q4	3	1	top	450	662.192	450	662.19
top_ºñºö¹äµ¤¹ä·ù_³Ã¸é±â_ÀüÁÖºñºö¹ä_Q4_00002.JPG	train	train	ÀüÁÖºñºö¹ä	9	ÀüÁÖºñºö¹ä	Q4	3	1	top	450	662.192	450	662.19
top_ºñºö¹äµ¤¹ä·ù_³Ã¸é±â_ÀüÁÖºñºö¹ä_Q4_00003.JPG	train	train	ÀüÁÖºñºö¹ä	9	ÀüÁÖºñºö¹ä	Q4	3	1	top	450	662.192	450	662.19
top_ºñºö¹äµ¤¹ä·ù_³Ã¸é±â_ÀüÁÖºñºö¹ä_Q4_00004.JPG	train	train	ÀüÁÖºñºö¹ä	9	ÀüÁÖºñºö¹ä	Q4	3	1	top	450	662.192	450	662.19
top_ºñºö¹äµ¤¹ä·ù_³Ã¸é±â_ÀüÁÖºñºö¹ä_Q4_00005.JPG	train	train	ÀüÁÖºñºö¹ä	9	ÀüÁÖºñºö¹ä	Q4	3	1	top	450	662.192	450	662.19
top_ºñºö¹äµ¤¹ä·ù_³Ã¸é±â_ÀüÁÖºñºö¹ä_Q4_00006.JPG	train	train	ÀüÁÖºñºö¹ä	9	ÀüÁÖºñºö¹ä	Q4	3	1	top	450	662.192	450	662.19
top_ºñºö¹äµ¤¹ä·ù_³Ã¸é±â_ÀüÁÖºñºö¹ä_Q4_00007.JPG	train	train	ÀüÁÖºñºö¹ä	9	ÀüÁÖºñºö¹ä	Q4	3	1	top	450	662.192	450	662.19
top_ºñºö¹äµ¤¹ä·ù_³Ã¸é±â_ÀüÁÖºñºö¹ä_Q4_00008.JPG	train	train	ÀüÁÖºñºö¹ä	9	ÀüÁÖºñºö¹ä	Q4	3	1	top	450	662.192	450	662.19
top_ºñºö¹äµ¤¹ä·ù_³Ã¸é±â_ÀüÁÖºñºö¹ä_Q4_00009.JPG	train	train	ÀüÁÖºñºö¹ä	9	ÀüÁÖºñºö¹ä	Q4	3	1	top	450	662.192	450	662.19
top_ºñºö¹äµ¤¹ä·ù_³Ã¸é±â_ÀüÁÖºñºö¹ä_Q4_00010.JPG	train	train	ÀüÁÖºñºö¹ä	9	ÀüÁÖºñºö¹ä	Q4	3	1	top	450	662.192	450	662.19
top_ºñºö¹äµ¤¹ä·ù_³Ã¸é±â_ÀüÁÖºñºö¹ä_Q4_00011.JPG	train	train	ÀüÁÖºñºö¹ä	9	ÀüÁÖºñºö¹ä	Q4	3	1	top	450	662.192	450	662.19
top_ºñºö¹äµ¤¹ä·ù_³Ã¸é±â_ÀüÁÖºñºö¹ä_Q4_00012.JPG	train	train	ÀüÁÖºñºö¹ä	9	ÀüÁÖºñºö¹ä	Q4	3	1	top	450	662.192	450	662.19
top_ºñºö¹äµ¤¹ä·ù_³Ã¸é±â_ÀüÁÖºñºö¹ä_Q4_00013.JPG	train	train	ÀüÁÖºñºö¹ä	9	ÀüÁÖºñºö¹ä	Q4	3	1	top	450	662.192	450	662.19
top_ºñºö¹äµ¤¹ä·ù_³Ã¸é±â_ÀüÁÖºñºö¹ä_Q4_00014.JPG	train	train	ÀüÁÖºñºö¹ä	9	ÀüÁÖºñºö¹ä	Q4	3	1	top	450	662.192	450	662.19
top_ºñºö¹äµ¤¹ä·ù_³Ã¸é±â_ÀüÁÖºñºö¹ä_Q4_00016.JPG	train	train	ÀüÁÖºñºö¹ä	9	ÀüÁÖºñºö¹ä	Q4	3	1	top	450	662.192	450	662.19
top_ºñºö¹äµ¤¹ä·ù_³Ã¸é±â_ÀüÁÖºñºö¹ä_Q4_00017.JPG	train	train	ÀüÁÖºñºö¹ä	9	ÀüÁÖºñºö¹ä	Q4	3	1	top	450	662.192	450	662.19
top_ºñºö¹äµ¤¹ä·ù_³Ã¸é±â_ÀüÁÖºñºö¹ä_Q4_00019.JPG	train	train	ÀüÁÖºñºö¹ä	9	ÀüÁÖºñºö¹ä	Q4	3	1	top	450	662.192	450	662.19
top_ºñºö¹äµ¤¹ä·ù_³Ã¸é±â_ÀüÁÖºñºö¹ä_Q4_00020.JPG	train	train	ÀüÁÖºñºö¹ä	9	ÀüÁÖºñºö¹ä	Q4	3	1	top	450	662.192	450	662.19
top_ºñºö¹äµ¤¹ä·ù_³Ã¸é±â_ÀüÁÖºñºö¹ä_Q4_00021.JPG	train	train	ÀüÁÖºñºö¹ä	9	ÀüÁÖºñºö¹ä	Q4	3	1	top	450	662.192	450	662.19
top_ºñºö¹äµ¤¹ä·ù_³Ã¸é±â_ÀüÁÖºñºö¹ä_Q4_00023.JPG	train	train	ÀüÁÖºñºö¹ä	9	ÀüÁÖºñºö¹ä	Q4	3	1	top	450	662.192	450	662.19
top_ºñºö¹äµ¤¹ä·ù_³Ã¸é±â_ÀüÁÖºñºö¹ä_Q4_00024.JPG	train	train	ÀüÁÖºñºö¹ä	9	ÀüÁÖºñºö¹ä	Q4	3	1	top	450	662.192	450	662.19
top_ºñºö¹äµ¤¹ä·ù_³Ã¸é±â_ÀüÁÖºñºö¹ä_Q4_00026.JPG	train	train	ÀüÁÖºñºö¹ä	9	ÀüÁÖºñºö¹ä	Q4	3	1	top	450	662.192	450	662.19
top_ºñºö¹äµ¤¹ä·ù_³Ã¸é±â_ÀüÁÖºñºö¹ä_Q4_00027.JPG	train	train	ÀüÁÖºñºö¹ä	9	ÀüÁÖºñºö¹ä	Q4	3	1	top	450	662.192	450	662.19
top_ºñºö¹äµ¤¹ä·ù_³Ã¸é±â_ÀüÁÖºñºö¹ä_Q4_00028.JPG	train	train	ÀüÁÖºñºö¹ä	9	ÀüÁÖºñºö¹ä	Q4	3	1	top	450	662.192	450	662.19
top_ºñºö¹äµ¤¹ä·ù_³Ã¸é±â_ÀüÁÖºñºö¹ä_Q4_00030.JPG	train	train	ÀüÁÖºñºö¹ä	9	ÀüÁÖºñºö¹ä	Q4	3	1	top	450	662.192	450	662.19
top_ºñºö¹äµ¤¹ä·ù_³Ã¸é±â_ÀüÁÖºñºö¹ä_Q4_00031.JPG	train	train	ÀüÁÖºñºö¹ä	9	ÀüÁÖºñºö¹ä	Q4	3	1	top	450	662.192	450	662.19
top_ºñºö¹äµ¤¹ä·ù_³Ã¸é±â_ÀüÁÖºñºö¹ä_Q4_00032.JPG	train	train	ÀüÁÖºñºö¹ä	9	ÀüÁÖºñºö¹ä	Q4	3	1	top	450	662.192	450	662.19
top_ºñºö¹äµ¤¹ä·ù_³Ã¸é±â_ÀüÁÖºñºö¹ä_Q4_00033.JPG	train	train	ÀüÁÖºñºö¹ä	9	ÀüÁÖºñºö¹ä	Q4	3	1	top	450	662.192	450	662.19
top_ºñºö¹äµ¤¹ä·ù_³Ã¸é±â_ÀüÁÖºñºö¹ä_Q4_00034.JPG	train	train	ÀüÁÖºñºö¹ä	9	ÀüÁÖºñºö¹ä	Q4	3	1	top	450	662.192	450	662.19
top_ºñºö¹äµ¤¹ä·ù_³Ã¸é±â_ÀüÁÖºñºö¹ä_Q4_00035.JPG	train	train	ÀüÁÖºñºö¹ä	9	ÀüÁÖºñºö¹ä	Q4	3	1	top	450	662.192	450	662.19
top_ºñºö¹äµ¤¹ä·ù_³Ã¸é±â_ÀüÁÖºñºö¹ä_Q4_00036.JPG	train	train	ÀüÁÖºñºö¹ä	9	ÀüÁÖºñºö¹ä	Q4	3	1	top	450	662.192	450	662.19
top_ºñºö¹äµ¤¹ä·ù_³Ã¸é±â_ÀüÁÖºñºö¹ä_Q4_00038.JPG	train	train	ÀüÁÖºñºö¹ä	9	ÀüÁÖºñºö¹ä	Q4	3	1	top	450	662.192	450	662.19
top_ºñºö¹äµ¤¹ä·ù_³Ã¸é±â_ÀüÁÖºñºö¹ä_Q4_00039.JPG	train	train	ÀüÁÖºñºö¹ä	9	ÀüÁÖºñºö¹ä	Q4	3	1	top	450	662.192	450	662.19
top_ºñºö¹äµ¤¹ä·ù_³Ã¸é±â_ÀüÁÖºñºö¹ä_Q4_00040.JPG	train	train	ÀüÁÖºñºö¹ä	9	ÀüÁÖºñºö¹ä	Q4	3	1	top	450	662.192	450	662.19
top_ºñºö¹äµ¤¹ä·ù_³Ã¸é±â_ÀüÁÖºñºö¹ä_Q4_00041.JPG	train	train	ÀüÁÖºñºö¹ä	9	ÀüÁÖºñºö¹ä	Q4	3	1	top	450	662.192	450	662.19
top_ºñºö¹äµ¤¹ä·ù_³Ã¸é±â_ÀüÁÖºñºö¹ä_Q4_00042.JPG	train	train	ÀüÁÖºñºö¹ä	9	ÀüÁÖºñºö¹ä	Q4	3	1	top	450	662.192	450	662.19
top_ºñºö¹äµ¤¹ä·ù_³Ã¸é±â_ÀüÁÖºñºö¹ä_Q4_00044.JPG	train	train	ÀüÁÖºñºö¹ä	9	ÀüÁÖºñºö¹ä	Q4	3	1	top	450	662.192	450	662.19
top_ºñºö¹äµ¤¹ä·ù_³Ã¸é±â_ÀüÁÖºñºö¹ä_Q4_00046.JPG	train	train	ÀüÁÖºñºö¹ä	9	ÀüÁÖºñºö¹ä	Q4	3	1	top	450	662.192	450	662.19
top_ºñºö¹äµ¤¹ä·ù_³Ã¸é±â_ÀüÁÖºñºö¹ä_Q4_00048.JPG	train	train	ÀüÁÖºñºö¹ä	9	ÀüÁÖºñºö¹ä	Q4	3	1	top	450	662.192	450	662.19
top_ºñºö¹äµ¤¹ä·ù_³Ã¸é±â_ÀüÁÖºñºö¹ä_Q4_00049.JPG	train	train	ÀüÁÖºñºö¹ä	9	ÀüÁÖºñºö¹ä	Q4	3	1	top	450	662.192	450	662.19
top_ºñºö¹äµ¤¹ä·ù_³Ã¸é±â_ÀüÁÖºñºö¹ä_Q4_00050.JPG	train	train	ÀüÁÖºñºö¹ä	9	ÀüÁÖºñºö¹ä	Q4	3	1	top	450	662.192	450	662.19
side_ºñºö¹äµ¤¹ä·ù_³Ã¸é±â_ÀüÁÖºñºö¹ä_Q5_00001.JPG	train	train	ÀüÁÖºñºö¹ä	9	ÀüÁÖºñºö¹ä	Q5	4	1.25	side	450	662.192	562.5	827.74
side_ºñºö¹äµ¤¹ä·ù_³Ã¸é±â_ÀüÁÖºñºö¹ä_Q5_00002.JPG	train	train	ÀüÁÖºñºö¹ä	9	ÀüÁÖºñºö¹ä	Q5	4	1.25	side	450	662.192	562.5	827.74
side_ºñºö¹äµ¤¹ä·ù_³Ã¸é±â_ÀüÁÖºñºö¹ä_Q5_00003.JPG	train	train	ÀüÁÖºñºö¹ä	9	ÀüÁÖºñºö¹ä	Q5	4	1.25	side	450	662.192	562.5	827.74
side_ºñºö¹äµ¤¹ä·ù_³Ã¸é±â_ÀüÁÖºñºö¹ä_Q5_00004.JPG	train	train	ÀüÁÖºñºö¹ä	9	ÀüÁÖºñºö¹ä	Q5	4	1.25	side	450	662.192	562.5	827.74
side_ºñºö¹äµ¤¹ä·ù_³Ã¸é±â_ÀüÁÖºñºö¹ä_Q5_00005.JPG	train	train	ÀüÁÖºñºö¹ä	9	ÀüÁÖºñºö¹ä	Q5	4	1.25	side	450	662.192	562.5	827.74
side_ºñºö¹äµ¤¹ä·ù_³Ã¸é±â_ÀüÁÖºñºö¹ä_Q5_00006.JPG	train	train	ÀüÁÖºñºö¹ä	9	ÀüÁÖºñºö¹ä	Q5	4	1.25	side	450	662.192	562.5	827.74
side_ºñºö¹äµ¤¹ä·ù_³Ã¸é±â_ÀüÁÖºñºö¹ä_Q5_00007.JPG	train	train	ÀüÁÖºñºö¹ä	9	ÀüÁÖºñºö¹ä	Q5	4	1.25	side	450	662.192	562.5	827.74
side_ºñºö¹äµ¤¹ä·ù_³Ã¸é±â_ÀüÁÖºñºö¹ä_Q5_00008.JPG	train	train	ÀüÁÖºñºö¹ä	9	ÀüÁÖºñºö¹ä	Q5	4	1.25	side	450	662.192	562.5	827.74
side_ºñºö¹äµ¤¹ä·ù_³Ã¸é±â_ÀüÁÖºñºö¹ä_Q5_00010.JPG	train	train	ÀüÁÖºñºö¹ä	9	ÀüÁÖºñºö¹ä	Q5	4	1.25	side	450	662.192	562.5	827.74
side_ºñºö¹äµ¤¹ä·ù_³Ã¸é±â_ÀüÁÖºñºö¹ä_Q5_00011.JPG	train	train	ÀüÁÖºñºö¹ä	9	ÀüÁÖºñºö¹ä	Q5	4	1.25	side	450	662.192	562.5	827.74
side_ºñºö¹äµ¤¹ä·ù_³Ã¸é±â_ÀüÁÖºñºö¹ä_Q5_00012.JPG	train	train	ÀüÁÖºñºö¹ä	9	ÀüÁÖºñºö¹ä	Q5	4	1.25	side	450	662.192	562.5	827.74
side_ºñºö¹äµ¤¹ä·ù_³Ã¸é±â_ÀüÁÖºñºö¹ä_Q5_00013.JPG	train	train	ÀüÁÖºñºö¹ä	9	ÀüÁÖºñºö¹ä	Q5	4	1.25	side	450	662.192	562.5	827.74
side_ºñºö¹äµ¤¹ä·ù_³Ã¸é±â_ÀüÁÖºñºö¹ä_Q5_00014.JPG	train	train	ÀüÁÖºñºö¹ä	9	ÀüÁÖºñºö¹ä	Q5	4	1.25	side	450	662.192	562.5	827.74
side_ºñºö¹äµ¤¹ä·ù_³Ã¸é±â_ÀüÁÖºñºö¹ä_Q5_00015.JPG	train	train	ÀüÁÖºñºö¹ä	9	ÀüÁÖºñºö¹ä	Q5	4	1.25	side	450	662.192	562.5	827.74
side_ºñºö¹äµ¤¹ä·ù_³Ã¸é±â_ÀüÁÖºñºö¹ä_Q5_00016.JPG	train	train	ÀüÁÖºñºö¹ä	9	ÀüÁÖºñºö¹ä	Q5	4	1.25	side	450	662.192	562.5	827.74
side_ºñºö¹äµ¤¹ä·ù_³Ã¸é±â_ÀüÁÖºñºö¹ä_Q5_00018.JPG	train	train	ÀüÁÖºñºö¹ä	9	ÀüÁÖºñºö¹ä	Q5	4	1.25	side	450	662.192	562.5	827.74
side_ºñºö¹äµ¤¹ä·ù_³Ã¸é±â_ÀüÁÖºñºö¹ä_Q5_00020.JPG	train	train	ÀüÁÖºñºö¹ä	9	ÀüÁÖºñºö¹ä	Q5	4	1.25	side	450	662.192	562.5	827.74
side_ºñºö¹äµ¤¹ä·ù_³Ã¸é±â_ÀüÁÖºñºö¹ä_Q5_00021.JPG	train	train	ÀüÁÖºñºö¹ä	9	ÀüÁÖºñºö¹ä	Q5	4	1.25	side	450	662.192	562.5	827.74
side_ºñºö¹äµ¤¹ä·ù_³Ã¸é±â_ÀüÁÖºñºö¹ä_Q5_00022.JPG	train	train	ÀüÁÖºñºö¹ä	9	ÀüÁÖºñºö¹ä	Q5	4	1.25	side	450	662.192	562.5	827.74
side_ºñºö¹äµ¤¹ä·ù_³Ã¸é±â_ÀüÁÖºñºö¹ä_Q5_00023.JPG	train	train	ÀüÁÖºñºö¹ä	9	ÀüÁÖºñºö¹ä	Q5	4	1.25	side	450	662.192	562.5	827.74
side_ºñºö¹äµ¤¹ä·ù_³Ã¸é±â_ÀüÁÖºñºö¹ä_Q5_00024.JPG	train	train	ÀüÁÖºñºö¹ä	9	ÀüÁÖºñºö¹ä	Q5	4	1.25	side	450	662.192	562.5	827.74
side_ºñºö¹äµ¤¹ä·ù_³Ã¸é±â_ÀüÁÖºñºö¹ä_Q5_00026.JPG	train	train	ÀüÁÖºñºö¹ä	9	ÀüÁÖºñºö¹ä	Q5	4	1.25	side	450	662.192	562.5	827.74
side_ºñºö¹äµ¤¹ä·ù_³Ã¸é±â_ÀüÁÖºñºö¹ä_Q5_00027.JPG	train	train	ÀüÁÖºñºö¹ä	9	ÀüÁÖºñºö¹ä	Q5	4	1.25	side	450	662.192	562.5	827.74
side_ºñºö¹äµ¤¹ä·ù_³Ã¸é±â_ÀüÁÖºñºö¹ä_Q5_00028.JPG	train	train	ÀüÁÖºñºö¹ä	9	ÀüÁÖºñºö¹ä	Q5	4	1.25	side	450	662.192	562.5	827.74
side_ºñºö¹äµ¤¹ä·ù_³Ã¸é±â_ÀüÁÖºñºö¹ä_Q5_00029.JPG	train	train	ÀüÁÖºñºö¹ä	9	ÀüÁÖºñºö¹ä	Q5	4	1.25	side	450	662.192	562.5	827.74
side_ºñºö¹äµ¤¹ä·ù_³Ã¸é±â_ÀüÁÖºñºö¹ä_Q5_00031.JPG	train	train	ÀüÁÖºñºö¹ä	9	ÀüÁÖºñºö¹ä	Q5	4	1.25	side	450	662.192	562.5	827.74
side_ºñºö¹äµ¤¹ä·ù_³Ã¸é±â_ÀüÁÖºñºö¹ä_Q5_00032.JPG	train	train	ÀüÁÖºñºö¹ä	9	ÀüÁÖºñºö¹ä	Q5	4	1.25	side	450	662.192	562.5	827.74
side_ºñºö¹äµ¤¹ä·ù_³Ã¸é±â_ÀüÁÖºñºö¹ä_Q5_00034.JPG	train	train	ÀüÁÖºñºö¹ä	9	ÀüÁÖºñºö¹ä	Q5	4	1.25	side	450	662.192	562.5	827.74
side_ºñºö¹äµ¤¹ä·ù_³Ã¸é±â_ÀüÁÖºñºö¹ä_Q5_00035.JPG	train	train	ÀüÁÖºñºö¹ä	9	ÀüÁÖºñºö¹ä	Q5	4	1.25	side	450	662.192	562.5	827.74
side_ºñºö¹äµ¤¹ä·ù_³Ã¸é±â_ÀüÁÖºñºö¹ä_Q5_00036.JPG	train	train	ÀüÁÖºñºö¹ä	9	ÀüÁÖºñºö¹ä	Q5	4	1.25	side	450	662.192	562.5	827.74
side_ºñºö¹äµ¤¹ä·ù_³Ã¸é±â_ÀüÁÖºñºö¹ä_Q5_00037.JPG	train	train	ÀüÁÖºñºö¹ä	9	ÀüÁÖºñºö¹ä	Q5	4	1.25	side	450	662.192	562.5	827.74
side_ºñºö¹äµ¤¹ä·ù_³Ã¸é±â_ÀüÁÖºñºö¹ä_Q5_00038.JPG	train	train	ÀüÁÖºñºö¹ä	9	ÀüÁÖºñºö¹ä	Q5	4	1.25	side	450	662.192	562.5	827.74
side_ºñºö¹äµ¤¹ä·ù_³Ã¸é±â_ÀüÁÖºñºö¹ä_Q5_00040.JPG	train	train	ÀüÁÖºñºö¹ä	9	ÀüÁÖºñºö¹ä	Q5	4	1.25	side	450	662.192	562.5	827.74
side_ºñºö¹äµ¤¹ä·ù_³Ã¸é±â_ÀüÁÖºñºö¹ä_Q5_00041.JPG	train	train	ÀüÁÖºñºö¹ä	9	ÀüÁÖºñºö¹ä	Q5	4	1.25	side	450	662.192	562.5	827.74
side_ºñºö¹äµ¤¹ä·ù_³Ã¸é±â_ÀüÁÖºñºö¹ä_Q5_00042.JPG	train	train	ÀüÁÖºñºö¹ä	9	ÀüÁÖºñºö¹ä	Q5	4	1.25	side	450	662.192	562.5	827.74
side_ºñºö¹äµ¤¹ä·ù_³Ã¸é±â_ÀüÁÖºñºö¹ä_Q5_00043.JPG	train	train	ÀüÁÖºñºö¹ä	9	ÀüÁÖºñºö¹ä	Q5	4	1.25	side	450	662.192	562.5	827.74
side_ºñºö¹äµ¤¹ä·ù_³Ã¸é±â_ÀüÁÖºñºö¹ä_Q5_00044.JPG	train	train	ÀüÁÖºñºö¹ä	9	ÀüÁÖºñºö¹ä	Q5	4	1.25	side	450	662.192	562.5	827.74
side_ºñºö¹äµ¤¹ä·ù_³Ã¸é±â_ÀüÁÖºñºö¹ä_Q5_00045.JPG	train	train	ÀüÁÖºñºö¹ä	9	ÀüÁÖºñºö¹ä	Q5	4	1.25	side	450	662.192	562.5	827.74
side_ºñºö¹äµ¤¹ä·ù_³Ã¸é±â_ÀüÁÖºñºö¹ä_Q5_00046.JPG	train	train	ÀüÁÖºñºö¹ä	9	ÀüÁÖºñºö¹ä	Q5	4	1.25	side	450	662.192	562.5	827.74
side_ºñºö¹äµ¤¹ä·ù_³Ã¸é±â_ÀüÁÖºñºö¹ä_Q5_00047.JPG	train	train	ÀüÁÖºñºö¹ä	9	ÀüÁÖºñºö¹ä	Q5	4	1.25	side	450	662.192	562.5	827.74
side_ºñºö¹äµ¤¹ä·ù_³Ã¸é±â_ÀüÁÖºñºö¹ä_Q5_00048.JPG	train	train	ÀüÁÖºñºö¹ä	9	ÀüÁÖºñºö¹ä	Q5	4	1.25	side	450	662.192	562.5	827.74
side_ºñºö¹äµ¤¹ä·ù_³Ã¸é±â_ÀüÁÖºñºö¹ä_Q5_00049.JPG	train	train	ÀüÁÖºñºö¹ä	9	ÀüÁÖºñºö¹ä	Q5	4	1.25	side	450	662.192	562.5	827.74
side_ºñºö¹äµ¤¹ä·ù_³Ã¸é±â_ÀüÁÖºñºö¹ä_Q5_00050.JPG	train	train	ÀüÁÖºñºö¹ä	9	ÀüÁÖºñºö¹ä	Q5	4	1.25	side	450	662.192	562.5	827.74
side_ºñºö¹äµ¤¹ä·ù_³Ã¸é±â_ÀüÁÖºñºö¹ä_Q5_00051.JPG	train	train	ÀüÁÖºñºö¹ä	9	ÀüÁÖºñºö¹ä	Q5	4	1.25	side	450	662.192	562.5	827.74
side_ºñºö¹äµ¤¹ä·ù_³Ã¸é±â_ÀüÁÖºñºö¹ä_Q5_00052.JPG	train	train	ÀüÁÖºñºö¹ä	9	ÀüÁÖºñºö¹ä	Q5	4	1.25	side	450	662.192	562.5	827.74
side_ºñºö¹äµ¤¹ä·ù_³Ã¸é±â_ÀüÁÖºñºö¹ä_Q5_00054.JPG	train	train	ÀüÁÖºñºö¹ä	9	ÀüÁÖºñºö¹ä	Q5	4	1.25	side	450	662.192	562.5	827.74
side_ºñºö¹äµ¤¹ä·ù_³Ã¸é±â_ÀüÁÖºñºö¹ä_Q5_00055.JPG	train	train	ÀüÁÖºñºö¹ä	9	ÀüÁÖºñºö¹ä	Q5	4	1.25	side	450	662.192	562.5	827.74
top_ºñºö¹äµ¤¹ä·ù_³Ã¸é±â_ÀüÁÖºñºö¹ä_Q5_00002.JPG	train	train	ÀüÁÖºñºö¹ä	9	ÀüÁÖºñºö¹ä	Q5	4	1.25	top	450	662.192	562.5	827.74
top_ºñºö¹äµ¤¹ä·ù_³Ã¸é±â_ÀüÁÖºñºö¹ä_Q5_00003.JPG	train	train	ÀüÁÖºñºö¹ä	9	ÀüÁÖºñºö¹ä	Q5	4	1.25	top	450	662.192	562.5	827.74
top_ºñºö¹äµ¤¹ä·ù_³Ã¸é±â_ÀüÁÖºñºö¹ä_Q5_00004.JPG	train	train	ÀüÁÖºñºö¹ä	9	ÀüÁÖºñºö¹ä	Q5	4	1.25	top	450	662.192	562.5	827.74
top_ºñºö¹äµ¤¹ä·ù_³Ã¸é±â_ÀüÁÖºñºö¹ä_Q5_00005.JPG	train	train	ÀüÁÖºñºö¹ä	9	ÀüÁÖºñºö¹ä	Q5	4	1.25	top	450	662.192	562.5	827.74
top_ºñºö¹äµ¤¹ä·ù_³Ã¸é±â_ÀüÁÖºñºö¹ä_Q5_00006.JPG	train	train	ÀüÁÖºñºö¹ä	9	ÀüÁÖºñºö¹ä	Q5	4	1.25	top	450	662.192	562.5	827.74
top_ºñºö¹äµ¤¹ä·ù_³Ã¸é±â_ÀüÁÖºñºö¹ä_Q5_00007.JPG	train	train	ÀüÁÖºñºö¹ä	9	ÀüÁÖºñºö¹ä	Q5	4	1.25	top	450	662.192	562.5	827.74
top_ºñºö¹äµ¤¹ä·ù_³Ã¸é±â_ÀüÁÖºñºö¹ä_Q5_00009.JPG	train	train	ÀüÁÖºñºö¹ä	9	ÀüÁÖºñºö¹ä	Q5	4	1.25	top	450	662.192	562.5	827.74
top_ºñºö¹äµ¤¹ä·ù_³Ã¸é±â_ÀüÁÖºñºö¹ä_Q5_00010.JPG	train	train	ÀüÁÖºñºö¹ä	9	ÀüÁÖºñºö¹ä	Q5	4	1.25	top	450	662.192	562.5	827.74
top_ºñºö¹äµ¤¹ä·ù_³Ã¸é±â_ÀüÁÖºñºö¹ä_Q5_00011.JPG	train	train	ÀüÁÖºñºö¹ä	9	ÀüÁÖºñºö¹ä	Q5	4	1.25	top	450	662.192	562.5	827.74
top_ºñºö¹äµ¤¹ä·ù_³Ã¸é±â_ÀüÁÖºñºö¹ä_Q5_00012.JPG	train	train	ÀüÁÖºñºö¹ä	9	ÀüÁÖºñºö¹ä	Q5	4	1.25	top	450	662.192	562.5	827.74
top_ºñºö¹äµ¤¹ä·ù_³Ã¸é±â_ÀüÁÖºñºö¹ä_Q5_00013.JPG	train	train	ÀüÁÖºñºö¹ä	9	ÀüÁÖºñºö¹ä	Q5	4	1.25	top	450	662.192	562.5	827.74
top_ºñºö¹äµ¤¹ä·ù_³Ã¸é±â_ÀüÁÖºñºö¹ä_Q5_00014.JPG	train	train	ÀüÁÖºñºö¹ä	9	ÀüÁÖºñºö¹ä	Q5	4	1.25	top	450	662.192	562.5	827.74
top_ºñºö¹äµ¤¹ä·ù_³Ã¸é±â_ÀüÁÖºñºö¹ä_Q5_00015.JPG	train	train	ÀüÁÖºñºö¹ä	9	ÀüÁÖºñºö¹ä	Q5	4	1.25	top	450	662.192	562.5	827.74
top_ºñºö¹äµ¤¹ä·ù_³Ã¸é±â_ÀüÁÖºñºö¹ä_Q5_00016.JPG	train	train	ÀüÁÖºñºö¹ä	9	ÀüÁÖºñºö¹ä	Q5	4	1.25	top	450	662.192	562.5	827.74
top_ºñºö¹äµ¤¹ä·ù_³Ã¸é±â_ÀüÁÖºñºö¹ä_Q5_00017.JPG	train	train	ÀüÁÖºñºö¹ä	9	ÀüÁÖºñºö¹ä	Q5	4	1.25	top	450	662.192	562.5	827.74
top_ºñºö¹äµ¤¹ä·ù_³Ã¸é±â_ÀüÁÖºñºö¹ä_Q5_00020.JPG	train	train	ÀüÁÖºñºö¹ä	9	ÀüÁÖºñºö¹ä	Q5	4	1.25	top	450	662.192	562.5	827.74
top_ºñºö¹äµ¤¹ä·ù_³Ã¸é±â_ÀüÁÖºñºö¹ä_Q5_00021.JPG	train	train	ÀüÁÖºñºö¹ä	9	ÀüÁÖºñºö¹ä	Q5	4	1.25	top	450	662.192	562.5	827.74
top_ºñºö¹äµ¤¹ä·ù_³Ã¸é±â_ÀüÁÖºñºö¹ä_Q5_00023.JPG	train	train	ÀüÁÖºñºö¹ä	9	ÀüÁÖºñºö¹ä	Q5	4	1.25	top	450	662.192	562.5	827.74
top_ºñºö¹äµ¤¹ä·ù_³Ã¸é±â_ÀüÁÖºñºö¹ä_Q5_00024.JPG	train	train	ÀüÁÖºñºö¹ä	9	ÀüÁÖºñºö¹ä	Q5	4	1.25	top	450	662.192	562.5	827.74
top_ºñºö¹äµ¤¹ä·ù_³Ã¸é±â_ÀüÁÖºñºö¹ä_Q5_00025.JPG	train	train	ÀüÁÖºñºö¹ä	9	ÀüÁÖºñºö¹ä	Q5	4	1.25	top	450	662.192	562.5	827.74
top_ºñºö¹äµ¤¹ä·ù_³Ã¸é±â_ÀüÁÖºñºö¹ä_Q5_00027.JPG	train	train	ÀüÁÖºñºö¹ä	9	ÀüÁÖºñºö¹ä	Q5	4	1.25	top	450	662.192	562.5	827.74
top_ºñºö¹äµ¤¹ä·ù_³Ã¸é±â_ÀüÁÖºñºö¹ä_Q5_00028.JPG	train	train	ÀüÁÖºñºö¹ä	9	ÀüÁÖºñºö¹ä	Q5	4	1.25	top	450	662.192	562.5	827.74
top_ºñºö¹äµ¤¹ä·ù_³Ã¸é±â_ÀüÁÖºñºö¹ä_Q5_00029.JPG	train	train	ÀüÁÖºñºö¹ä	9	ÀüÁÖºñºö¹ä	Q5	4	1.25	top	450	662.192	562.5	827.74
top_ºñºö¹äµ¤¹ä·ù_³Ã¸é±â_ÀüÁÖºñºö¹ä_Q5_00030.JPG	train	train	ÀüÁÖºñºö¹ä	9	ÀüÁÖºñºö¹ä	Q5	4	1.25	top	450	662.192	562.5	827.74
top_ºñºö¹äµ¤¹ä·ù_³Ã¸é±â_ÀüÁÖºñºö¹ä_Q5_00031.JPG	train	train	ÀüÁÖºñºö¹ä	9	ÀüÁÖºñºö¹ä	Q5	4	1.25	top	450	662.192	562.5	827.74
top_ºñºö¹äµ¤¹ä·ù_³Ã¸é±â_ÀüÁÖºñºö¹ä_Q5_00033.JPG	train	train	ÀüÁÖºñºö¹ä	9	ÀüÁÖºñºö¹ä	Q5	4	1.25	top	450	662.192	562.5	827.74
top_ºñºö¹äµ¤¹ä·ù_³Ã¸é±â_ÀüÁÖºñºö¹ä_Q5_00034.JPG	train	train	ÀüÁÖºñºö¹ä	9	ÀüÁÖºñºö¹ä	Q5	4	1.25	top	450	662.192	562.5	827.74
top_ºñºö¹äµ¤¹ä·ù_³Ã¸é±â_ÀüÁÖºñºö¹ä_Q5_00035.JPG	train	train	ÀüÁÖºñºö¹ä	9	ÀüÁÖºñºö¹ä	Q5	4	1.25	top	450	662.192	562.5	827.74
top_ºñºö¹äµ¤¹ä·ù_³Ã¸é±â_ÀüÁÖºñºö¹ä_Q5_00037.JPG	train	train	ÀüÁÖºñºö¹ä	9	ÀüÁÖºñºö¹ä	Q5	4	1.25	top	450	662.192	562.5	827.74
top_ºñºö¹äµ¤¹ä·ù_³Ã¸é±â_ÀüÁÖºñºö¹ä_Q5_00039.JPG	train	train	ÀüÁÖºñºö¹ä	9	ÀüÁÖºñºö¹ä	Q5	4	1.25	top	450	662.192	562.5	827.74
top_ºñºö¹äµ¤¹ä·ù_³Ã¸é±â_ÀüÁÖºñºö¹ä_Q5_00043.JPG	train	train	ÀüÁÖºñºö¹ä	9	ÀüÁÖºñºö¹ä	Q5	4	1.25	top	450	662.192	562.5	827.74
top_ºñºö¹äµ¤¹ä·ù_³Ã¸é±â_ÀüÁÖºñºö¹ä_Q5_00044.JPG	train	train	ÀüÁÖºñºö¹ä	9	ÀüÁÖºñºö¹ä	Q5	4	1.25	top	450	662.192	562.5	827.74
top_ºñºö¹äµ¤¹ä·ù_³Ã¸é±â_ÀüÁÖºñºö¹ä_Q5_00045.JPG	train	train	ÀüÁÖºñºö¹ä	9	ÀüÁÖºñºö¹ä	Q5	4	1.25	top	450	662.192	562.5	827.74
top_ºñºö¹äµ¤¹ä·ù_³Ã¸é±â_ÀüÁÖºñºö¹ä_Q5_00046.JPG	train	train	ÀüÁÖºñºö¹ä	9	ÀüÁÖºñºö¹ä	Q5	4	1.25	top	450	662.192	562.5	827.74
top_ºñºö¹äµ¤¹ä·ù_³Ã¸é±â_ÀüÁÖºñºö¹ä_Q5_00049.JPG	train	train	ÀüÁÖºñºö¹ä	9	ÀüÁÖºñºö¹ä	Q5	4	1.25	top	450	662.192	562.5	827.74
top_ºñºö¹äµ¤¹ä·ù_³Ã¸é±â_ÀüÁÖºñºö¹ä_Q5_00050.JPG	train	train	ÀüÁÖºñºö¹ä	9	ÀüÁÖºñºö¹ä	Q5	4	1.25	top	450	662.192	562.5	827.74
top_ºñºö¹äµ¤¹ä·ù_³Ã¸é±â_ÀüÁÖºñºö¹ä_Q5_00051.JPG	train	train	ÀüÁÖºñºö¹ä	9	ÀüÁÖºñºö¹ä	Q5	4	1.25	top	450	662.192	562.5	827.74
top_ºñºö¹äµ¤¹ä·ù_³Ã¸é±â_ÀüÁÖºñºö¹ä_Q5_00052.JPG	train	train	ÀüÁÖºñºö¹ä	9	ÀüÁÖºñºö¹ä	Q5	4	1.25	top	450	662.192	562.5	827.74
top_ºñºö¹äµ¤¹ä·ù_³Ã¸é±â_ÀüÁÖºñºö¹ä_Q5_00053.JPG	train	train	ÀüÁÖºñºö¹ä	9	ÀüÁÖºñºö¹ä	Q5	4	1.25	top	450	662.192	562.5	827.74
top_ºñºö¹äµ¤¹ä·ù_³Ã¸é±â_ÀüÁÖºñºö¹ä_Q5_00054.JPG	train	train	ÀüÁÖºñºö¹ä	9	ÀüÁÖºñºö¹ä	Q5	4	1.25	top	450	662.192	562.5	827.74
top_ºñºö¹äµ¤¹ä·ù_³Ã¸é±â_ÀüÁÖºñºö¹ä_Q5_00055.JPG	train	train	ÀüÁÖºñºö¹ä	9	ÀüÁÖºñºö¹ä	Q5	4	1.25	top	450	662.192	562.5	827.74
top_ºñºö¹äµ¤¹ä·ù_³Ã¸é±â_ÀüÁÖºñºö¹ä_Q5_00056.JPG	train	train	ÀüÁÖºñºö¹ä	9	ÀüÁÖºñºö¹ä	Q5	4	1.25	top	450	662.192	562.5	827.74
top_ºñºö¹äµ¤¹ä·ù_³Ã¸é±â_ÀüÁÖºñºö¹ä_Q5_00057.JPG	train	train	ÀüÁÖºñºö¹ä	9	ÀüÁÖºñºö¹ä	Q5	4	1.25	top	450	662.192	562.5	827.74
top_ºñºö¹äµ¤¹ä·ù_³Ã¸é±â_ÀüÁÖºñºö¹ä_Q5_00058.JPG	train	train	ÀüÁÖºñºö¹ä	9	ÀüÁÖºñºö¹ä	Q5	4	1.25	top	450	662.192	562.5	827.74
side_±¹·ù_¶Ò¹è±â_ÀüÁÖÄá³ª¹°±¹¹ä_Q1_00001.JPG	train	train	ÀüÁÖÄá³ª¹°±¹¹ä	10	ÀüÁÖÄá³ª¹°±¹¹ä	Q1	0	0.25	side	900	432.38	225	108.09
side_±¹·ù_¶Ò¹è±â_ÀüÁÖÄá³ª¹°±¹¹ä_Q1_00003.JPG	train	train	ÀüÁÖÄá³ª¹°±¹¹ä	10	ÀüÁÖÄá³ª¹°±¹¹ä	Q1	0	0.25	side	900	432.38	225	108.09
side_±¹·ù_¶Ò¹è±â_ÀüÁÖÄá³ª¹°±¹¹ä_Q1_00004.JPG	train	train	ÀüÁÖÄá³ª¹°±¹¹ä	10	ÀüÁÖÄá³ª¹°±¹¹ä	Q1	0	0.25	side	900	432.38	225	108.09
side_±¹·ù_¶Ò¹è±â_ÀüÁÖÄá³ª¹°±¹¹ä_Q1_00005.JPG	train	train	ÀüÁÖÄá³ª¹°±¹¹ä	10	ÀüÁÖÄá³ª¹°±¹¹ä	Q1	0	0.25	side	900	432.38	225	108.09
side_±¹·ù_¶Ò¹è±â_ÀüÁÖÄá³ª¹°±¹¹ä_Q1_00006.JPG	train	train	ÀüÁÖÄá³ª¹°±¹¹ä	10	ÀüÁÖÄá³ª¹°±¹¹ä	Q1	0	0.25	side	900	432.38	225	108.09
side_±¹·ù_¶Ò¹è±â_ÀüÁÖÄá³ª¹°±¹¹ä_Q1_00007.JPG	train	train	ÀüÁÖÄá³ª¹°±¹¹ä	10	ÀüÁÖÄá³ª¹°±¹¹ä	Q1	0	0.25	side	900	432.38	225	108.09
side_±¹·ù_¶Ò¹è±â_ÀüÁÖÄá³ª¹°±¹¹ä_Q1_00009.JPG	train	train	ÀüÁÖÄá³ª¹°±¹¹ä	10	ÀüÁÖÄá³ª¹°±¹¹ä	Q1	0	0.25	side	900	432.38	225	108.09
side_±¹·ù_¶Ò¹è±â_ÀüÁÖÄá³ª¹°±¹¹ä_Q1_00010.JPG	train	train	ÀüÁÖÄá³ª¹°±¹¹ä	10	ÀüÁÖÄá³ª¹°±¹¹ä	Q1	0	0.25	side	900	432.38	225	108.09
side_±¹·ù_¶Ò¹è±â_ÀüÁÖÄá³ª¹°±¹¹ä_Q1_00011.JPG	train	train	ÀüÁÖÄá³ª¹°±¹¹ä	10	ÀüÁÖÄá³ª¹°±¹¹ä	Q1	0	0.25	side	900	432.38	225	108.09
side_±¹·ù_¶Ò¹è±â_ÀüÁÖÄá³ª¹°±¹¹ä_Q1_00012.JPG	train	train	ÀüÁÖÄá³ª¹°±¹¹ä	10	ÀüÁÖÄá³ª¹°±¹¹ä	Q1	0	0.25	side	900	432.38	225	108.09
side_±¹·ù_¶Ò¹è±â_ÀüÁÖÄá³ª¹°±¹¹ä_Q1_00013.JPG	train	train	ÀüÁÖÄá³ª¹°±¹¹ä	10	ÀüÁÖÄá³ª¹°±¹¹ä	Q1	0	0.25	side	900	432.38	225	108.09
side_±¹·ù_¶Ò¹è±â_ÀüÁÖÄá³ª¹°±¹¹ä_Q1_00014.JPG	train	train	ÀüÁÖÄá³ª¹°±¹¹ä	10	ÀüÁÖÄá³ª¹°±¹¹ä	Q1	0	0.25	side	900	432.38	225	108.09
side_±¹·ù_¶Ò¹è±â_ÀüÁÖÄá³ª¹°±¹¹ä_Q1_00015.JPG	train	train	ÀüÁÖÄá³ª¹°±¹¹ä	10	ÀüÁÖÄá³ª¹°±¹¹ä	Q1	0	0.25	side	900	432.38	225	108.09
side_±¹·ù_¶Ò¹è±â_ÀüÁÖÄá³ª¹°±¹¹ä_Q1_00016.JPG	train	train	ÀüÁÖÄá³ª¹°±¹¹ä	10	ÀüÁÖÄá³ª¹°±¹¹ä	Q1	0	0.25	side	900	432.38	225	108.09
side_±¹·ù_¶Ò¹è±â_ÀüÁÖÄá³ª¹°±¹¹ä_Q1_00017.JPG	train	train	ÀüÁÖÄá³ª¹°±¹¹ä	10	ÀüÁÖÄá³ª¹°±¹¹ä	Q1	0	0.25	side	900	432.38	225	108.09
side_±¹·ù_¶Ò¹è±â_ÀüÁÖÄá³ª¹°±¹¹ä_Q1_00019.JPG	train	train	ÀüÁÖÄá³ª¹°±¹¹ä	10	ÀüÁÖÄá³ª¹°±¹¹ä	Q1	0	0.25	side	900	432.38	225	108.09
side_±¹·ù_¶Ò¹è±â_ÀüÁÖÄá³ª¹°±¹¹ä_Q1_00020.JPG	train	train	ÀüÁÖÄá³ª¹°±¹¹ä	10	ÀüÁÖÄá³ª¹°±¹¹ä	Q1	0	0.25	side	900	432.38	225	108.09
side_±¹·ù_¶Ò¹è±â_ÀüÁÖÄá³ª¹°±¹¹ä_Q1_00023.JPG	train	train	ÀüÁÖÄá³ª¹°±¹¹ä	10	ÀüÁÖÄá³ª¹°±¹¹ä	Q1	0	0.25	side	900	432.38	225	108.09
side_±¹·ù_¶Ò¹è±â_ÀüÁÖÄá³ª¹°±¹¹ä_Q1_00024.JPG	train	train	ÀüÁÖÄá³ª¹°±¹¹ä	10	ÀüÁÖÄá³ª¹°±¹¹ä	Q1	0	0.25	side	900	432.38	225	108.09
side_±¹·ù_¶Ò¹è±â_ÀüÁÖÄá³ª¹°±¹¹ä_Q1_00026.JPG	train	train	ÀüÁÖÄá³ª¹°±¹¹ä	10	ÀüÁÖÄá³ª¹°±¹¹ä	Q1	0	0.25	side	900	432.38	225	108.09
side_±¹·ù_¶Ò¹è±â_ÀüÁÖÄá³ª¹°±¹¹ä_Q1_00027.JPG	train	train	ÀüÁÖÄá³ª¹°±¹¹ä	10	ÀüÁÖÄá³ª¹°±¹¹ä	Q1	0	0.25	side	900	432.38	225	108.09
side_±¹·ù_¶Ò¹è±â_ÀüÁÖÄá³ª¹°±¹¹ä_Q1_00028.JPG	train	train	ÀüÁÖÄá³ª¹°±¹¹ä	10	ÀüÁÖÄá³ª¹°±¹¹ä	Q1	0	0.25	side	900	432.38	225	108.09
side_±¹·ù_¶Ò¹è±â_ÀüÁÖÄá³ª¹°±¹¹ä_Q1_00029.JPG	train	train	ÀüÁÖÄá³ª¹°±¹¹ä	10	ÀüÁÖÄá³ª¹°±¹¹ä	Q1	0	0.25	side	900	432.38	225	108.09
side_±¹·ù_¶Ò¹è±â_ÀüÁÖÄá³ª¹°±¹¹ä_Q1_00030.JPG	train	train	ÀüÁÖÄá³ª¹°±¹¹ä	10	ÀüÁÖÄá³ª¹°±¹¹ä	Q1	0	0.25	side	900	432.38	225	108.09
side_±¹·ù_¶Ò¹è±â_ÀüÁÖÄá³ª¹°±¹¹ä_Q1_00031.JPG	train	train	ÀüÁÖÄá³ª¹°±¹¹ä	10	ÀüÁÖÄá³ª¹°±¹¹ä	Q1	0	0.25	side	900	432.38	225	108.09
side_±¹·ù_¶Ò¹è±â_ÀüÁÖÄá³ª¹°±¹¹ä_Q1_00032.JPG	train	train	ÀüÁÖÄá³ª¹°±¹¹ä	10	ÀüÁÖÄá³ª¹°±¹¹ä	Q1	0	0.25	side	900	432.38	225	108.09
side_±¹·ù_¶Ò¹è±â_ÀüÁÖÄá³ª¹°±¹¹ä_Q1_00033.JPG	train	train	ÀüÁÖÄá³ª¹°±¹¹ä	10	ÀüÁÖÄá³ª¹°±¹¹ä	Q1	0	0.25	side	900	432.38	225	108.09
side_±¹·ù_¶Ò¹è±â_ÀüÁÖÄá³ª¹°±¹¹ä_Q1_00035.JPG	train	train	ÀüÁÖÄá³ª¹°±¹¹ä	10	ÀüÁÖÄá³ª¹°±¹¹ä	Q1	0	0.25	side	900	432.38	225	108.09
side_±¹·ù_¶Ò¹è±â_ÀüÁÖÄá³ª¹°±¹¹ä_Q1_00037.JPG	train	train	ÀüÁÖÄá³ª¹°±¹¹ä	10	ÀüÁÖÄá³ª¹°±¹¹ä	Q1	0	0.25	side	900	432.38	225	108.09
side_±¹·ù_¶Ò¹è±â_ÀüÁÖÄá³ª¹°±¹¹ä_Q1_00039.JPG	train	train	ÀüÁÖÄá³ª¹°±¹¹ä	10	ÀüÁÖÄá³ª¹°±¹¹ä	Q1	0	0.25	side	900	432.38	225	108.09
side_±¹·ù_¶Ò¹è±â_ÀüÁÖÄá³ª¹°±¹¹ä_Q1_00040.JPG	train	train	ÀüÁÖÄá³ª¹°±¹¹ä	10	ÀüÁÖÄá³ª¹°±¹¹ä	Q1	0	0.25	side	900	432.38	225	108.09
side_±¹·ù_¶Ò¹è±â_ÀüÁÖÄá³ª¹°±¹¹ä_Q1_00041.JPG	train	train	ÀüÁÖÄá³ª¹°±¹¹ä	10	ÀüÁÖÄá³ª¹°±¹¹ä	Q1	0	0.25	side	900	432.38	225	108.09
side_±¹·ù_¶Ò¹è±â_ÀüÁÖÄá³ª¹°±¹¹ä_Q1_00042.JPG	train	train	ÀüÁÖÄá³ª¹°±¹¹ä	10	ÀüÁÖÄá³ª¹°±¹¹ä	Q1	0	0.25	side	900	432.38	225	108.09
side_±¹·ù_¶Ò¹è±â_ÀüÁÖÄá³ª¹°±¹¹ä_Q1_00043.JPG	train	train	ÀüÁÖÄá³ª¹°±¹¹ä	10	ÀüÁÖÄá³ª¹°±¹¹ä	Q1	0	0.25	side	900	432.38	225	108.09
side_±¹·ù_¶Ò¹è±â_ÀüÁÖÄá³ª¹°±¹¹ä_Q1_00044.JPG	train	train	ÀüÁÖÄá³ª¹°±¹¹ä	10	ÀüÁÖÄá³ª¹°±¹¹ä	Q1	0	0.25	side	900	432.38	225	108.09
side_±¹·ù_¶Ò¹è±â_ÀüÁÖÄá³ª¹°±¹¹ä_Q1_00046.JPG	train	train	ÀüÁÖÄá³ª¹°±¹¹ä	10	ÀüÁÖÄá³ª¹°±¹¹ä	Q1	0	0.25	side	900	432.38	225	108.09
side_±¹·ù_¶Ò¹è±â_ÀüÁÖÄá³ª¹°±¹¹ä_Q1_00047.JPG	train	train	ÀüÁÖÄá³ª¹°±¹¹ä	10	ÀüÁÖÄá³ª¹°±¹¹ä	Q1	0	0.25	side	900	432.38	225	108.09
side_±¹·ù_¶Ò¹è±â_ÀüÁÖÄá³ª¹°±¹¹ä_Q1_00048.JPG	train	train	ÀüÁÖÄá³ª¹°±¹¹ä	10	ÀüÁÖÄá³ª¹°±¹¹ä	Q1	0	0.25	side	900	432.38	225	108.09
side_±¹·ù_¶Ò¹è±â_ÀüÁÖÄá³ª¹°±¹¹ä_Q1_00050.JPG	train	train	ÀüÁÖÄá³ª¹°±¹¹ä	10	ÀüÁÖÄá³ª¹°±¹¹ä	Q1	0	0.25	side	900	432.38	225	108.09
side_±¹·ù_¶Ò¹è±â_ÀüÁÖÄá³ª¹°±¹¹ä_Q1_00051.JPG	train	train	ÀüÁÖÄá³ª¹°±¹¹ä	10	ÀüÁÖÄá³ª¹°±¹¹ä	Q1	0	0.25	side	900	432.38	225	108.09
side_±¹·ù_¶Ò¹è±â_ÀüÁÖÄá³ª¹°±¹¹ä_Q1_00052.JPG	train	train	ÀüÁÖÄá³ª¹°±¹¹ä	10	ÀüÁÖÄá³ª¹°±¹¹ä	Q1	0	0.25	side	900	432.38	225	108.09
side_±¹·ù_¶Ò¹è±â_ÀüÁÖÄá³ª¹°±¹¹ä_Q1_00053.JPG	train	train	ÀüÁÖÄá³ª¹°±¹¹ä	10	ÀüÁÖÄá³ª¹°±¹¹ä	Q1	0	0.25	side	900	432.38	225	108.09
top_±¹·ù_¶Ò¹è±â_ÀüÁÖÄá³ª¹°±¹¹ä_Q1_00001.JPG	train	train	ÀüÁÖÄá³ª¹°±¹¹ä	10	ÀüÁÖÄá³ª¹°±¹¹ä	Q1	0	0.25	top	900	432.38	225	108.09
top_±¹·ù_¶Ò¹è±â_ÀüÁÖÄá³ª¹°±¹¹ä_Q1_00002.JPG	train	train	ÀüÁÖÄá³ª¹°±¹¹ä	10	ÀüÁÖÄá³ª¹°±¹¹ä	Q1	0	0.25	top	900	432.38	225	108.09
top_±¹·ù_¶Ò¹è±â_ÀüÁÖÄá³ª¹°±¹¹ä_Q1_00003.JPG	train	train	ÀüÁÖÄá³ª¹°±¹¹ä	10	ÀüÁÖÄá³ª¹°±¹¹ä	Q1	0	0.25	top	900	432.38	225	108.09
top_±¹·ù_¶Ò¹è±â_ÀüÁÖÄá³ª¹°±¹¹ä_Q1_00004.JPG	train	train	ÀüÁÖÄá³ª¹°±¹¹ä	10	ÀüÁÖÄá³ª¹°±¹¹ä	Q1	0	0.25	top	900	432.38	225	108.09
top_±¹·ù_¶Ò¹è±â_ÀüÁÖÄá³ª¹°±¹¹ä_Q1_00005.JPG	train	train	ÀüÁÖÄá³ª¹°±¹¹ä	10	ÀüÁÖÄá³ª¹°±¹¹ä	Q1	0	0.25	top	900	432.38	225	108.09
top_±¹·ù_¶Ò¹è±â_ÀüÁÖÄá³ª¹°±¹¹ä_Q1_00006.JPG	train	train	ÀüÁÖÄá³ª¹°±¹¹ä	10	ÀüÁÖÄá³ª¹°±¹¹ä	Q1	0	0.25	top	900	432.38	225	108.09
top_±¹·ù_¶Ò¹è±â_ÀüÁÖÄá³ª¹°±¹¹ä_Q1_00007.JPG	train	train	ÀüÁÖÄá³ª¹°±¹¹ä	10	ÀüÁÖÄá³ª¹°±¹¹ä	Q1	0	0.25	top	900	432.38	225	108.09
top_±¹·ù_¶Ò¹è±â_ÀüÁÖÄá³ª¹°±¹¹ä_Q1_00008.JPG	train	train	ÀüÁÖÄá³ª¹°±¹¹ä	10	ÀüÁÖÄá³ª¹°±¹¹ä	Q1	0	0.25	top	900	432.38	225	108.09
top_±¹·ù_¶Ò¹è±â_ÀüÁÖÄá³ª¹°±¹¹ä_Q1_00009.JPG	train	train	ÀüÁÖÄá³ª¹°±¹¹ä	10	ÀüÁÖÄá³ª¹°±¹¹ä	Q1	0	0.25	top	900	432.38	225	108.09
top_±¹·ù_¶Ò¹è±â_ÀüÁÖÄá³ª¹°±¹¹ä_Q1_00010.JPG	train	train	ÀüÁÖÄá³ª¹°±¹¹ä	10	ÀüÁÖÄá³ª¹°±¹¹ä	Q1	0	0.25	top	900	432.38	225	108.09
top_±¹·ù_¶Ò¹è±â_ÀüÁÖÄá³ª¹°±¹¹ä_Q1_00012.JPG	train	train	ÀüÁÖÄá³ª¹°±¹¹ä	10	ÀüÁÖÄá³ª¹°±¹¹ä	Q1	0	0.25	top	900	432.38	225	108.09
top_±¹·ù_¶Ò¹è±â_ÀüÁÖÄá³ª¹°±¹¹ä_Q1_00014.JPG	train	train	ÀüÁÖÄá³ª¹°±¹¹ä	10	ÀüÁÖÄá³ª¹°±¹¹ä	Q1	0	0.25	top	900	432.38	225	108.09
top_±¹·ù_¶Ò¹è±â_ÀüÁÖÄá³ª¹°±¹¹ä_Q1_00015.JPG	train	train	ÀüÁÖÄá³ª¹°±¹¹ä	10	ÀüÁÖÄá³ª¹°±¹¹ä	Q1	0	0.25	top	900	432.38	225	108.09
top_±¹·ù_¶Ò¹è±â_ÀüÁÖÄá³ª¹°±¹¹ä_Q1_00016.JPG	train	train	ÀüÁÖÄá³ª¹°±¹¹ä	10	ÀüÁÖÄá³ª¹°±¹¹ä	Q1	0	0.25	top	900	432.38	225	108.09
top_±¹·ù_¶Ò¹è±â_ÀüÁÖÄá³ª¹°±¹¹ä_Q1_00017.JPG	train	train	ÀüÁÖÄá³ª¹°±¹¹ä	10	ÀüÁÖÄá³ª¹°±¹¹ä	Q1	0	0.25	top	900	432.38	225	108.09
top_±¹·ù_¶Ò¹è±â_ÀüÁÖÄá³ª¹°±¹¹ä_Q1_00018.JPG	train	train	ÀüÁÖÄá³ª¹°±¹¹ä	10	ÀüÁÖÄá³ª¹°±¹¹ä	Q1	0	0.25	top	900	432.38	225	108.09
top_±¹·ù_¶Ò¹è±â_ÀüÁÖÄá³ª¹°±¹¹ä_Q1_00019.JPG	train	train	ÀüÁÖÄá³ª¹°±¹¹ä	10	ÀüÁÖÄá³ª¹°±¹¹ä	Q1	0	0.25	top	900	432.38	225	108.09
top_±¹·ù_¶Ò¹è±â_ÀüÁÖÄá³ª¹°±¹¹ä_Q1_00021.JPG	train	train	ÀüÁÖÄá³ª¹°±¹¹ä	10	ÀüÁÖÄá³ª¹°±¹¹ä	Q1	0	0.25	top	900	432.38	225	108.09
top_±¹·ù_¶Ò¹è±â_ÀüÁÖÄá³ª¹°±¹¹ä_Q1_00022.JPG	train	train	ÀüÁÖÄá³ª¹°±¹¹ä	10	ÀüÁÖÄá³ª¹°±¹¹ä	Q1	0	0.25	top	900	432.38	225	108.09
top_±¹·ù_¶Ò¹è±â_ÀüÁÖÄá³ª¹°±¹¹ä_Q1_00023.JPG	train	train	ÀüÁÖÄá³ª¹°±¹¹ä	10	ÀüÁÖÄá³ª¹°±¹¹ä	Q1	0	0.25	top	900	432.38	225	108.09
top_±¹·ù_¶Ò¹è±â_ÀüÁÖÄá³ª¹°±¹¹ä_Q1_00024.JPG	train	train	ÀüÁÖÄá³ª¹°±¹¹ä	10	ÀüÁÖÄá³ª¹°±¹¹ä	Q1	0	0.25	top	900	432.38	225	108.09
top_±¹·ù_¶Ò¹è±â_ÀüÁÖÄá³ª¹°±¹¹ä_Q1_00025.JPG	train	train	ÀüÁÖÄá³ª¹°±¹¹ä	10	ÀüÁÖÄá³ª¹°±¹¹ä	Q1	0	0.25	top	900	432.38	225	108.09
top_±¹·ù_¶Ò¹è±â_ÀüÁÖÄá³ª¹°±¹¹ä_Q1_00026.JPG	train	train	ÀüÁÖÄá³ª¹°±¹¹ä	10	ÀüÁÖÄá³ª¹°±¹¹ä	Q1	0	0.25	top	900	432.38	225	108.09
top_±¹·ù_¶Ò¹è±â_ÀüÁÖÄá³ª¹°±¹¹ä_Q1_00027.JPG	train	train	ÀüÁÖÄá³ª¹°±¹¹ä	10	ÀüÁÖÄá³ª¹°±¹¹ä	Q1	0	0.25	top	900	432.38	225	108.09
top_±¹·ù_¶Ò¹è±â_ÀüÁÖÄá³ª¹°±¹¹ä_Q1_00029.JPG	train	train	ÀüÁÖÄá³ª¹°±¹¹ä	10	ÀüÁÖÄá³ª¹°±¹¹ä	Q1	0	0.25	top	900	432.38	225	108.09
top_±¹·ù_¶Ò¹è±â_ÀüÁÖÄá³ª¹°±¹¹ä_Q1_00030.JPG	train	train	ÀüÁÖÄá³ª¹°±¹¹ä	10	ÀüÁÖÄá³ª¹°±¹¹ä	Q1	0	0.25	top	900	432.38	225	108.09
top_±¹·ù_¶Ò¹è±â_ÀüÁÖÄá³ª¹°±¹¹ä_Q1_00031.JPG	train	train	ÀüÁÖÄá³ª¹°±¹¹ä	10	ÀüÁÖÄá³ª¹°±¹¹ä	Q1	0	0.25	top	900	432.38	225	108.09
top_±¹·ù_¶Ò¹è±â_ÀüÁÖÄá³ª¹°±¹¹ä_Q1_00033.JPG	train	train	ÀüÁÖÄá³ª¹°±¹¹ä	10	ÀüÁÖÄá³ª¹°±¹¹ä	Q1	0	0.25	top	900	432.38	225	108.09
top_±¹·ù_¶Ò¹è±â_ÀüÁÖÄá³ª¹°±¹¹ä_Q1_00034.JPG	train	train	ÀüÁÖÄá³ª¹°±¹¹ä	10	ÀüÁÖÄá³ª¹°±¹¹ä	Q1	0	0.25	top	900	432.38	225	108.09
top_±¹·ù_¶Ò¹è±â_ÀüÁÖÄá³ª¹°±¹¹ä_Q1_00035.JPG	train	train	ÀüÁÖÄá³ª¹°±¹¹ä	10	ÀüÁÖÄá³ª¹°±¹¹ä	Q1	0	0.25	top	900	432.38	225	108.09
top_±¹·ù_¶Ò¹è±â_ÀüÁÖÄá³ª¹°±¹¹ä_Q1_00037.JPG	train	train	ÀüÁÖÄá³ª¹°±¹¹ä	10	ÀüÁÖÄá³ª¹°±¹¹ä	Q1	0	0.25	top	900	432.38	225	108.09
top_±¹·ù_¶Ò¹è±â_ÀüÁÖÄá³ª¹°±¹¹ä_Q1_00038.JPG	train	train	ÀüÁÖÄá³ª¹°±¹¹ä	10	ÀüÁÖÄá³ª¹°±¹¹ä	Q1	0	0.25	top	900	432.38	225	108.09
top_±¹·ù_¶Ò¹è±â_ÀüÁÖÄá³ª¹°±¹¹ä_Q1_00041.JPG	train	train	ÀüÁÖÄá³ª¹°±¹¹ä	10	ÀüÁÖÄá³ª¹°±¹¹ä	Q1	0	0.25	top	900	432.38	225	108.09
top_±¹·ù_¶Ò¹è±â_ÀüÁÖÄá³ª¹°±¹¹ä_Q1_00042.JPG	train	train	ÀüÁÖÄá³ª¹°±¹¹ä	10	ÀüÁÖÄá³ª¹°±¹¹ä	Q1	0	0.25	top	900	432.38	225	108.09
top_±¹·ù_¶Ò¹è±â_ÀüÁÖÄá³ª¹°±¹¹ä_Q1_00043.JPG	train	train	ÀüÁÖÄá³ª¹°±¹¹ä	10	ÀüÁÖÄá³ª¹°±¹¹ä	Q1	0	0.25	top	900	432.38	225	108.09
top_±¹·ù_¶Ò¹è±â_ÀüÁÖÄá³ª¹°±¹¹ä_Q1_00044.JPG	train	train	ÀüÁÖÄá³ª¹°±¹¹ä	10	ÀüÁÖÄá³ª¹°±¹¹ä	Q1	0	0.25	top	900	432.38	225	108.09
top_±¹·ù_¶Ò¹è±â_ÀüÁÖÄá³ª¹°±¹¹ä_Q1_00045.JPG	train	train	ÀüÁÖÄá³ª¹°±¹¹ä	10	ÀüÁÖÄá³ª¹°±¹¹ä	Q1	0	0.25	top	900	432.38	225	108.09
top_±¹·ù_¶Ò¹è±â_ÀüÁÖÄá³ª¹°±¹¹ä_Q1_00046.JPG	train	train	ÀüÁÖÄá³ª¹°±¹¹ä	10	ÀüÁÖÄá³ª¹°±¹¹ä	Q1	0	0.25	top	900	432.38	225	108.09
top_±¹·ù_¶Ò¹è±â_ÀüÁÖÄá³ª¹°±¹¹ä_Q1_00049.JPG	train	train	ÀüÁÖÄá³ª¹°±¹¹ä	10	ÀüÁÖÄá³ª¹°±¹¹ä	Q1	0	0.25	top	900	432.38	225	108.09
top_±¹·ù_¶Ò¹è±â_ÀüÁÖÄá³ª¹°±¹¹ä_Q1_00050.JPG	train	train	ÀüÁÖÄá³ª¹°±¹¹ä	10	ÀüÁÖÄá³ª¹°±¹¹ä	Q1	0	0.25	top	900	432.38	225	108.09
top_±¹·ù_¶Ò¹è±â_ÀüÁÖÄá³ª¹°±¹¹ä_Q1_00051.JPG	train	train	ÀüÁÖÄá³ª¹°±¹¹ä	10	ÀüÁÖÄá³ª¹°±¹¹ä	Q1	0	0.25	top	900	432.38	225	108.09
top_±¹·ù_¶Ò¹è±â_ÀüÁÖÄá³ª¹°±¹¹ä_Q1_00052.JPG	train	train	ÀüÁÖÄá³ª¹°±¹¹ä	10	ÀüÁÖÄá³ª¹°±¹¹ä	Q1	0	0.25	top	900	432.38	225	108.09
top_±¹·ù_¶Ò¹è±â_ÀüÁÖÄá³ª¹°±¹¹ä_Q1_00053.JPG	train	train	ÀüÁÖÄá³ª¹°±¹¹ä	10	ÀüÁÖÄá³ª¹°±¹¹ä	Q1	0	0.25	top	900	432.38	225	108.09
top_±¹·ù_¶Ò¹è±â_ÀüÁÖÄá³ª¹°±¹¹ä_Q1_00054.JPG	train	train	ÀüÁÖÄá³ª¹°±¹¹ä	10	ÀüÁÖÄá³ª¹°±¹¹ä	Q1	0	0.25	top	900	432.38	225	108.09
top_±¹·ù_¶Ò¹è±â_ÀüÁÖÄá³ª¹°±¹¹ä_Q1_00055.JPG	train	train	ÀüÁÖÄá³ª¹°±¹¹ä	10	ÀüÁÖÄá³ª¹°±¹¹ä	Q1	0	0.25	top	900	432.38	225	108.09
top_±¹·ù_¶Ò¹è±â_ÀüÁÖÄá³ª¹°±¹¹ä_Q1_00056.JPG	train	train	ÀüÁÖÄá³ª¹°±¹¹ä	10	ÀüÁÖÄá³ª¹°±¹¹ä	Q1	0	0.25	top	900	432.38	225	108.09
side_±¹·ù_¶Ò¹è±â_ÀüÁÖÄá³ª¹°±¹¹ä_Q2_00001.JPG	train	train	ÀüÁÖÄá³ª¹°±¹¹ä	10	ÀüÁÖÄá³ª¹°±¹¹ä	Q2	1	0.5	side	900	432.38	450	216.19
side_±¹·ù_¶Ò¹è±â_ÀüÁÖÄá³ª¹°±¹¹ä_Q2_00002.JPG	train	train	ÀüÁÖÄá³ª¹°±¹¹ä	10	ÀüÁÖÄá³ª¹°±¹¹ä	Q2	1	0.5	side	900	432.38	450	216.19
side_±¹·ù_¶Ò¹è±â_ÀüÁÖÄá³ª¹°±¹¹ä_Q2_00005.JPG	train	train	ÀüÁÖÄá³ª¹°±¹¹ä	10	ÀüÁÖÄá³ª¹°±¹¹ä	Q2	1	0.5	side	900	432.38	450	216.19
side_±¹·ù_¶Ò¹è±â_ÀüÁÖÄá³ª¹°±¹¹ä_Q2_00006.JPG	train	train	ÀüÁÖÄá³ª¹°±¹¹ä	10	ÀüÁÖÄá³ª¹°±¹¹ä	Q2	1	0.5	side	900	432.38	450	216.19
side_±¹·ù_¶Ò¹è±â_ÀüÁÖÄá³ª¹°±¹¹ä_Q2_00008.JPG	train	train	ÀüÁÖÄá³ª¹°±¹¹ä	10	ÀüÁÖÄá³ª¹°±¹¹ä	Q2	1	0.5	side	900	432.38	450	216.19
side_±¹·ù_¶Ò¹è±â_ÀüÁÖÄá³ª¹°±¹¹ä_Q2_00009.JPG	train	train	ÀüÁÖÄá³ª¹°±¹¹ä	10	ÀüÁÖÄá³ª¹°±¹¹ä	Q2	1	0.5	side	900	432.38	450	216.19
side_±¹·ù_¶Ò¹è±â_ÀüÁÖÄá³ª¹°±¹¹ä_Q2_00010.JPG	train	train	ÀüÁÖÄá³ª¹°±¹¹ä	10	ÀüÁÖÄá³ª¹°±¹¹ä	Q2	1	0.5	side	900	432.38	450	216.19
side_±¹·ù_¶Ò¹è±â_ÀüÁÖÄá³ª¹°±¹¹ä_Q2_00012.JPG	train	train	ÀüÁÖÄá³ª¹°±¹¹ä	10	ÀüÁÖÄá³ª¹°±¹¹ä	Q2	1	0.5	side	900	432.38	450	216.19
side_±¹·ù_¶Ò¹è±â_ÀüÁÖÄá³ª¹°±¹¹ä_Q2_00013.JPG	train	train	ÀüÁÖÄá³ª¹°±¹¹ä	10	ÀüÁÖÄá³ª¹°±¹¹ä	Q2	1	0.5	side	900	432.38	450	216.19
side_±¹·ù_¶Ò¹è±â_ÀüÁÖÄá³ª¹°±¹¹ä_Q2_00015.JPG	train	train	ÀüÁÖÄá³ª¹°±¹¹ä	10	ÀüÁÖÄá³ª¹°±¹¹ä	Q2	1	0.5	side	900	432.38	450	216.19
side_±¹·ù_¶Ò¹è±â_ÀüÁÖÄá³ª¹°±¹¹ä_Q2_00016.JPG	train	train	ÀüÁÖÄá³ª¹°±¹¹ä	10	ÀüÁÖÄá³ª¹°±¹¹ä	Q2	1	0.5	side	900	432.38	450	216.19
side_±¹·ù_¶Ò¹è±â_ÀüÁÖÄá³ª¹°±¹¹ä_Q2_00017.JPG	train	train	ÀüÁÖÄá³ª¹°±¹¹ä	10	ÀüÁÖÄá³ª¹°±¹¹ä	Q2	1	0.5	side	900	432.38	450	216.19
side_±¹·ù_¶Ò¹è±â_ÀüÁÖÄá³ª¹°±¹¹ä_Q2_00018.JPG	train	train	ÀüÁÖÄá³ª¹°±¹¹ä	10	ÀüÁÖÄá³ª¹°±¹¹ä	Q2	1	0.5	side	900	432.38	450	216.19
side_±¹·ù_¶Ò¹è±â_ÀüÁÖÄá³ª¹°±¹¹ä_Q2_00019.JPG	train	train	ÀüÁÖÄá³ª¹°±¹¹ä	10	ÀüÁÖÄá³ª¹°±¹¹ä	Q2	1	0.5	side	900	432.38	450	216.19
side_±¹·ù_¶Ò¹è±â_ÀüÁÖÄá³ª¹°±¹¹ä_Q2_00020.JPG	train	train	ÀüÁÖÄá³ª¹°±¹¹ä	10	ÀüÁÖÄá³ª¹°±¹¹ä	Q2	1	0.5	side	900	432.38	450	216.19
side_±¹·ù_¶Ò¹è±â_ÀüÁÖÄá³ª¹°±¹¹ä_Q2_00022.JPG	train	train	ÀüÁÖÄá³ª¹°±¹¹ä	10	ÀüÁÖÄá³ª¹°±¹¹ä	Q2	1	0.5	side	900	432.38	450	216.19
side_±¹·ù_¶Ò¹è±â_ÀüÁÖÄá³ª¹°±¹¹ä_Q2_00023.JPG	train	train	ÀüÁÖÄá³ª¹°±¹¹ä	10	ÀüÁÖÄá³ª¹°±¹¹ä	Q2	1	0.5	side	900	432.38	450	216.19
side_±¹·ù_¶Ò¹è±â_ÀüÁÖÄá³ª¹°±¹¹ä_Q2_00024.JPG	train	train	ÀüÁÖÄá³ª¹°±¹¹ä	10	ÀüÁÖÄá³ª¹°±¹¹ä	Q2	1	0.5	side	900	432.38	450	216.19
side_±¹·ù_¶Ò¹è±â_ÀüÁÖÄá³ª¹°±¹¹ä_Q2_00025.JPG	train	train	ÀüÁÖÄá³ª¹°±¹¹ä	10	ÀüÁÖÄá³ª¹°±¹¹ä	Q2	1	0.5	side	900	432.38	450	216.19
side_±¹·ù_¶Ò¹è±â_ÀüÁÖÄá³ª¹°±¹¹ä_Q2_00027.JPG	train	train	ÀüÁÖÄá³ª¹°±¹¹ä	10	ÀüÁÖÄá³ª¹°±¹¹ä	Q2	1	0.5	side	900	432.38	450	216.19
side_±¹·ù_¶Ò¹è±â_ÀüÁÖÄá³ª¹°±¹¹ä_Q2_00028.JPG	train	train	ÀüÁÖÄá³ª¹°±¹¹ä	10	ÀüÁÖÄá³ª¹°±¹¹ä	Q2	1	0.5	side	900	432.38	450	216.19
side_±¹·ù_¶Ò¹è±â_ÀüÁÖÄá³ª¹°±¹¹ä_Q2_00029.JPG	train	train	ÀüÁÖÄá³ª¹°±¹¹ä	10	ÀüÁÖÄá³ª¹°±¹¹ä	Q2	1	0.5	side	900	432.38	450	216.19
side_±¹·ù_¶Ò¹è±â_ÀüÁÖÄá³ª¹°±¹¹ä_Q2_00031.JPG	train	train	ÀüÁÖÄá³ª¹°±¹¹ä	10	ÀüÁÖÄá³ª¹°±¹¹ä	Q2	1	0.5	side	900	432.38	450	216.19
side_±¹·ù_¶Ò¹è±â_ÀüÁÖÄá³ª¹°±¹¹ä_Q2_00032.JPG	train	train	ÀüÁÖÄá³ª¹°±¹¹ä	10	ÀüÁÖÄá³ª¹°±¹¹ä	Q2	1	0.5	side	900	432.38	450	216.19
side_±¹·ù_¶Ò¹è±â_ÀüÁÖÄá³ª¹°±¹¹ä_Q2_00033.JPG	train	train	ÀüÁÖÄá³ª¹°±¹¹ä	10	ÀüÁÖÄá³ª¹°±¹¹ä	Q2	1	0.5	side	900	432.38	450	216.19
side_±¹·ù_¶Ò¹è±â_ÀüÁÖÄá³ª¹°±¹¹ä_Q2_00034.JPG	train	train	ÀüÁÖÄá³ª¹°±¹¹ä	10	ÀüÁÖÄá³ª¹°±¹¹ä	Q2	1	0.5	side	900	432.38	450	216.19
side_±¹·ù_¶Ò¹è±â_ÀüÁÖÄá³ª¹°±¹¹ä_Q2_00035.JPG	train	train	ÀüÁÖÄá³ª¹°±¹¹ä	10	ÀüÁÖÄá³ª¹°±¹¹ä	Q2	1	0.5	side	900	432.38	450	216.19
side_±¹·ù_¶Ò¹è±â_ÀüÁÖÄá³ª¹°±¹¹ä_Q2_00036.JPG	train	train	ÀüÁÖÄá³ª¹°±¹¹ä	10	ÀüÁÖÄá³ª¹°±¹¹ä	Q2	1	0.5	side	900	432.38	450	216.19
side_±¹·ù_¶Ò¹è±â_ÀüÁÖÄá³ª¹°±¹¹ä_Q2_00037.JPG	train	train	ÀüÁÖÄá³ª¹°±¹¹ä	10	ÀüÁÖÄá³ª¹°±¹¹ä	Q2	1	0.5	side	900	432.38	450	216.19
side_±¹·ù_¶Ò¹è±â_ÀüÁÖÄá³ª¹°±¹¹ä_Q2_00038.JPG	train	train	ÀüÁÖÄá³ª¹°±¹¹ä	10	ÀüÁÖÄá³ª¹°±¹¹ä	Q2	1	0.5	side	900	432.38	450	216.19
side_±¹·ù_¶Ò¹è±â_ÀüÁÖÄá³ª¹°±¹¹ä_Q2_00040.JPG	train	train	ÀüÁÖÄá³ª¹°±¹¹ä	10	ÀüÁÖÄá³ª¹°±¹¹ä	Q2	1	0.5	side	900	432.38	450	216.19
side_±¹·ù_¶Ò¹è±â_ÀüÁÖÄá³ª¹°±¹¹ä_Q2_00041.JPG	train	train	ÀüÁÖÄá³ª¹°±¹¹ä	10	ÀüÁÖÄá³ª¹°±¹¹ä	Q2	1	0.5	side	900	432.38	450	216.19
side_±¹·ù_¶Ò¹è±â_ÀüÁÖÄá³ª¹°±¹¹ä_Q2_00042.JPG	train	train	ÀüÁÖÄá³ª¹°±¹¹ä	10	ÀüÁÖÄá³ª¹°±¹¹ä	Q2	1	0.5	side	900	432.38	450	216.19
side_±¹·ù_¶Ò¹è±â_ÀüÁÖÄá³ª¹°±¹¹ä_Q2_00043.JPG	train	train	ÀüÁÖÄá³ª¹°±¹¹ä	10	ÀüÁÖÄá³ª¹°±¹¹ä	Q2	1	0.5	side	900	432.38	450	216.19
side_±¹·ù_¶Ò¹è±â_ÀüÁÖÄá³ª¹°±¹¹ä_Q2_00044.JPG	train	train	ÀüÁÖÄá³ª¹°±¹¹ä	10	ÀüÁÖÄá³ª¹°±¹¹ä	Q2	1	0.5	side	900	432.38	450	216.19
side_±¹·ù_¶Ò¹è±â_ÀüÁÖÄá³ª¹°±¹¹ä_Q2_00046.JPG	train	train	ÀüÁÖÄá³ª¹°±¹¹ä	10	ÀüÁÖÄá³ª¹°±¹¹ä	Q2	1	0.5	side	900	432.38	450	216.19
side_±¹·ù_¶Ò¹è±â_ÀüÁÖÄá³ª¹°±¹¹ä_Q2_00047.JPG	train	train	ÀüÁÖÄá³ª¹°±¹¹ä	10	ÀüÁÖÄá³ª¹°±¹¹ä	Q2	1	0.5	side	900	432.38	450	216.19
side_±¹·ù_¶Ò¹è±â_ÀüÁÖÄá³ª¹°±¹¹ä_Q2_00048.JPG	train	train	ÀüÁÖÄá³ª¹°±¹¹ä	10	ÀüÁÖÄá³ª¹°±¹¹ä	Q2	1	0.5	side	900	432.38	450	216.19
side_±¹·ù_¶Ò¹è±â_ÀüÁÖÄá³ª¹°±¹¹ä_Q2_00049.JPG	train	train	ÀüÁÖÄá³ª¹°±¹¹ä	10	ÀüÁÖÄá³ª¹°±¹¹ä	Q2	1	0.5	side	900	432.38	450	216.19
side_±¹·ù_¶Ò¹è±â_ÀüÁÖÄá³ª¹°±¹¹ä_Q2_00050.JPG	train	train	ÀüÁÖÄá³ª¹°±¹¹ä	10	ÀüÁÖÄá³ª¹°±¹¹ä	Q2	1	0.5	side	900	432.38	450	216.19
side_±¹·ù_¶Ò¹è±â_ÀüÁÖÄá³ª¹°±¹¹ä_Q2_00051.JPG	train	train	ÀüÁÖÄá³ª¹°±¹¹ä	10	ÀüÁÖÄá³ª¹°±¹¹ä	Q2	1	0.5	side	900	432.38	450	216.19
side_±¹·ù_¶Ò¹è±â_ÀüÁÖÄá³ª¹°±¹¹ä_Q2_00052.JPG	train	train	ÀüÁÖÄá³ª¹°±¹¹ä	10	ÀüÁÖÄá³ª¹°±¹¹ä	Q2	1	0.5	side	900	432.38	450	216.19
side_±¹·ù_¶Ò¹è±â_ÀüÁÖÄá³ª¹°±¹¹ä_Q2_00053.JPG	train	train	ÀüÁÖÄá³ª¹°±¹¹ä	10	ÀüÁÖÄá³ª¹°±¹¹ä	Q2	1	0.5	side	900	432.38	450	216.19
side_±¹·ù_¶Ò¹è±â_ÀüÁÖÄá³ª¹°±¹¹ä_Q2_00054.JPG	train	train	ÀüÁÖÄá³ª¹°±¹¹ä	10	ÀüÁÖÄá³ª¹°±¹¹ä	Q2	1	0.5	side	900	432.38	450	216.19
top_±¹·ù_¶Ò¹è±â_ÀüÁÖÄá³ª¹°±¹¹ä_Q2_00001.JPG	train	train	ÀüÁÖÄá³ª¹°±¹¹ä	10	ÀüÁÖÄá³ª¹°±¹¹ä	Q2	1	0.5	top	900	432.38	450	216.19
top_±¹·ù_¶Ò¹è±â_ÀüÁÖÄá³ª¹°±¹¹ä_Q2_00002.JPG	train	train	ÀüÁÖÄá³ª¹°±¹¹ä	10	ÀüÁÖÄá³ª¹°±¹¹ä	Q2	1	0.5	top	900	432.38	450	216.19
top_±¹·ù_¶Ò¹è±â_ÀüÁÖÄá³ª¹°±¹¹ä_Q2_00003.JPG	train	train	ÀüÁÖÄá³ª¹°±¹¹ä	10	ÀüÁÖÄá³ª¹°±¹¹ä	Q2	1	0.5	top	900	432.38	450	216.19
top_±¹·ù_¶Ò¹è±â_ÀüÁÖÄá³ª¹°±¹¹ä_Q2_00004.JPG	train	train	ÀüÁÖÄá³ª¹°±¹¹ä	10	ÀüÁÖÄá³ª¹°±¹¹ä	Q2	1	0.5	top	900	432.38	450	216.19
top_±¹·ù_¶Ò¹è±â_ÀüÁÖÄá³ª¹°±¹¹ä_Q2_00005.JPG	train	train	ÀüÁÖÄá³ª¹°±¹¹ä	10	ÀüÁÖÄá³ª¹°±¹¹ä	Q2	1	0.5	top	900	432.38	450	216.19
top_±¹·ù_¶Ò¹è±â_ÀüÁÖÄá³ª¹°±¹¹ä_Q2_00006.JPG	train	train	ÀüÁÖÄá³ª¹°±¹¹ä	10	ÀüÁÖÄá³ª¹°±¹¹ä	Q2	1	0.5	top	900	432.38	450	216.19
top_±¹·ù_¶Ò¹è±â_ÀüÁÖÄá³ª¹°±¹¹ä_Q2_00007.JPG	train	train	ÀüÁÖÄá³ª¹°±¹¹ä	10	ÀüÁÖÄá³ª¹°±¹¹ä	Q2	1	0.5	top	900	432.38	450	216.19
top_±¹·ù_¶Ò¹è±â_ÀüÁÖÄá³ª¹°±¹¹ä_Q2_00009.JPG	train	train	ÀüÁÖÄá³ª¹°±¹¹ä	10	ÀüÁÖÄá³ª¹°±¹¹ä	Q2	1	0.5	top	900	432.38	450	216.19
top_±¹·ù_¶Ò¹è±â_ÀüÁÖÄá³ª¹°±¹¹ä_Q2_00011.JPG	train	train	ÀüÁÖÄá³ª¹°±¹¹ä	10	ÀüÁÖÄá³ª¹°±¹¹ä	Q2	1	0.5	top	900	432.38	450	216.19
top_±¹·ù_¶Ò¹è±â_ÀüÁÖÄá³ª¹°±¹¹ä_Q2_00012.JPG	train	train	ÀüÁÖÄá³ª¹°±¹¹ä	10	ÀüÁÖÄá³ª¹°±¹¹ä	Q2	1	0.5	top	900	432.38	450	216.19
top_±¹·ù_¶Ò¹è±â_ÀüÁÖÄá³ª¹°±¹¹ä_Q2_00013.JPG	train	train	ÀüÁÖÄá³ª¹°±¹¹ä	10	ÀüÁÖÄá³ª¹°±¹¹ä	Q2	1	0.5	top	900	432.38	450	216.19
top_±¹·ù_¶Ò¹è±â_ÀüÁÖÄá³ª¹°±¹¹ä_Q2_00014.JPG	train	train	ÀüÁÖÄá³ª¹°±¹¹ä	10	ÀüÁÖÄá³ª¹°±¹¹ä	Q2	1	0.5	top	900	432.38	450	216.19
top_±¹·ù_¶Ò¹è±â_ÀüÁÖÄá³ª¹°±¹¹ä_Q2_00015.JPG	train	train	ÀüÁÖÄá³ª¹°±¹¹ä	10	ÀüÁÖÄá³ª¹°±¹¹ä	Q2	1	0.5	top	900	432.38	450	216.19
top_±¹·ù_¶Ò¹è±â_ÀüÁÖÄá³ª¹°±¹¹ä_Q2_00016.JPG	train	train	ÀüÁÖÄá³ª¹°±¹¹ä	10	ÀüÁÖÄá³ª¹°±¹¹ä	Q2	1	0.5	top	900	432.38	450	216.19
top_±¹·ù_¶Ò¹è±â_ÀüÁÖÄá³ª¹°±¹¹ä_Q2_00017.JPG	train	train	ÀüÁÖÄá³ª¹°±¹¹ä	10	ÀüÁÖÄá³ª¹°±¹¹ä	Q2	1	0.5	top	900	432.38	450	216.19
top_±¹·ù_¶Ò¹è±â_ÀüÁÖÄá³ª¹°±¹¹ä_Q2_00018.JPG	train	train	ÀüÁÖÄá³ª¹°±¹¹ä	10	ÀüÁÖÄá³ª¹°±¹¹ä	Q2	1	0.5	top	900	432.38	450	216.19
top_±¹·ù_¶Ò¹è±â_ÀüÁÖÄá³ª¹°±¹¹ä_Q2_00019.JPG	train	train	ÀüÁÖÄá³ª¹°±¹¹ä	10	ÀüÁÖÄá³ª¹°±¹¹ä	Q2	1	0.5	top	900	432.38	450	216.19
top_±¹·ù_¶Ò¹è±â_ÀüÁÖÄá³ª¹°±¹¹ä_Q2_00020.JPG	train	train	ÀüÁÖÄá³ª¹°±¹¹ä	10	ÀüÁÖÄá³ª¹°±¹¹ä	Q2	1	0.5	top	900	432.38	450	216.19
top_±¹·ù_¶Ò¹è±â_ÀüÁÖÄá³ª¹°±¹¹ä_Q2_00022.JPG	train	train	ÀüÁÖÄá³ª¹°±¹¹ä	10	ÀüÁÖÄá³ª¹°±¹¹ä	Q2	1	0.5	top	900	432.38	450	216.19
top_±¹·ù_¶Ò¹è±â_ÀüÁÖÄá³ª¹°±¹¹ä_Q2_00023.JPG	train	train	ÀüÁÖÄá³ª¹°±¹¹ä	10	ÀüÁÖÄá³ª¹°±¹¹ä	Q2	1	0.5	top	900	432.38	450	216.19
top_±¹·ù_¶Ò¹è±â_ÀüÁÖÄá³ª¹°±¹¹ä_Q2_00024.JPG	train	train	ÀüÁÖÄá³ª¹°±¹¹ä	10	ÀüÁÖÄá³ª¹°±¹¹ä	Q2	1	0.5	top	900	432.38	450	216.19
top_±¹·ù_¶Ò¹è±â_ÀüÁÖÄá³ª¹°±¹¹ä_Q2_00025.JPG	train	train	ÀüÁÖÄá³ª¹°±¹¹ä	10	ÀüÁÖÄá³ª¹°±¹¹ä	Q2	1	0.5	top	900	432.38	450	216.19
top_±¹·ù_¶Ò¹è±â_ÀüÁÖÄá³ª¹°±¹¹ä_Q2_00027.JPG	train	train	ÀüÁÖÄá³ª¹°±¹¹ä	10	ÀüÁÖÄá³ª¹°±¹¹ä	Q2	1	0.5	top	900	432.38	450	216.19
top_±¹·ù_¶Ò¹è±â_ÀüÁÖÄá³ª¹°±¹¹ä_Q2_00028.JPG	train	train	ÀüÁÖÄá³ª¹°±¹¹ä	10	ÀüÁÖÄá³ª¹°±¹¹ä	Q2	1	0.5	top	900	432.38	450	216.19
top_±¹·ù_¶Ò¹è±â_ÀüÁÖÄá³ª¹°±¹¹ä_Q2_00029.JPG	train	train	ÀüÁÖÄá³ª¹°±¹¹ä	10	ÀüÁÖÄá³ª¹°±¹¹ä	Q2	1	0.5	top	900	432.38	450	216.19
top_±¹·ù_¶Ò¹è±â_ÀüÁÖÄá³ª¹°±¹¹ä_Q2_00030.JPG	train	train	ÀüÁÖÄá³ª¹°±¹¹ä	10	ÀüÁÖÄá³ª¹°±¹¹ä	Q2	1	0.5	top	900	432.38	450	216.19
top_±¹·ù_¶Ò¹è±â_ÀüÁÖÄá³ª¹°±¹¹ä_Q2_00032.JPG	train	train	ÀüÁÖÄá³ª¹°±¹¹ä	10	ÀüÁÖÄá³ª¹°±¹¹ä	Q2	1	0.5	top	900	432.38	450	216.19
top_±¹·ù_¶Ò¹è±â_ÀüÁÖÄá³ª¹°±¹¹ä_Q2_00033.JPG	train	train	ÀüÁÖÄá³ª¹°±¹¹ä	10	ÀüÁÖÄá³ª¹°±¹¹ä	Q2	1	0.5	top	900	432.38	450	216.19
top_±¹·ù_¶Ò¹è±â_ÀüÁÖÄá³ª¹°±¹¹ä_Q2_00034.JPG	train	train	ÀüÁÖÄá³ª¹°±¹¹ä	10	ÀüÁÖÄá³ª¹°±¹¹ä	Q2	1	0.5	top	900	432.38	450	216.19
top_±¹·ù_¶Ò¹è±â_ÀüÁÖÄá³ª¹°±¹¹ä_Q2_00035.JPG	train	train	ÀüÁÖÄá³ª¹°±¹¹ä	10	ÀüÁÖÄá³ª¹°±¹¹ä	Q2	1	0.5	top	900	432.38	450	216.19
top_±¹·ù_¶Ò¹è±â_ÀüÁÖÄá³ª¹°±¹¹ä_Q2_00037.JPG	train	train	ÀüÁÖÄá³ª¹°±¹¹ä	10	ÀüÁÖÄá³ª¹°±¹¹ä	Q2	1	0.5	top	900	432.38	450	216.19
top_±¹·ù_¶Ò¹è±â_ÀüÁÖÄá³ª¹°±¹¹ä_Q2_00038.JPG	train	train	ÀüÁÖÄá³ª¹°±¹¹ä	10	ÀüÁÖÄá³ª¹°±¹¹ä	Q2	1	0.5	top	900	432.38	450	216.19
top_±¹·ù_¶Ò¹è±â_ÀüÁÖÄá³ª¹°±¹¹ä_Q2_00039.JPG	train	train	ÀüÁÖÄá³ª¹°±¹¹ä	10	ÀüÁÖÄá³ª¹°±¹¹ä	Q2	1	0.5	top	900	432.38	450	216.19
top_±¹·ù_¶Ò¹è±â_ÀüÁÖÄá³ª¹°±¹¹ä_Q2_00040.JPG	train	train	ÀüÁÖÄá³ª¹°±¹¹ä	10	ÀüÁÖÄá³ª¹°±¹¹ä	Q2	1	0.5	top	900	432.38	450	216.19
top_±¹·ù_¶Ò¹è±â_ÀüÁÖÄá³ª¹°±¹¹ä_Q2_00041.JPG	train	train	ÀüÁÖÄá³ª¹°±¹¹ä	10	ÀüÁÖÄá³ª¹°±¹¹ä	Q2	1	0.5	top	900	432.38	450	216.19
top_±¹·ù_¶Ò¹è±â_ÀüÁÖÄá³ª¹°±¹¹ä_Q2_00042.JPG	train	train	ÀüÁÖÄá³ª¹°±¹¹ä	10	ÀüÁÖÄá³ª¹°±¹¹ä	Q2	1	0.5	top	900	432.38	450	216.19
top_±¹·ù_¶Ò¹è±â_ÀüÁÖÄá³ª¹°±¹¹ä_Q2_00045.JPG	train	train	ÀüÁÖÄá³ª¹°±¹¹ä	10	ÀüÁÖÄá³ª¹°±¹¹ä	Q2	1	0.5	top	900	432.38	450	216.19
top_±¹·ù_¶Ò¹è±â_ÀüÁÖÄá³ª¹°±¹¹ä_Q2_00047.JPG	train	train	ÀüÁÖÄá³ª¹°±¹¹ä	10	ÀüÁÖÄá³ª¹°±¹¹ä	Q2	1	0.5	top	900	432.38	450	216.19
top_±¹·ù_¶Ò¹è±â_ÀüÁÖÄá³ª¹°±¹¹ä_Q2_00050.JPG	train	train	ÀüÁÖÄá³ª¹°±¹¹ä	10	ÀüÁÖÄá³ª¹°±¹¹ä	Q2	1	0.5	top	900	432.38	450	216.19
top_±¹·ù_¶Ò¹è±â_ÀüÁÖÄá³ª¹°±¹¹ä_Q2_00051.JPG	train	train	ÀüÁÖÄá³ª¹°±¹¹ä	10	ÀüÁÖÄá³ª¹°±¹¹ä	Q2	1	0.5	top	900	432.38	450	216.19
top_±¹·ù_¶Ò¹è±â_ÀüÁÖÄá³ª¹°±¹¹ä_Q2_00052.JPG	train	train	ÀüÁÖÄá³ª¹°±¹¹ä	10	ÀüÁÖÄá³ª¹°±¹¹ä	Q2	1	0.5	top	900	432.38	450	216.19
top_±¹·ù_¶Ò¹è±â_ÀüÁÖÄá³ª¹°±¹¹ä_Q2_00053.JPG	train	train	ÀüÁÖÄá³ª¹°±¹¹ä	10	ÀüÁÖÄá³ª¹°±¹¹ä	Q2	1	0.5	top	900	432.38	450	216.19
side_±¹·ù_¶Ò¹è±â_ÀüÁÖÄá³ª¹°±¹¹ä_Q3_00001.JPG	train	train	ÀüÁÖÄá³ª¹°±¹¹ä	10	ÀüÁÖÄá³ª¹°±¹¹ä	Q3	2	0.75	side	900	432.38	675	324.28
side_±¹·ù_¶Ò¹è±â_ÀüÁÖÄá³ª¹°±¹¹ä_Q3_00002.JPG	train	train	ÀüÁÖÄá³ª¹°±¹¹ä	10	ÀüÁÖÄá³ª¹°±¹¹ä	Q3	2	0.75	side	900	432.38	675	324.28
side_±¹·ù_¶Ò¹è±â_ÀüÁÖÄá³ª¹°±¹¹ä_Q3_00003.JPG	train	train	ÀüÁÖÄá³ª¹°±¹¹ä	10	ÀüÁÖÄá³ª¹°±¹¹ä	Q3	2	0.75	side	900	432.38	675	324.28
side_±¹·ù_¶Ò¹è±â_ÀüÁÖÄá³ª¹°±¹¹ä_Q3_00004.JPG	train	train	ÀüÁÖÄá³ª¹°±¹¹ä	10	ÀüÁÖÄá³ª¹°±¹¹ä	Q3	2	0.75	side	900	432.38	675	324.28
side_±¹·ù_¶Ò¹è±â_ÀüÁÖÄá³ª¹°±¹¹ä_Q3_00007.JPG	train	train	ÀüÁÖÄá³ª¹°±¹¹ä	10	ÀüÁÖÄá³ª¹°±¹¹ä	Q3	2	0.75	side	900	432.38	675	324.28
side_±¹·ù_¶Ò¹è±â_ÀüÁÖÄá³ª¹°±¹¹ä_Q3_00008.JPG	train	train	ÀüÁÖÄá³ª¹°±¹¹ä	10	ÀüÁÖÄá³ª¹°±¹¹ä	Q3	2	0.75	side	900	432.38	675	324.28
side_±¹·ù_¶Ò¹è±â_ÀüÁÖÄá³ª¹°±¹¹ä_Q3_00009.JPG	train	train	ÀüÁÖÄá³ª¹°±¹¹ä	10	ÀüÁÖÄá³ª¹°±¹¹ä	Q3	2	0.75	side	900	432.38	675	324.28
side_±¹·ù_¶Ò¹è±â_ÀüÁÖÄá³ª¹°±¹¹ä_Q3_00010.JPG	train	train	ÀüÁÖÄá³ª¹°±¹¹ä	10	ÀüÁÖÄá³ª¹°±¹¹ä	Q3	2	0.75	side	900	432.38	675	324.28
side_±¹·ù_¶Ò¹è±â_ÀüÁÖÄá³ª¹°±¹¹ä_Q3_00011.JPG	train	train	ÀüÁÖÄá³ª¹°±¹¹ä	10	ÀüÁÖÄá³ª¹°±¹¹ä	Q3	2	0.75	side	900	432.38	675	324.28
side_±¹·ù_¶Ò¹è±â_ÀüÁÖÄá³ª¹°±¹¹ä_Q3_00012.JPG	train	train	ÀüÁÖÄá³ª¹°±¹¹ä	10	ÀüÁÖÄá³ª¹°±¹¹ä	Q3	2	0.75	side	900	432.38	675	324.28
side_±¹·ù_¶Ò¹è±â_ÀüÁÖÄá³ª¹°±¹¹ä_Q3_00013.JPG	train	train	ÀüÁÖÄá³ª¹°±¹¹ä	10	ÀüÁÖÄá³ª¹°±¹¹ä	Q3	2	0.75	side	900	432.38	675	324.28
side_±¹·ù_¶Ò¹è±â_ÀüÁÖÄá³ª¹°±¹¹ä_Q3_00014.JPG	train	train	ÀüÁÖÄá³ª¹°±¹¹ä	10	ÀüÁÖÄá³ª¹°±¹¹ä	Q3	2	0.75	side	900	432.38	675	324.28
side_±¹·ù_¶Ò¹è±â_ÀüÁÖÄá³ª¹°±¹¹ä_Q3_00015.JPG	train	train	ÀüÁÖÄá³ª¹°±¹¹ä	10	ÀüÁÖÄá³ª¹°±¹¹ä	Q3	2	0.75	side	900	432.38	675	324.28
side_±¹·ù_¶Ò¹è±â_ÀüÁÖÄá³ª¹°±¹¹ä_Q3_00016.JPG	train	train	ÀüÁÖÄá³ª¹°±¹¹ä	10	ÀüÁÖÄá³ª¹°±¹¹ä	Q3	2	0.75	side	900	432.38	675	324.28
side_±¹·ù_¶Ò¹è±â_ÀüÁÖÄá³ª¹°±¹¹ä_Q3_00017.JPG	train	train	ÀüÁÖÄá³ª¹°±¹¹ä	10	ÀüÁÖÄá³ª¹°±¹¹ä	Q3	2	0.75	side	900	432.38	675	324.28
side_±¹·ù_¶Ò¹è±â_ÀüÁÖÄá³ª¹°±¹¹ä_Q3_00018.JPG	train	train	ÀüÁÖÄá³ª¹°±¹¹ä	10	ÀüÁÖÄá³ª¹°±¹¹ä	Q3	2	0.75	side	900	432.38	675	324.28
side_±¹·ù_¶Ò¹è±â_ÀüÁÖÄá³ª¹°±¹¹ä_Q3_00020.JPG	train	train	ÀüÁÖÄá³ª¹°±¹¹ä	10	ÀüÁÖÄá³ª¹°±¹¹ä	Q3	2	0.75	side	900	432.38	675	324.28
side_±¹·ù_¶Ò¹è±â_ÀüÁÖÄá³ª¹°±¹¹ä_Q3_00021.JPG	train	train	ÀüÁÖÄá³ª¹°±¹¹ä	10	ÀüÁÖÄá³ª¹°±¹¹ä	Q3	2	0.75	side	900	432.38	675	324.28
side_±¹·ù_¶Ò¹è±â_ÀüÁÖÄá³ª¹°±¹¹ä_Q3_00023.JPG	train	train	ÀüÁÖÄá³ª¹°±¹¹ä	10	ÀüÁÖÄá³ª¹°±¹¹ä	Q3	2	0.75	side	900	432.38	675	324.28
side_±¹·ù_¶Ò¹è±â_ÀüÁÖÄá³ª¹°±¹¹ä_Q3_00024.JPG	train	train	ÀüÁÖÄá³ª¹°±¹¹ä	10	ÀüÁÖÄá³ª¹°±¹¹ä	Q3	2	0.75	side	900	432.38	675	324.28
side_±¹·ù_¶Ò¹è±â_ÀüÁÖÄá³ª¹°±¹¹ä_Q3_00025.JPG	train	train	ÀüÁÖÄá³ª¹°±¹¹ä	10	ÀüÁÖÄá³ª¹°±¹¹ä	Q3	2	0.75	side	900	432.38	675	324.28
side_±¹·ù_¶Ò¹è±â_ÀüÁÖÄá³ª¹°±¹¹ä_Q3_00026.JPG	train	train	ÀüÁÖÄá³ª¹°±¹¹ä	10	ÀüÁÖÄá³ª¹°±¹¹ä	Q3	2	0.75	side	900	432.38	675	324.28
side_±¹·ù_¶Ò¹è±â_ÀüÁÖÄá³ª¹°±¹¹ä_Q3_00027.JPG	train	train	ÀüÁÖÄá³ª¹°±¹¹ä	10	ÀüÁÖÄá³ª¹°±¹¹ä	Q3	2	0.75	side	900	432.38	675	324.28
side_±¹·ù_¶Ò¹è±â_ÀüÁÖÄá³ª¹°±¹¹ä_Q3_00028.JPG	train	train	ÀüÁÖÄá³ª¹°±¹¹ä	10	ÀüÁÖÄá³ª¹°±¹¹ä	Q3	2	0.75	side	900	432.38	675	324.28
side_±¹·ù_¶Ò¹è±â_ÀüÁÖÄá³ª¹°±¹¹ä_Q3_00029.JPG	train	train	ÀüÁÖÄá³ª¹°±¹¹ä	10	ÀüÁÖÄá³ª¹°±¹¹ä	Q3	2	0.75	side	900	432.38	675	324.28
side_±¹·ù_¶Ò¹è±â_ÀüÁÖÄá³ª¹°±¹¹ä_Q3_00030.JPG	train	train	ÀüÁÖÄá³ª¹°±¹¹ä	10	ÀüÁÖÄá³ª¹°±¹¹ä	Q3	2	0.75	side	900	432.38	675	324.28
side_±¹·ù_¶Ò¹è±â_ÀüÁÖÄá³ª¹°±¹¹ä_Q3_00031.JPG	train	train	ÀüÁÖÄá³ª¹°±¹¹ä	10	ÀüÁÖÄá³ª¹°±¹¹ä	Q3	2	0.75	side	900	432.38	675	324.28
side_±¹·ù_¶Ò¹è±â_ÀüÁÖÄá³ª¹°±¹¹ä_Q3_00032.JPG	train	train	ÀüÁÖÄá³ª¹°±¹¹ä	10	ÀüÁÖÄá³ª¹°±¹¹ä	Q3	2	0.75	side	900	432.38	675	324.28
side_±¹·ù_¶Ò¹è±â_ÀüÁÖÄá³ª¹°±¹¹ä_Q3_00035.JPG	train	train	ÀüÁÖÄá³ª¹°±¹¹ä	10	ÀüÁÖÄá³ª¹°±¹¹ä	Q3	2	0.75	side	900	432.38	675	324.28
side_±¹·ù_¶Ò¹è±â_ÀüÁÖÄá³ª¹°±¹¹ä_Q3_00038.JPG	train	train	ÀüÁÖÄá³ª¹°±¹¹ä	10	ÀüÁÖÄá³ª¹°±¹¹ä	Q3	2	0.75	side	900	432.38	675	324.28
side_±¹·ù_¶Ò¹è±â_ÀüÁÖÄá³ª¹°±¹¹ä_Q3_00039.JPG	train	train	ÀüÁÖÄá³ª¹°±¹¹ä	10	ÀüÁÖÄá³ª¹°±¹¹ä	Q3	2	0.75	side	900	432.38	675	324.28
side_±¹·ù_¶Ò¹è±â_ÀüÁÖÄá³ª¹°±¹¹ä_Q3_00040.JPG	train	train	ÀüÁÖÄá³ª¹°±¹¹ä	10	ÀüÁÖÄá³ª¹°±¹¹ä	Q3	2	0.75	side	900	432.38	675	324.28
side_±¹·ù_¶Ò¹è±â_ÀüÁÖÄá³ª¹°±¹¹ä_Q3_00041.JPG	train	train	ÀüÁÖÄá³ª¹°±¹¹ä	10	ÀüÁÖÄá³ª¹°±¹¹ä	Q3	2	0.75	side	900	432.38	675	324.28
side_±¹·ù_¶Ò¹è±â_ÀüÁÖÄá³ª¹°±¹¹ä_Q3_00043.JPG	train	train	ÀüÁÖÄá³ª¹°±¹¹ä	10	ÀüÁÖÄá³ª¹°±¹¹ä	Q3	2	0.75	side	900	432.38	675	324.28
side_±¹·ù_¶Ò¹è±â_ÀüÁÖÄá³ª¹°±¹¹ä_Q3_00044.JPG	train	train	ÀüÁÖÄá³ª¹°±¹¹ä	10	ÀüÁÖÄá³ª¹°±¹¹ä	Q3	2	0.75	side	900	432.38	675	324.28
side_±¹·ù_¶Ò¹è±â_ÀüÁÖÄá³ª¹°±¹¹ä_Q3_00045.JPG	train	train	ÀüÁÖÄá³ª¹°±¹¹ä	10	ÀüÁÖÄá³ª¹°±¹¹ä	Q3	2	0.75	side	900	432.38	675	324.28
side_±¹·ù_¶Ò¹è±â_ÀüÁÖÄá³ª¹°±¹¹ä_Q3_00046.JPG	train	train	ÀüÁÖÄá³ª¹°±¹¹ä	10	ÀüÁÖÄá³ª¹°±¹¹ä	Q3	2	0.75	side	900	432.38	675	324.28
side_±¹·ù_¶Ò¹è±â_ÀüÁÖÄá³ª¹°±¹¹ä_Q3_00048.JPG	train	train	ÀüÁÖÄá³ª¹°±¹¹ä	10	ÀüÁÖÄá³ª¹°±¹¹ä	Q3	2	0.75	side	900	432.38	675	324.28
side_±¹·ù_¶Ò¹è±â_ÀüÁÖÄá³ª¹°±¹¹ä_Q3_00049.JPG	train	train	ÀüÁÖÄá³ª¹°±¹¹ä	10	ÀüÁÖÄá³ª¹°±¹¹ä	Q3	2	0.75	side	900	432.38	675	324.28
side_±¹·ù_¶Ò¹è±â_ÀüÁÖÄá³ª¹°±¹¹ä_Q3_00050.JPG	train	train	ÀüÁÖÄá³ª¹°±¹¹ä	10	ÀüÁÖÄá³ª¹°±¹¹ä	Q3	2	0.75	side	900	432.38	675	324.28
side_±¹·ù_¶Ò¹è±â_ÀüÁÖÄá³ª¹°±¹¹ä_Q3_00052.JPG	train	train	ÀüÁÖÄá³ª¹°±¹¹ä	10	ÀüÁÖÄá³ª¹°±¹¹ä	Q3	2	0.75	side	900	432.38	675	324.28
side_±¹·ù_¶Ò¹è±â_ÀüÁÖÄá³ª¹°±¹¹ä_Q3_00053.JPG	train	train	ÀüÁÖÄá³ª¹°±¹¹ä	10	ÀüÁÖÄá³ª¹°±¹¹ä	Q3	2	0.75	side	900	432.38	675	324.28
side_±¹·ù_¶Ò¹è±â_ÀüÁÖÄá³ª¹°±¹¹ä_Q3_00055.JPG	train	train	ÀüÁÖÄá³ª¹°±¹¹ä	10	ÀüÁÖÄá³ª¹°±¹¹ä	Q3	2	0.75	side	900	432.38	675	324.28
top_±¹·ù_¶Ò¹è±â_ÀüÁÖÄá³ª¹°±¹¹ä_Q3_00001.JPG	train	train	ÀüÁÖÄá³ª¹°±¹¹ä	10	ÀüÁÖÄá³ª¹°±¹¹ä	Q3	2	0.75	top	900	432.38	675	324.28
top_±¹·ù_¶Ò¹è±â_ÀüÁÖÄá³ª¹°±¹¹ä_Q3_00002.JPG	train	train	ÀüÁÖÄá³ª¹°±¹¹ä	10	ÀüÁÖÄá³ª¹°±¹¹ä	Q3	2	0.75	top	900	432.38	675	324.28
top_±¹·ù_¶Ò¹è±â_ÀüÁÖÄá³ª¹°±¹¹ä_Q3_00003.JPG	train	train	ÀüÁÖÄá³ª¹°±¹¹ä	10	ÀüÁÖÄá³ª¹°±¹¹ä	Q3	2	0.75	top	900	432.38	675	324.28
top_±¹·ù_¶Ò¹è±â_ÀüÁÖÄá³ª¹°±¹¹ä_Q3_00004.JPG	train	train	ÀüÁÖÄá³ª¹°±¹¹ä	10	ÀüÁÖÄá³ª¹°±¹¹ä	Q3	2	0.75	top	900	432.38	675	324.28
top_±¹·ù_¶Ò¹è±â_ÀüÁÖÄá³ª¹°±¹¹ä_Q3_00006.JPG	train	train	ÀüÁÖÄá³ª¹°±¹¹ä	10	ÀüÁÖÄá³ª¹°±¹¹ä	Q3	2	0.75	top	900	432.38	675	324.28
top_±¹·ù_¶Ò¹è±â_ÀüÁÖÄá³ª¹°±¹¹ä_Q3_00007.JPG	train	train	ÀüÁÖÄá³ª¹°±¹¹ä	10	ÀüÁÖÄá³ª¹°±¹¹ä	Q3	2	0.75	top	900	432.38	675	324.28
top_±¹·ù_¶Ò¹è±â_ÀüÁÖÄá³ª¹°±¹¹ä_Q3_00008.JPG	train	train	ÀüÁÖÄá³ª¹°±¹¹ä	10	ÀüÁÖÄá³ª¹°±¹¹ä	Q3	2	0.75	top	900	432.38	675	324.28
top_±¹·ù_¶Ò¹è±â_ÀüÁÖÄá³ª¹°±¹¹ä_Q3_00009.JPG	train	train	ÀüÁÖÄá³ª¹°±¹¹ä	10	ÀüÁÖÄá³ª¹°±¹¹ä	Q3	2	0.75	top	900	432.38	675	324.28
top_±¹·ù_¶Ò¹è±â_ÀüÁÖÄá³ª¹°±¹¹ä_Q3_00010.JPG	train	train	ÀüÁÖÄá³ª¹°±¹¹ä	10	ÀüÁÖÄá³ª¹°±¹¹ä	Q3	2	0.75	top	900	432.38	675	324.28
top_±¹·ù_¶Ò¹è±â_ÀüÁÖÄá³ª¹°±¹¹ä_Q3_00012.JPG	train	train	ÀüÁÖÄá³ª¹°±¹¹ä	10	ÀüÁÖÄá³ª¹°±¹¹ä	Q3	2	0.75	top	900	432.38	675	324.28
top_±¹·ù_¶Ò¹è±â_ÀüÁÖÄá³ª¹°±¹¹ä_Q3_00013.JPG	train	train	ÀüÁÖÄá³ª¹°±¹¹ä	10	ÀüÁÖÄá³ª¹°±¹¹ä	Q3	2	0.75	top	900	432.38	675	324.28
top_±¹·ù_¶Ò¹è±â_ÀüÁÖÄá³ª¹°±¹¹ä_Q3_00014.JPG	train	train	ÀüÁÖÄá³ª¹°±¹¹ä	10	ÀüÁÖÄá³ª¹°±¹¹ä	Q3	2	0.75	top	900	432.38	675	324.28
top_±¹·ù_¶Ò¹è±â_ÀüÁÖÄá³ª¹°±¹¹ä_Q3_00016.JPG	train	train	ÀüÁÖÄá³ª¹°±¹¹ä	10	ÀüÁÖÄá³ª¹°±¹¹ä	Q3	2	0.75	top	900	432.38	675	324.28
top_±¹·ù_¶Ò¹è±â_ÀüÁÖÄá³ª¹°±¹¹ä_Q3_00017.JPG	train	train	ÀüÁÖÄá³ª¹°±¹¹ä	10	ÀüÁÖÄá³ª¹°±¹¹ä	Q3	2	0.75	top	900	432.38	675	324.28
top_±¹·ù_¶Ò¹è±â_ÀüÁÖÄá³ª¹°±¹¹ä_Q3_00018.JPG	train	train	ÀüÁÖÄá³ª¹°±¹¹ä	10	ÀüÁÖÄá³ª¹°±¹¹ä	Q3	2	0.75	top	900	432.38	675	324.28
top_±¹·ù_¶Ò¹è±â_ÀüÁÖÄá³ª¹°±¹¹ä_Q3_00019.JPG	train	train	ÀüÁÖÄá³ª¹°±¹¹ä	10	ÀüÁÖÄá³ª¹°±¹¹ä	Q3	2	0.75	top	900	432.38	675	324.28
top_±¹·ù_¶Ò¹è±â_ÀüÁÖÄá³ª¹°±¹¹ä_Q3_00020.JPG	train	train	ÀüÁÖÄá³ª¹°±¹¹ä	10	ÀüÁÖÄá³ª¹°±¹¹ä	Q3	2	0.75	top	900	432.38	675	324.28
top_±¹·ù_¶Ò¹è±â_ÀüÁÖÄá³ª¹°±¹¹ä_Q3_00021.JPG	train	train	ÀüÁÖÄá³ª¹°±¹¹ä	10	ÀüÁÖÄá³ª¹°±¹¹ä	Q3	2	0.75	top	900	432.38	675	324.28
top_±¹·ù_¶Ò¹è±â_ÀüÁÖÄá³ª¹°±¹¹ä_Q3_00022.JPG	train	train	ÀüÁÖÄá³ª¹°±¹¹ä	10	ÀüÁÖÄá³ª¹°±¹¹ä	Q3	2	0.75	top	900	432.38	675	324.28
top_±¹·ù_¶Ò¹è±â_ÀüÁÖÄá³ª¹°±¹¹ä_Q3_00023.JPG	train	train	ÀüÁÖÄá³ª¹°±¹¹ä	10	ÀüÁÖÄá³ª¹°±¹¹ä	Q3	2	0.75	top	900	432.38	675	324.28
top_±¹·ù_¶Ò¹è±â_ÀüÁÖÄá³ª¹°±¹¹ä_Q3_00024.JPG	train	train	ÀüÁÖÄá³ª¹°±¹¹ä	10	ÀüÁÖÄá³ª¹°±¹¹ä	Q3	2	0.75	top	900	432.38	675	324.28
top_±¹·ù_¶Ò¹è±â_ÀüÁÖÄá³ª¹°±¹¹ä_Q3_00025.JPG	train	train	ÀüÁÖÄá³ª¹°±¹¹ä	10	ÀüÁÖÄá³ª¹°±¹¹ä	Q3	2	0.75	top	900	432.38	675	324.28
top_±¹·ù_¶Ò¹è±â_ÀüÁÖÄá³ª¹°±¹¹ä_Q3_00026.JPG	train	train	ÀüÁÖÄá³ª¹°±¹¹ä	10	ÀüÁÖÄá³ª¹°±¹¹ä	Q3	2	0.75	top	900	432.38	675	324.28
top_±¹·ù_¶Ò¹è±â_ÀüÁÖÄá³ª¹°±¹¹ä_Q3_00028.JPG	train	train	ÀüÁÖÄá³ª¹°±¹¹ä	10	ÀüÁÖÄá³ª¹°±¹¹ä	Q3	2	0.75	top	900	432.38	675	324.28
top_±¹·ù_¶Ò¹è±â_ÀüÁÖÄá³ª¹°±¹¹ä_Q3_00030.JPG	train	train	ÀüÁÖÄá³ª¹°±¹¹ä	10	ÀüÁÖÄá³ª¹°±¹¹ä	Q3	2	0.75	top	900	432.38	675	324.28
top_±¹·ù_¶Ò¹è±â_ÀüÁÖÄá³ª¹°±¹¹ä_Q3_00031.JPG	train	train	ÀüÁÖÄá³ª¹°±¹¹ä	10	ÀüÁÖÄá³ª¹°±¹¹ä	Q3	2	0.75	top	900	432.38	675	324.28
top_±¹·ù_¶Ò¹è±â_ÀüÁÖÄá³ª¹°±¹¹ä_Q3_00032.JPG	train	train	ÀüÁÖÄá³ª¹°±¹¹ä	10	ÀüÁÖÄá³ª¹°±¹¹ä	Q3	2	0.75	top	900	432.38	675	324.28
top_±¹·ù_¶Ò¹è±â_ÀüÁÖÄá³ª¹°±¹¹ä_Q3_00033.JPG	train	train	ÀüÁÖÄá³ª¹°±¹¹ä	10	ÀüÁÖÄá³ª¹°±¹¹ä	Q3	2	0.75	top	900	432.38	675	324.28
top_±¹·ù_¶Ò¹è±â_ÀüÁÖÄá³ª¹°±¹¹ä_Q3_00035.JPG	train	train	ÀüÁÖÄá³ª¹°±¹¹ä	10	ÀüÁÖÄá³ª¹°±¹¹ä	Q3	2	0.75	top	900	432.38	675	324.28
top_±¹·ù_¶Ò¹è±â_ÀüÁÖÄá³ª¹°±¹¹ä_Q3_00038.JPG	train	train	ÀüÁÖÄá³ª¹°±¹¹ä	10	ÀüÁÖÄá³ª¹°±¹¹ä	Q3	2	0.75	top	900	432.38	675	324.28
top_±¹·ù_¶Ò¹è±â_ÀüÁÖÄá³ª¹°±¹¹ä_Q3_00039.JPG	train	train	ÀüÁÖÄá³ª¹°±¹¹ä	10	ÀüÁÖÄá³ª¹°±¹¹ä	Q3	2	0.75	top	900	432.38	675	324.28
top_±¹·ù_¶Ò¹è±â_ÀüÁÖÄá³ª¹°±¹¹ä_Q3_00040.JPG	train	train	ÀüÁÖÄá³ª¹°±¹¹ä	10	ÀüÁÖÄá³ª¹°±¹¹ä	Q3	2	0.75	top	900	432.38	675	324.28
top_±¹·ù_¶Ò¹è±â_ÀüÁÖÄá³ª¹°±¹¹ä_Q3_00041.JPG	train	train	ÀüÁÖÄá³ª¹°±¹¹ä	10	ÀüÁÖÄá³ª¹°±¹¹ä	Q3	2	0.75	top	900	432.38	675	324.28
top_±¹·ù_¶Ò¹è±â_ÀüÁÖÄá³ª¹°±¹¹ä_Q3_00042.JPG	train	train	ÀüÁÖÄá³ª¹°±¹¹ä	10	ÀüÁÖÄá³ª¹°±¹¹ä	Q3	2	0.75	top	900	432.38	675	324.28
top_±¹·ù_¶Ò¹è±â_ÀüÁÖÄá³ª¹°±¹¹ä_Q3_00044.JPG	train	train	ÀüÁÖÄá³ª¹°±¹¹ä	10	ÀüÁÖÄá³ª¹°±¹¹ä	Q3	2	0.75	top	900	432.38	675	324.28
top_±¹·ù_¶Ò¹è±â_ÀüÁÖÄá³ª¹°±¹¹ä_Q3_00045.JPG	train	train	ÀüÁÖÄá³ª¹°±¹¹ä	10	ÀüÁÖÄá³ª¹°±¹¹ä	Q3	2	0.75	top	900	432.38	675	324.28
top_±¹·ù_¶Ò¹è±â_ÀüÁÖÄá³ª¹°±¹¹ä_Q3_00046.JPG	train	train	ÀüÁÖÄá³ª¹°±¹¹ä	10	ÀüÁÖÄá³ª¹°±¹¹ä	Q3	2	0.75	top	900	432.38	675	324.28
top_±¹·ù_¶Ò¹è±â_ÀüÁÖÄá³ª¹°±¹¹ä_Q3_00047.JPG	train	train	ÀüÁÖÄá³ª¹°±¹¹ä	10	ÀüÁÖÄá³ª¹°±¹¹ä	Q3	2	0.75	top	900	432.38	675	324.28
top_±¹·ù_¶Ò¹è±â_ÀüÁÖÄá³ª¹°±¹¹ä_Q3_00048.JPG	train	train	ÀüÁÖÄá³ª¹°±¹¹ä	10	ÀüÁÖÄá³ª¹°±¹¹ä	Q3	2	0.75	top	900	432.38	675	324.28
top_±¹·ù_¶Ò¹è±â_ÀüÁÖÄá³ª¹°±¹¹ä_Q3_00049.JPG	train	train	ÀüÁÖÄá³ª¹°±¹¹ä	10	ÀüÁÖÄá³ª¹°±¹¹ä	Q3	2	0.75	top	900	432.38	675	324.28
top_±¹·ù_¶Ò¹è±â_ÀüÁÖÄá³ª¹°±¹¹ä_Q3_00050.JPG	train	train	ÀüÁÖÄá³ª¹°±¹¹ä	10	ÀüÁÖÄá³ª¹°±¹¹ä	Q3	2	0.75	top	900	432.38	675	324.28
top_±¹·ù_¶Ò¹è±â_ÀüÁÖÄá³ª¹°±¹¹ä_Q3_00051.JPG	train	train	ÀüÁÖÄá³ª¹°±¹¹ä	10	ÀüÁÖÄá³ª¹°±¹¹ä	Q3	2	0.75	top	900	432.38	675	324.28
top_±¹·ù_¶Ò¹è±â_ÀüÁÖÄá³ª¹°±¹¹ä_Q3_00052.JPG	train	train	ÀüÁÖÄá³ª¹°±¹¹ä	10	ÀüÁÖÄá³ª¹°±¹¹ä	Q3	2	0.75	top	900	432.38	675	324.28
top_±¹·ù_¶Ò¹è±â_ÀüÁÖÄá³ª¹°±¹¹ä_Q3_00053.JPG	train	train	ÀüÁÖÄá³ª¹°±¹¹ä	10	ÀüÁÖÄá³ª¹°±¹¹ä	Q3	2	0.75	top	900	432.38	675	324.28
side_±¹·ù_¶Ò¹è±â_ÀüÁÖÄá³ª¹°±¹¹ä_Q4_00001.JPG	train	train	ÀüÁÖÄá³ª¹°±¹¹ä	10	ÀüÁÖÄá³ª¹°±¹¹ä	Q4	3	1	side	900	432.38	900	432.38
side_±¹·ù_¶Ò¹è±â_ÀüÁÖÄá³ª¹°±¹¹ä_Q4_00003.JPG	train	train	ÀüÁÖÄá³ª¹°±¹¹ä	10	ÀüÁÖÄá³ª¹°±¹¹ä	Q4	3	1	side	900	432.38	900	432.38
side_±¹·ù_¶Ò¹è±â_ÀüÁÖÄá³ª¹°±¹¹ä_Q4_00004.JPG	train	train	ÀüÁÖÄá³ª¹°±¹¹ä	10	ÀüÁÖÄá³ª¹°±¹¹ä	Q4	3	1	side	900	432.38	900	432.38
side_±¹·ù_¶Ò¹è±â_ÀüÁÖÄá³ª¹°±¹¹ä_Q4_00005.JPG	train	train	ÀüÁÖÄá³ª¹°±¹¹ä	10	ÀüÁÖÄá³ª¹°±¹¹ä	Q4	3	1	side	900	432.38	900	432.38
side_±¹·ù_¶Ò¹è±â_ÀüÁÖÄá³ª¹°±¹¹ä_Q4_00006.JPG	train	train	ÀüÁÖÄá³ª¹°±¹¹ä	10	ÀüÁÖÄá³ª¹°±¹¹ä	Q4	3	1	side	900	432.38	900	432.38
side_±¹·ù_¶Ò¹è±â_ÀüÁÖÄá³ª¹°±¹¹ä_Q4_00007.JPG	train	train	ÀüÁÖÄá³ª¹°±¹¹ä	10	ÀüÁÖÄá³ª¹°±¹¹ä	Q4	3	1	side	900	432.38	900	432.38
side_±¹·ù_¶Ò¹è±â_ÀüÁÖÄá³ª¹°±¹¹ä_Q4_00008.JPG	train	train	ÀüÁÖÄá³ª¹°±¹¹ä	10	ÀüÁÖÄá³ª¹°±¹¹ä	Q4	3	1	side	900	432.38	900	432.38
side_±¹·ù_¶Ò¹è±â_ÀüÁÖÄá³ª¹°±¹¹ä_Q4_00009.JPG	train	train	ÀüÁÖÄá³ª¹°±¹¹ä	10	ÀüÁÖÄá³ª¹°±¹¹ä	Q4	3	1	side	900	432.38	900	432.38
side_±¹·ù_¶Ò¹è±â_ÀüÁÖÄá³ª¹°±¹¹ä_Q4_00010.JPG	train	train	ÀüÁÖÄá³ª¹°±¹¹ä	10	ÀüÁÖÄá³ª¹°±¹¹ä	Q4	3	1	side	900	432.38	900	432.38
side_±¹·ù_¶Ò¹è±â_ÀüÁÖÄá³ª¹°±¹¹ä_Q4_00011.JPG	train	train	ÀüÁÖÄá³ª¹°±¹¹ä	10	ÀüÁÖÄá³ª¹°±¹¹ä	Q4	3	1	side	900	432.38	900	432.38
side_±¹·ù_¶Ò¹è±â_ÀüÁÖÄá³ª¹°±¹¹ä_Q4_00012.JPG	train	train	ÀüÁÖÄá³ª¹°±¹¹ä	10	ÀüÁÖÄá³ª¹°±¹¹ä	Q4	3	1	side	900	432.38	900	432.38
side_±¹·ù_¶Ò¹è±â_ÀüÁÖÄá³ª¹°±¹¹ä_Q4_00014.JPG	train	train	ÀüÁÖÄá³ª¹°±¹¹ä	10	ÀüÁÖÄá³ª¹°±¹¹ä	Q4	3	1	side	900	432.38	900	432.38
side_±¹·ù_¶Ò¹è±â_ÀüÁÖÄá³ª¹°±¹¹ä_Q4_00015.JPG	train	train	ÀüÁÖÄá³ª¹°±¹¹ä	10	ÀüÁÖÄá³ª¹°±¹¹ä	Q4	3	1	side	900	432.38	900	432.38
side_±¹·ù_¶Ò¹è±â_ÀüÁÖÄá³ª¹°±¹¹ä_Q4_00016.JPG	train	train	ÀüÁÖÄá³ª¹°±¹¹ä	10	ÀüÁÖÄá³ª¹°±¹¹ä	Q4	3	1	side	900	432.38	900	432.38
side_±¹·ù_¶Ò¹è±â_ÀüÁÖÄá³ª¹°±¹¹ä_Q4_00018.JPG	train	train	ÀüÁÖÄá³ª¹°±¹¹ä	10	ÀüÁÖÄá³ª¹°±¹¹ä	Q4	3	1	side	900	432.38	900	432.38
side_±¹·ù_¶Ò¹è±â_ÀüÁÖÄá³ª¹°±¹¹ä_Q4_00020.JPG	train	train	ÀüÁÖÄá³ª¹°±¹¹ä	10	ÀüÁÖÄá³ª¹°±¹¹ä	Q4	3	1	side	900	432.38	900	432.38
side_±¹·ù_¶Ò¹è±â_ÀüÁÖÄá³ª¹°±¹¹ä_Q4_00021.JPG	train	train	ÀüÁÖÄá³ª¹°±¹¹ä	10	ÀüÁÖÄá³ª¹°±¹¹ä	Q4	3	1	side	900	432.38	900	432.38
side_±¹·ù_¶Ò¹è±â_ÀüÁÖÄá³ª¹°±¹¹ä_Q4_00022.JPG	train	train	ÀüÁÖÄá³ª¹°±¹¹ä	10	ÀüÁÖÄá³ª¹°±¹¹ä	Q4	3	1	side	900	432.38	900	432.38
side_±¹·ù_¶Ò¹è±â_ÀüÁÖÄá³ª¹°±¹¹ä_Q4_00023.JPG	train	train	ÀüÁÖÄá³ª¹°±¹¹ä	10	ÀüÁÖÄá³ª¹°±¹¹ä	Q4	3	1	side	900	432.38	900	432.38
side_±¹·ù_¶Ò¹è±â_ÀüÁÖÄá³ª¹°±¹¹ä_Q4_00024.JPG	train	train	ÀüÁÖÄá³ª¹°±¹¹ä	10	ÀüÁÖÄá³ª¹°±¹¹ä	Q4	3	1	side	900	432.38	900	432.38
side_±¹·ù_¶Ò¹è±â_ÀüÁÖÄá³ª¹°±¹¹ä_Q4_00025.JPG	train	train	ÀüÁÖÄá³ª¹°±¹¹ä	10	ÀüÁÖÄá³ª¹°±¹¹ä	Q4	3	1	side	900	432.38	900	432.38
side_±¹·ù_¶Ò¹è±â_ÀüÁÖÄá³ª¹°±¹¹ä_Q4_00026.JPG	train	train	ÀüÁÖÄá³ª¹°±¹¹ä	10	ÀüÁÖÄá³ª¹°±¹¹ä	Q4	3	1	side	900	432.38	900	432.38
side_±¹·ù_¶Ò¹è±â_ÀüÁÖÄá³ª¹°±¹¹ä_Q4_00027.JPG	train	train	ÀüÁÖÄá³ª¹°±¹¹ä	10	ÀüÁÖÄá³ª¹°±¹¹ä	Q4	3	1	side	900	432.38	900	432.38
side_±¹·ù_¶Ò¹è±â_ÀüÁÖÄá³ª¹°±¹¹ä_Q4_00028.JPG	train	train	ÀüÁÖÄá³ª¹°±¹¹ä	10	ÀüÁÖÄá³ª¹°±¹¹ä	Q4	3	1	side	900	432.38	900	432.38
side_±¹·ù_¶Ò¹è±â_ÀüÁÖÄá³ª¹°±¹¹ä_Q4_00029.JPG	train	train	ÀüÁÖÄá³ª¹°±¹¹ä	10	ÀüÁÖÄá³ª¹°±¹¹ä	Q4	3	1	side	900	432.38	900	432.38
side_±¹·ù_¶Ò¹è±â_ÀüÁÖÄá³ª¹°±¹¹ä_Q4_00031.JPG	train	train	ÀüÁÖÄá³ª¹°±¹¹ä	10	ÀüÁÖÄá³ª¹°±¹¹ä	Q4	3	1	side	900	432.38	900	432.38
side_±¹·ù_¶Ò¹è±â_ÀüÁÖÄá³ª¹°±¹¹ä_Q4_00032.JPG	train	train	ÀüÁÖÄá³ª¹°±¹¹ä	10	ÀüÁÖÄá³ª¹°±¹¹ä	Q4	3	1	side	900	432.38	900	432.38
side_±¹·ù_¶Ò¹è±â_ÀüÁÖÄá³ª¹°±¹¹ä_Q4_00033.JPG	train	train	ÀüÁÖÄá³ª¹°±¹¹ä	10	ÀüÁÖÄá³ª¹°±¹¹ä	Q4	3	1	side	900	432.38	900	432.38
side_±¹·ù_¶Ò¹è±â_ÀüÁÖÄá³ª¹°±¹¹ä_Q4_00034.JPG	train	train	ÀüÁÖÄá³ª¹°±¹¹ä	10	ÀüÁÖÄá³ª¹°±¹¹ä	Q4	3	1	side	900	432.38	900	432.38
side_±¹·ù_¶Ò¹è±â_ÀüÁÖÄá³ª¹°±¹¹ä_Q4_00035.JPG	train	train	ÀüÁÖÄá³ª¹°±¹¹ä	10	ÀüÁÖÄá³ª¹°±¹¹ä	Q4	3	1	side	900	432.38	900	432.38
side_±¹·ù_¶Ò¹è±â_ÀüÁÖÄá³ª¹°±¹¹ä_Q4_00037.JPG	train	train	ÀüÁÖÄá³ª¹°±¹¹ä	10	ÀüÁÖÄá³ª¹°±¹¹ä	Q4	3	1	side	900	432.38	900	432.38
side_±¹·ù_¶Ò¹è±â_ÀüÁÖÄá³ª¹°±¹¹ä_Q4_00040.JPG	train	train	ÀüÁÖÄá³ª¹°±¹¹ä	10	ÀüÁÖÄá³ª¹°±¹¹ä	Q4	3	1	side	900	432.38	900	432.38
side_±¹·ù_¶Ò¹è±â_ÀüÁÖÄá³ª¹°±¹¹ä_Q4_00043.JPG	train	train	ÀüÁÖÄá³ª¹°±¹¹ä	10	ÀüÁÖÄá³ª¹°±¹¹ä	Q4	3	1	side	900	432.38	900	432.38
side_±¹·ù_¶Ò¹è±â_ÀüÁÖÄá³ª¹°±¹¹ä_Q4_00044.JPG	train	train	ÀüÁÖÄá³ª¹°±¹¹ä	10	ÀüÁÖÄá³ª¹°±¹¹ä	Q4	3	1	side	900	432.38	900	432.38
side_±¹·ù_¶Ò¹è±â_ÀüÁÖÄá³ª¹°±¹¹ä_Q4_00045.JPG	train	train	ÀüÁÖÄá³ª¹°±¹¹ä	10	ÀüÁÖÄá³ª¹°±¹¹ä	Q4	3	1	side	900	432.38	900	432.38
side_±¹·ù_¶Ò¹è±â_ÀüÁÖÄá³ª¹°±¹¹ä_Q4_00046.JPG	train	train	ÀüÁÖÄá³ª¹°±¹¹ä	10	ÀüÁÖÄá³ª¹°±¹¹ä	Q4	3	1	side	900	432.38	900	432.38
side_±¹·ù_¶Ò¹è±â_ÀüÁÖÄá³ª¹°±¹¹ä_Q4_00048.JPG	train	train	ÀüÁÖÄá³ª¹°±¹¹ä	10	ÀüÁÖÄá³ª¹°±¹¹ä	Q4	3	1	side	900	432.38	900	432.38
side_±¹·ù_¶Ò¹è±â_ÀüÁÖÄá³ª¹°±¹¹ä_Q4_00049.JPG	train	train	ÀüÁÖÄá³ª¹°±¹¹ä	10	ÀüÁÖÄá³ª¹°±¹¹ä	Q4	3	1	side	900	432.38	900	432.38
side_±¹·ù_¶Ò¹è±â_ÀüÁÖÄá³ª¹°±¹¹ä_Q4_00050.JPG	train	train	ÀüÁÖÄá³ª¹°±¹¹ä	10	ÀüÁÖÄá³ª¹°±¹¹ä	Q4	3	1	side	900	432.38	900	432.38
side_±¹·ù_¶Ò¹è±â_ÀüÁÖÄá³ª¹°±¹¹ä_Q4_00051.JPG	train	train	ÀüÁÖÄá³ª¹°±¹¹ä	10	ÀüÁÖÄá³ª¹°±¹¹ä	Q4	3	1	side	900	432.38	900	432.38
side_±¹·ù_¶Ò¹è±â_ÀüÁÖÄá³ª¹°±¹¹ä_Q4_00052.JPG	train	train	ÀüÁÖÄá³ª¹°±¹¹ä	10	ÀüÁÖÄá³ª¹°±¹¹ä	Q4	3	1	side	900	432.38	900	432.38
side_±¹·ù_¶Ò¹è±â_ÀüÁÖÄá³ª¹°±¹¹ä_Q4_00053.JPG	train	train	ÀüÁÖÄá³ª¹°±¹¹ä	10	ÀüÁÖÄá³ª¹°±¹¹ä	Q4	3	1	side	900	432.38	900	432.38
top_±¹·ù_¶Ò¹è±â_ÀüÁÖÄá³ª¹°±¹¹ä_Q4_00001.JPG	train	train	ÀüÁÖÄá³ª¹°±¹¹ä	10	ÀüÁÖÄá³ª¹°±¹¹ä	Q4	3	1	top	900	432.38	900	432.38
top_±¹·ù_¶Ò¹è±â_ÀüÁÖÄá³ª¹°±¹¹ä_Q4_00002.JPG	train	train	ÀüÁÖÄá³ª¹°±¹¹ä	10	ÀüÁÖÄá³ª¹°±¹¹ä	Q4	3	1	top	900	432.38	900	432.38
top_±¹·ù_¶Ò¹è±â_ÀüÁÖÄá³ª¹°±¹¹ä_Q4_00004.JPG	train	train	ÀüÁÖÄá³ª¹°±¹¹ä	10	ÀüÁÖÄá³ª¹°±¹¹ä	Q4	3	1	top	900	432.38	900	432.38
top_±¹·ù_¶Ò¹è±â_ÀüÁÖÄá³ª¹°±¹¹ä_Q4_00006.JPG	train	train	ÀüÁÖÄá³ª¹°±¹¹ä	10	ÀüÁÖÄá³ª¹°±¹¹ä	Q4	3	1	top	900	432.38	900	432.38
top_±¹·ù_¶Ò¹è±â_ÀüÁÖÄá³ª¹°±¹¹ä_Q4_00007.JPG	train	train	ÀüÁÖÄá³ª¹°±¹¹ä	10	ÀüÁÖÄá³ª¹°±¹¹ä	Q4	3	1	top	900	432.38	900	432.38
top_±¹·ù_¶Ò¹è±â_ÀüÁÖÄá³ª¹°±¹¹ä_Q4_00008.JPG	train	train	ÀüÁÖÄá³ª¹°±¹¹ä	10	ÀüÁÖÄá³ª¹°±¹¹ä	Q4	3	1	top	900	432.38	900	432.38
top_±¹·ù_¶Ò¹è±â_ÀüÁÖÄá³ª¹°±¹¹ä_Q4_00010.JPG	train	train	ÀüÁÖÄá³ª¹°±¹¹ä	10	ÀüÁÖÄá³ª¹°±¹¹ä	Q4	3	1	top	900	432.38	900	432.38
top_±¹·ù_¶Ò¹è±â_ÀüÁÖÄá³ª¹°±¹¹ä_Q4_00012.JPG	train	train	ÀüÁÖÄá³ª¹°±¹¹ä	10	ÀüÁÖÄá³ª¹°±¹¹ä	Q4	3	1	top	900	432.38	900	432.38
top_±¹·ù_¶Ò¹è±â_ÀüÁÖÄá³ª¹°±¹¹ä_Q4_00014.JPG	train	train	ÀüÁÖÄá³ª¹°±¹¹ä	10	ÀüÁÖÄá³ª¹°±¹¹ä	Q4	3	1	top	900	432.38	900	432.38
top_±¹·ù_¶Ò¹è±â_ÀüÁÖÄá³ª¹°±¹¹ä_Q4_00015.JPG	train	train	ÀüÁÖÄá³ª¹°±¹¹ä	10	ÀüÁÖÄá³ª¹°±¹¹ä	Q4	3	1	top	900	432.38	900	432.38
top_±¹·ù_¶Ò¹è±â_ÀüÁÖÄá³ª¹°±¹¹ä_Q4_00016.JPG	train	train	ÀüÁÖÄá³ª¹°±¹¹ä	10	ÀüÁÖÄá³ª¹°±¹¹ä	Q4	3	1	top	900	432.38	900	432.38
top_±¹·ù_¶Ò¹è±â_ÀüÁÖÄá³ª¹°±¹¹ä_Q4_00017.JPG	train	train	ÀüÁÖÄá³ª¹°±¹¹ä	10	ÀüÁÖÄá³ª¹°±¹¹ä	Q4	3	1	top	900	432.38	900	432.38
top_±¹·ù_¶Ò¹è±â_ÀüÁÖÄá³ª¹°±¹¹ä_Q4_00019.JPG	train	train	ÀüÁÖÄá³ª¹°±¹¹ä	10	ÀüÁÖÄá³ª¹°±¹¹ä	Q4	3	1	top	900	432.38	900	432.38
top_±¹·ù_¶Ò¹è±â_ÀüÁÖÄá³ª¹°±¹¹ä_Q4_00020.JPG	train	train	ÀüÁÖÄá³ª¹°±¹¹ä	10	ÀüÁÖÄá³ª¹°±¹¹ä	Q4	3	1	top	900	432.38	900	432.38
top_±¹·ù_¶Ò¹è±â_ÀüÁÖÄá³ª¹°±¹¹ä_Q4_00021.JPG	train	train	ÀüÁÖÄá³ª¹°±¹¹ä	10	ÀüÁÖÄá³ª¹°±¹¹ä	Q4	3	1	top	900	432.38	900	432.38
top_±¹·ù_¶Ò¹è±â_ÀüÁÖÄá³ª¹°±¹¹ä_Q4_00022.JPG	train	train	ÀüÁÖÄá³ª¹°±¹¹ä	10	ÀüÁÖÄá³ª¹°±¹¹ä	Q4	3	1	top	900	432.38	900	432.38
top_±¹·ù_¶Ò¹è±â_ÀüÁÖÄá³ª¹°±¹¹ä_Q4_00023.JPG	train	train	ÀüÁÖÄá³ª¹°±¹¹ä	10	ÀüÁÖÄá³ª¹°±¹¹ä	Q4	3	1	top	900	432.38	900	432.38
top_±¹·ù_¶Ò¹è±â_ÀüÁÖÄá³ª¹°±¹¹ä_Q4_00024.JPG	train	train	ÀüÁÖÄá³ª¹°±¹¹ä	10	ÀüÁÖÄá³ª¹°±¹¹ä	Q4	3	1	top	900	432.38	900	432.38
top_±¹·ù_¶Ò¹è±â_ÀüÁÖÄá³ª¹°±¹¹ä_Q4_00025.JPG	train	train	ÀüÁÖÄá³ª¹°±¹¹ä	10	ÀüÁÖÄá³ª¹°±¹¹ä	Q4	3	1	top	900	432.38	900	432.38
top_±¹·ù_¶Ò¹è±â_ÀüÁÖÄá³ª¹°±¹¹ä_Q4_00026.JPG	train	train	ÀüÁÖÄá³ª¹°±¹¹ä	10	ÀüÁÖÄá³ª¹°±¹¹ä	Q4	3	1	top	900	432.38	900	432.38
top_±¹·ù_¶Ò¹è±â_ÀüÁÖÄá³ª¹°±¹¹ä_Q4_00027.JPG	train	train	ÀüÁÖÄá³ª¹°±¹¹ä	10	ÀüÁÖÄá³ª¹°±¹¹ä	Q4	3	1	top	900	432.38	900	432.38
top_±¹·ù_¶Ò¹è±â_ÀüÁÖÄá³ª¹°±¹¹ä_Q4_00028.JPG	train	train	ÀüÁÖÄá³ª¹°±¹¹ä	10	ÀüÁÖÄá³ª¹°±¹¹ä	Q4	3	1	top	900	432.38	900	432.38
top_±¹·ù_¶Ò¹è±â_ÀüÁÖÄá³ª¹°±¹¹ä_Q4_00029.JPG	train	train	ÀüÁÖÄá³ª¹°±¹¹ä	10	ÀüÁÖÄá³ª¹°±¹¹ä	Q4	3	1	top	900	432.38	900	432.38
top_±¹·ù_¶Ò¹è±â_ÀüÁÖÄá³ª¹°±¹¹ä_Q4_00030.JPG	train	train	ÀüÁÖÄá³ª¹°±¹¹ä	10	ÀüÁÖÄá³ª¹°±¹¹ä	Q4	3	1	top	900	432.38	900	432.38
top_±¹·ù_¶Ò¹è±â_ÀüÁÖÄá³ª¹°±¹¹ä_Q4_00031.JPG	train	train	ÀüÁÖÄá³ª¹°±¹¹ä	10	ÀüÁÖÄá³ª¹°±¹¹ä	Q4	3	1	top	900	432.38	900	432.38
top_±¹·ù_¶Ò¹è±â_ÀüÁÖÄá³ª¹°±¹¹ä_Q4_00032.JPG	train	train	ÀüÁÖÄá³ª¹°±¹¹ä	10	ÀüÁÖÄá³ª¹°±¹¹ä	Q4	3	1	top	900	432.38	900	432.38
top_±¹·ù_¶Ò¹è±â_ÀüÁÖÄá³ª¹°±¹¹ä_Q4_00033.JPG	train	train	ÀüÁÖÄá³ª¹°±¹¹ä	10	ÀüÁÖÄá³ª¹°±¹¹ä	Q4	3	1	top	900	432.38	900	432.38
top_±¹·ù_¶Ò¹è±â_ÀüÁÖÄá³ª¹°±¹¹ä_Q4_00035.JPG	train	train	ÀüÁÖÄá³ª¹°±¹¹ä	10	ÀüÁÖÄá³ª¹°±¹¹ä	Q4	3	1	top	900	432.38	900	432.38
top_±¹·ù_¶Ò¹è±â_ÀüÁÖÄá³ª¹°±¹¹ä_Q4_00036.JPG	train	train	ÀüÁÖÄá³ª¹°±¹¹ä	10	ÀüÁÖÄá³ª¹°±¹¹ä	Q4	3	1	top	900	432.38	900	432.38
top_±¹·ù_¶Ò¹è±â_ÀüÁÖÄá³ª¹°±¹¹ä_Q4_00037.JPG	train	train	ÀüÁÖÄá³ª¹°±¹¹ä	10	ÀüÁÖÄá³ª¹°±¹¹ä	Q4	3	1	top	900	432.38	900	432.38
top_±¹·ù_¶Ò¹è±â_ÀüÁÖÄá³ª¹°±¹¹ä_Q4_00038.JPG	train	train	ÀüÁÖÄá³ª¹°±¹¹ä	10	ÀüÁÖÄá³ª¹°±¹¹ä	Q4	3	1	top	900	432.38	900	432.38
top_±¹·ù_¶Ò¹è±â_ÀüÁÖÄá³ª¹°±¹¹ä_Q4_00039.JPG	train	train	ÀüÁÖÄá³ª¹°±¹¹ä	10	ÀüÁÖÄá³ª¹°±¹¹ä	Q4	3	1	top	900	432.38	900	432.38
top_±¹·ù_¶Ò¹è±â_ÀüÁÖÄá³ª¹°±¹¹ä_Q4_00040.JPG	train	train	ÀüÁÖÄá³ª¹°±¹¹ä	10	ÀüÁÖÄá³ª¹°±¹¹ä	Q4	3	1	top	900	432.38	900	432.38
top_±¹·ù_¶Ò¹è±â_ÀüÁÖÄá³ª¹°±¹¹ä_Q4_00041.JPG	train	train	ÀüÁÖÄá³ª¹°±¹¹ä	10	ÀüÁÖÄá³ª¹°±¹¹ä	Q4	3	1	top	900	432.38	900	432.38
top_±¹·ù_¶Ò¹è±â_ÀüÁÖÄá³ª¹°±¹¹ä_Q4_00042.JPG	train	train	ÀüÁÖÄá³ª¹°±¹¹ä	10	ÀüÁÖÄá³ª¹°±¹¹ä	Q4	3	1	top	900	432.38	900	432.38
top_±¹·ù_¶Ò¹è±â_ÀüÁÖÄá³ª¹°±¹¹ä_Q4_00044.JPG	train	train	ÀüÁÖÄá³ª¹°±¹¹ä	10	ÀüÁÖÄá³ª¹°±¹¹ä	Q4	3	1	top	900	432.38	900	432.38
top_±¹·ù_¶Ò¹è±â_ÀüÁÖÄá³ª¹°±¹¹ä_Q4_00045.JPG	train	train	ÀüÁÖÄá³ª¹°±¹¹ä	10	ÀüÁÖÄá³ª¹°±¹¹ä	Q4	3	1	top	900	432.38	900	432.38
top_±¹·ù_¶Ò¹è±â_ÀüÁÖÄá³ª¹°±¹¹ä_Q4_00046.JPG	train	train	ÀüÁÖÄá³ª¹°±¹¹ä	10	ÀüÁÖÄá³ª¹°±¹¹ä	Q4	3	1	top	900	432.38	900	432.38
top_±¹·ù_¶Ò¹è±â_ÀüÁÖÄá³ª¹°±¹¹ä_Q4_00047.JPG	train	train	ÀüÁÖÄá³ª¹°±¹¹ä	10	ÀüÁÖÄá³ª¹°±¹¹ä	Q4	3	1	top	900	432.38	900	432.38
top_±¹·ù_¶Ò¹è±â_ÀüÁÖÄá³ª¹°±¹¹ä_Q4_00048.JPG	train	train	ÀüÁÖÄá³ª¹°±¹¹ä	10	ÀüÁÖÄá³ª¹°±¹¹ä	Q4	3	1	top	900	432.38	900	432.38
top_±¹·ù_¶Ò¹è±â_ÀüÁÖÄá³ª¹°±¹¹ä_Q4_00050.JPG	train	train	ÀüÁÖÄá³ª¹°±¹¹ä	10	ÀüÁÖÄá³ª¹°±¹¹ä	Q4	3	1	top	900	432.38	900	432.38
top_±¹·ù_¶Ò¹è±â_ÀüÁÖÄá³ª¹°±¹¹ä_Q4_00051.JPG	train	train	ÀüÁÖÄá³ª¹°±¹¹ä	10	ÀüÁÖÄá³ª¹°±¹¹ä	Q4	3	1	top	900	432.38	900	432.38
top_±¹·ù_¶Ò¹è±â_ÀüÁÖÄá³ª¹°±¹¹ä_Q4_00052.JPG	train	train	ÀüÁÖÄá³ª¹°±¹¹ä	10	ÀüÁÖÄá³ª¹°±¹¹ä	Q4	3	1	top	900	432.38	900	432.38
side_±¹·ù_¶Ò¹è±â_ÀüÁÖÄá³ª¹°±¹¹ä_Q5_00002.JPG	train	train	ÀüÁÖÄá³ª¹°±¹¹ä	10	ÀüÁÖÄá³ª¹°±¹¹ä	Q5	4	1.25	side	900	432.38	1125	540.48
side_±¹·ù_¶Ò¹è±â_ÀüÁÖÄá³ª¹°±¹¹ä_Q5_00003.JPG	train	train	ÀüÁÖÄá³ª¹°±¹¹ä	10	ÀüÁÖÄá³ª¹°±¹¹ä	Q5	4	1.25	side	900	432.38	1125	540.48
side_±¹·ù_¶Ò¹è±â_ÀüÁÖÄá³ª¹°±¹¹ä_Q5_00004.JPG	train	train	ÀüÁÖÄá³ª¹°±¹¹ä	10	ÀüÁÖÄá³ª¹°±¹¹ä	Q5	4	1.25	side	900	432.38	1125	540.48
side_±¹·ù_¶Ò¹è±â_ÀüÁÖÄá³ª¹°±¹¹ä_Q5_00005.JPG	train	train	ÀüÁÖÄá³ª¹°±¹¹ä	10	ÀüÁÖÄá³ª¹°±¹¹ä	Q5	4	1.25	side	900	432.38	1125	540.48
side_±¹·ù_¶Ò¹è±â_ÀüÁÖÄá³ª¹°±¹¹ä_Q5_00006.JPG	train	train	ÀüÁÖÄá³ª¹°±¹¹ä	10	ÀüÁÖÄá³ª¹°±¹¹ä	Q5	4	1.25	side	900	432.38	1125	540.48
side_±¹·ù_¶Ò¹è±â_ÀüÁÖÄá³ª¹°±¹¹ä_Q5_00007.JPG	train	train	ÀüÁÖÄá³ª¹°±¹¹ä	10	ÀüÁÖÄá³ª¹°±¹¹ä	Q5	4	1.25	side	900	432.38	1125	540.48
side_±¹·ù_¶Ò¹è±â_ÀüÁÖÄá³ª¹°±¹¹ä_Q5_00008.JPG	train	train	ÀüÁÖÄá³ª¹°±¹¹ä	10	ÀüÁÖÄá³ª¹°±¹¹ä	Q5	4	1.25	side	900	432.38	1125	540.48
side_±¹·ù_¶Ò¹è±â_ÀüÁÖÄá³ª¹°±¹¹ä_Q5_00009.JPG	train	train	ÀüÁÖÄá³ª¹°±¹¹ä	10	ÀüÁÖÄá³ª¹°±¹¹ä	Q5	4	1.25	side	900	432.38	1125	540.48
side_±¹·ù_¶Ò¹è±â_ÀüÁÖÄá³ª¹°±¹¹ä_Q5_00010.JPG	train	train	ÀüÁÖÄá³ª¹°±¹¹ä	10	ÀüÁÖÄá³ª¹°±¹¹ä	Q5	4	1.25	side	900	432.38	1125	540.48
side_±¹·ù_¶Ò¹è±â_ÀüÁÖÄá³ª¹°±¹¹ä_Q5_00011.JPG	train	train	ÀüÁÖÄá³ª¹°±¹¹ä	10	ÀüÁÖÄá³ª¹°±¹¹ä	Q5	4	1.25	side	900	432.38	1125	540.48
side_±¹·ù_¶Ò¹è±â_ÀüÁÖÄá³ª¹°±¹¹ä_Q5_00012.JPG	train	train	ÀüÁÖÄá³ª¹°±¹¹ä	10	ÀüÁÖÄá³ª¹°±¹¹ä	Q5	4	1.25	side	900	432.38	1125	540.48
side_±¹·ù_¶Ò¹è±â_ÀüÁÖÄá³ª¹°±¹¹ä_Q5_00013.JPG	train	train	ÀüÁÖÄá³ª¹°±¹¹ä	10	ÀüÁÖÄá³ª¹°±¹¹ä	Q5	4	1.25	side	900	432.38	1125	540.48
side_±¹·ù_¶Ò¹è±â_ÀüÁÖÄá³ª¹°±¹¹ä_Q5_00014.JPG	train	train	ÀüÁÖÄá³ª¹°±¹¹ä	10	ÀüÁÖÄá³ª¹°±¹¹ä	Q5	4	1.25	side	900	432.38	1125	540.48
side_±¹·ù_¶Ò¹è±â_ÀüÁÖÄá³ª¹°±¹¹ä_Q5_00015.JPG	train	train	ÀüÁÖÄá³ª¹°±¹¹ä	10	ÀüÁÖÄá³ª¹°±¹¹ä	Q5	4	1.25	side	900	432.38	1125	540.48
side_±¹·ù_¶Ò¹è±â_ÀüÁÖÄá³ª¹°±¹¹ä_Q5_00016.JPG	train	train	ÀüÁÖÄá³ª¹°±¹¹ä	10	ÀüÁÖÄá³ª¹°±¹¹ä	Q5	4	1.25	side	900	432.38	1125	540.48
side_±¹·ù_¶Ò¹è±â_ÀüÁÖÄá³ª¹°±¹¹ä_Q5_00018.JPG	train	train	ÀüÁÖÄá³ª¹°±¹¹ä	10	ÀüÁÖÄá³ª¹°±¹¹ä	Q5	4	1.25	side	900	432.38	1125	540.48
side_±¹·ù_¶Ò¹è±â_ÀüÁÖÄá³ª¹°±¹¹ä_Q5_00019.JPG	train	train	ÀüÁÖÄá³ª¹°±¹¹ä	10	ÀüÁÖÄá³ª¹°±¹¹ä	Q5	4	1.25	side	900	432.38	1125	540.48
side_±¹·ù_¶Ò¹è±â_ÀüÁÖÄá³ª¹°±¹¹ä_Q5_00020.JPG	train	train	ÀüÁÖÄá³ª¹°±¹¹ä	10	ÀüÁÖÄá³ª¹°±¹¹ä	Q5	4	1.25	side	900	432.38	1125	540.48
side_±¹·ù_¶Ò¹è±â_ÀüÁÖÄá³ª¹°±¹¹ä_Q5_00022.JPG	train	train	ÀüÁÖÄá³ª¹°±¹¹ä	10	ÀüÁÖÄá³ª¹°±¹¹ä	Q5	4	1.25	side	900	432.38	1125	540.48
side_±¹·ù_¶Ò¹è±â_ÀüÁÖÄá³ª¹°±¹¹ä_Q5_00023.JPG	train	train	ÀüÁÖÄá³ª¹°±¹¹ä	10	ÀüÁÖÄá³ª¹°±¹¹ä	Q5	4	1.25	side	900	432.38	1125	540.48
side_±¹·ù_¶Ò¹è±â_ÀüÁÖÄá³ª¹°±¹¹ä_Q5_00024.JPG	train	train	ÀüÁÖÄá³ª¹°±¹¹ä	10	ÀüÁÖÄá³ª¹°±¹¹ä	Q5	4	1.25	side	900	432.38	1125	540.48
side_±¹·ù_¶Ò¹è±â_ÀüÁÖÄá³ª¹°±¹¹ä_Q5_00025.JPG	train	train	ÀüÁÖÄá³ª¹°±¹¹ä	10	ÀüÁÖÄá³ª¹°±¹¹ä	Q5	4	1.25	side	900	432.38	1125	540.48
side_±¹·ù_¶Ò¹è±â_ÀüÁÖÄá³ª¹°±¹¹ä_Q5_00027.JPG	train	train	ÀüÁÖÄá³ª¹°±¹¹ä	10	ÀüÁÖÄá³ª¹°±¹¹ä	Q5	4	1.25	side	900	432.38	1125	540.48
side_±¹·ù_¶Ò¹è±â_ÀüÁÖÄá³ª¹°±¹¹ä_Q5_00029.JPG	train	train	ÀüÁÖÄá³ª¹°±¹¹ä	10	ÀüÁÖÄá³ª¹°±¹¹ä	Q5	4	1.25	side	900	432.38	1125	540.48
side_±¹·ù_¶Ò¹è±â_ÀüÁÖÄá³ª¹°±¹¹ä_Q5_00030.JPG	train	train	ÀüÁÖÄá³ª¹°±¹¹ä	10	ÀüÁÖÄá³ª¹°±¹¹ä	Q5	4	1.25	side	900	432.38	1125	540.48
side_±¹·ù_¶Ò¹è±â_ÀüÁÖÄá³ª¹°±¹¹ä_Q5_00032.JPG	train	train	ÀüÁÖÄá³ª¹°±¹¹ä	10	ÀüÁÖÄá³ª¹°±¹¹ä	Q5	4	1.25	side	900	432.38	1125	540.48
side_±¹·ù_¶Ò¹è±â_ÀüÁÖÄá³ª¹°±¹¹ä_Q5_00033.JPG	train	train	ÀüÁÖÄá³ª¹°±¹¹ä	10	ÀüÁÖÄá³ª¹°±¹¹ä	Q5	4	1.25	side	900	432.38	1125	540.48
side_±¹·ù_¶Ò¹è±â_ÀüÁÖÄá³ª¹°±¹¹ä_Q5_00034.JPG	train	train	ÀüÁÖÄá³ª¹°±¹¹ä	10	ÀüÁÖÄá³ª¹°±¹¹ä	Q5	4	1.25	side	900	432.38	1125	540.48
side_±¹·ù_¶Ò¹è±â_ÀüÁÖÄá³ª¹°±¹¹ä_Q5_00035.JPG	train	train	ÀüÁÖÄá³ª¹°±¹¹ä	10	ÀüÁÖÄá³ª¹°±¹¹ä	Q5	4	1.25	side	900	432.38	1125	540.48
side_±¹·ù_¶Ò¹è±â_ÀüÁÖÄá³ª¹°±¹¹ä_Q5_00036.JPG	train	train	ÀüÁÖÄá³ª¹°±¹¹ä	10	ÀüÁÖÄá³ª¹°±¹¹ä	Q5	4	1.25	side	900	432.38	1125	540.48
side_±¹·ù_¶Ò¹è±â_ÀüÁÖÄá³ª¹°±¹¹ä_Q5_00037.JPG	train	train	ÀüÁÖÄá³ª¹°±¹¹ä	10	ÀüÁÖÄá³ª¹°±¹¹ä	Q5	4	1.25	side	900	432.38	1125	540.48
side_±¹·ù_¶Ò¹è±â_ÀüÁÖÄá³ª¹°±¹¹ä_Q5_00039.JPG	train	train	ÀüÁÖÄá³ª¹°±¹¹ä	10	ÀüÁÖÄá³ª¹°±¹¹ä	Q5	4	1.25	side	900	432.38	1125	540.48
side_±¹·ù_¶Ò¹è±â_ÀüÁÖÄá³ª¹°±¹¹ä_Q5_00040.JPG	train	train	ÀüÁÖÄá³ª¹°±¹¹ä	10	ÀüÁÖÄá³ª¹°±¹¹ä	Q5	4	1.25	side	900	432.38	1125	540.48
side_±¹·ù_¶Ò¹è±â_ÀüÁÖÄá³ª¹°±¹¹ä_Q5_00041.JPG	train	train	ÀüÁÖÄá³ª¹°±¹¹ä	10	ÀüÁÖÄá³ª¹°±¹¹ä	Q5	4	1.25	side	900	432.38	1125	540.48
side_±¹·ù_¶Ò¹è±â_ÀüÁÖÄá³ª¹°±¹¹ä_Q5_00042.JPG	train	train	ÀüÁÖÄá³ª¹°±¹¹ä	10	ÀüÁÖÄá³ª¹°±¹¹ä	Q5	4	1.25	side	900	432.38	1125	540.48
side_±¹·ù_¶Ò¹è±â_ÀüÁÖÄá³ª¹°±¹¹ä_Q5_00043.JPG	train	train	ÀüÁÖÄá³ª¹°±¹¹ä	10	ÀüÁÖÄá³ª¹°±¹¹ä	Q5	4	1.25	side	900	432.38	1125	540.48
side_±¹·ù_¶Ò¹è±â_ÀüÁÖÄá³ª¹°±¹¹ä_Q5_00045.JPG	train	train	ÀüÁÖÄá³ª¹°±¹¹ä	10	ÀüÁÖÄá³ª¹°±¹¹ä	Q5	4	1.25	side	900	432.38	1125	540.48
side_±¹·ù_¶Ò¹è±â_ÀüÁÖÄá³ª¹°±¹¹ä_Q5_00046.JPG	train	train	ÀüÁÖÄá³ª¹°±¹¹ä	10	ÀüÁÖÄá³ª¹°±¹¹ä	Q5	4	1.25	side	900	432.38	1125	540.48
side_±¹·ù_¶Ò¹è±â_ÀüÁÖÄá³ª¹°±¹¹ä_Q5_00048.JPG	train	train	ÀüÁÖÄá³ª¹°±¹¹ä	10	ÀüÁÖÄá³ª¹°±¹¹ä	Q5	4	1.25	side	900	432.38	1125	540.48
side_±¹·ù_¶Ò¹è±â_ÀüÁÖÄá³ª¹°±¹¹ä_Q5_00049.JPG	train	train	ÀüÁÖÄá³ª¹°±¹¹ä	10	ÀüÁÖÄá³ª¹°±¹¹ä	Q5	4	1.25	side	900	432.38	1125	540.48
side_±¹·ù_¶Ò¹è±â_ÀüÁÖÄá³ª¹°±¹¹ä_Q5_00050.JPG	train	train	ÀüÁÖÄá³ª¹°±¹¹ä	10	ÀüÁÖÄá³ª¹°±¹¹ä	Q5	4	1.25	side	900	432.38	1125	540.48
side_±¹·ù_¶Ò¹è±â_ÀüÁÖÄá³ª¹°±¹¹ä_Q5_00051.JPG	train	train	ÀüÁÖÄá³ª¹°±¹¹ä	10	ÀüÁÖÄá³ª¹°±¹¹ä	Q5	4	1.25	side	900	432.38	1125	540.48
side_±¹·ù_¶Ò¹è±â_ÀüÁÖÄá³ª¹°±¹¹ä_Q5_00053.JPG	train	train	ÀüÁÖÄá³ª¹°±¹¹ä	10	ÀüÁÖÄá³ª¹°±¹¹ä	Q5	4	1.25	side	900	432.38	1125	540.48
side_±¹·ù_¶Ò¹è±â_ÀüÁÖÄá³ª¹°±¹¹ä_Q5_00054.JPG	train	train	ÀüÁÖÄá³ª¹°±¹¹ä	10	ÀüÁÖÄá³ª¹°±¹¹ä	Q5	4	1.25	side	900	432.38	1125	540.48
side_±¹·ù_¶Ò¹è±â_ÀüÁÖÄá³ª¹°±¹¹ä_Q5_00055.JPG	train	train	ÀüÁÖÄá³ª¹°±¹¹ä	10	ÀüÁÖÄá³ª¹°±¹¹ä	Q5	4	1.25	side	900	432.38	1125	540.48
top_±¹·ù_¶Ò¹è±â_ÀüÁÖÄá³ª¹°±¹¹ä_Q5_00001.JPG	train	train	ÀüÁÖÄá³ª¹°±¹¹ä	10	ÀüÁÖÄá³ª¹°±¹¹ä	Q5	4	1.25	top	900	432.38	1125	540.48
top_±¹·ù_¶Ò¹è±â_ÀüÁÖÄá³ª¹°±¹¹ä_Q5_00002.JPG	train	train	ÀüÁÖÄá³ª¹°±¹¹ä	10	ÀüÁÖÄá³ª¹°±¹¹ä	Q5	4	1.25	top	900	432.38	1125	540.48
top_±¹·ù_¶Ò¹è±â_ÀüÁÖÄá³ª¹°±¹¹ä_Q5_00004.JPG	train	train	ÀüÁÖÄá³ª¹°±¹¹ä	10	ÀüÁÖÄá³ª¹°±¹¹ä	Q5	4	1.25	top	900	432.38	1125	540.48
top_±¹·ù_¶Ò¹è±â_ÀüÁÖÄá³ª¹°±¹¹ä_Q5_00005.JPG	train	train	ÀüÁÖÄá³ª¹°±¹¹ä	10	ÀüÁÖÄá³ª¹°±¹¹ä	Q5	4	1.25	top	900	432.38	1125	540.48
top_±¹·ù_¶Ò¹è±â_ÀüÁÖÄá³ª¹°±¹¹ä_Q5_00006.JPG	train	train	ÀüÁÖÄá³ª¹°±¹¹ä	10	ÀüÁÖÄá³ª¹°±¹¹ä	Q5	4	1.25	top	900	432.38	1125	540.48
top_±¹·ù_¶Ò¹è±â_ÀüÁÖÄá³ª¹°±¹¹ä_Q5_00007.JPG	train	train	ÀüÁÖÄá³ª¹°±¹¹ä	10	ÀüÁÖÄá³ª¹°±¹¹ä	Q5	4	1.25	top	900	432.38	1125	540.48
top_±¹·ù_¶Ò¹è±â_ÀüÁÖÄá³ª¹°±¹¹ä_Q5_00008.JPG	train	train	ÀüÁÖÄá³ª¹°±¹¹ä	10	ÀüÁÖÄá³ª¹°±¹¹ä	Q5	4	1.25	top	900	432.38	1125	540.48
top_±¹·ù_¶Ò¹è±â_ÀüÁÖÄá³ª¹°±¹¹ä_Q5_00009.JPG	train	train	ÀüÁÖÄá³ª¹°±¹¹ä	10	ÀüÁÖÄá³ª¹°±¹¹ä	Q5	4	1.25	top	900	432.38	1125	540.48
top_±¹·ù_¶Ò¹è±â_ÀüÁÖÄá³ª¹°±¹¹ä_Q5_00010.JPG	train	train	ÀüÁÖÄá³ª¹°±¹¹ä	10	ÀüÁÖÄá³ª¹°±¹¹ä	Q5	4	1.25	top	900	432.38	1125	540.48
top_±¹·ù_¶Ò¹è±â_ÀüÁÖÄá³ª¹°±¹¹ä_Q5_00011.JPG	train	train	ÀüÁÖÄá³ª¹°±¹¹ä	10	ÀüÁÖÄá³ª¹°±¹¹ä	Q5	4	1.25	top	900	432.38	1125	540.48
top_±¹·ù_¶Ò¹è±â_ÀüÁÖÄá³ª¹°±¹¹ä_Q5_00012.JPG	train	train	ÀüÁÖÄá³ª¹°±¹¹ä	10	ÀüÁÖÄá³ª¹°±¹¹ä	Q5	4	1.25	top	900	432.38	1125	540.48
top_±¹·ù_¶Ò¹è±â_ÀüÁÖÄá³ª¹°±¹¹ä_Q5_00014.JPG	train	train	ÀüÁÖÄá³ª¹°±¹¹ä	10	ÀüÁÖÄá³ª¹°±¹¹ä	Q5	4	1.25	top	900	432.38	1125	540.48
top_±¹·ù_¶Ò¹è±â_ÀüÁÖÄá³ª¹°±¹¹ä_Q5_00015.JPG	train	train	ÀüÁÖÄá³ª¹°±¹¹ä	10	ÀüÁÖÄá³ª¹°±¹¹ä	Q5	4	1.25	top	900	432.38	1125	540.48
top_±¹·ù_¶Ò¹è±â_ÀüÁÖÄá³ª¹°±¹¹ä_Q5_00016.JPG	train	train	ÀüÁÖÄá³ª¹°±¹¹ä	10	ÀüÁÖÄá³ª¹°±¹¹ä	Q5	4	1.25	top	900	432.38	1125	540.48
top_±¹·ù_¶Ò¹è±â_ÀüÁÖÄá³ª¹°±¹¹ä_Q5_00018.JPG	train	train	ÀüÁÖÄá³ª¹°±¹¹ä	10	ÀüÁÖÄá³ª¹°±¹¹ä	Q5	4	1.25	top	900	432.38	1125	540.48
top_±¹·ù_¶Ò¹è±â_ÀüÁÖÄá³ª¹°±¹¹ä_Q5_00019.JPG	train	train	ÀüÁÖÄá³ª¹°±¹¹ä	10	ÀüÁÖÄá³ª¹°±¹¹ä	Q5	4	1.25	top	900	432.38	1125	540.48
top_±¹·ù_¶Ò¹è±â_ÀüÁÖÄá³ª¹°±¹¹ä_Q5_00020.JPG	train	train	ÀüÁÖÄá³ª¹°±¹¹ä	10	ÀüÁÖÄá³ª¹°±¹¹ä	Q5	4	1.25	top	900	432.38	1125	540.48
top_±¹·ù_¶Ò¹è±â_ÀüÁÖÄá³ª¹°±¹¹ä_Q5_00022.JPG	train	train	ÀüÁÖÄá³ª¹°±¹¹ä	10	ÀüÁÖÄá³ª¹°±¹¹ä	Q5	4	1.25	top	900	432.38	1125	540.48
top_±¹·ù_¶Ò¹è±â_ÀüÁÖÄá³ª¹°±¹¹ä_Q5_00025.JPG	train	train	ÀüÁÖÄá³ª¹°±¹¹ä	10	ÀüÁÖÄá³ª¹°±¹¹ä	Q5	4	1.25	top	900	432.38	1125	540.48
top_±¹·ù_¶Ò¹è±â_ÀüÁÖÄá³ª¹°±¹¹ä_Q5_00026.JPG	train	train	ÀüÁÖÄá³ª¹°±¹¹ä	10	ÀüÁÖÄá³ª¹°±¹¹ä	Q5	4	1.25	top	900	432.38	1125	540.48
top_±¹·ù_¶Ò¹è±â_ÀüÁÖÄá³ª¹°±¹¹ä_Q5_00027.JPG	train	train	ÀüÁÖÄá³ª¹°±¹¹ä	10	ÀüÁÖÄá³ª¹°±¹¹ä	Q5	4	1.25	top	900	432.38	1125	540.48
top_±¹·ù_¶Ò¹è±â_ÀüÁÖÄá³ª¹°±¹¹ä_Q5_00028.JPG	train	train	ÀüÁÖÄá³ª¹°±¹¹ä	10	ÀüÁÖÄá³ª¹°±¹¹ä	Q5	4	1.25	top	900	432.38	1125	540.48
top_±¹·ù_¶Ò¹è±â_ÀüÁÖÄá³ª¹°±¹¹ä_Q5_00029.JPG	train	train	ÀüÁÖÄá³ª¹°±¹¹ä	10	ÀüÁÖÄá³ª¹°±¹¹ä	Q5	4	1.25	top	900	432.38	1125	540.48
top_±¹·ù_¶Ò¹è±â_ÀüÁÖÄá³ª¹°±¹¹ä_Q5_00030.JPG	train	train	ÀüÁÖÄá³ª¹°±¹¹ä	10	ÀüÁÖÄá³ª¹°±¹¹ä	Q5	4	1.25	top	900	432.38	1125	540.48
top_±¹·ù_¶Ò¹è±â_ÀüÁÖÄá³ª¹°±¹¹ä_Q5_00031.JPG	train	train	ÀüÁÖÄá³ª¹°±¹¹ä	10	ÀüÁÖÄá³ª¹°±¹¹ä	Q5	4	1.25	top	900	432.38	1125	540.48
top_±¹·ù_¶Ò¹è±â_ÀüÁÖÄá³ª¹°±¹¹ä_Q5_00032.JPG	train	train	ÀüÁÖÄá³ª¹°±¹¹ä	10	ÀüÁÖÄá³ª¹°±¹¹ä	Q5	4	1.25	top	900	432.38	1125	540.48
top_±¹·ù_¶Ò¹è±â_ÀüÁÖÄá³ª¹°±¹¹ä_Q5_00034.JPG	train	train	ÀüÁÖÄá³ª¹°±¹¹ä	10	ÀüÁÖÄá³ª¹°±¹¹ä	Q5	4	1.25	top	900	432.38	1125	540.48
top_±¹·ù_¶Ò¹è±â_ÀüÁÖÄá³ª¹°±¹¹ä_Q5_00035.JPG	train	train	ÀüÁÖÄá³ª¹°±¹¹ä	10	ÀüÁÖÄá³ª¹°±¹¹ä	Q5	4	1.25	top	900	432.38	1125	540.48
top_±¹·ù_¶Ò¹è±â_ÀüÁÖÄá³ª¹°±¹¹ä_Q5_00036.JPG	train	train	ÀüÁÖÄá³ª¹°±¹¹ä	10	ÀüÁÖÄá³ª¹°±¹¹ä	Q5	4	1.25	top	900	432.38	1125	540.48
top_±¹·ù_¶Ò¹è±â_ÀüÁÖÄá³ª¹°±¹¹ä_Q5_00037.JPG	train	train	ÀüÁÖÄá³ª¹°±¹¹ä	10	ÀüÁÖÄá³ª¹°±¹¹ä	Q5	4	1.25	top	900	432.38	1125	540.48
top_±¹·ù_¶Ò¹è±â_ÀüÁÖÄá³ª¹°±¹¹ä_Q5_00038.JPG	train	train	ÀüÁÖÄá³ª¹°±¹¹ä	10	ÀüÁÖÄá³ª¹°±¹¹ä	Q5	4	1.25	top	900	432.38	1125	540.48
top_±¹·ù_¶Ò¹è±â_ÀüÁÖÄá³ª¹°±¹¹ä_Q5_00039.JPG	train	train	ÀüÁÖÄá³ª¹°±¹¹ä	10	ÀüÁÖÄá³ª¹°±¹¹ä	Q5	4	1.25	top	900	432.38	1125	540.48
top_±¹·ù_¶Ò¹è±â_ÀüÁÖÄá³ª¹°±¹¹ä_Q5_00041.JPG	train	train	ÀüÁÖÄá³ª¹°±¹¹ä	10	ÀüÁÖÄá³ª¹°±¹¹ä	Q5	4	1.25	top	900	432.38	1125	540.48
top_±¹·ù_¶Ò¹è±â_ÀüÁÖÄá³ª¹°±¹¹ä_Q5_00042.JPG	train	train	ÀüÁÖÄá³ª¹°±¹¹ä	10	ÀüÁÖÄá³ª¹°±¹¹ä	Q5	4	1.25	top	900	432.38	1125	540.48
top_±¹·ù_¶Ò¹è±â_ÀüÁÖÄá³ª¹°±¹¹ä_Q5_00043.JPG	train	train	ÀüÁÖÄá³ª¹°±¹¹ä	10	ÀüÁÖÄá³ª¹°±¹¹ä	Q5	4	1.25	top	900	432.38	1125	540.48
top_±¹·ù_¶Ò¹è±â_ÀüÁÖÄá³ª¹°±¹¹ä_Q5_00045.JPG	train	train	ÀüÁÖÄá³ª¹°±¹¹ä	10	ÀüÁÖÄá³ª¹°±¹¹ä	Q5	4	1.25	top	900	432.38	1125	540.48
top_±¹·ù_¶Ò¹è±â_ÀüÁÖÄá³ª¹°±¹¹ä_Q5_00046.JPG	train	train	ÀüÁÖÄá³ª¹°±¹¹ä	10	ÀüÁÖÄá³ª¹°±¹¹ä	Q5	4	1.25	top	900	432.38	1125	540.48
top_±¹·ù_¶Ò¹è±â_ÀüÁÖÄá³ª¹°±¹¹ä_Q5_00047.JPG	train	train	ÀüÁÖÄá³ª¹°±¹¹ä	10	ÀüÁÖÄá³ª¹°±¹¹ä	Q5	4	1.25	top	900	432.38	1125	540.48
top_±¹·ù_¶Ò¹è±â_ÀüÁÖÄá³ª¹°±¹¹ä_Q5_00048.JPG	train	train	ÀüÁÖÄá³ª¹°±¹¹ä	10	ÀüÁÖÄá³ª¹°±¹¹ä	Q5	4	1.25	top	900	432.38	1125	540.48
top_±¹·ù_¶Ò¹è±â_ÀüÁÖÄá³ª¹°±¹¹ä_Q5_00049.JPG	train	train	ÀüÁÖÄá³ª¹°±¹¹ä	10	ÀüÁÖÄá³ª¹°±¹¹ä	Q5	4	1.25	top	900	432.38	1125	540.48
top_±¹·ù_¶Ò¹è±â_ÀüÁÖÄá³ª¹°±¹¹ä_Q5_00050.JPG	train	train	ÀüÁÖÄá³ª¹°±¹¹ä	10	ÀüÁÖÄá³ª¹°±¹¹ä	Q5	4	1.25	top	900	432.38	1125	540.48
top_±¹·ù_¶Ò¹è±â_ÀüÁÖÄá³ª¹°±¹¹ä_Q5_00051.JPG	train	train	ÀüÁÖÄá³ª¹°±¹¹ä	10	ÀüÁÖÄá³ª¹°±¹¹ä	Q5	4	1.25	top	900	432.38	1125	540.48
top_±¹·ù_¶Ò¹è±â_ÀüÁÖÄá³ª¹°±¹¹ä_Q5_00052.JPG	train	train	ÀüÁÖÄá³ª¹°±¹¹ä	10	ÀüÁÖÄá³ª¹°±¹¹ä	Q5	4	1.25	top	900	432.38	1125	540.48
side_ºñºö¹äµ¤¹ä·ù_¿øÇü¹è´Þ_Á¦À°µ¤¹ä_Q1_00001.JPG	train	train	Á¦À°µ¤¹ä	11	Á¦À°µ¤¹ä	Q1	0	0.25	side	500	796.94	125	199.24
side_ºñºö¹äµ¤¹ä·ù_¿øÇü¹è´Þ_Á¦À°µ¤¹ä_Q1_00003.JPG	train	train	Á¦À°µ¤¹ä	11	Á¦À°µ¤¹ä	Q1	0	0.25	side	500	796.94	125	199.24
side_ºñºö¹äµ¤¹ä·ù_¿øÇü¹è´Þ_Á¦À°µ¤¹ä_Q1_00004.JPG	train	train	Á¦À°µ¤¹ä	11	Á¦À°µ¤¹ä	Q1	0	0.25	side	500	796.94	125	199.24
side_ºñºö¹äµ¤¹ä·ù_¿øÇü¹è´Þ_Á¦À°µ¤¹ä_Q1_00005.JPG	train	train	Á¦À°µ¤¹ä	11	Á¦À°µ¤¹ä	Q1	0	0.25	side	500	796.94	125	199.24
side_ºñºö¹äµ¤¹ä·ù_¿øÇü¹è´Þ_Á¦À°µ¤¹ä_Q1_00006.JPG	train	train	Á¦À°µ¤¹ä	11	Á¦À°µ¤¹ä	Q1	0	0.25	side	500	796.94	125	199.24
side_ºñºö¹äµ¤¹ä·ù_¿øÇü¹è´Þ_Á¦À°µ¤¹ä_Q1_00008.JPG	train	train	Á¦À°µ¤¹ä	11	Á¦À°µ¤¹ä	Q1	0	0.25	side	500	796.94	125	199.24
side_ºñºö¹äµ¤¹ä·ù_¿øÇü¹è´Þ_Á¦À°µ¤¹ä_Q1_00010.JPG	train	train	Á¦À°µ¤¹ä	11	Á¦À°µ¤¹ä	Q1	0	0.25	side	500	796.94	125	199.24
side_ºñºö¹äµ¤¹ä·ù_¿øÇü¹è´Þ_Á¦À°µ¤¹ä_Q1_00011.JPG	train	train	Á¦À°µ¤¹ä	11	Á¦À°µ¤¹ä	Q1	0	0.25	side	500	796.94	125	199.24
side_ºñºö¹äµ¤¹ä·ù_¿øÇü¹è´Þ_Á¦À°µ¤¹ä_Q1_00012.JPG	train	train	Á¦À°µ¤¹ä	11	Á¦À°µ¤¹ä	Q1	0	0.25	side	500	796.94	125	199.24
side_ºñºö¹äµ¤¹ä·ù_¿øÇü¹è´Þ_Á¦À°µ¤¹ä_Q1_00013.JPG	train	train	Á¦À°µ¤¹ä	11	Á¦À°µ¤¹ä	Q1	0	0.25	side	500	796.94	125	199.24
side_ºñºö¹äµ¤¹ä·ù_¿øÇü¹è´Þ_Á¦À°µ¤¹ä_Q1_00014.JPG	train	train	Á¦À°µ¤¹ä	11	Á¦À°µ¤¹ä	Q1	0	0.25	side	500	796.94	125	199.24
side_ºñºö¹äµ¤¹ä·ù_¿øÇü¹è´Þ_Á¦À°µ¤¹ä_Q1_00015.JPG	train	train	Á¦À°µ¤¹ä	11	Á¦À°µ¤¹ä	Q1	0	0.25	side	500	796.94	125	199.24
side_ºñºö¹äµ¤¹ä·ù_¿øÇü¹è´Þ_Á¦À°µ¤¹ä_Q1_00017.JPG	train	train	Á¦À°µ¤¹ä	11	Á¦À°µ¤¹ä	Q1	0	0.25	side	500	796.94	125	199.24
side_ºñºö¹äµ¤¹ä·ù_¿øÇü¹è´Þ_Á¦À°µ¤¹ä_Q1_00018.JPG	train	train	Á¦À°µ¤¹ä	11	Á¦À°µ¤¹ä	Q1	0	0.25	side	500	796.94	125	199.24
side_ºñºö¹äµ¤¹ä·ù_¿øÇü¹è´Þ_Á¦À°µ¤¹ä_Q1_00020.JPG	train	train	Á¦À°µ¤¹ä	11	Á¦À°µ¤¹ä	Q1	0	0.25	side	500	796.94	125	199.24
side_ºñºö¹äµ¤¹ä·ù_¿øÇü¹è´Þ_Á¦À°µ¤¹ä_Q1_00021.JPG	train	train	Á¦À°µ¤¹ä	11	Á¦À°µ¤¹ä	Q1	0	0.25	side	500	796.94	125	199.24
side_ºñºö¹äµ¤¹ä·ù_¿øÇü¹è´Þ_Á¦À°µ¤¹ä_Q1_00022.JPG	train	train	Á¦À°µ¤¹ä	11	Á¦À°µ¤¹ä	Q1	0	0.25	side	500	796.94	125	199.24
side_ºñºö¹äµ¤¹ä·ù_¿øÇü¹è´Þ_Á¦À°µ¤¹ä_Q1_00023.JPG	train	train	Á¦À°µ¤¹ä	11	Á¦À°µ¤¹ä	Q1	0	0.25	side	500	796.94	125	199.24
side_ºñºö¹äµ¤¹ä·ù_¿øÇü¹è´Þ_Á¦À°µ¤¹ä_Q1_00024.JPG	train	train	Á¦À°µ¤¹ä	11	Á¦À°µ¤¹ä	Q1	0	0.25	side	500	796.94	125	199.24
side_ºñºö¹äµ¤¹ä·ù_¿øÇü¹è´Þ_Á¦À°µ¤¹ä_Q1_00026.JPG	train	train	Á¦À°µ¤¹ä	11	Á¦À°µ¤¹ä	Q1	0	0.25	side	500	796.94	125	199.24
side_ºñºö¹äµ¤¹ä·ù_¿øÇü¹è´Þ_Á¦À°µ¤¹ä_Q1_00027.JPG	train	train	Á¦À°µ¤¹ä	11	Á¦À°µ¤¹ä	Q1	0	0.25	side	500	796.94	125	199.24
side_ºñºö¹äµ¤¹ä·ù_¿øÇü¹è´Þ_Á¦À°µ¤¹ä_Q1_00028.JPG	train	train	Á¦À°µ¤¹ä	11	Á¦À°µ¤¹ä	Q1	0	0.25	side	500	796.94	125	199.24
side_ºñºö¹äµ¤¹ä·ù_¿øÇü¹è´Þ_Á¦À°µ¤¹ä_Q1_00030.JPG	train	train	Á¦À°µ¤¹ä	11	Á¦À°µ¤¹ä	Q1	0	0.25	side	500	796.94	125	199.24
side_ºñºö¹äµ¤¹ä·ù_¿øÇü¹è´Þ_Á¦À°µ¤¹ä_Q1_00031.JPG	train	train	Á¦À°µ¤¹ä	11	Á¦À°µ¤¹ä	Q1	0	0.25	side	500	796.94	125	199.24
side_ºñºö¹äµ¤¹ä·ù_¿øÇü¹è´Þ_Á¦À°µ¤¹ä_Q1_00032.JPG	train	train	Á¦À°µ¤¹ä	11	Á¦À°µ¤¹ä	Q1	0	0.25	side	500	796.94	125	199.24
side_ºñºö¹äµ¤¹ä·ù_¿øÇü¹è´Þ_Á¦À°µ¤¹ä_Q1_00033.JPG	train	train	Á¦À°µ¤¹ä	11	Á¦À°µ¤¹ä	Q1	0	0.25	side	500	796.94	125	199.24
side_ºñºö¹äµ¤¹ä·ù_¿øÇü¹è´Þ_Á¦À°µ¤¹ä_Q1_00034.JPG	train	train	Á¦À°µ¤¹ä	11	Á¦À°µ¤¹ä	Q1	0	0.25	side	500	796.94	125	199.24
side_ºñºö¹äµ¤¹ä·ù_¿øÇü¹è´Þ_Á¦À°µ¤¹ä_Q1_00035.JPG	train	train	Á¦À°µ¤¹ä	11	Á¦À°µ¤¹ä	Q1	0	0.25	side	500	796.94	125	199.24
side_ºñºö¹äµ¤¹ä·ù_¿øÇü¹è´Þ_Á¦À°µ¤¹ä_Q1_00036.JPG	train	train	Á¦À°µ¤¹ä	11	Á¦À°µ¤¹ä	Q1	0	0.25	side	500	796.94	125	199.24
side_ºñºö¹äµ¤¹ä·ù_¿øÇü¹è´Þ_Á¦À°µ¤¹ä_Q1_00037.JPG	train	train	Á¦À°µ¤¹ä	11	Á¦À°µ¤¹ä	Q1	0	0.25	side	500	796.94	125	199.24
side_ºñºö¹äµ¤¹ä·ù_¿øÇü¹è´Þ_Á¦À°µ¤¹ä_Q1_00038.JPG	train	train	Á¦À°µ¤¹ä	11	Á¦À°µ¤¹ä	Q1	0	0.25	side	500	796.94	125	199.24
side_ºñºö¹äµ¤¹ä·ù_¿øÇü¹è´Þ_Á¦À°µ¤¹ä_Q1_00040.JPG	train	train	Á¦À°µ¤¹ä	11	Á¦À°µ¤¹ä	Q1	0	0.25	side	500	796.94	125	199.24
side_ºñºö¹äµ¤¹ä·ù_¿øÇü¹è´Þ_Á¦À°µ¤¹ä_Q1_00041.JPG	train	train	Á¦À°µ¤¹ä	11	Á¦À°µ¤¹ä	Q1	0	0.25	side	500	796.94	125	199.24
side_ºñºö¹äµ¤¹ä·ù_¿øÇü¹è´Þ_Á¦À°µ¤¹ä_Q1_00042.JPG	train	train	Á¦À°µ¤¹ä	11	Á¦À°µ¤¹ä	Q1	0	0.25	side	500	796.94	125	199.24
side_ºñºö¹äµ¤¹ä·ù_¿øÇü¹è´Þ_Á¦À°µ¤¹ä_Q1_00044.JPG	train	train	Á¦À°µ¤¹ä	11	Á¦À°µ¤¹ä	Q1	0	0.25	side	500	796.94	125	199.24
side_ºñºö¹äµ¤¹ä·ù_¿øÇü¹è´Þ_Á¦À°µ¤¹ä_Q1_00045.JPG	train	train	Á¦À°µ¤¹ä	11	Á¦À°µ¤¹ä	Q1	0	0.25	side	500	796.94	125	199.24
side_ºñºö¹äµ¤¹ä·ù_¿øÇü¹è´Þ_Á¦À°µ¤¹ä_Q1_00046.JPG	train	train	Á¦À°µ¤¹ä	11	Á¦À°µ¤¹ä	Q1	0	0.25	side	500	796.94	125	199.24
side_ºñºö¹äµ¤¹ä·ù_¿øÇü¹è´Þ_Á¦À°µ¤¹ä_Q1_00047.JPG	train	train	Á¦À°µ¤¹ä	11	Á¦À°µ¤¹ä	Q1	0	0.25	side	500	796.94	125	199.24
side_ºñºö¹äµ¤¹ä·ù_¿øÇü¹è´Þ_Á¦À°µ¤¹ä_Q1_00049.JPG	train	train	Á¦À°µ¤¹ä	11	Á¦À°µ¤¹ä	Q1	0	0.25	side	500	796.94	125	199.24
side_ºñºö¹äµ¤¹ä·ù_¿øÇü¹è´Þ_Á¦À°µ¤¹ä_Q1_00050.JPG	train	train	Á¦À°µ¤¹ä	11	Á¦À°µ¤¹ä	Q1	0	0.25	side	500	796.94	125	199.24
side_ºñºö¹äµ¤¹ä·ù_¿øÇü¹è´Þ_Á¦À°µ¤¹ä_Q1_00051.JPG	train	train	Á¦À°µ¤¹ä	11	Á¦À°µ¤¹ä	Q1	0	0.25	side	500	796.94	125	199.24
side_ºñºö¹äµ¤¹ä·ù_¿øÇü¹è´Þ_Á¦À°µ¤¹ä_Q1_00053.JPG	train	train	Á¦À°µ¤¹ä	11	Á¦À°µ¤¹ä	Q1	0	0.25	side	500	796.94	125	199.24
top_ºñºö¹äµ¤¹ä·ù_¿øÇü¹è´Þ_Á¦À°µ¤¹ä_Q1_00001.JPG	train	train	Á¦À°µ¤¹ä	11	Á¦À°µ¤¹ä	Q1	0	0.25	top	500	796.94	125	199.24
top_ºñºö¹äµ¤¹ä·ù_¿øÇü¹è´Þ_Á¦À°µ¤¹ä_Q1_00002.JPG	train	train	Á¦À°µ¤¹ä	11	Á¦À°µ¤¹ä	Q1	0	0.25	top	500	796.94	125	199.24
top_ºñºö¹äµ¤¹ä·ù_¿øÇü¹è´Þ_Á¦À°µ¤¹ä_Q1_00005.JPG	train	train	Á¦À°µ¤¹ä	11	Á¦À°µ¤¹ä	Q1	0	0.25	top	500	796.94	125	199.24
top_ºñºö¹äµ¤¹ä·ù_¿øÇü¹è´Þ_Á¦À°µ¤¹ä_Q1_00006.JPG	train	train	Á¦À°µ¤¹ä	11	Á¦À°µ¤¹ä	Q1	0	0.25	top	500	796.94	125	199.24
top_ºñºö¹äµ¤¹ä·ù_¿øÇü¹è´Þ_Á¦À°µ¤¹ä_Q1_00007.JPG	train	train	Á¦À°µ¤¹ä	11	Á¦À°µ¤¹ä	Q1	0	0.25	top	500	796.94	125	199.24
top_ºñºö¹äµ¤¹ä·ù_¿øÇü¹è´Þ_Á¦À°µ¤¹ä_Q1_00008.JPG	train	train	Á¦À°µ¤¹ä	11	Á¦À°µ¤¹ä	Q1	0	0.25	top	500	796.94	125	199.24
top_ºñºö¹äµ¤¹ä·ù_¿øÇü¹è´Þ_Á¦À°µ¤¹ä_Q1_00010.JPG	train	train	Á¦À°µ¤¹ä	11	Á¦À°µ¤¹ä	Q1	0	0.25	top	500	796.94	125	199.24
top_ºñºö¹äµ¤¹ä·ù_¿øÇü¹è´Þ_Á¦À°µ¤¹ä_Q1_00011.JPG	train	train	Á¦À°µ¤¹ä	11	Á¦À°µ¤¹ä	Q1	0	0.25	top	500	796.94	125	199.24
top_ºñºö¹äµ¤¹ä·ù_¿øÇü¹è´Þ_Á¦À°µ¤¹ä_Q1_00012.JPG	train	train	Á¦À°µ¤¹ä	11	Á¦À°µ¤¹ä	Q1	0	0.25	top	500	796.94	125	199.24
top_ºñºö¹äµ¤¹ä·ù_¿øÇü¹è´Þ_Á¦À°µ¤¹ä_Q1_00013.JPG	train	train	Á¦À°µ¤¹ä	11	Á¦À°µ¤¹ä	Q1	0	0.25	top	500	796.94	125	199.24
top_ºñºö¹äµ¤¹ä·ù_¿øÇü¹è´Þ_Á¦À°µ¤¹ä_Q1_00014.JPG	train	train	Á¦À°µ¤¹ä	11	Á¦À°µ¤¹ä	Q1	0	0.25	top	500	796.94	125	199.24
top_ºñºö¹äµ¤¹ä·ù_¿øÇü¹è´Þ_Á¦À°µ¤¹ä_Q1_00015.JPG	train	train	Á¦À°µ¤¹ä	11	Á¦À°µ¤¹ä	Q1	0	0.25	top	500	796.94	125	199.24
top_ºñºö¹äµ¤¹ä·ù_¿øÇü¹è´Þ_Á¦À°µ¤¹ä_Q1_00016.JPG	train	train	Á¦À°µ¤¹ä	11	Á¦À°µ¤¹ä	Q1	0	0.25	top	500	796.94	125	199.24
top_ºñºö¹äµ¤¹ä·ù_¿øÇü¹è´Þ_Á¦À°µ¤¹ä_Q1_00017.JPG	train	train	Á¦À°µ¤¹ä	11	Á¦À°µ¤¹ä	Q1	0	0.25	top	500	796.94	125	199.24
top_ºñºö¹äµ¤¹ä·ù_¿øÇü¹è´Þ_Á¦À°µ¤¹ä_Q1_00019.JPG	train	train	Á¦À°µ¤¹ä	11	Á¦À°µ¤¹ä	Q1	0	0.25	top	500	796.94	125	199.24
top_ºñºö¹äµ¤¹ä·ù_¿øÇü¹è´Þ_Á¦À°µ¤¹ä_Q1_00020.JPG	train	train	Á¦À°µ¤¹ä	11	Á¦À°µ¤¹ä	Q1	0	0.25	top	500	796.94	125	199.24
top_ºñºö¹äµ¤¹ä·ù_¿øÇü¹è´Þ_Á¦À°µ¤¹ä_Q1_00021.JPG	train	train	Á¦À°µ¤¹ä	11	Á¦À°µ¤¹ä	Q1	0	0.25	top	500	796.94	125	199.24
top_ºñºö¹äµ¤¹ä·ù_¿øÇü¹è´Þ_Á¦À°µ¤¹ä_Q1_00022.JPG	train	train	Á¦À°µ¤¹ä	11	Á¦À°µ¤¹ä	Q1	0	0.25	top	500	796.94	125	199.24
top_ºñºö¹äµ¤¹ä·ù_¿øÇü¹è´Þ_Á¦À°µ¤¹ä_Q1_00023.JPG	train	train	Á¦À°µ¤¹ä	11	Á¦À°µ¤¹ä	Q1	0	0.25	top	500	796.94	125	199.24
top_ºñºö¹äµ¤¹ä·ù_¿øÇü¹è´Þ_Á¦À°µ¤¹ä_Q1_00024.JPG	train	train	Á¦À°µ¤¹ä	11	Á¦À°µ¤¹ä	Q1	0	0.25	top	500	796.94	125	199.24
top_ºñºö¹äµ¤¹ä·ù_¿øÇü¹è´Þ_Á¦À°µ¤¹ä_Q1_00026.JPG	train	train	Á¦À°µ¤¹ä	11	Á¦À°µ¤¹ä	Q1	0	0.25	top	500	796.94	125	199.24
top_ºñºö¹äµ¤¹ä·ù_¿øÇü¹è´Þ_Á¦À°µ¤¹ä_Q1_00027.JPG	train	train	Á¦À°µ¤¹ä	11	Á¦À°µ¤¹ä	Q1	0	0.25	top	500	796.94	125	199.24
top_ºñºö¹äµ¤¹ä·ù_¿øÇü¹è´Þ_Á¦À°µ¤¹ä_Q1_00028.JPG	train	train	Á¦À°µ¤¹ä	11	Á¦À°µ¤¹ä	Q1	0	0.25	top	500	796.94	125	199.24
top_ºñºö¹äµ¤¹ä·ù_¿øÇü¹è´Þ_Á¦À°µ¤¹ä_Q1_00030.JPG	train	train	Á¦À°µ¤¹ä	11	Á¦À°µ¤¹ä	Q1	0	0.25	top	500	796.94	125	199.24
top_ºñºö¹äµ¤¹ä·ù_¿øÇü¹è´Þ_Á¦À°µ¤¹ä_Q1_00031.JPG	train	train	Á¦À°µ¤¹ä	11	Á¦À°µ¤¹ä	Q1	0	0.25	top	500	796.94	125	199.24
top_ºñºö¹äµ¤¹ä·ù_¿øÇü¹è´Þ_Á¦À°µ¤¹ä_Q1_00032.JPG	train	train	Á¦À°µ¤¹ä	11	Á¦À°µ¤¹ä	Q1	0	0.25	top	500	796.94	125	199.24
top_ºñºö¹äµ¤¹ä·ù_¿øÇü¹è´Þ_Á¦À°µ¤¹ä_Q1_00033.JPG	train	train	Á¦À°µ¤¹ä	11	Á¦À°µ¤¹ä	Q1	0	0.25	top	500	796.94	125	199.24
top_ºñºö¹äµ¤¹ä·ù_¿øÇü¹è´Þ_Á¦À°µ¤¹ä_Q1_00034.JPG	train	train	Á¦À°µ¤¹ä	11	Á¦À°µ¤¹ä	Q1	0	0.25	top	500	796.94	125	199.24
top_ºñºö¹äµ¤¹ä·ù_¿øÇü¹è´Þ_Á¦À°µ¤¹ä_Q1_00035.JPG	train	train	Á¦À°µ¤¹ä	11	Á¦À°µ¤¹ä	Q1	0	0.25	top	500	796.94	125	199.24
top_ºñºö¹äµ¤¹ä·ù_¿øÇü¹è´Þ_Á¦À°µ¤¹ä_Q1_00036.JPG	train	train	Á¦À°µ¤¹ä	11	Á¦À°µ¤¹ä	Q1	0	0.25	top	500	796.94	125	199.24
top_ºñºö¹äµ¤¹ä·ù_¿øÇü¹è´Þ_Á¦À°µ¤¹ä_Q1_00037.JPG	train	train	Á¦À°µ¤¹ä	11	Á¦À°µ¤¹ä	Q1	0	0.25	top	500	796.94	125	199.24
top_ºñºö¹äµ¤¹ä·ù_¿øÇü¹è´Þ_Á¦À°µ¤¹ä_Q1_00038.JPG	train	train	Á¦À°µ¤¹ä	11	Á¦À°µ¤¹ä	Q1	0	0.25	top	500	796.94	125	199.24
top_ºñºö¹äµ¤¹ä·ù_¿øÇü¹è´Þ_Á¦À°µ¤¹ä_Q1_00039.JPG	train	train	Á¦À°µ¤¹ä	11	Á¦À°µ¤¹ä	Q1	0	0.25	top	500	796.94	125	199.24
top_ºñºö¹äµ¤¹ä·ù_¿øÇü¹è´Þ_Á¦À°µ¤¹ä_Q1_00040.JPG	train	train	Á¦À°µ¤¹ä	11	Á¦À°µ¤¹ä	Q1	0	0.25	top	500	796.94	125	199.24
top_ºñºö¹äµ¤¹ä·ù_¿øÇü¹è´Þ_Á¦À°µ¤¹ä_Q1_00042.JPG	train	train	Á¦À°µ¤¹ä	11	Á¦À°µ¤¹ä	Q1	0	0.25	top	500	796.94	125	199.24
top_ºñºö¹äµ¤¹ä·ù_¿øÇü¹è´Þ_Á¦À°µ¤¹ä_Q1_00043.JPG	train	train	Á¦À°µ¤¹ä	11	Á¦À°µ¤¹ä	Q1	0	0.25	top	500	796.94	125	199.24
top_ºñºö¹äµ¤¹ä·ù_¿øÇü¹è´Þ_Á¦À°µ¤¹ä_Q1_00044.JPG	train	train	Á¦À°µ¤¹ä	11	Á¦À°µ¤¹ä	Q1	0	0.25	top	500	796.94	125	199.24
top_ºñºö¹äµ¤¹ä·ù_¿øÇü¹è´Þ_Á¦À°µ¤¹ä_Q1_00045.JPG	train	train	Á¦À°µ¤¹ä	11	Á¦À°µ¤¹ä	Q1	0	0.25	top	500	796.94	125	199.24
top_ºñºö¹äµ¤¹ä·ù_¿øÇü¹è´Þ_Á¦À°µ¤¹ä_Q1_00046.JPG	train	train	Á¦À°µ¤¹ä	11	Á¦À°µ¤¹ä	Q1	0	0.25	top	500	796.94	125	199.24
top_ºñºö¹äµ¤¹ä·ù_¿øÇü¹è´Þ_Á¦À°µ¤¹ä_Q1_00048.JPG	train	train	Á¦À°µ¤¹ä	11	Á¦À°µ¤¹ä	Q1	0	0.25	top	500	796.94	125	199.24
top_ºñºö¹äµ¤¹ä·ù_¿øÇü¹è´Þ_Á¦À°µ¤¹ä_Q1_00049.JPG	train	train	Á¦À°µ¤¹ä	11	Á¦À°µ¤¹ä	Q1	0	0.25	top	500	796.94	125	199.24
top_ºñºö¹äµ¤¹ä·ù_¿øÇü¹è´Þ_Á¦À°µ¤¹ä_Q1_00050.JPG	train	train	Á¦À°µ¤¹ä	11	Á¦À°µ¤¹ä	Q1	0	0.25	top	500	796.94	125	199.24
top_ºñºö¹äµ¤¹ä·ù_¿øÇü¹è´Þ_Á¦À°µ¤¹ä_Q1_00051.JPG	train	train	Á¦À°µ¤¹ä	11	Á¦À°µ¤¹ä	Q1	0	0.25	top	500	796.94	125	199.24
top_ºñºö¹äµ¤¹ä·ù_¿øÇü¹è´Þ_Á¦À°µ¤¹ä_Q1_00052.JPG	train	train	Á¦À°µ¤¹ä	11	Á¦À°µ¤¹ä	Q1	0	0.25	top	500	796.94	125	199.24
top_ºñºö¹äµ¤¹ä·ù_¿øÇü¹è´Þ_Á¦À°µ¤¹ä_Q1_00053.JPG	train	train	Á¦À°µ¤¹ä	11	Á¦À°µ¤¹ä	Q1	0	0.25	top	500	796.94	125	199.24
top_ºñºö¹äµ¤¹ä·ù_¿øÇü¹è´Þ_Á¦À°µ¤¹ä_Q1_00055.JPG	train	train	Á¦À°µ¤¹ä	11	Á¦À°µ¤¹ä	Q1	0	0.25	top	500	796.94	125	199.24
side_ºñºö¹äµ¤¹ä·ù_¿øÇü¹è´Þ_Á¦À°µ¤¹ä_Q2_00001.JPG	train	train	Á¦À°µ¤¹ä	11	Á¦À°µ¤¹ä	Q2	1	0.5	side	500	796.94	250	398.47
side_ºñºö¹äµ¤¹ä·ù_¿øÇü¹è´Þ_Á¦À°µ¤¹ä_Q2_00002.JPG	train	train	Á¦À°µ¤¹ä	11	Á¦À°µ¤¹ä	Q2	1	0.5	side	500	796.94	250	398.47
side_ºñºö¹äµ¤¹ä·ù_¿øÇü¹è´Þ_Á¦À°µ¤¹ä_Q2_00004.JPG	train	train	Á¦À°µ¤¹ä	11	Á¦À°µ¤¹ä	Q2	1	0.5	side	500	796.94	250	398.47
side_ºñºö¹äµ¤¹ä·ù_¿øÇü¹è´Þ_Á¦À°µ¤¹ä_Q2_00007.JPG	train	train	Á¦À°µ¤¹ä	11	Á¦À°µ¤¹ä	Q2	1	0.5	side	500	796.94	250	398.47
side_ºñºö¹äµ¤¹ä·ù_¿øÇü¹è´Þ_Á¦À°µ¤¹ä_Q2_00009.JPG	train	train	Á¦À°µ¤¹ä	11	Á¦À°µ¤¹ä	Q2	1	0.5	side	500	796.94	250	398.47
side_ºñºö¹äµ¤¹ä·ù_¿øÇü¹è´Þ_Á¦À°µ¤¹ä_Q2_00010.JPG	train	train	Á¦À°µ¤¹ä	11	Á¦À°µ¤¹ä	Q2	1	0.5	side	500	796.94	250	398.47
side_ºñºö¹äµ¤¹ä·ù_¿øÇü¹è´Þ_Á¦À°µ¤¹ä_Q2_00011.JPG	train	train	Á¦À°µ¤¹ä	11	Á¦À°µ¤¹ä	Q2	1	0.5	side	500	796.94	250	398.47
side_ºñºö¹äµ¤¹ä·ù_¿øÇü¹è´Þ_Á¦À°µ¤¹ä_Q2_00013.JPG	train	train	Á¦À°µ¤¹ä	11	Á¦À°µ¤¹ä	Q2	1	0.5	side	500	796.94	250	398.47
side_ºñºö¹äµ¤¹ä·ù_¿øÇü¹è´Þ_Á¦À°µ¤¹ä_Q2_00014.JPG	train	train	Á¦À°µ¤¹ä	11	Á¦À°µ¤¹ä	Q2	1	0.5	side	500	796.94	250	398.47
side_ºñºö¹äµ¤¹ä·ù_¿øÇü¹è´Þ_Á¦À°µ¤¹ä_Q2_00015.JPG	train	train	Á¦À°µ¤¹ä	11	Á¦À°µ¤¹ä	Q2	1	0.5	side	500	796.94	250	398.47
side_ºñºö¹äµ¤¹ä·ù_¿øÇü¹è´Þ_Á¦À°µ¤¹ä_Q2_00016.JPG	train	train	Á¦À°µ¤¹ä	11	Á¦À°µ¤¹ä	Q2	1	0.5	side	500	796.94	250	398.47
side_ºñºö¹äµ¤¹ä·ù_¿øÇü¹è´Þ_Á¦À°µ¤¹ä_Q2_00017.JPG	train	train	Á¦À°µ¤¹ä	11	Á¦À°µ¤¹ä	Q2	1	0.5	side	500	796.94	250	398.47
side_ºñºö¹äµ¤¹ä·ù_¿øÇü¹è´Þ_Á¦À°µ¤¹ä_Q2_00018.JPG	train	train	Á¦À°µ¤¹ä	11	Á¦À°µ¤¹ä	Q2	1	0.5	side	500	796.94	250	398.47
side_ºñºö¹äµ¤¹ä·ù_¿øÇü¹è´Þ_Á¦À°µ¤¹ä_Q2_00019.JPG	train	train	Á¦À°µ¤¹ä	11	Á¦À°µ¤¹ä	Q2	1	0.5	side	500	796.94	250	398.47
side_ºñºö¹äµ¤¹ä·ù_¿øÇü¹è´Þ_Á¦À°µ¤¹ä_Q2_00020.JPG	train	train	Á¦À°µ¤¹ä	11	Á¦À°µ¤¹ä	Q2	1	0.5	side	500	796.94	250	398.47
side_ºñºö¹äµ¤¹ä·ù_¿øÇü¹è´Þ_Á¦À°µ¤¹ä_Q2_00021.JPG	train	train	Á¦À°µ¤¹ä	11	Á¦À°µ¤¹ä	Q2	1	0.5	side	500	796.94	250	398.47
side_ºñºö¹äµ¤¹ä·ù_¿øÇü¹è´Þ_Á¦À°µ¤¹ä_Q2_00022.JPG	train	train	Á¦À°µ¤¹ä	11	Á¦À°µ¤¹ä	Q2	1	0.5	side	500	796.94	250	398.47
side_ºñºö¹äµ¤¹ä·ù_¿øÇü¹è´Þ_Á¦À°µ¤¹ä_Q2_00023.JPG	train	train	Á¦À°µ¤¹ä	11	Á¦À°µ¤¹ä	Q2	1	0.5	side	500	796.94	250	398.47
side_ºñºö¹äµ¤¹ä·ù_¿øÇü¹è´Þ_Á¦À°µ¤¹ä_Q2_00024.JPG	train	train	Á¦À°µ¤¹ä	11	Á¦À°µ¤¹ä	Q2	1	0.5	side	500	796.94	250	398.47
side_ºñºö¹äµ¤¹ä·ù_¿øÇü¹è´Þ_Á¦À°µ¤¹ä_Q2_00027.JPG	train	train	Á¦À°µ¤¹ä	11	Á¦À°µ¤¹ä	Q2	1	0.5	side	500	796.94	250	398.47
side_ºñºö¹äµ¤¹ä·ù_¿øÇü¹è´Þ_Á¦À°µ¤¹ä_Q2_00028.JPG	train	train	Á¦À°µ¤¹ä	11	Á¦À°µ¤¹ä	Q2	1	0.5	side	500	796.94	250	398.47
side_ºñºö¹äµ¤¹ä·ù_¿øÇü¹è´Þ_Á¦À°µ¤¹ä_Q2_00029.JPG	train	train	Á¦À°µ¤¹ä	11	Á¦À°µ¤¹ä	Q2	1	0.5	side	500	796.94	250	398.47
side_ºñºö¹äµ¤¹ä·ù_¿øÇü¹è´Þ_Á¦À°µ¤¹ä_Q2_00030.JPG	train	train	Á¦À°µ¤¹ä	11	Á¦À°µ¤¹ä	Q2	1	0.5	side	500	796.94	250	398.47
side_ºñºö¹äµ¤¹ä·ù_¿øÇü¹è´Þ_Á¦À°µ¤¹ä_Q2_00031.JPG	train	train	Á¦À°µ¤¹ä	11	Á¦À°µ¤¹ä	Q2	1	0.5	side	500	796.94	250	398.47
side_ºñºö¹äµ¤¹ä·ù_¿øÇü¹è´Þ_Á¦À°µ¤¹ä_Q2_00032.JPG	train	train	Á¦À°µ¤¹ä	11	Á¦À°µ¤¹ä	Q2	1	0.5	side	500	796.94	250	398.47
side_ºñºö¹äµ¤¹ä·ù_¿øÇü¹è´Þ_Á¦À°µ¤¹ä_Q2_00033.JPG	train	train	Á¦À°µ¤¹ä	11	Á¦À°µ¤¹ä	Q2	1	0.5	side	500	796.94	250	398.47
side_ºñºö¹äµ¤¹ä·ù_¿øÇü¹è´Þ_Á¦À°µ¤¹ä_Q2_00034.JPG	train	train	Á¦À°µ¤¹ä	11	Á¦À°µ¤¹ä	Q2	1	0.5	side	500	796.94	250	398.47
side_ºñºö¹äµ¤¹ä·ù_¿øÇü¹è´Þ_Á¦À°µ¤¹ä_Q2_00035.JPG	train	train	Á¦À°µ¤¹ä	11	Á¦À°µ¤¹ä	Q2	1	0.5	side	500	796.94	250	398.47
side_ºñºö¹äµ¤¹ä·ù_¿øÇü¹è´Þ_Á¦À°µ¤¹ä_Q2_00036.JPG	train	train	Á¦À°µ¤¹ä	11	Á¦À°µ¤¹ä	Q2	1	0.5	side	500	796.94	250	398.47
side_ºñºö¹äµ¤¹ä·ù_¿øÇü¹è´Þ_Á¦À°µ¤¹ä_Q2_00037.JPG	train	train	Á¦À°µ¤¹ä	11	Á¦À°µ¤¹ä	Q2	1	0.5	side	500	796.94	250	398.47
side_ºñºö¹äµ¤¹ä·ù_¿øÇü¹è´Þ_Á¦À°µ¤¹ä_Q2_00038.JPG	train	train	Á¦À°µ¤¹ä	11	Á¦À°µ¤¹ä	Q2	1	0.5	side	500	796.94	250	398.47
side_ºñºö¹äµ¤¹ä·ù_¿øÇü¹è´Þ_Á¦À°µ¤¹ä_Q2_00041.JPG	train	train	Á¦À°µ¤¹ä	11	Á¦À°µ¤¹ä	Q2	1	0.5	side	500	796.94	250	398.47
side_ºñºö¹äµ¤¹ä·ù_¿øÇü¹è´Þ_Á¦À°µ¤¹ä_Q2_00043.JPG	train	train	Á¦À°µ¤¹ä	11	Á¦À°µ¤¹ä	Q2	1	0.5	side	500	796.94	250	398.47
side_ºñºö¹äµ¤¹ä·ù_¿øÇü¹è´Þ_Á¦À°µ¤¹ä_Q2_00044.JPG	train	train	Á¦À°µ¤¹ä	11	Á¦À°µ¤¹ä	Q2	1	0.5	side	500	796.94	250	398.47
side_ºñºö¹äµ¤¹ä·ù_¿øÇü¹è´Þ_Á¦À°µ¤¹ä_Q2_00045.JPG	train	train	Á¦À°µ¤¹ä	11	Á¦À°µ¤¹ä	Q2	1	0.5	side	500	796.94	250	398.47
side_ºñºö¹äµ¤¹ä·ù_¿øÇü¹è´Þ_Á¦À°µ¤¹ä_Q2_00046.JPG	train	train	Á¦À°µ¤¹ä	11	Á¦À°µ¤¹ä	Q2	1	0.5	side	500	796.94	250	398.47
side_ºñºö¹äµ¤¹ä·ù_¿øÇü¹è´Þ_Á¦À°µ¤¹ä_Q2_00047.JPG	train	train	Á¦À°µ¤¹ä	11	Á¦À°µ¤¹ä	Q2	1	0.5	side	500	796.94	250	398.47
side_ºñºö¹äµ¤¹ä·ù_¿øÇü¹è´Þ_Á¦À°µ¤¹ä_Q2_00048.JPG	train	train	Á¦À°µ¤¹ä	11	Á¦À°µ¤¹ä	Q2	1	0.5	side	500	796.94	250	398.47
side_ºñºö¹äµ¤¹ä·ù_¿øÇü¹è´Þ_Á¦À°µ¤¹ä_Q2_00049.JPG	train	train	Á¦À°µ¤¹ä	11	Á¦À°µ¤¹ä	Q2	1	0.5	side	500	796.94	250	398.47
side_ºñºö¹äµ¤¹ä·ù_¿øÇü¹è´Þ_Á¦À°µ¤¹ä_Q2_00050.JPG	train	train	Á¦À°µ¤¹ä	11	Á¦À°µ¤¹ä	Q2	1	0.5	side	500	796.94	250	398.47
side_ºñºö¹äµ¤¹ä·ù_¿øÇü¹è´Þ_Á¦À°µ¤¹ä_Q2_00051.JPG	train	train	Á¦À°µ¤¹ä	11	Á¦À°µ¤¹ä	Q2	1	0.5	side	500	796.94	250	398.47
side_ºñºö¹äµ¤¹ä·ù_¿øÇü¹è´Þ_Á¦À°µ¤¹ä_Q2_00052.JPG	train	train	Á¦À°µ¤¹ä	11	Á¦À°µ¤¹ä	Q2	1	0.5	side	500	796.94	250	398.47
side_ºñºö¹äµ¤¹ä·ù_¿øÇü¹è´Þ_Á¦À°µ¤¹ä_Q2_00053.JPG	train	train	Á¦À°µ¤¹ä	11	Á¦À°µ¤¹ä	Q2	1	0.5	side	500	796.94	250	398.47
side_ºñºö¹äµ¤¹ä·ù_¿øÇü¹è´Þ_Á¦À°µ¤¹ä_Q2_00054.JPG	train	train	Á¦À°µ¤¹ä	11	Á¦À°µ¤¹ä	Q2	1	0.5	side	500	796.94	250	398.47
top_ºñºö¹äµ¤¹ä·ù_¿øÇü¹è´Þ_Á¦À°µ¤¹ä_Q2_00001.JPG	train	train	Á¦À°µ¤¹ä	11	Á¦À°µ¤¹ä	Q2	1	0.5	top	500	796.94	250	398.47
top_ºñºö¹äµ¤¹ä·ù_¿øÇü¹è´Þ_Á¦À°µ¤¹ä_Q2_00003.JPG	train	train	Á¦À°µ¤¹ä	11	Á¦À°µ¤¹ä	Q2	1	0.5	top	500	796.94	250	398.47
top_ºñºö¹äµ¤¹ä·ù_¿øÇü¹è´Þ_Á¦À°µ¤¹ä_Q2_00004.JPG	train	train	Á¦À°µ¤¹ä	11	Á¦À°µ¤¹ä	Q2	1	0.5	top	500	796.94	250	398.47
top_ºñºö¹äµ¤¹ä·ù_¿øÇü¹è´Þ_Á¦À°µ¤¹ä_Q2_00005.JPG	train	train	Á¦À°µ¤¹ä	11	Á¦À°µ¤¹ä	Q2	1	0.5	top	500	796.94	250	398.47
top_ºñºö¹äµ¤¹ä·ù_¿øÇü¹è´Þ_Á¦À°µ¤¹ä_Q2_00006.JPG	train	train	Á¦À°µ¤¹ä	11	Á¦À°µ¤¹ä	Q2	1	0.5	top	500	796.94	250	398.47
top_ºñºö¹äµ¤¹ä·ù_¿øÇü¹è´Þ_Á¦À°µ¤¹ä_Q2_00007.JPG	train	train	Á¦À°µ¤¹ä	11	Á¦À°µ¤¹ä	Q2	1	0.5	top	500	796.94	250	398.47
top_ºñºö¹äµ¤¹ä·ù_¿øÇü¹è´Þ_Á¦À°µ¤¹ä_Q2_00008.JPG	train	train	Á¦À°µ¤¹ä	11	Á¦À°µ¤¹ä	Q2	1	0.5	top	500	796.94	250	398.47
top_ºñºö¹äµ¤¹ä·ù_¿øÇü¹è´Þ_Á¦À°µ¤¹ä_Q2_00010.JPG	train	train	Á¦À°µ¤¹ä	11	Á¦À°µ¤¹ä	Q2	1	0.5	top	500	796.94	250	398.47
top_ºñºö¹äµ¤¹ä·ù_¿øÇü¹è´Þ_Á¦À°µ¤¹ä_Q2_00011.JPG	train	train	Á¦À°µ¤¹ä	11	Á¦À°µ¤¹ä	Q2	1	0.5	top	500	796.94	250	398.47
top_ºñºö¹äµ¤¹ä·ù_¿øÇü¹è´Þ_Á¦À°µ¤¹ä_Q2_00012.JPG	train	train	Á¦À°µ¤¹ä	11	Á¦À°µ¤¹ä	Q2	1	0.5	top	500	796.94	250	398.47
top_ºñºö¹äµ¤¹ä·ù_¿øÇü¹è´Þ_Á¦À°µ¤¹ä_Q2_00013.JPG	train	train	Á¦À°µ¤¹ä	11	Á¦À°µ¤¹ä	Q2	1	0.5	top	500	796.94	250	398.47
top_ºñºö¹äµ¤¹ä·ù_¿øÇü¹è´Þ_Á¦À°µ¤¹ä_Q2_00014.JPG	train	train	Á¦À°µ¤¹ä	11	Á¦À°µ¤¹ä	Q2	1	0.5	top	500	796.94	250	398.47
top_ºñºö¹äµ¤¹ä·ù_¿øÇü¹è´Þ_Á¦À°µ¤¹ä_Q2_00015.JPG	train	train	Á¦À°µ¤¹ä	11	Á¦À°µ¤¹ä	Q2	1	0.5	top	500	796.94	250	398.47
top_ºñºö¹äµ¤¹ä·ù_¿øÇü¹è´Þ_Á¦À°µ¤¹ä_Q2_00019.JPG	train	train	Á¦À°µ¤¹ä	11	Á¦À°µ¤¹ä	Q2	1	0.5	top	500	796.94	250	398.47
top_ºñºö¹äµ¤¹ä·ù_¿øÇü¹è´Þ_Á¦À°µ¤¹ä_Q2_00020.JPG	train	train	Á¦À°µ¤¹ä	11	Á¦À°µ¤¹ä	Q2	1	0.5	top	500	796.94	250	398.47
top_ºñºö¹äµ¤¹ä·ù_¿øÇü¹è´Þ_Á¦À°µ¤¹ä_Q2_00021.JPG	train	train	Á¦À°µ¤¹ä	11	Á¦À°µ¤¹ä	Q2	1	0.5	top	500	796.94	250	398.47
top_ºñºö¹äµ¤¹ä·ù_¿øÇü¹è´Þ_Á¦À°µ¤¹ä_Q2_00022.JPG	train	train	Á¦À°µ¤¹ä	11	Á¦À°µ¤¹ä	Q2	1	0.5	top	500	796.94	250	398.47
top_ºñºö¹äµ¤¹ä·ù_¿øÇü¹è´Þ_Á¦À°µ¤¹ä_Q2_00023.JPG	train	train	Á¦À°µ¤¹ä	11	Á¦À°µ¤¹ä	Q2	1	0.5	top	500	796.94	250	398.47
top_ºñºö¹äµ¤¹ä·ù_¿øÇü¹è´Þ_Á¦À°µ¤¹ä_Q2_00024.JPG	train	train	Á¦À°µ¤¹ä	11	Á¦À°µ¤¹ä	Q2	1	0.5	top	500	796.94	250	398.47
top_ºñºö¹äµ¤¹ä·ù_¿øÇü¹è´Þ_Á¦À°µ¤¹ä_Q2_00025.JPG	train	train	Á¦À°µ¤¹ä	11	Á¦À°µ¤¹ä	Q2	1	0.5	top	500	796.94	250	398.47
top_ºñºö¹äµ¤¹ä·ù_¿øÇü¹è´Þ_Á¦À°µ¤¹ä_Q2_00026.JPG	train	train	Á¦À°µ¤¹ä	11	Á¦À°µ¤¹ä	Q2	1	0.5	top	500	796.94	250	398.47
top_ºñºö¹äµ¤¹ä·ù_¿øÇü¹è´Þ_Á¦À°µ¤¹ä_Q2_00027.JPG	train	train	Á¦À°µ¤¹ä	11	Á¦À°µ¤¹ä	Q2	1	0.5	top	500	796.94	250	398.47
top_ºñºö¹äµ¤¹ä·ù_¿øÇü¹è´Þ_Á¦À°µ¤¹ä_Q2_00028.JPG	train	train	Á¦À°µ¤¹ä	11	Á¦À°µ¤¹ä	Q2	1	0.5	top	500	796.94	250	398.47
top_ºñºö¹äµ¤¹ä·ù_¿øÇü¹è´Þ_Á¦À°µ¤¹ä_Q2_00029.JPG	train	train	Á¦À°µ¤¹ä	11	Á¦À°µ¤¹ä	Q2	1	0.5	top	500	796.94	250	398.47
top_ºñºö¹äµ¤¹ä·ù_¿øÇü¹è´Þ_Á¦À°µ¤¹ä_Q2_00030.JPG	train	train	Á¦À°µ¤¹ä	11	Á¦À°µ¤¹ä	Q2	1	0.5	top	500	796.94	250	398.47
top_ºñºö¹äµ¤¹ä·ù_¿øÇü¹è´Þ_Á¦À°µ¤¹ä_Q2_00031.JPG	train	train	Á¦À°µ¤¹ä	11	Á¦À°µ¤¹ä	Q2	1	0.5	top	500	796.94	250	398.47
top_ºñºö¹äµ¤¹ä·ù_¿øÇü¹è´Þ_Á¦À°µ¤¹ä_Q2_00034.JPG	train	train	Á¦À°µ¤¹ä	11	Á¦À°µ¤¹ä	Q2	1	0.5	top	500	796.94	250	398.47
top_ºñºö¹äµ¤¹ä·ù_¿øÇü¹è´Þ_Á¦À°µ¤¹ä_Q2_00035.JPG	train	train	Á¦À°µ¤¹ä	11	Á¦À°µ¤¹ä	Q2	1	0.5	top	500	796.94	250	398.47
top_ºñºö¹äµ¤¹ä·ù_¿øÇü¹è´Þ_Á¦À°µ¤¹ä_Q2_00036.JPG	train	train	Á¦À°µ¤¹ä	11	Á¦À°µ¤¹ä	Q2	1	0.5	top	500	796.94	250	398.47
top_ºñºö¹äµ¤¹ä·ù_¿øÇü¹è´Þ_Á¦À°µ¤¹ä_Q2_00038.JPG	train	train	Á¦À°µ¤¹ä	11	Á¦À°µ¤¹ä	Q2	1	0.5	top	500	796.94	250	398.47
top_ºñºö¹äµ¤¹ä·ù_¿øÇü¹è´Þ_Á¦À°µ¤¹ä_Q2_00039.JPG	train	train	Á¦À°µ¤¹ä	11	Á¦À°µ¤¹ä	Q2	1	0.5	top	500	796.94	250	398.47
top_ºñºö¹äµ¤¹ä·ù_¿øÇü¹è´Þ_Á¦À°µ¤¹ä_Q2_00040.JPG	train	train	Á¦À°µ¤¹ä	11	Á¦À°µ¤¹ä	Q2	1	0.5	top	500	796.94	250	398.47
top_ºñºö¹äµ¤¹ä·ù_¿øÇü¹è´Þ_Á¦À°µ¤¹ä_Q2_00041.JPG	train	train	Á¦À°µ¤¹ä	11	Á¦À°µ¤¹ä	Q2	1	0.5	top	500	796.94	250	398.47
top_ºñºö¹äµ¤¹ä·ù_¿øÇü¹è´Þ_Á¦À°µ¤¹ä_Q2_00042.JPG	train	train	Á¦À°µ¤¹ä	11	Á¦À°µ¤¹ä	Q2	1	0.5	top	500	796.94	250	398.47
top_ºñºö¹äµ¤¹ä·ù_¿øÇü¹è´Þ_Á¦À°µ¤¹ä_Q2_00043.JPG	train	train	Á¦À°µ¤¹ä	11	Á¦À°µ¤¹ä	Q2	1	0.5	top	500	796.94	250	398.47
top_ºñºö¹äµ¤¹ä·ù_¿øÇü¹è´Þ_Á¦À°µ¤¹ä_Q2_00044.JPG	train	train	Á¦À°µ¤¹ä	11	Á¦À°µ¤¹ä	Q2	1	0.5	top	500	796.94	250	398.47
top_ºñºö¹äµ¤¹ä·ù_¿øÇü¹è´Þ_Á¦À°µ¤¹ä_Q2_00045.JPG	train	train	Á¦À°µ¤¹ä	11	Á¦À°µ¤¹ä	Q2	1	0.5	top	500	796.94	250	398.47
top_ºñºö¹äµ¤¹ä·ù_¿øÇü¹è´Þ_Á¦À°µ¤¹ä_Q2_00047.JPG	train	train	Á¦À°µ¤¹ä	11	Á¦À°µ¤¹ä	Q2	1	0.5	top	500	796.94	250	398.47
top_ºñºö¹äµ¤¹ä·ù_¿øÇü¹è´Þ_Á¦À°µ¤¹ä_Q2_00049.JPG	train	train	Á¦À°µ¤¹ä	11	Á¦À°µ¤¹ä	Q2	1	0.5	top	500	796.94	250	398.47
top_ºñºö¹äµ¤¹ä·ù_¿øÇü¹è´Þ_Á¦À°µ¤¹ä_Q2_00050.JPG	train	train	Á¦À°µ¤¹ä	11	Á¦À°µ¤¹ä	Q2	1	0.5	top	500	796.94	250	398.47
top_ºñºö¹äµ¤¹ä·ù_¿øÇü¹è´Þ_Á¦À°µ¤¹ä_Q2_00051.JPG	train	train	Á¦À°µ¤¹ä	11	Á¦À°µ¤¹ä	Q2	1	0.5	top	500	796.94	250	398.47
top_ºñºö¹äµ¤¹ä·ù_¿øÇü¹è´Þ_Á¦À°µ¤¹ä_Q2_00052.JPG	train	train	Á¦À°µ¤¹ä	11	Á¦À°µ¤¹ä	Q2	1	0.5	top	500	796.94	250	398.47
top_ºñºö¹äµ¤¹ä·ù_¿øÇü¹è´Þ_Á¦À°µ¤¹ä_Q2_00053.JPG	train	train	Á¦À°µ¤¹ä	11	Á¦À°µ¤¹ä	Q2	1	0.5	top	500	796.94	250	398.47
top_ºñºö¹äµ¤¹ä·ù_¿øÇü¹è´Þ_Á¦À°µ¤¹ä_Q2_00055.JPG	train	train	Á¦À°µ¤¹ä	11	Á¦À°µ¤¹ä	Q2	1	0.5	top	500	796.94	250	398.47
side_ºñºö¹äµ¤¹ä·ù_¿øÇü¹è´Þ_Á¦À°µ¤¹ä_Q3_00001.JPG	train	train	Á¦À°µ¤¹ä	11	Á¦À°µ¤¹ä	Q3	2	0.75	side	500	796.94	375	597.71
side_ºñºö¹äµ¤¹ä·ù_¿øÇü¹è´Þ_Á¦À°µ¤¹ä_Q3_00003.JPG	train	train	Á¦À°µ¤¹ä	11	Á¦À°µ¤¹ä	Q3	2	0.75	side	500	796.94	375	597.71
side_ºñºö¹äµ¤¹ä·ù_¿øÇü¹è´Þ_Á¦À°µ¤¹ä_Q3_00005.JPG	train	train	Á¦À°µ¤¹ä	11	Á¦À°µ¤¹ä	Q3	2	0.75	side	500	796.94	375	597.71
side_ºñºö¹äµ¤¹ä·ù_¿øÇü¹è´Þ_Á¦À°µ¤¹ä_Q3_00009.JPG	train	train	Á¦À°µ¤¹ä	11	Á¦À°µ¤¹ä	Q3	2	0.75	side	500	796.94	375	597.71
side_ºñºö¹äµ¤¹ä·ù_¿øÇü¹è´Þ_Á¦À°µ¤¹ä_Q3_00010.JPG	train	train	Á¦À°µ¤¹ä	11	Á¦À°µ¤¹ä	Q3	2	0.75	side	500	796.94	375	597.71
side_ºñºö¹äµ¤¹ä·ù_¿øÇü¹è´Þ_Á¦À°µ¤¹ä_Q3_00011.JPG	train	train	Á¦À°µ¤¹ä	11	Á¦À°µ¤¹ä	Q3	2	0.75	side	500	796.94	375	597.71
side_ºñºö¹äµ¤¹ä·ù_¿øÇü¹è´Þ_Á¦À°µ¤¹ä_Q3_00012.JPG	train	train	Á¦À°µ¤¹ä	11	Á¦À°µ¤¹ä	Q3	2	0.75	side	500	796.94	375	597.71
side_ºñºö¹äµ¤¹ä·ù_¿øÇü¹è´Þ_Á¦À°µ¤¹ä_Q3_00013.JPG	train	train	Á¦À°µ¤¹ä	11	Á¦À°µ¤¹ä	Q3	2	0.75	side	500	796.94	375	597.71
side_ºñºö¹äµ¤¹ä·ù_¿øÇü¹è´Þ_Á¦À°µ¤¹ä_Q3_00014.JPG	train	train	Á¦À°µ¤¹ä	11	Á¦À°µ¤¹ä	Q3	2	0.75	side	500	796.94	375	597.71
side_ºñºö¹äµ¤¹ä·ù_¿øÇü¹è´Þ_Á¦À°µ¤¹ä_Q3_00015.JPG	train	train	Á¦À°µ¤¹ä	11	Á¦À°µ¤¹ä	Q3	2	0.75	side	500	796.94	375	597.71
side_ºñºö¹äµ¤¹ä·ù_¿øÇü¹è´Þ_Á¦À°µ¤¹ä_Q3_00016.JPG	train	train	Á¦À°µ¤¹ä	11	Á¦À°µ¤¹ä	Q3	2	0.75	side	500	796.94	375	597.71
side_ºñºö¹äµ¤¹ä·ù_¿øÇü¹è´Þ_Á¦À°µ¤¹ä_Q3_00017.JPG	train	train	Á¦À°µ¤¹ä	11	Á¦À°µ¤¹ä	Q3	2	0.75	side	500	796.94	375	597.71
side_ºñºö¹äµ¤¹ä·ù_¿øÇü¹è´Þ_Á¦À°µ¤¹ä_Q3_00018.JPG	train	train	Á¦À°µ¤¹ä	11	Á¦À°µ¤¹ä	Q3	2	0.75	side	500	796.94	375	597.71
side_ºñºö¹äµ¤¹ä·ù_¿øÇü¹è´Þ_Á¦À°µ¤¹ä_Q3_00019.JPG	train	train	Á¦À°µ¤¹ä	11	Á¦À°µ¤¹ä	Q3	2	0.75	side	500	796.94	375	597.71
side_ºñºö¹äµ¤¹ä·ù_¿øÇü¹è´Þ_Á¦À°µ¤¹ä_Q3_00020.JPG	train	train	Á¦À°µ¤¹ä	11	Á¦À°µ¤¹ä	Q3	2	0.75	side	500	796.94	375	597.71
side_ºñºö¹äµ¤¹ä·ù_¿øÇü¹è´Þ_Á¦À°µ¤¹ä_Q3_00021.JPG	train	train	Á¦À°µ¤¹ä	11	Á¦À°µ¤¹ä	Q3	2	0.75	side	500	796.94	375	597.71
side_ºñºö¹äµ¤¹ä·ù_¿øÇü¹è´Þ_Á¦À°µ¤¹ä_Q3_00022.JPG	train	train	Á¦À°µ¤¹ä	11	Á¦À°µ¤¹ä	Q3	2	0.75	side	500	796.94	375	597.71
side_ºñºö¹äµ¤¹ä·ù_¿øÇü¹è´Þ_Á¦À°µ¤¹ä_Q3_00023.JPG	train	train	Á¦À°µ¤¹ä	11	Á¦À°µ¤¹ä	Q3	2	0.75	side	500	796.94	375	597.71
side_ºñºö¹äµ¤¹ä·ù_¿øÇü¹è´Þ_Á¦À°µ¤¹ä_Q3_00024.JPG	train	train	Á¦À°µ¤¹ä	11	Á¦À°µ¤¹ä	Q3	2	0.75	side	500	796.94	375	597.71
side_ºñºö¹äµ¤¹ä·ù_¿øÇü¹è´Þ_Á¦À°µ¤¹ä_Q3_00025.JPG	train	train	Á¦À°µ¤¹ä	11	Á¦À°µ¤¹ä	Q3	2	0.75	side	500	796.94	375	597.71
side_ºñºö¹äµ¤¹ä·ù_¿øÇü¹è´Þ_Á¦À°µ¤¹ä_Q3_00026.JPG	train	train	Á¦À°µ¤¹ä	11	Á¦À°µ¤¹ä	Q3	2	0.75	side	500	796.94	375	597.71
side_ºñºö¹äµ¤¹ä·ù_¿øÇü¹è´Þ_Á¦À°µ¤¹ä_Q3_00027.JPG	train	train	Á¦À°µ¤¹ä	11	Á¦À°µ¤¹ä	Q3	2	0.75	side	500	796.94	375	597.71
side_ºñºö¹äµ¤¹ä·ù_¿øÇü¹è´Þ_Á¦À°µ¤¹ä_Q3_00028.JPG	train	train	Á¦À°µ¤¹ä	11	Á¦À°µ¤¹ä	Q3	2	0.75	side	500	796.94	375	597.71
side_ºñºö¹äµ¤¹ä·ù_¿øÇü¹è´Þ_Á¦À°µ¤¹ä_Q3_00029.JPG	train	train	Á¦À°µ¤¹ä	11	Á¦À°µ¤¹ä	Q3	2	0.75	side	500	796.94	375	597.71
side_ºñºö¹äµ¤¹ä·ù_¿øÇü¹è´Þ_Á¦À°µ¤¹ä_Q3_00030.JPG	train	train	Á¦À°µ¤¹ä	11	Á¦À°µ¤¹ä	Q3	2	0.75	side	500	796.94	375	597.71
side_ºñºö¹äµ¤¹ä·ù_¿øÇü¹è´Þ_Á¦À°µ¤¹ä_Q3_00031.JPG	train	train	Á¦À°µ¤¹ä	11	Á¦À°µ¤¹ä	Q3	2	0.75	side	500	796.94	375	597.71
side_ºñºö¹äµ¤¹ä·ù_¿øÇü¹è´Þ_Á¦À°µ¤¹ä_Q3_00034.JPG	train	train	Á¦À°µ¤¹ä	11	Á¦À°µ¤¹ä	Q3	2	0.75	side	500	796.94	375	597.71
side_ºñºö¹äµ¤¹ä·ù_¿øÇü¹è´Þ_Á¦À°µ¤¹ä_Q3_00035.JPG	train	train	Á¦À°µ¤¹ä	11	Á¦À°µ¤¹ä	Q3	2	0.75	side	500	796.94	375	597.71
side_ºñºö¹äµ¤¹ä·ù_¿øÇü¹è´Þ_Á¦À°µ¤¹ä_Q3_00036.JPG	train	train	Á¦À°µ¤¹ä	11	Á¦À°µ¤¹ä	Q3	2	0.75	side	500	796.94	375	597.71
side_ºñºö¹äµ¤¹ä·ù_¿øÇü¹è´Þ_Á¦À°µ¤¹ä_Q3_00037.JPG	train	train	Á¦À°µ¤¹ä	11	Á¦À°µ¤¹ä	Q3	2	0.75	side	500	796.94	375	597.71
side_ºñºö¹äµ¤¹ä·ù_¿øÇü¹è´Þ_Á¦À°µ¤¹ä_Q3_00038.JPG	train	train	Á¦À°µ¤¹ä	11	Á¦À°µ¤¹ä	Q3	2	0.75	side	500	796.94	375	597.71
side_ºñºö¹äµ¤¹ä·ù_¿øÇü¹è´Þ_Á¦À°µ¤¹ä_Q3_00040.JPG	train	train	Á¦À°µ¤¹ä	11	Á¦À°µ¤¹ä	Q3	2	0.75	side	500	796.94	375	597.71
side_ºñºö¹äµ¤¹ä·ù_¿øÇü¹è´Þ_Á¦À°µ¤¹ä_Q3_00041.JPG	train	train	Á¦À°µ¤¹ä	11	Á¦À°µ¤¹ä	Q3	2	0.75	side	500	796.94	375	597.71
side_ºñºö¹äµ¤¹ä·ù_¿øÇü¹è´Þ_Á¦À°µ¤¹ä_Q3_00042.JPG	train	train	Á¦À°µ¤¹ä	11	Á¦À°µ¤¹ä	Q3	2	0.75	side	500	796.94	375	597.71
side_ºñºö¹äµ¤¹ä·ù_¿øÇü¹è´Þ_Á¦À°µ¤¹ä_Q3_00043.JPG	train	train	Á¦À°µ¤¹ä	11	Á¦À°µ¤¹ä	Q3	2	0.75	side	500	796.94	375	597.71
side_ºñºö¹äµ¤¹ä·ù_¿øÇü¹è´Þ_Á¦À°µ¤¹ä_Q3_00044.JPG	train	train	Á¦À°µ¤¹ä	11	Á¦À°µ¤¹ä	Q3	2	0.75	side	500	796.94	375	597.71
side_ºñºö¹äµ¤¹ä·ù_¿øÇü¹è´Þ_Á¦À°µ¤¹ä_Q3_00045.JPG	train	train	Á¦À°µ¤¹ä	11	Á¦À°µ¤¹ä	Q3	2	0.75	side	500	796.94	375	597.71
side_ºñºö¹äµ¤¹ä·ù_¿øÇü¹è´Þ_Á¦À°µ¤¹ä_Q3_00046.JPG	train	train	Á¦À°µ¤¹ä	11	Á¦À°µ¤¹ä	Q3	2	0.75	side	500	796.94	375	597.71
side_ºñºö¹äµ¤¹ä·ù_¿øÇü¹è´Þ_Á¦À°µ¤¹ä_Q3_00047.JPG	train	train	Á¦À°µ¤¹ä	11	Á¦À°µ¤¹ä	Q3	2	0.75	side	500	796.94	375	597.71
side_ºñºö¹äµ¤¹ä·ù_¿øÇü¹è´Þ_Á¦À°µ¤¹ä_Q3_00048.JPG	train	train	Á¦À°µ¤¹ä	11	Á¦À°µ¤¹ä	Q3	2	0.75	side	500	796.94	375	597.71
side_ºñºö¹äµ¤¹ä·ù_¿øÇü¹è´Þ_Á¦À°µ¤¹ä_Q3_00049.JPG	train	train	Á¦À°µ¤¹ä	11	Á¦À°µ¤¹ä	Q3	2	0.75	side	500	796.94	375	597.71
side_ºñºö¹äµ¤¹ä·ù_¿øÇü¹è´Þ_Á¦À°µ¤¹ä_Q3_00050.JPG	train	train	Á¦À°µ¤¹ä	11	Á¦À°µ¤¹ä	Q3	2	0.75	side	500	796.94	375	597.71
side_ºñºö¹äµ¤¹ä·ù_¿øÇü¹è´Þ_Á¦À°µ¤¹ä_Q3_00051.JPG	train	train	Á¦À°µ¤¹ä	11	Á¦À°µ¤¹ä	Q3	2	0.75	side	500	796.94	375	597.71
side_ºñºö¹äµ¤¹ä·ù_¿øÇü¹è´Þ_Á¦À°µ¤¹ä_Q3_00052.JPG	train	train	Á¦À°µ¤¹ä	11	Á¦À°µ¤¹ä	Q3	2	0.75	side	500	796.94	375	597.71
side_ºñºö¹äµ¤¹ä·ù_¿øÇü¹è´Þ_Á¦À°µ¤¹ä_Q3_00053.JPG	train	train	Á¦À°µ¤¹ä	11	Á¦À°µ¤¹ä	Q3	2	0.75	side	500	796.94	375	597.71
side_ºñºö¹äµ¤¹ä·ù_¿øÇü¹è´Þ_Á¦À°µ¤¹ä_Q3_00054.JPG	train	train	Á¦À°µ¤¹ä	11	Á¦À°µ¤¹ä	Q3	2	0.75	side	500	796.94	375	597.71
top_ºñºö¹äµ¤¹ä·ù_¿øÇü¹è´Þ_Á¦À°µ¤¹ä_Q3_00001.JPG	train	train	Á¦À°µ¤¹ä	11	Á¦À°µ¤¹ä	Q3	2	0.75	top	500	796.94	375	597.71
top_ºñºö¹äµ¤¹ä·ù_¿øÇü¹è´Þ_Á¦À°µ¤¹ä_Q3_00002.JPG	train	train	Á¦À°µ¤¹ä	11	Á¦À°µ¤¹ä	Q3	2	0.75	top	500	796.94	375	597.71
top_ºñºö¹äµ¤¹ä·ù_¿øÇü¹è´Þ_Á¦À°µ¤¹ä_Q3_00003.JPG	train	train	Á¦À°µ¤¹ä	11	Á¦À°µ¤¹ä	Q3	2	0.75	top	500	796.94	375	597.71
top_ºñºö¹äµ¤¹ä·ù_¿øÇü¹è´Þ_Á¦À°µ¤¹ä_Q3_00004.JPG	train	train	Á¦À°µ¤¹ä	11	Á¦À°µ¤¹ä	Q3	2	0.75	top	500	796.94	375	597.71
top_ºñºö¹äµ¤¹ä·ù_¿øÇü¹è´Þ_Á¦À°µ¤¹ä_Q3_00005.JPG	train	train	Á¦À°µ¤¹ä	11	Á¦À°µ¤¹ä	Q3	2	0.75	top	500	796.94	375	597.71
top_ºñºö¹äµ¤¹ä·ù_¿øÇü¹è´Þ_Á¦À°µ¤¹ä_Q3_00006.JPG	train	train	Á¦À°µ¤¹ä	11	Á¦À°µ¤¹ä	Q3	2	0.75	top	500	796.94	375	597.71
top_ºñºö¹äµ¤¹ä·ù_¿øÇü¹è´Þ_Á¦À°µ¤¹ä_Q3_00007.JPG	train	train	Á¦À°µ¤¹ä	11	Á¦À°µ¤¹ä	Q3	2	0.75	top	500	796.94	375	597.71
top_ºñºö¹äµ¤¹ä·ù_¿øÇü¹è´Þ_Á¦À°µ¤¹ä_Q3_00008.JPG	train	train	Á¦À°µ¤¹ä	11	Á¦À°µ¤¹ä	Q3	2	0.75	top	500	796.94	375	597.71
top_ºñºö¹äµ¤¹ä·ù_¿øÇü¹è´Þ_Á¦À°µ¤¹ä_Q3_00009.JPG	train	train	Á¦À°µ¤¹ä	11	Á¦À°µ¤¹ä	Q3	2	0.75	top	500	796.94	375	597.71
top_ºñºö¹äµ¤¹ä·ù_¿øÇü¹è´Þ_Á¦À°µ¤¹ä_Q3_00011.JPG	train	train	Á¦À°µ¤¹ä	11	Á¦À°µ¤¹ä	Q3	2	0.75	top	500	796.94	375	597.71
top_ºñºö¹äµ¤¹ä·ù_¿øÇü¹è´Þ_Á¦À°µ¤¹ä_Q3_00012.JPG	train	train	Á¦À°µ¤¹ä	11	Á¦À°µ¤¹ä	Q3	2	0.75	top	500	796.94	375	597.71
top_ºñºö¹äµ¤¹ä·ù_¿øÇü¹è´Þ_Á¦À°µ¤¹ä_Q3_00013.JPG	train	train	Á¦À°µ¤¹ä	11	Á¦À°µ¤¹ä	Q3	2	0.75	top	500	796.94	375	597.71
top_ºñºö¹äµ¤¹ä·ù_¿øÇü¹è´Þ_Á¦À°µ¤¹ä_Q3_00014.JPG	train	train	Á¦À°µ¤¹ä	11	Á¦À°µ¤¹ä	Q3	2	0.75	top	500	796.94	375	597.71
top_ºñºö¹äµ¤¹ä·ù_¿øÇü¹è´Þ_Á¦À°µ¤¹ä_Q3_00017.JPG	train	train	Á¦À°µ¤¹ä	11	Á¦À°µ¤¹ä	Q3	2	0.75	top	500	796.94	375	597.71
top_ºñºö¹äµ¤¹ä·ù_¿øÇü¹è´Þ_Á¦À°µ¤¹ä_Q3_00018.JPG	train	train	Á¦À°µ¤¹ä	11	Á¦À°µ¤¹ä	Q3	2	0.75	top	500	796.94	375	597.71
top_ºñºö¹äµ¤¹ä·ù_¿øÇü¹è´Þ_Á¦À°µ¤¹ä_Q3_00020.JPG	train	train	Á¦À°µ¤¹ä	11	Á¦À°µ¤¹ä	Q3	2	0.75	top	500	796.94	375	597.71
top_ºñºö¹äµ¤¹ä·ù_¿øÇü¹è´Þ_Á¦À°µ¤¹ä_Q3_00022.JPG	train	train	Á¦À°µ¤¹ä	11	Á¦À°µ¤¹ä	Q3	2	0.75	top	500	796.94	375	597.71
top_ºñºö¹äµ¤¹ä·ù_¿øÇü¹è´Þ_Á¦À°µ¤¹ä_Q3_00024.JPG	train	train	Á¦À°µ¤¹ä	11	Á¦À°µ¤¹ä	Q3	2	0.75	top	500	796.94	375	597.71
top_ºñºö¹äµ¤¹ä·ù_¿øÇü¹è´Þ_Á¦À°µ¤¹ä_Q3_00025.JPG	train	train	Á¦À°µ¤¹ä	11	Á¦À°µ¤¹ä	Q3	2	0.75	top	500	796.94	375	597.71
top_ºñºö¹äµ¤¹ä·ù_¿øÇü¹è´Þ_Á¦À°µ¤¹ä_Q3_00026.JPG	train	train	Á¦À°µ¤¹ä	11	Á¦À°µ¤¹ä	Q3	2	0.75	top	500	796.94	375	597.71
top_ºñºö¹äµ¤¹ä·ù_¿øÇü¹è´Þ_Á¦À°µ¤¹ä_Q3_00028.JPG	train	train	Á¦À°µ¤¹ä	11	Á¦À°µ¤¹ä	Q3	2	0.75	top	500	796.94	375	597.71
top_ºñºö¹äµ¤¹ä·ù_¿øÇü¹è´Þ_Á¦À°µ¤¹ä_Q3_00029.JPG	train	train	Á¦À°µ¤¹ä	11	Á¦À°µ¤¹ä	Q3	2	0.75	top	500	796.94	375	597.71
top_ºñºö¹äµ¤¹ä·ù_¿øÇü¹è´Þ_Á¦À°µ¤¹ä_Q3_00030.JPG	train	train	Á¦À°µ¤¹ä	11	Á¦À°µ¤¹ä	Q3	2	0.75	top	500	796.94	375	597.71
top_ºñºö¹äµ¤¹ä·ù_¿øÇü¹è´Þ_Á¦À°µ¤¹ä_Q3_00031.JPG	train	train	Á¦À°µ¤¹ä	11	Á¦À°µ¤¹ä	Q3	2	0.75	top	500	796.94	375	597.71
top_ºñºö¹äµ¤¹ä·ù_¿øÇü¹è´Þ_Á¦À°µ¤¹ä_Q3_00032.JPG	train	train	Á¦À°µ¤¹ä	11	Á¦À°µ¤¹ä	Q3	2	0.75	top	500	796.94	375	597.71
top_ºñºö¹äµ¤¹ä·ù_¿øÇü¹è´Þ_Á¦À°µ¤¹ä_Q3_00033.JPG	train	train	Á¦À°µ¤¹ä	11	Á¦À°µ¤¹ä	Q3	2	0.75	top	500	796.94	375	597.71
top_ºñºö¹äµ¤¹ä·ù_¿øÇü¹è´Þ_Á¦À°µ¤¹ä_Q3_00034.JPG	train	train	Á¦À°µ¤¹ä	11	Á¦À°µ¤¹ä	Q3	2	0.75	top	500	796.94	375	597.71
top_ºñºö¹äµ¤¹ä·ù_¿øÇü¹è´Þ_Á¦À°µ¤¹ä_Q3_00035.JPG	train	train	Á¦À°µ¤¹ä	11	Á¦À°µ¤¹ä	Q3	2	0.75	top	500	796.94	375	597.71
top_ºñºö¹äµ¤¹ä·ù_¿øÇü¹è´Þ_Á¦À°µ¤¹ä_Q3_00036.JPG	train	train	Á¦À°µ¤¹ä	11	Á¦À°µ¤¹ä	Q3	2	0.75	top	500	796.94	375	597.71
top_ºñºö¹äµ¤¹ä·ù_¿øÇü¹è´Þ_Á¦À°µ¤¹ä_Q3_00037.JPG	train	train	Á¦À°µ¤¹ä	11	Á¦À°µ¤¹ä	Q3	2	0.75	top	500	796.94	375	597.71
top_ºñºö¹äµ¤¹ä·ù_¿øÇü¹è´Þ_Á¦À°µ¤¹ä_Q3_00038.JPG	train	train	Á¦À°µ¤¹ä	11	Á¦À°µ¤¹ä	Q3	2	0.75	top	500	796.94	375	597.71
top_ºñºö¹äµ¤¹ä·ù_¿øÇü¹è´Þ_Á¦À°µ¤¹ä_Q3_00039.JPG	train	train	Á¦À°µ¤¹ä	11	Á¦À°µ¤¹ä	Q3	2	0.75	top	500	796.94	375	597.71
top_ºñºö¹äµ¤¹ä·ù_¿øÇü¹è´Þ_Á¦À°µ¤¹ä_Q3_00040.JPG	train	train	Á¦À°µ¤¹ä	11	Á¦À°µ¤¹ä	Q3	2	0.75	top	500	796.94	375	597.71
top_ºñºö¹äµ¤¹ä·ù_¿øÇü¹è´Þ_Á¦À°µ¤¹ä_Q3_00041.JPG	train	train	Á¦À°µ¤¹ä	11	Á¦À°µ¤¹ä	Q3	2	0.75	top	500	796.94	375	597.71
top_ºñºö¹äµ¤¹ä·ù_¿øÇü¹è´Þ_Á¦À°µ¤¹ä_Q3_00042.JPG	train	train	Á¦À°µ¤¹ä	11	Á¦À°µ¤¹ä	Q3	2	0.75	top	500	796.94	375	597.71
top_ºñºö¹äµ¤¹ä·ù_¿øÇü¹è´Þ_Á¦À°µ¤¹ä_Q3_00043.JPG	train	train	Á¦À°µ¤¹ä	11	Á¦À°µ¤¹ä	Q3	2	0.75	top	500	796.94	375	597.71
top_ºñºö¹äµ¤¹ä·ù_¿øÇü¹è´Þ_Á¦À°µ¤¹ä_Q3_00045.JPG	train	train	Á¦À°µ¤¹ä	11	Á¦À°µ¤¹ä	Q3	2	0.75	top	500	796.94	375	597.71
top_ºñºö¹äµ¤¹ä·ù_¿øÇü¹è´Þ_Á¦À°µ¤¹ä_Q3_00046.JPG	train	train	Á¦À°µ¤¹ä	11	Á¦À°µ¤¹ä	Q3	2	0.75	top	500	796.94	375	597.71
top_ºñºö¹äµ¤¹ä·ù_¿øÇü¹è´Þ_Á¦À°µ¤¹ä_Q3_00049.JPG	train	train	Á¦À°µ¤¹ä	11	Á¦À°µ¤¹ä	Q3	2	0.75	top	500	796.94	375	597.71
top_ºñºö¹äµ¤¹ä·ù_¿øÇü¹è´Þ_Á¦À°µ¤¹ä_Q3_00051.JPG	train	train	Á¦À°µ¤¹ä	11	Á¦À°µ¤¹ä	Q3	2	0.75	top	500	796.94	375	597.71
top_ºñºö¹äµ¤¹ä·ù_¿øÇü¹è´Þ_Á¦À°µ¤¹ä_Q3_00053.JPG	train	train	Á¦À°µ¤¹ä	11	Á¦À°µ¤¹ä	Q3	2	0.75	top	500	796.94	375	597.71
top_ºñºö¹äµ¤¹ä·ù_¿øÇü¹è´Þ_Á¦À°µ¤¹ä_Q3_00055.JPG	train	train	Á¦À°µ¤¹ä	11	Á¦À°µ¤¹ä	Q3	2	0.75	top	500	796.94	375	597.71
side_ºñºö¹äµ¤¹ä·ù_¿øÇü¹è´Þ_Á¦À°µ¤¹ä_Q4_00001.JPG	train	train	Á¦À°µ¤¹ä	11	Á¦À°µ¤¹ä	Q4	3	1	side	500	796.94	500	796.94
side_ºñºö¹äµ¤¹ä·ù_¿øÇü¹è´Þ_Á¦À°µ¤¹ä_Q4_00003.JPG	train	train	Á¦À°µ¤¹ä	11	Á¦À°µ¤¹ä	Q4	3	1	side	500	796.94	500	796.94
side_ºñºö¹äµ¤¹ä·ù_¿øÇü¹è´Þ_Á¦À°µ¤¹ä_Q4_00004.JPG	train	train	Á¦À°µ¤¹ä	11	Á¦À°µ¤¹ä	Q4	3	1	side	500	796.94	500	796.94
side_ºñºö¹äµ¤¹ä·ù_¿øÇü¹è´Þ_Á¦À°µ¤¹ä_Q4_00005.JPG	train	train	Á¦À°µ¤¹ä	11	Á¦À°µ¤¹ä	Q4	3	1	side	500	796.94	500	796.94
side_ºñºö¹äµ¤¹ä·ù_¿øÇü¹è´Þ_Á¦À°µ¤¹ä_Q4_00007.JPG	train	train	Á¦À°µ¤¹ä	11	Á¦À°µ¤¹ä	Q4	3	1	side	500	796.94	500	796.94
side_ºñºö¹äµ¤¹ä·ù_¿øÇü¹è´Þ_Á¦À°µ¤¹ä_Q4_00008.JPG	train	train	Á¦À°µ¤¹ä	11	Á¦À°µ¤¹ä	Q4	3	1	side	500	796.94	500	796.94
side_ºñºö¹äµ¤¹ä·ù_¿øÇü¹è´Þ_Á¦À°µ¤¹ä_Q4_00009.JPG	train	train	Á¦À°µ¤¹ä	11	Á¦À°µ¤¹ä	Q4	3	1	side	500	796.94	500	796.94
side_ºñºö¹äµ¤¹ä·ù_¿øÇü¹è´Þ_Á¦À°µ¤¹ä_Q4_00011.JPG	train	train	Á¦À°µ¤¹ä	11	Á¦À°µ¤¹ä	Q4	3	1	side	500	796.94	500	796.94
side_ºñºö¹äµ¤¹ä·ù_¿øÇü¹è´Þ_Á¦À°µ¤¹ä_Q4_00012.JPG	train	train	Á¦À°µ¤¹ä	11	Á¦À°µ¤¹ä	Q4	3	1	side	500	796.94	500	796.94
side_ºñºö¹äµ¤¹ä·ù_¿øÇü¹è´Þ_Á¦À°µ¤¹ä_Q4_00013.JPG	train	train	Á¦À°µ¤¹ä	11	Á¦À°µ¤¹ä	Q4	3	1	side	500	796.94	500	796.94
side_ºñºö¹äµ¤¹ä·ù_¿øÇü¹è´Þ_Á¦À°µ¤¹ä_Q4_00015.JPG	train	train	Á¦À°µ¤¹ä	11	Á¦À°µ¤¹ä	Q4	3	1	side	500	796.94	500	796.94
side_ºñºö¹äµ¤¹ä·ù_¿øÇü¹è´Þ_Á¦À°µ¤¹ä_Q4_00017.JPG	train	train	Á¦À°µ¤¹ä	11	Á¦À°µ¤¹ä	Q4	3	1	side	500	796.94	500	796.94
side_ºñºö¹äµ¤¹ä·ù_¿øÇü¹è´Þ_Á¦À°µ¤¹ä_Q4_00019.JPG	train	train	Á¦À°µ¤¹ä	11	Á¦À°µ¤¹ä	Q4	3	1	side	500	796.94	500	796.94
side_ºñºö¹äµ¤¹ä·ù_¿øÇü¹è´Þ_Á¦À°µ¤¹ä_Q4_00021.JPG	train	train	Á¦À°µ¤¹ä	11	Á¦À°µ¤¹ä	Q4	3	1	side	500	796.94	500	796.94
side_ºñºö¹äµ¤¹ä·ù_¿øÇü¹è´Þ_Á¦À°µ¤¹ä_Q4_00022.JPG	train	train	Á¦À°µ¤¹ä	11	Á¦À°µ¤¹ä	Q4	3	1	side	500	796.94	500	796.94
side_ºñºö¹äµ¤¹ä·ù_¿øÇü¹è´Þ_Á¦À°µ¤¹ä_Q4_00024.JPG	train	train	Á¦À°µ¤¹ä	11	Á¦À°µ¤¹ä	Q4	3	1	side	500	796.94	500	796.94
side_ºñºö¹äµ¤¹ä·ù_¿øÇü¹è´Þ_Á¦À°µ¤¹ä_Q4_00025.JPG	train	train	Á¦À°µ¤¹ä	11	Á¦À°µ¤¹ä	Q4	3	1	side	500	796.94	500	796.94
side_ºñºö¹äµ¤¹ä·ù_¿øÇü¹è´Þ_Á¦À°µ¤¹ä_Q4_00026.JPG	train	train	Á¦À°µ¤¹ä	11	Á¦À°µ¤¹ä	Q4	3	1	side	500	796.94	500	796.94
side_ºñºö¹äµ¤¹ä·ù_¿øÇü¹è´Þ_Á¦À°µ¤¹ä_Q4_00027.JPG	train	train	Á¦À°µ¤¹ä	11	Á¦À°µ¤¹ä	Q4	3	1	side	500	796.94	500	796.94
side_ºñºö¹äµ¤¹ä·ù_¿øÇü¹è´Þ_Á¦À°µ¤¹ä_Q4_00028.JPG	train	train	Á¦À°µ¤¹ä	11	Á¦À°µ¤¹ä	Q4	3	1	side	500	796.94	500	796.94
side_ºñºö¹äµ¤¹ä·ù_¿øÇü¹è´Þ_Á¦À°µ¤¹ä_Q4_00029.JPG	train	train	Á¦À°µ¤¹ä	11	Á¦À°µ¤¹ä	Q4	3	1	side	500	796.94	500	796.94
side_ºñºö¹äµ¤¹ä·ù_¿øÇü¹è´Þ_Á¦À°µ¤¹ä_Q4_00030.JPG	train	train	Á¦À°µ¤¹ä	11	Á¦À°µ¤¹ä	Q4	3	1	side	500	796.94	500	796.94
side_ºñºö¹äµ¤¹ä·ù_¿øÇü¹è´Þ_Á¦À°µ¤¹ä_Q4_00031.JPG	train	train	Á¦À°µ¤¹ä	11	Á¦À°µ¤¹ä	Q4	3	1	side	500	796.94	500	796.94
side_ºñºö¹äµ¤¹ä·ù_¿øÇü¹è´Þ_Á¦À°µ¤¹ä_Q4_00032.JPG	train	train	Á¦À°µ¤¹ä	11	Á¦À°µ¤¹ä	Q4	3	1	side	500	796.94	500	796.94
side_ºñºö¹äµ¤¹ä·ù_¿øÇü¹è´Þ_Á¦À°µ¤¹ä_Q4_00033.JPG	train	train	Á¦À°µ¤¹ä	11	Á¦À°µ¤¹ä	Q4	3	1	side	500	796.94	500	796.94
side_ºñºö¹äµ¤¹ä·ù_¿øÇü¹è´Þ_Á¦À°µ¤¹ä_Q4_00034.JPG	train	train	Á¦À°µ¤¹ä	11	Á¦À°µ¤¹ä	Q4	3	1	side	500	796.94	500	796.94
side_ºñºö¹äµ¤¹ä·ù_¿øÇü¹è´Þ_Á¦À°µ¤¹ä_Q4_00035.JPG	train	train	Á¦À°µ¤¹ä	11	Á¦À°µ¤¹ä	Q4	3	1	side	500	796.94	500	796.94
side_ºñºö¹äµ¤¹ä·ù_¿øÇü¹è´Þ_Á¦À°µ¤¹ä_Q4_00036.JPG	train	train	Á¦À°µ¤¹ä	11	Á¦À°µ¤¹ä	Q4	3	1	side	500	796.94	500	796.94
side_ºñºö¹äµ¤¹ä·ù_¿øÇü¹è´Þ_Á¦À°µ¤¹ä_Q4_00037.JPG	train	train	Á¦À°µ¤¹ä	11	Á¦À°µ¤¹ä	Q4	3	1	side	500	796.94	500	796.94
side_ºñºö¹äµ¤¹ä·ù_¿øÇü¹è´Þ_Á¦À°µ¤¹ä_Q4_00038.JPG	train	train	Á¦À°µ¤¹ä	11	Á¦À°µ¤¹ä	Q4	3	1	side	500	796.94	500	796.94
side_ºñºö¹äµ¤¹ä·ù_¿øÇü¹è´Þ_Á¦À°µ¤¹ä_Q4_00039.JPG	train	train	Á¦À°µ¤¹ä	11	Á¦À°µ¤¹ä	Q4	3	1	side	500	796.94	500	796.94
side_ºñºö¹äµ¤¹ä·ù_¿øÇü¹è´Þ_Á¦À°µ¤¹ä_Q4_00040.JPG	train	train	Á¦À°µ¤¹ä	11	Á¦À°µ¤¹ä	Q4	3	1	side	500	796.94	500	796.94
side_ºñºö¹äµ¤¹ä·ù_¿øÇü¹è´Þ_Á¦À°µ¤¹ä_Q4_00041.JPG	train	train	Á¦À°µ¤¹ä	11	Á¦À°µ¤¹ä	Q4	3	1	side	500	796.94	500	796.94
side_ºñºö¹äµ¤¹ä·ù_¿øÇü¹è´Þ_Á¦À°µ¤¹ä_Q4_00043.JPG	train	train	Á¦À°µ¤¹ä	11	Á¦À°µ¤¹ä	Q4	3	1	side	500	796.94	500	796.94
side_ºñºö¹äµ¤¹ä·ù_¿øÇü¹è´Þ_Á¦À°µ¤¹ä_Q4_00045.JPG	train	train	Á¦À°µ¤¹ä	11	Á¦À°µ¤¹ä	Q4	3	1	side	500	796.94	500	796.94
side_ºñºö¹äµ¤¹ä·ù_¿øÇü¹è´Þ_Á¦À°µ¤¹ä_Q4_00046.JPG	train	train	Á¦À°µ¤¹ä	11	Á¦À°µ¤¹ä	Q4	3	1	side	500	796.94	500	796.94
side_ºñºö¹äµ¤¹ä·ù_¿øÇü¹è´Þ_Á¦À°µ¤¹ä_Q4_00047.JPG	train	train	Á¦À°µ¤¹ä	11	Á¦À°µ¤¹ä	Q4	3	1	side	500	796.94	500	796.94
side_ºñºö¹äµ¤¹ä·ù_¿øÇü¹è´Þ_Á¦À°µ¤¹ä_Q4_00048.JPG	train	train	Á¦À°µ¤¹ä	11	Á¦À°µ¤¹ä	Q4	3	1	side	500	796.94	500	796.94
side_ºñºö¹äµ¤¹ä·ù_¿øÇü¹è´Þ_Á¦À°µ¤¹ä_Q4_00049.JPG	train	train	Á¦À°µ¤¹ä	11	Á¦À°µ¤¹ä	Q4	3	1	side	500	796.94	500	796.94
side_ºñºö¹äµ¤¹ä·ù_¿øÇü¹è´Þ_Á¦À°µ¤¹ä_Q4_00050.JPG	train	train	Á¦À°µ¤¹ä	11	Á¦À°µ¤¹ä	Q4	3	1	side	500	796.94	500	796.94
side_ºñºö¹äµ¤¹ä·ù_¿øÇü¹è´Þ_Á¦À°µ¤¹ä_Q4_00051.JPG	train	train	Á¦À°µ¤¹ä	11	Á¦À°µ¤¹ä	Q4	3	1	side	500	796.94	500	796.94
side_ºñºö¹äµ¤¹ä·ù_¿øÇü¹è´Þ_Á¦À°µ¤¹ä_Q4_00052.JPG	train	train	Á¦À°µ¤¹ä	11	Á¦À°µ¤¹ä	Q4	3	1	side	500	796.94	500	796.94
side_ºñºö¹äµ¤¹ä·ù_¿øÇü¹è´Þ_Á¦À°µ¤¹ä_Q4_00053.JPG	train	train	Á¦À°µ¤¹ä	11	Á¦À°µ¤¹ä	Q4	3	1	side	500	796.94	500	796.94
top_ºñºö¹äµ¤¹ä·ù_¿øÇü¹è´Þ_Á¦À°µ¤¹ä_Q4_00001.JPG	train	train	Á¦À°µ¤¹ä	11	Á¦À°µ¤¹ä	Q4	3	1	top	500	796.94	500	796.94
top_ºñºö¹äµ¤¹ä·ù_¿øÇü¹è´Þ_Á¦À°µ¤¹ä_Q4_00002.JPG	train	train	Á¦À°µ¤¹ä	11	Á¦À°µ¤¹ä	Q4	3	1	top	500	796.94	500	796.94
top_ºñºö¹äµ¤¹ä·ù_¿øÇü¹è´Þ_Á¦À°µ¤¹ä_Q4_00003.JPG	train	train	Á¦À°µ¤¹ä	11	Á¦À°µ¤¹ä	Q4	3	1	top	500	796.94	500	796.94
top_ºñºö¹äµ¤¹ä·ù_¿øÇü¹è´Þ_Á¦À°µ¤¹ä_Q4_00004.JPG	train	train	Á¦À°µ¤¹ä	11	Á¦À°µ¤¹ä	Q4	3	1	top	500	796.94	500	796.94
top_ºñºö¹äµ¤¹ä·ù_¿øÇü¹è´Þ_Á¦À°µ¤¹ä_Q4_00005.JPG	train	train	Á¦À°µ¤¹ä	11	Á¦À°µ¤¹ä	Q4	3	1	top	500	796.94	500	796.94
top_ºñºö¹äµ¤¹ä·ù_¿øÇü¹è´Þ_Á¦À°µ¤¹ä_Q4_00006.JPG	train	train	Á¦À°µ¤¹ä	11	Á¦À°µ¤¹ä	Q4	3	1	top	500	796.94	500	796.94
top_ºñºö¹äµ¤¹ä·ù_¿øÇü¹è´Þ_Á¦À°µ¤¹ä_Q4_00008.JPG	train	train	Á¦À°µ¤¹ä	11	Á¦À°µ¤¹ä	Q4	3	1	top	500	796.94	500	796.94
top_ºñºö¹äµ¤¹ä·ù_¿øÇü¹è´Þ_Á¦À°µ¤¹ä_Q4_00009.JPG	train	train	Á¦À°µ¤¹ä	11	Á¦À°µ¤¹ä	Q4	3	1	top	500	796.94	500	796.94
top_ºñºö¹äµ¤¹ä·ù_¿øÇü¹è´Þ_Á¦À°µ¤¹ä_Q4_00010.JPG	train	train	Á¦À°µ¤¹ä	11	Á¦À°µ¤¹ä	Q4	3	1	top	500	796.94	500	796.94
top_ºñºö¹äµ¤¹ä·ù_¿øÇü¹è´Þ_Á¦À°µ¤¹ä_Q4_00012.JPG	train	train	Á¦À°µ¤¹ä	11	Á¦À°µ¤¹ä	Q4	3	1	top	500	796.94	500	796.94
top_ºñºö¹äµ¤¹ä·ù_¿øÇü¹è´Þ_Á¦À°µ¤¹ä_Q4_00013.JPG	train	train	Á¦À°µ¤¹ä	11	Á¦À°µ¤¹ä	Q4	3	1	top	500	796.94	500	796.94
top_ºñºö¹äµ¤¹ä·ù_¿øÇü¹è´Þ_Á¦À°µ¤¹ä_Q4_00014.JPG	train	train	Á¦À°µ¤¹ä	11	Á¦À°µ¤¹ä	Q4	3	1	top	500	796.94	500	796.94
top_ºñºö¹äµ¤¹ä·ù_¿øÇü¹è´Þ_Á¦À°µ¤¹ä_Q4_00015.JPG	train	train	Á¦À°µ¤¹ä	11	Á¦À°µ¤¹ä	Q4	3	1	top	500	796.94	500	796.94
top_ºñºö¹äµ¤¹ä·ù_¿øÇü¹è´Þ_Á¦À°µ¤¹ä_Q4_00016.JPG	train	train	Á¦À°µ¤¹ä	11	Á¦À°µ¤¹ä	Q4	3	1	top	500	796.94	500	796.94
top_ºñºö¹äµ¤¹ä·ù_¿øÇü¹è´Þ_Á¦À°µ¤¹ä_Q4_00017.JPG	train	train	Á¦À°µ¤¹ä	11	Á¦À°µ¤¹ä	Q4	3	1	top	500	796.94	500	796.94
top_ºñºö¹äµ¤¹ä·ù_¿øÇü¹è´Þ_Á¦À°µ¤¹ä_Q4_00018.JPG	train	train	Á¦À°µ¤¹ä	11	Á¦À°µ¤¹ä	Q4	3	1	top	500	796.94	500	796.94
top_ºñºö¹äµ¤¹ä·ù_¿øÇü¹è´Þ_Á¦À°µ¤¹ä_Q4_00019.JPG	train	train	Á¦À°µ¤¹ä	11	Á¦À°µ¤¹ä	Q4	3	1	top	500	796.94	500	796.94
top_ºñºö¹äµ¤¹ä·ù_¿øÇü¹è´Þ_Á¦À°µ¤¹ä_Q4_00020.JPG	train	train	Á¦À°µ¤¹ä	11	Á¦À°µ¤¹ä	Q4	3	1	top	500	796.94	500	796.94
top_ºñºö¹äµ¤¹ä·ù_¿øÇü¹è´Þ_Á¦À°µ¤¹ä_Q4_00021.JPG	train	train	Á¦À°µ¤¹ä	11	Á¦À°µ¤¹ä	Q4	3	1	top	500	796.94	500	796.94
top_ºñºö¹äµ¤¹ä·ù_¿øÇü¹è´Þ_Á¦À°µ¤¹ä_Q4_00022.JPG	train	train	Á¦À°µ¤¹ä	11	Á¦À°µ¤¹ä	Q4	3	1	top	500	796.94	500	796.94
top_ºñºö¹äµ¤¹ä·ù_¿øÇü¹è´Þ_Á¦À°µ¤¹ä_Q4_00023.JPG	train	train	Á¦À°µ¤¹ä	11	Á¦À°µ¤¹ä	Q4	3	1	top	500	796.94	500	796.94
top_ºñºö¹äµ¤¹ä·ù_¿øÇü¹è´Þ_Á¦À°µ¤¹ä_Q4_00024.JPG	train	train	Á¦À°µ¤¹ä	11	Á¦À°µ¤¹ä	Q4	3	1	top	500	796.94	500	796.94
top_ºñºö¹äµ¤¹ä·ù_¿øÇü¹è´Þ_Á¦À°µ¤¹ä_Q4_00025.JPG	train	train	Á¦À°µ¤¹ä	11	Á¦À°µ¤¹ä	Q4	3	1	top	500	796.94	500	796.94
top_ºñºö¹äµ¤¹ä·ù_¿øÇü¹è´Þ_Á¦À°µ¤¹ä_Q4_00026.JPG	train	train	Á¦À°µ¤¹ä	11	Á¦À°µ¤¹ä	Q4	3	1	top	500	796.94	500	796.94
top_ºñºö¹äµ¤¹ä·ù_¿øÇü¹è´Þ_Á¦À°µ¤¹ä_Q4_00027.JPG	train	train	Á¦À°µ¤¹ä	11	Á¦À°µ¤¹ä	Q4	3	1	top	500	796.94	500	796.94
top_ºñºö¹äµ¤¹ä·ù_¿øÇü¹è´Þ_Á¦À°µ¤¹ä_Q4_00033.JPG	train	train	Á¦À°µ¤¹ä	11	Á¦À°µ¤¹ä	Q4	3	1	top	500	796.94	500	796.94
top_ºñºö¹äµ¤¹ä·ù_¿øÇü¹è´Þ_Á¦À°µ¤¹ä_Q4_00035.JPG	train	train	Á¦À°µ¤¹ä	11	Á¦À°µ¤¹ä	Q4	3	1	top	500	796.94	500	796.94
top_ºñºö¹äµ¤¹ä·ù_¿øÇü¹è´Þ_Á¦À°µ¤¹ä_Q4_00036.JPG	train	train	Á¦À°µ¤¹ä	11	Á¦À°µ¤¹ä	Q4	3	1	top	500	796.94	500	796.94
top_ºñºö¹äµ¤¹ä·ù_¿øÇü¹è´Þ_Á¦À°µ¤¹ä_Q4_00037.JPG	train	train	Á¦À°µ¤¹ä	11	Á¦À°µ¤¹ä	Q4	3	1	top	500	796.94	500	796.94
top_ºñºö¹äµ¤¹ä·ù_¿øÇü¹è´Þ_Á¦À°µ¤¹ä_Q4_00038.JPG	train	train	Á¦À°µ¤¹ä	11	Á¦À°µ¤¹ä	Q4	3	1	top	500	796.94	500	796.94
top_ºñºö¹äµ¤¹ä·ù_¿øÇü¹è´Þ_Á¦À°µ¤¹ä_Q4_00039.JPG	train	train	Á¦À°µ¤¹ä	11	Á¦À°µ¤¹ä	Q4	3	1	top	500	796.94	500	796.94
top_ºñºö¹äµ¤¹ä·ù_¿øÇü¹è´Þ_Á¦À°µ¤¹ä_Q4_00040.JPG	train	train	Á¦À°µ¤¹ä	11	Á¦À°µ¤¹ä	Q4	3	1	top	500	796.94	500	796.94
top_ºñºö¹äµ¤¹ä·ù_¿øÇü¹è´Þ_Á¦À°µ¤¹ä_Q4_00041.JPG	train	train	Á¦À°µ¤¹ä	11	Á¦À°µ¤¹ä	Q4	3	1	top	500	796.94	500	796.94
top_ºñºö¹äµ¤¹ä·ù_¿øÇü¹è´Þ_Á¦À°µ¤¹ä_Q4_00042.JPG	train	train	Á¦À°µ¤¹ä	11	Á¦À°µ¤¹ä	Q4	3	1	top	500	796.94	500	796.94
top_ºñºö¹äµ¤¹ä·ù_¿øÇü¹è´Þ_Á¦À°µ¤¹ä_Q4_00043.JPG	train	train	Á¦À°µ¤¹ä	11	Á¦À°µ¤¹ä	Q4	3	1	top	500	796.94	500	796.94
top_ºñºö¹äµ¤¹ä·ù_¿øÇü¹è´Þ_Á¦À°µ¤¹ä_Q4_00046.JPG	train	train	Á¦À°µ¤¹ä	11	Á¦À°µ¤¹ä	Q4	3	1	top	500	796.94	500	796.94
top_ºñºö¹äµ¤¹ä·ù_¿øÇü¹è´Þ_Á¦À°µ¤¹ä_Q4_00047.JPG	train	train	Á¦À°µ¤¹ä	11	Á¦À°µ¤¹ä	Q4	3	1	top	500	796.94	500	796.94
top_ºñºö¹äµ¤¹ä·ù_¿øÇü¹è´Þ_Á¦À°µ¤¹ä_Q4_00048.JPG	train	train	Á¦À°µ¤¹ä	11	Á¦À°µ¤¹ä	Q4	3	1	top	500	796.94	500	796.94
top_ºñºö¹äµ¤¹ä·ù_¿øÇü¹è´Þ_Á¦À°µ¤¹ä_Q4_00049.JPG	train	train	Á¦À°µ¤¹ä	11	Á¦À°µ¤¹ä	Q4	3	1	top	500	796.94	500	796.94
top_ºñºö¹äµ¤¹ä·ù_¿øÇü¹è´Þ_Á¦À°µ¤¹ä_Q4_00050.JPG	train	train	Á¦À°µ¤¹ä	11	Á¦À°µ¤¹ä	Q4	3	1	top	500	796.94	500	796.94
top_ºñºö¹äµ¤¹ä·ù_¿øÇü¹è´Þ_Á¦À°µ¤¹ä_Q4_00051.JPG	train	train	Á¦À°µ¤¹ä	11	Á¦À°µ¤¹ä	Q4	3	1	top	500	796.94	500	796.94
top_ºñºö¹äµ¤¹ä·ù_¿øÇü¹è´Þ_Á¦À°µ¤¹ä_Q4_00053.JPG	train	train	Á¦À°µ¤¹ä	11	Á¦À°µ¤¹ä	Q4	3	1	top	500	796.94	500	796.94
side_ºñºö¹äµ¤¹ä·ù_¿øÇü¹è´Þ_Á¦À°µ¤¹ä_Q5_00001.JPG	train	train	Á¦À°µ¤¹ä	11	Á¦À°µ¤¹ä	Q5	4	1.25	side	500	796.94	625	996.18
side_ºñºö¹äµ¤¹ä·ù_¿øÇü¹è´Þ_Á¦À°µ¤¹ä_Q5_00002.JPG	train	train	Á¦À°µ¤¹ä	11	Á¦À°µ¤¹ä	Q5	4	1.25	side	500	796.94	625	996.18
side_ºñºö¹äµ¤¹ä·ù_¿øÇü¹è´Þ_Á¦À°µ¤¹ä_Q5_00003.JPG	train	train	Á¦À°µ¤¹ä	11	Á¦À°µ¤¹ä	Q5	4	1.25	side	500	796.94	625	996.18
side_ºñºö¹äµ¤¹ä·ù_¿øÇü¹è´Þ_Á¦À°µ¤¹ä_Q5_00004.JPG	train	train	Á¦À°µ¤¹ä	11	Á¦À°µ¤¹ä	Q5	4	1.25	side	500	796.94	625	996.18
side_ºñºö¹äµ¤¹ä·ù_¿øÇü¹è´Þ_Á¦À°µ¤¹ä_Q5_00005.JPG	train	train	Á¦À°µ¤¹ä	11	Á¦À°µ¤¹ä	Q5	4	1.25	side	500	796.94	625	996.18
side_ºñºö¹äµ¤¹ä·ù_¿øÇü¹è´Þ_Á¦À°µ¤¹ä_Q5_00006.JPG	train	train	Á¦À°µ¤¹ä	11	Á¦À°µ¤¹ä	Q5	4	1.25	side	500	796.94	625	996.18
side_ºñºö¹äµ¤¹ä·ù_¿øÇü¹è´Þ_Á¦À°µ¤¹ä_Q5_00007.JPG	train	train	Á¦À°µ¤¹ä	11	Á¦À°µ¤¹ä	Q5	4	1.25	side	500	796.94	625	996.18
side_ºñºö¹äµ¤¹ä·ù_¿øÇü¹è´Þ_Á¦À°µ¤¹ä_Q5_00009.JPG	train	train	Á¦À°µ¤¹ä	11	Á¦À°µ¤¹ä	Q5	4	1.25	side	500	796.94	625	996.18
side_ºñºö¹äµ¤¹ä·ù_¿øÇü¹è´Þ_Á¦À°µ¤¹ä_Q5_00010.JPG	train	train	Á¦À°µ¤¹ä	11	Á¦À°µ¤¹ä	Q5	4	1.25	side	500	796.94	625	996.18
side_ºñºö¹äµ¤¹ä·ù_¿øÇü¹è´Þ_Á¦À°µ¤¹ä_Q5_00011.JPG	train	train	Á¦À°µ¤¹ä	11	Á¦À°µ¤¹ä	Q5	4	1.25	side	500	796.94	625	996.18
side_ºñºö¹äµ¤¹ä·ù_¿øÇü¹è´Þ_Á¦À°µ¤¹ä_Q5_00012.JPG	train	train	Á¦À°µ¤¹ä	11	Á¦À°µ¤¹ä	Q5	4	1.25	side	500	796.94	625	996.18
side_ºñºö¹äµ¤¹ä·ù_¿øÇü¹è´Þ_Á¦À°µ¤¹ä_Q5_00013.JPG	train	train	Á¦À°µ¤¹ä	11	Á¦À°µ¤¹ä	Q5	4	1.25	side	500	796.94	625	996.18
side_ºñºö¹äµ¤¹ä·ù_¿øÇü¹è´Þ_Á¦À°µ¤¹ä_Q5_00014.JPG	train	train	Á¦À°µ¤¹ä	11	Á¦À°µ¤¹ä	Q5	4	1.25	side	500	796.94	625	996.18
side_ºñºö¹äµ¤¹ä·ù_¿øÇü¹è´Þ_Á¦À°µ¤¹ä_Q5_00015.JPG	train	train	Á¦À°µ¤¹ä	11	Á¦À°µ¤¹ä	Q5	4	1.25	side	500	796.94	625	996.18
side_ºñºö¹äµ¤¹ä·ù_¿øÇü¹è´Þ_Á¦À°µ¤¹ä_Q5_00017.JPG	train	train	Á¦À°µ¤¹ä	11	Á¦À°µ¤¹ä	Q5	4	1.25	side	500	796.94	625	996.18
side_ºñºö¹äµ¤¹ä·ù_¿øÇü¹è´Þ_Á¦À°µ¤¹ä_Q5_00019.JPG	train	train	Á¦À°µ¤¹ä	11	Á¦À°µ¤¹ä	Q5	4	1.25	side	500	796.94	625	996.18
side_ºñºö¹äµ¤¹ä·ù_¿øÇü¹è´Þ_Á¦À°µ¤¹ä_Q5_00020.JPG	train	train	Á¦À°µ¤¹ä	11	Á¦À°µ¤¹ä	Q5	4	1.25	side	500	796.94	625	996.18
side_ºñºö¹äµ¤¹ä·ù_¿øÇü¹è´Þ_Á¦À°µ¤¹ä_Q5_00021.JPG	train	train	Á¦À°µ¤¹ä	11	Á¦À°µ¤¹ä	Q5	4	1.25	side	500	796.94	625	996.18
side_ºñºö¹äµ¤¹ä·ù_¿øÇü¹è´Þ_Á¦À°µ¤¹ä_Q5_00022.JPG	train	train	Á¦À°µ¤¹ä	11	Á¦À°µ¤¹ä	Q5	4	1.25	side	500	796.94	625	996.18
side_ºñºö¹äµ¤¹ä·ù_¿øÇü¹è´Þ_Á¦À°µ¤¹ä_Q5_00023.JPG	train	train	Á¦À°µ¤¹ä	11	Á¦À°µ¤¹ä	Q5	4	1.25	side	500	796.94	625	996.18
side_ºñºö¹äµ¤¹ä·ù_¿øÇü¹è´Þ_Á¦À°µ¤¹ä_Q5_00024.JPG	train	train	Á¦À°µ¤¹ä	11	Á¦À°µ¤¹ä	Q5	4	1.25	side	500	796.94	625	996.18
side_ºñºö¹äµ¤¹ä·ù_¿øÇü¹è´Þ_Á¦À°µ¤¹ä_Q5_00025.JPG	train	train	Á¦À°µ¤¹ä	11	Á¦À°µ¤¹ä	Q5	4	1.25	side	500	796.94	625	996.18
side_ºñºö¹äµ¤¹ä·ù_¿øÇü¹è´Þ_Á¦À°µ¤¹ä_Q5_00026.JPG	train	train	Á¦À°µ¤¹ä	11	Á¦À°µ¤¹ä	Q5	4	1.25	side	500	796.94	625	996.18
side_ºñºö¹äµ¤¹ä·ù_¿øÇü¹è´Þ_Á¦À°µ¤¹ä_Q5_00027.JPG	train	train	Á¦À°µ¤¹ä	11	Á¦À°µ¤¹ä	Q5	4	1.25	side	500	796.94	625	996.18
side_ºñºö¹äµ¤¹ä·ù_¿øÇü¹è´Þ_Á¦À°µ¤¹ä_Q5_00028.JPG	train	train	Á¦À°µ¤¹ä	11	Á¦À°µ¤¹ä	Q5	4	1.25	side	500	796.94	625	996.18
side_ºñºö¹äµ¤¹ä·ù_¿øÇü¹è´Þ_Á¦À°µ¤¹ä_Q5_00029.JPG	train	train	Á¦À°µ¤¹ä	11	Á¦À°µ¤¹ä	Q5	4	1.25	side	500	796.94	625	996.18
side_ºñºö¹äµ¤¹ä·ù_¿øÇü¹è´Þ_Á¦À°µ¤¹ä_Q5_00031.JPG	train	train	Á¦À°µ¤¹ä	11	Á¦À°µ¤¹ä	Q5	4	1.25	side	500	796.94	625	996.18
side_ºñºö¹äµ¤¹ä·ù_¿øÇü¹è´Þ_Á¦À°µ¤¹ä_Q5_00032.JPG	train	train	Á¦À°µ¤¹ä	11	Á¦À°µ¤¹ä	Q5	4	1.25	side	500	796.94	625	996.18
side_ºñºö¹äµ¤¹ä·ù_¿øÇü¹è´Þ_Á¦À°µ¤¹ä_Q5_00033.JPG	train	train	Á¦À°µ¤¹ä	11	Á¦À°µ¤¹ä	Q5	4	1.25	side	500	796.94	625	996.18
side_ºñºö¹äµ¤¹ä·ù_¿øÇü¹è´Þ_Á¦À°µ¤¹ä_Q5_00034.JPG	train	train	Á¦À°µ¤¹ä	11	Á¦À°µ¤¹ä	Q5	4	1.25	side	500	796.94	625	996.18
side_ºñºö¹äµ¤¹ä·ù_¿øÇü¹è´Þ_Á¦À°µ¤¹ä_Q5_00035.JPG	train	train	Á¦À°µ¤¹ä	11	Á¦À°µ¤¹ä	Q5	4	1.25	side	500	796.94	625	996.18
side_ºñºö¹äµ¤¹ä·ù_¿øÇü¹è´Þ_Á¦À°µ¤¹ä_Q5_00036.JPG	train	train	Á¦À°µ¤¹ä	11	Á¦À°µ¤¹ä	Q5	4	1.25	side	500	796.94	625	996.18
side_ºñºö¹äµ¤¹ä·ù_¿øÇü¹è´Þ_Á¦À°µ¤¹ä_Q5_00037.JPG	train	train	Á¦À°µ¤¹ä	11	Á¦À°µ¤¹ä	Q5	4	1.25	side	500	796.94	625	996.18
side_ºñºö¹äµ¤¹ä·ù_¿øÇü¹è´Þ_Á¦À°µ¤¹ä_Q5_00038.JPG	train	train	Á¦À°µ¤¹ä	11	Á¦À°µ¤¹ä	Q5	4	1.25	side	500	796.94	625	996.18
side_ºñºö¹äµ¤¹ä·ù_¿øÇü¹è´Þ_Á¦À°µ¤¹ä_Q5_00039.JPG	train	train	Á¦À°µ¤¹ä	11	Á¦À°µ¤¹ä	Q5	4	1.25	side	500	796.94	625	996.18
side_ºñºö¹äµ¤¹ä·ù_¿øÇü¹è´Þ_Á¦À°µ¤¹ä_Q5_00040.JPG	train	train	Á¦À°µ¤¹ä	11	Á¦À°µ¤¹ä	Q5	4	1.25	side	500	796.94	625	996.18
side_ºñºö¹äµ¤¹ä·ù_¿øÇü¹è´Þ_Á¦À°µ¤¹ä_Q5_00041.JPG	train	train	Á¦À°µ¤¹ä	11	Á¦À°µ¤¹ä	Q5	4	1.25	side	500	796.94	625	996.18
side_ºñºö¹äµ¤¹ä·ù_¿øÇü¹è´Þ_Á¦À°µ¤¹ä_Q5_00043.JPG	train	train	Á¦À°µ¤¹ä	11	Á¦À°µ¤¹ä	Q5	4	1.25	side	500	796.94	625	996.18
side_ºñºö¹äµ¤¹ä·ù_¿øÇü¹è´Þ_Á¦À°µ¤¹ä_Q5_00045.JPG	train	train	Á¦À°µ¤¹ä	11	Á¦À°µ¤¹ä	Q5	4	1.25	side	500	796.94	625	996.18
side_ºñºö¹äµ¤¹ä·ù_¿øÇü¹è´Þ_Á¦À°µ¤¹ä_Q5_00046.JPG	train	train	Á¦À°µ¤¹ä	11	Á¦À°µ¤¹ä	Q5	4	1.25	side	500	796.94	625	996.18
side_ºñºö¹äµ¤¹ä·ù_¿øÇü¹è´Þ_Á¦À°µ¤¹ä_Q5_00047.JPG	train	train	Á¦À°µ¤¹ä	11	Á¦À°µ¤¹ä	Q5	4	1.25	side	500	796.94	625	996.18
side_ºñºö¹äµ¤¹ä·ù_¿øÇü¹è´Þ_Á¦À°µ¤¹ä_Q5_00048.JPG	train	train	Á¦À°µ¤¹ä	11	Á¦À°µ¤¹ä	Q5	4	1.25	side	500	796.94	625	996.18
side_ºñºö¹äµ¤¹ä·ù_¿øÇü¹è´Þ_Á¦À°µ¤¹ä_Q5_00050.JPG	train	train	Á¦À°µ¤¹ä	11	Á¦À°µ¤¹ä	Q5	4	1.25	side	500	796.94	625	996.18
side_ºñºö¹äµ¤¹ä·ù_¿øÇü¹è´Þ_Á¦À°µ¤¹ä_Q5_00051.JPG	train	train	Á¦À°µ¤¹ä	11	Á¦À°µ¤¹ä	Q5	4	1.25	side	500	796.94	625	996.18
side_ºñºö¹äµ¤¹ä·ù_¿øÇü¹è´Þ_Á¦À°µ¤¹ä_Q5_00054.JPG	train	train	Á¦À°µ¤¹ä	11	Á¦À°µ¤¹ä	Q5	4	1.25	side	500	796.94	625	996.18
side_ºñºö¹äµ¤¹ä·ù_¿øÇü¹è´Þ_Á¦À°µ¤¹ä_Q5_00055.JPG	train	train	Á¦À°µ¤¹ä	11	Á¦À°µ¤¹ä	Q5	4	1.25	side	500	796.94	625	996.18
top_ºñºö¹äµ¤¹ä·ù_¿øÇü¹è´Þ_Á¦À°µ¤¹ä_Q5_00001.JPG	train	train	Á¦À°µ¤¹ä	11	Á¦À°µ¤¹ä	Q5	4	1.25	top	500	796.94	625	996.18
top_ºñºö¹äµ¤¹ä·ù_¿øÇü¹è´Þ_Á¦À°µ¤¹ä_Q5_00002.JPG	train	train	Á¦À°µ¤¹ä	11	Á¦À°µ¤¹ä	Q5	4	1.25	top	500	796.94	625	996.18
top_ºñºö¹äµ¤¹ä·ù_¿øÇü¹è´Þ_Á¦À°µ¤¹ä_Q5_00004.JPG	train	train	Á¦À°µ¤¹ä	11	Á¦À°µ¤¹ä	Q5	4	1.25	top	500	796.94	625	996.18
top_ºñºö¹äµ¤¹ä·ù_¿øÇü¹è´Þ_Á¦À°µ¤¹ä_Q5_00005.JPG	train	train	Á¦À°µ¤¹ä	11	Á¦À°µ¤¹ä	Q5	4	1.25	top	500	796.94	625	996.18
top_ºñºö¹äµ¤¹ä·ù_¿øÇü¹è´Þ_Á¦À°µ¤¹ä_Q5_00006.JPG	train	train	Á¦À°µ¤¹ä	11	Á¦À°µ¤¹ä	Q5	4	1.25	top	500	796.94	625	996.18
top_ºñºö¹äµ¤¹ä·ù_¿øÇü¹è´Þ_Á¦À°µ¤¹ä_Q5_00010.JPG	train	train	Á¦À°µ¤¹ä	11	Á¦À°µ¤¹ä	Q5	4	1.25	top	500	796.94	625	996.18
top_ºñºö¹äµ¤¹ä·ù_¿øÇü¹è´Þ_Á¦À°µ¤¹ä_Q5_00011.JPG	train	train	Á¦À°µ¤¹ä	11	Á¦À°µ¤¹ä	Q5	4	1.25	top	500	796.94	625	996.18
top_ºñºö¹äµ¤¹ä·ù_¿øÇü¹è´Þ_Á¦À°µ¤¹ä_Q5_00012.JPG	train	train	Á¦À°µ¤¹ä	11	Á¦À°µ¤¹ä	Q5	4	1.25	top	500	796.94	625	996.18
top_ºñºö¹äµ¤¹ä·ù_¿øÇü¹è´Þ_Á¦À°µ¤¹ä_Q5_00013.JPG	train	train	Á¦À°µ¤¹ä	11	Á¦À°µ¤¹ä	Q5	4	1.25	top	500	796.94	625	996.18
top_ºñºö¹äµ¤¹ä·ù_¿øÇü¹è´Þ_Á¦À°µ¤¹ä_Q5_00014.JPG	train	train	Á¦À°µ¤¹ä	11	Á¦À°µ¤¹ä	Q5	4	1.25	top	500	796.94	625	996.18
top_ºñºö¹äµ¤¹ä·ù_¿øÇü¹è´Þ_Á¦À°µ¤¹ä_Q5_00016.JPG	train	train	Á¦À°µ¤¹ä	11	Á¦À°µ¤¹ä	Q5	4	1.25	top	500	796.94	625	996.18
top_ºñºö¹äµ¤¹ä·ù_¿øÇü¹è´Þ_Á¦À°µ¤¹ä_Q5_00017.JPG	train	train	Á¦À°µ¤¹ä	11	Á¦À°µ¤¹ä	Q5	4	1.25	top	500	796.94	625	996.18
top_ºñºö¹äµ¤¹ä·ù_¿øÇü¹è´Þ_Á¦À°µ¤¹ä_Q5_00018.JPG	train	train	Á¦À°µ¤¹ä	11	Á¦À°µ¤¹ä	Q5	4	1.25	top	500	796.94	625	996.18
top_ºñºö¹äµ¤¹ä·ù_¿øÇü¹è´Þ_Á¦À°µ¤¹ä_Q5_00020.JPG	train	train	Á¦À°µ¤¹ä	11	Á¦À°µ¤¹ä	Q5	4	1.25	top	500	796.94	625	996.18
top_ºñºö¹äµ¤¹ä·ù_¿øÇü¹è´Þ_Á¦À°µ¤¹ä_Q5_00022.JPG	train	train	Á¦À°µ¤¹ä	11	Á¦À°µ¤¹ä	Q5	4	1.25	top	500	796.94	625	996.18
top_ºñºö¹äµ¤¹ä·ù_¿øÇü¹è´Þ_Á¦À°µ¤¹ä_Q5_00023.JPG	train	train	Á¦À°µ¤¹ä	11	Á¦À°µ¤¹ä	Q5	4	1.25	top	500	796.94	625	996.18
top_ºñºö¹äµ¤¹ä·ù_¿øÇü¹è´Þ_Á¦À°µ¤¹ä_Q5_00024.JPG	train	train	Á¦À°µ¤¹ä	11	Á¦À°µ¤¹ä	Q5	4	1.25	top	500	796.94	625	996.18
top_ºñºö¹äµ¤¹ä·ù_¿øÇü¹è´Þ_Á¦À°µ¤¹ä_Q5_00025.JPG	train	train	Á¦À°µ¤¹ä	11	Á¦À°µ¤¹ä	Q5	4	1.25	top	500	796.94	625	996.18
top_ºñºö¹äµ¤¹ä·ù_¿øÇü¹è´Þ_Á¦À°µ¤¹ä_Q5_00026.JPG	train	train	Á¦À°µ¤¹ä	11	Á¦À°µ¤¹ä	Q5	4	1.25	top	500	796.94	625	996.18
top_ºñºö¹äµ¤¹ä·ù_¿øÇü¹è´Þ_Á¦À°µ¤¹ä_Q5_00027.JPG	train	train	Á¦À°µ¤¹ä	11	Á¦À°µ¤¹ä	Q5	4	1.25	top	500	796.94	625	996.18
top_ºñºö¹äµ¤¹ä·ù_¿øÇü¹è´Þ_Á¦À°µ¤¹ä_Q5_00028.JPG	train	train	Á¦À°µ¤¹ä	11	Á¦À°µ¤¹ä	Q5	4	1.25	top	500	796.94	625	996.18
top_ºñºö¹äµ¤¹ä·ù_¿øÇü¹è´Þ_Á¦À°µ¤¹ä_Q5_00029.JPG	train	train	Á¦À°µ¤¹ä	11	Á¦À°µ¤¹ä	Q5	4	1.25	top	500	796.94	625	996.18
top_ºñºö¹äµ¤¹ä·ù_¿øÇü¹è´Þ_Á¦À°µ¤¹ä_Q5_00033.JPG	train	train	Á¦À°µ¤¹ä	11	Á¦À°µ¤¹ä	Q5	4	1.25	top	500	796.94	625	996.18
top_ºñºö¹äµ¤¹ä·ù_¿øÇü¹è´Þ_Á¦À°µ¤¹ä_Q5_00034.JPG	train	train	Á¦À°µ¤¹ä	11	Á¦À°µ¤¹ä	Q5	4	1.25	top	500	796.94	625	996.18
top_ºñºö¹äµ¤¹ä·ù_¿øÇü¹è´Þ_Á¦À°µ¤¹ä_Q5_00035.JPG	train	train	Á¦À°µ¤¹ä	11	Á¦À°µ¤¹ä	Q5	4	1.25	top	500	796.94	625	996.18
top_ºñºö¹äµ¤¹ä·ù_¿øÇü¹è´Þ_Á¦À°µ¤¹ä_Q5_00036.JPG	train	train	Á¦À°µ¤¹ä	11	Á¦À°µ¤¹ä	Q5	4	1.25	top	500	796.94	625	996.18
top_ºñºö¹äµ¤¹ä·ù_¿øÇü¹è´Þ_Á¦À°µ¤¹ä_Q5_00037.JPG	train	train	Á¦À°µ¤¹ä	11	Á¦À°µ¤¹ä	Q5	4	1.25	top	500	796.94	625	996.18
top_ºñºö¹äµ¤¹ä·ù_¿øÇü¹è´Þ_Á¦À°µ¤¹ä_Q5_00038.JPG	train	train	Á¦À°µ¤¹ä	11	Á¦À°µ¤¹ä	Q5	4	1.25	top	500	796.94	625	996.18
top_ºñºö¹äµ¤¹ä·ù_¿øÇü¹è´Þ_Á¦À°µ¤¹ä_Q5_00039.JPG	train	train	Á¦À°µ¤¹ä	11	Á¦À°µ¤¹ä	Q5	4	1.25	top	500	796.94	625	996.18
top_ºñºö¹äµ¤¹ä·ù_¿øÇü¹è´Þ_Á¦À°µ¤¹ä_Q5_00040.JPG	train	train	Á¦À°µ¤¹ä	11	Á¦À°µ¤¹ä	Q5	4	1.25	top	500	796.94	625	996.18
top_ºñºö¹äµ¤¹ä·ù_¿øÇü¹è´Þ_Á¦À°µ¤¹ä_Q5_00041.JPG	train	train	Á¦À°µ¤¹ä	11	Á¦À°µ¤¹ä	Q5	4	1.25	top	500	796.94	625	996.18
top_ºñºö¹äµ¤¹ä·ù_¿øÇü¹è´Þ_Á¦À°µ¤¹ä_Q5_00042.JPG	train	train	Á¦À°µ¤¹ä	11	Á¦À°µ¤¹ä	Q5	4	1.25	top	500	796.94	625	996.18
top_ºñºö¹äµ¤¹ä·ù_¿øÇü¹è´Þ_Á¦À°µ¤¹ä_Q5_00043.JPG	train	train	Á¦À°µ¤¹ä	11	Á¦À°µ¤¹ä	Q5	4	1.25	top	500	796.94	625	996.18
top_ºñºö¹äµ¤¹ä·ù_¿øÇü¹è´Þ_Á¦À°µ¤¹ä_Q5_00044.JPG	train	train	Á¦À°µ¤¹ä	11	Á¦À°µ¤¹ä	Q5	4	1.25	top	500	796.94	625	996.18
top_ºñºö¹äµ¤¹ä·ù_¿øÇü¹è´Þ_Á¦À°µ¤¹ä_Q5_00045.JPG	train	train	Á¦À°µ¤¹ä	11	Á¦À°µ¤¹ä	Q5	4	1.25	top	500	796.94	625	996.18
top_ºñºö¹äµ¤¹ä·ù_¿øÇü¹è´Þ_Á¦À°µ¤¹ä_Q5_00046.JPG	train	train	Á¦À°µ¤¹ä	11	Á¦À°µ¤¹ä	Q5	4	1.25	top	500	796.94	625	996.18
top_ºñºö¹äµ¤¹ä·ù_¿øÇü¹è´Þ_Á¦À°µ¤¹ä_Q5_00047.JPG	train	train	Á¦À°µ¤¹ä	11	Á¦À°µ¤¹ä	Q5	4	1.25	top	500	796.94	625	996.18
top_ºñºö¹äµ¤¹ä·ù_¿øÇü¹è´Þ_Á¦À°µ¤¹ä_Q5_00050.JPG	train	train	Á¦À°µ¤¹ä	11	Á¦À°µ¤¹ä	Q5	4	1.25	top	500	796.94	625	996.18
top_ºñºö¹äµ¤¹ä·ù_¿øÇü¹è´Þ_Á¦À°µ¤¹ä_Q5_00051.JPG	train	train	Á¦À°µ¤¹ä	11	Á¦À°µ¤¹ä	Q5	4	1.25	top	500	796.94	625	996.18
top_ºñºö¹äµ¤¹ä·ù_¿øÇü¹è´Þ_Á¦À°µ¤¹ä_Q5_00052.JPG	train	train	Á¦À°µ¤¹ä	11	Á¦À°µ¤¹ä	Q5	4	1.25	top	500	796.94	625	996.18
top_ºñºö¹äµ¤¹ä·ù_¿øÇü¹è´Þ_Á¦À°µ¤¹ä_Q5_00054.JPG	train	train	Á¦À°µ¤¹ä	11	Á¦À°µ¤¹ä	Q5	4	1.25	top	500	796.94	625	996.18
top_ºñºö¹äµ¤¹ä·ù_¿øÇü¹è´Þ_Á¦À°µ¤¹ä_Q5_00055.JPG	train	train	Á¦À°µ¤¹ä	11	Á¦À°µ¤¹ä	Q5	4	1.25	top	500	796.94	625	996.18
side_ÁÖ¸Ô¹ä±è¹ä·ù_Á¢½Ã_ÂüÄ¡¸¶¿ä»ï°¢±è¹ä_Q1_00001.JPG	train	train	ÂüÄ¡¸¶¿ä»ï°¢±è¹ä	12	ÂüÄ¡¸¶¿ä»ï°¢±è¹ä	Q1	0	0.25	side	100	189.582	25	47.4
side_ÁÖ¸Ô¹ä±è¹ä·ù_Á¢½Ã_ÂüÄ¡¸¶¿ä»ï°¢±è¹ä_Q1_00003.JPG	train	train	ÂüÄ¡¸¶¿ä»ï°¢±è¹ä	12	ÂüÄ¡¸¶¿ä»ï°¢±è¹ä	Q1	0	0.25	side	100	189.582	25	47.4
side_ÁÖ¸Ô¹ä±è¹ä·ù_Á¢½Ã_ÂüÄ¡¸¶¿ä»ï°¢±è¹ä_Q1_00004.JPG	train	train	ÂüÄ¡¸¶¿ä»ï°¢±è¹ä	12	ÂüÄ¡¸¶¿ä»ï°¢±è¹ä	Q1	0	0.25	side	100	189.582	25	47.4
side_ÁÖ¸Ô¹ä±è¹ä·ù_Á¢½Ã_ÂüÄ¡¸¶¿ä»ï°¢±è¹ä_Q1_00005.JPG	train	train	ÂüÄ¡¸¶¿ä»ï°¢±è¹ä	12	ÂüÄ¡¸¶¿ä»ï°¢±è¹ä	Q1	0	0.25	side	100	189.582	25	47.4
side_ÁÖ¸Ô¹ä±è¹ä·ù_Á¢½Ã_ÂüÄ¡¸¶¿ä»ï°¢±è¹ä_Q1_00006.JPG	train	train	ÂüÄ¡¸¶¿ä»ï°¢±è¹ä	12	ÂüÄ¡¸¶¿ä»ï°¢±è¹ä	Q1	0	0.25	side	100	189.582	25	47.4
side_ÁÖ¸Ô¹ä±è¹ä·ù_Á¢½Ã_ÂüÄ¡¸¶¿ä»ï°¢±è¹ä_Q1_00007.JPG	train	train	ÂüÄ¡¸¶¿ä»ï°¢±è¹ä	12	ÂüÄ¡¸¶¿ä»ï°¢±è¹ä	Q1	0	0.25	side	100	189.582	25	47.4
side_ÁÖ¸Ô¹ä±è¹ä·ù_Á¢½Ã_ÂüÄ¡¸¶¿ä»ï°¢±è¹ä_Q1_00008.JPG	train	train	ÂüÄ¡¸¶¿ä»ï°¢±è¹ä	12	ÂüÄ¡¸¶¿ä»ï°¢±è¹ä	Q1	0	0.25	side	100	189.582	25	47.4
side_ÁÖ¸Ô¹ä±è¹ä·ù_Á¢½Ã_ÂüÄ¡¸¶¿ä»ï°¢±è¹ä_Q1_00009.JPG	train	train	ÂüÄ¡¸¶¿ä»ï°¢±è¹ä	12	ÂüÄ¡¸¶¿ä»ï°¢±è¹ä	Q1	0	0.25	side	100	189.582	25	47.4
side_ÁÖ¸Ô¹ä±è¹ä·ù_Á¢½Ã_ÂüÄ¡¸¶¿ä»ï°¢±è¹ä_Q1_00010.JPG	train	train	ÂüÄ¡¸¶¿ä»ï°¢±è¹ä	12	ÂüÄ¡¸¶¿ä»ï°¢±è¹ä	Q1	0	0.25	side	100	189.582	25	47.4
side_ÁÖ¸Ô¹ä±è¹ä·ù_Á¢½Ã_ÂüÄ¡¸¶¿ä»ï°¢±è¹ä_Q1_00013.JPG	train	train	ÂüÄ¡¸¶¿ä»ï°¢±è¹ä	12	ÂüÄ¡¸¶¿ä»ï°¢±è¹ä	Q1	0	0.25	side	100	189.582	25	47.4
side_ÁÖ¸Ô¹ä±è¹ä·ù_Á¢½Ã_ÂüÄ¡¸¶¿ä»ï°¢±è¹ä_Q1_00014.JPG	train	train	ÂüÄ¡¸¶¿ä»ï°¢±è¹ä	12	ÂüÄ¡¸¶¿ä»ï°¢±è¹ä	Q1	0	0.25	side	100	189.582	25	47.4
side_ÁÖ¸Ô¹ä±è¹ä·ù_Á¢½Ã_ÂüÄ¡¸¶¿ä»ï°¢±è¹ä_Q1_00015.JPG	train	train	ÂüÄ¡¸¶¿ä»ï°¢±è¹ä	12	ÂüÄ¡¸¶¿ä»ï°¢±è¹ä	Q1	0	0.25	side	100	189.582	25	47.4
side_ÁÖ¸Ô¹ä±è¹ä·ù_Á¢½Ã_ÂüÄ¡¸¶¿ä»ï°¢±è¹ä_Q1_00016.JPG	train	train	ÂüÄ¡¸¶¿ä»ï°¢±è¹ä	12	ÂüÄ¡¸¶¿ä»ï°¢±è¹ä	Q1	0	0.25	side	100	189.582	25	47.4
side_ÁÖ¸Ô¹ä±è¹ä·ù_Á¢½Ã_ÂüÄ¡¸¶¿ä»ï°¢±è¹ä_Q1_00017.JPG	train	train	ÂüÄ¡¸¶¿ä»ï°¢±è¹ä	12	ÂüÄ¡¸¶¿ä»ï°¢±è¹ä	Q1	0	0.25	side	100	189.582	25	47.4
side_ÁÖ¸Ô¹ä±è¹ä·ù_Á¢½Ã_ÂüÄ¡¸¶¿ä»ï°¢±è¹ä_Q1_00018.JPG	train	train	ÂüÄ¡¸¶¿ä»ï°¢±è¹ä	12	ÂüÄ¡¸¶¿ä»ï°¢±è¹ä	Q1	0	0.25	side	100	189.582	25	47.4
side_ÁÖ¸Ô¹ä±è¹ä·ù_Á¢½Ã_ÂüÄ¡¸¶¿ä»ï°¢±è¹ä_Q1_00019.JPG	train	train	ÂüÄ¡¸¶¿ä»ï°¢±è¹ä	12	ÂüÄ¡¸¶¿ä»ï°¢±è¹ä	Q1	0	0.25	side	100	189.582	25	47.4
side_ÁÖ¸Ô¹ä±è¹ä·ù_Á¢½Ã_ÂüÄ¡¸¶¿ä»ï°¢±è¹ä_Q1_00020.JPG	train	train	ÂüÄ¡¸¶¿ä»ï°¢±è¹ä	12	ÂüÄ¡¸¶¿ä»ï°¢±è¹ä	Q1	0	0.25	side	100	189.582	25	47.4
side_ÁÖ¸Ô¹ä±è¹ä·ù_Á¢½Ã_ÂüÄ¡¸¶¿ä»ï°¢±è¹ä_Q1_00021.JPG	train	train	ÂüÄ¡¸¶¿ä»ï°¢±è¹ä	12	ÂüÄ¡¸¶¿ä»ï°¢±è¹ä	Q1	0	0.25	side	100	189.582	25	47.4
side_ÁÖ¸Ô¹ä±è¹ä·ù_Á¢½Ã_ÂüÄ¡¸¶¿ä»ï°¢±è¹ä_Q1_00024.JPG	train	train	ÂüÄ¡¸¶¿ä»ï°¢±è¹ä	12	ÂüÄ¡¸¶¿ä»ï°¢±è¹ä	Q1	0	0.25	side	100	189.582	25	47.4
side_ÁÖ¸Ô¹ä±è¹ä·ù_Á¢½Ã_ÂüÄ¡¸¶¿ä»ï°¢±è¹ä_Q1_00025.JPG	train	train	ÂüÄ¡¸¶¿ä»ï°¢±è¹ä	12	ÂüÄ¡¸¶¿ä»ï°¢±è¹ä	Q1	0	0.25	side	100	189.582	25	47.4
side_ÁÖ¸Ô¹ä±è¹ä·ù_Á¢½Ã_ÂüÄ¡¸¶¿ä»ï°¢±è¹ä_Q1_00027.JPG	train	train	ÂüÄ¡¸¶¿ä»ï°¢±è¹ä	12	ÂüÄ¡¸¶¿ä»ï°¢±è¹ä	Q1	0	0.25	side	100	189.582	25	47.4
side_ÁÖ¸Ô¹ä±è¹ä·ù_Á¢½Ã_ÂüÄ¡¸¶¿ä»ï°¢±è¹ä_Q1_00028.JPG	train	train	ÂüÄ¡¸¶¿ä»ï°¢±è¹ä	12	ÂüÄ¡¸¶¿ä»ï°¢±è¹ä	Q1	0	0.25	side	100	189.582	25	47.4
side_ÁÖ¸Ô¹ä±è¹ä·ù_Á¢½Ã_ÂüÄ¡¸¶¿ä»ï°¢±è¹ä_Q1_00029.JPG	train	train	ÂüÄ¡¸¶¿ä»ï°¢±è¹ä	12	ÂüÄ¡¸¶¿ä»ï°¢±è¹ä	Q1	0	0.25	side	100	189.582	25	47.4
side_ÁÖ¸Ô¹ä±è¹ä·ù_Á¢½Ã_ÂüÄ¡¸¶¿ä»ï°¢±è¹ä_Q1_00030.JPG	train	train	ÂüÄ¡¸¶¿ä»ï°¢±è¹ä	12	ÂüÄ¡¸¶¿ä»ï°¢±è¹ä	Q1	0	0.25	side	100	189.582	25	47.4
side_ÁÖ¸Ô¹ä±è¹ä·ù_Á¢½Ã_ÂüÄ¡¸¶¿ä»ï°¢±è¹ä_Q1_00032.JPG	train	train	ÂüÄ¡¸¶¿ä»ï°¢±è¹ä	12	ÂüÄ¡¸¶¿ä»ï°¢±è¹ä	Q1	0	0.25	side	100	189.582	25	47.4
side_ÁÖ¸Ô¹ä±è¹ä·ù_Á¢½Ã_ÂüÄ¡¸¶¿ä»ï°¢±è¹ä_Q1_00033.JPG	train	train	ÂüÄ¡¸¶¿ä»ï°¢±è¹ä	12	ÂüÄ¡¸¶¿ä»ï°¢±è¹ä	Q1	0	0.25	side	100	189.582	25	47.4
side_ÁÖ¸Ô¹ä±è¹ä·ù_Á¢½Ã_ÂüÄ¡¸¶¿ä»ï°¢±è¹ä_Q1_00035.JPG	train	train	ÂüÄ¡¸¶¿ä»ï°¢±è¹ä	12	ÂüÄ¡¸¶¿ä»ï°¢±è¹ä	Q1	0	0.25	side	100	189.582	25	47.4
side_ÁÖ¸Ô¹ä±è¹ä·ù_Á¢½Ã_ÂüÄ¡¸¶¿ä»ï°¢±è¹ä_Q1_00036.JPG	train	train	ÂüÄ¡¸¶¿ä»ï°¢±è¹ä	12	ÂüÄ¡¸¶¿ä»ï°¢±è¹ä	Q1	0	0.25	side	100	189.582	25	47.4
side_ÁÖ¸Ô¹ä±è¹ä·ù_Á¢½Ã_ÂüÄ¡¸¶¿ä»ï°¢±è¹ä_Q1_00037.JPG	train	train	ÂüÄ¡¸¶¿ä»ï°¢±è¹ä	12	ÂüÄ¡¸¶¿ä»ï°¢±è¹ä	Q1	0	0.25	side	100	189.582	25	47.4
side_ÁÖ¸Ô¹ä±è¹ä·ù_Á¢½Ã_ÂüÄ¡¸¶¿ä»ï°¢±è¹ä_Q1_00038.JPG	train	train	ÂüÄ¡¸¶¿ä»ï°¢±è¹ä	12	ÂüÄ¡¸¶¿ä»ï°¢±è¹ä	Q1	0	0.25	side	100	189.582	25	47.4
side_ÁÖ¸Ô¹ä±è¹ä·ù_Á¢½Ã_ÂüÄ¡¸¶¿ä»ï°¢±è¹ä_Q1_00039.JPG	train	train	ÂüÄ¡¸¶¿ä»ï°¢±è¹ä	12	ÂüÄ¡¸¶¿ä»ï°¢±è¹ä	Q1	0	0.25	side	100	189.582	25	47.4
side_ÁÖ¸Ô¹ä±è¹ä·ù_Á¢½Ã_ÂüÄ¡¸¶¿ä»ï°¢±è¹ä_Q1_00041.JPG	train	train	ÂüÄ¡¸¶¿ä»ï°¢±è¹ä	12	ÂüÄ¡¸¶¿ä»ï°¢±è¹ä	Q1	0	0.25	side	100	189.582	25	47.4
side_ÁÖ¸Ô¹ä±è¹ä·ù_Á¢½Ã_ÂüÄ¡¸¶¿ä»ï°¢±è¹ä_Q1_00042.JPG	train	train	ÂüÄ¡¸¶¿ä»ï°¢±è¹ä	12	ÂüÄ¡¸¶¿ä»ï°¢±è¹ä	Q1	0	0.25	side	100	189.582	25	47.4
side_ÁÖ¸Ô¹ä±è¹ä·ù_Á¢½Ã_ÂüÄ¡¸¶¿ä»ï°¢±è¹ä_Q1_00043.JPG	train	train	ÂüÄ¡¸¶¿ä»ï°¢±è¹ä	12	ÂüÄ¡¸¶¿ä»ï°¢±è¹ä	Q1	0	0.25	side	100	189.582	25	47.4
side_ÁÖ¸Ô¹ä±è¹ä·ù_Á¢½Ã_ÂüÄ¡¸¶¿ä»ï°¢±è¹ä_Q1_00044.JPG	train	train	ÂüÄ¡¸¶¿ä»ï°¢±è¹ä	12	ÂüÄ¡¸¶¿ä»ï°¢±è¹ä	Q1	0	0.25	side	100	189.582	25	47.4
side_ÁÖ¸Ô¹ä±è¹ä·ù_Á¢½Ã_ÂüÄ¡¸¶¿ä»ï°¢±è¹ä_Q1_00045.JPG	train	train	ÂüÄ¡¸¶¿ä»ï°¢±è¹ä	12	ÂüÄ¡¸¶¿ä»ï°¢±è¹ä	Q1	0	0.25	side	100	189.582	25	47.4
side_ÁÖ¸Ô¹ä±è¹ä·ù_Á¢½Ã_ÂüÄ¡¸¶¿ä»ï°¢±è¹ä_Q1_00046.JPG	train	train	ÂüÄ¡¸¶¿ä»ï°¢±è¹ä	12	ÂüÄ¡¸¶¿ä»ï°¢±è¹ä	Q1	0	0.25	side	100	189.582	25	47.4
side_ÁÖ¸Ô¹ä±è¹ä·ù_Á¢½Ã_ÂüÄ¡¸¶¿ä»ï°¢±è¹ä_Q1_00047.JPG	train	train	ÂüÄ¡¸¶¿ä»ï°¢±è¹ä	12	ÂüÄ¡¸¶¿ä»ï°¢±è¹ä	Q1	0	0.25	side	100	189.582	25	47.4
side_ÁÖ¸Ô¹ä±è¹ä·ù_Á¢½Ã_ÂüÄ¡¸¶¿ä»ï°¢±è¹ä_Q1_00048.JPG	train	train	ÂüÄ¡¸¶¿ä»ï°¢±è¹ä	12	ÂüÄ¡¸¶¿ä»ï°¢±è¹ä	Q1	0	0.25	side	100	189.582	25	47.4
side_ÁÖ¸Ô¹ä±è¹ä·ù_Á¢½Ã_ÂüÄ¡¸¶¿ä»ï°¢±è¹ä_Q1_00049.JPG	train	train	ÂüÄ¡¸¶¿ä»ï°¢±è¹ä	12	ÂüÄ¡¸¶¿ä»ï°¢±è¹ä	Q1	0	0.25	side	100	189.582	25	47.4
side_ÁÖ¸Ô¹ä±è¹ä·ù_Á¢½Ã_ÂüÄ¡¸¶¿ä»ï°¢±è¹ä_Q1_00051.JPG	train	train	ÂüÄ¡¸¶¿ä»ï°¢±è¹ä	12	ÂüÄ¡¸¶¿ä»ï°¢±è¹ä	Q1	0	0.25	side	100	189.582	25	47.4
side_ÁÖ¸Ô¹ä±è¹ä·ù_Á¢½Ã_ÂüÄ¡¸¶¿ä»ï°¢±è¹ä_Q1_00054.JPG	train	train	ÂüÄ¡¸¶¿ä»ï°¢±è¹ä	12	ÂüÄ¡¸¶¿ä»ï°¢±è¹ä	Q1	0	0.25	side	100	189.582	25	47.4
top_ÁÖ¸Ô¹ä±è¹ä·ù_Á¢½Ã_ÂüÄ¡¸¶¿ä»ï°¢±è¹ä_Q1_00001.JPG	train	train	ÂüÄ¡¸¶¿ä»ï°¢±è¹ä	12	ÂüÄ¡¸¶¿ä»ï°¢±è¹ä	Q1	0	0.25	top	100	189.582	25	47.4
top_ÁÖ¸Ô¹ä±è¹ä·ù_Á¢½Ã_ÂüÄ¡¸¶¿ä»ï°¢±è¹ä_Q1_00002.JPG	train	train	ÂüÄ¡¸¶¿ä»ï°¢±è¹ä	12	ÂüÄ¡¸¶¿ä»ï°¢±è¹ä	Q1	0	0.25	top	100	189.582	25	47.4
top_ÁÖ¸Ô¹ä±è¹ä·ù_Á¢½Ã_ÂüÄ¡¸¶¿ä»ï°¢±è¹ä_Q1_00003.JPG	train	train	ÂüÄ¡¸¶¿ä»ï°¢±è¹ä	12	ÂüÄ¡¸¶¿ä»ï°¢±è¹ä	Q1	0	0.25	top	100	189.582	25	47.4
top_ÁÖ¸Ô¹ä±è¹ä·ù_Á¢½Ã_ÂüÄ¡¸¶¿ä»ï°¢±è¹ä_Q1_00004.JPG	train	train	ÂüÄ¡¸¶¿ä»ï°¢±è¹ä	12	ÂüÄ¡¸¶¿ä»ï°¢±è¹ä	Q1	0	0.25	top	100	189.582	25	47.4
top_ÁÖ¸Ô¹ä±è¹ä·ù_Á¢½Ã_ÂüÄ¡¸¶¿ä»ï°¢±è¹ä_Q1_00005.JPG	train	train	ÂüÄ¡¸¶¿ä»ï°¢±è¹ä	12	ÂüÄ¡¸¶¿ä»ï°¢±è¹ä	Q1	0	0.25	top	100	189.582	25	47.4
top_ÁÖ¸Ô¹ä±è¹ä·ù_Á¢½Ã_ÂüÄ¡¸¶¿ä»ï°¢±è¹ä_Q1_00006.JPG	train	train	ÂüÄ¡¸¶¿ä»ï°¢±è¹ä	12	ÂüÄ¡¸¶¿ä»ï°¢±è¹ä	Q1	0	0.25	top	100	189.582	25	47.4
top_ÁÖ¸Ô¹ä±è¹ä·ù_Á¢½Ã_ÂüÄ¡¸¶¿ä»ï°¢±è¹ä_Q1_00007.JPG	train	train	ÂüÄ¡¸¶¿ä»ï°¢±è¹ä	12	ÂüÄ¡¸¶¿ä»ï°¢±è¹ä	Q1	0	0.25	top	100	189.582	25	47.4
top_ÁÖ¸Ô¹ä±è¹ä·ù_Á¢½Ã_ÂüÄ¡¸¶¿ä»ï°¢±è¹ä_Q1_00008.JPG	train	train	ÂüÄ¡¸¶¿ä»ï°¢±è¹ä	12	ÂüÄ¡¸¶¿ä»ï°¢±è¹ä	Q1	0	0.25	top	100	189.582	25	47.4
top_ÁÖ¸Ô¹ä±è¹ä·ù_Á¢½Ã_ÂüÄ¡¸¶¿ä»ï°¢±è¹ä_Q1_00010.JPG	train	train	ÂüÄ¡¸¶¿ä»ï°¢±è¹ä	12	ÂüÄ¡¸¶¿ä»ï°¢±è¹ä	Q1	0	0.25	top	100	189.582	25	47.4
top_ÁÖ¸Ô¹ä±è¹ä·ù_Á¢½Ã_ÂüÄ¡¸¶¿ä»ï°¢±è¹ä_Q1_00013.JPG	train	train	ÂüÄ¡¸¶¿ä»ï°¢±è¹ä	12	ÂüÄ¡¸¶¿ä»ï°¢±è¹ä	Q1	0	0.25	top	100	189.582	25	47.4
top_ÁÖ¸Ô¹ä±è¹ä·ù_Á¢½Ã_ÂüÄ¡¸¶¿ä»ï°¢±è¹ä_Q1_00014.JPG	train	train	ÂüÄ¡¸¶¿ä»ï°¢±è¹ä	12	ÂüÄ¡¸¶¿ä»ï°¢±è¹ä	Q1	0	0.25	top	100	189.582	25	47.4
top_ÁÖ¸Ô¹ä±è¹ä·ù_Á¢½Ã_ÂüÄ¡¸¶¿ä»ï°¢±è¹ä_Q1_00016.JPG	train	train	ÂüÄ¡¸¶¿ä»ï°¢±è¹ä	12	ÂüÄ¡¸¶¿ä»ï°¢±è¹ä	Q1	0	0.25	top	100	189.582	25	47.4
top_ÁÖ¸Ô¹ä±è¹ä·ù_Á¢½Ã_ÂüÄ¡¸¶¿ä»ï°¢±è¹ä_Q1_00017.JPG	train	train	ÂüÄ¡¸¶¿ä»ï°¢±è¹ä	12	ÂüÄ¡¸¶¿ä»ï°¢±è¹ä	Q1	0	0.25	top	100	189.582	25	47.4
top_ÁÖ¸Ô¹ä±è¹ä·ù_Á¢½Ã_ÂüÄ¡¸¶¿ä»ï°¢±è¹ä_Q1_00019.JPG	train	train	ÂüÄ¡¸¶¿ä»ï°¢±è¹ä	12	ÂüÄ¡¸¶¿ä»ï°¢±è¹ä	Q1	0	0.25	top	100	189.582	25	47.4
top_ÁÖ¸Ô¹ä±è¹ä·ù_Á¢½Ã_ÂüÄ¡¸¶¿ä»ï°¢±è¹ä_Q1_00020.JPG	train	train	ÂüÄ¡¸¶¿ä»ï°¢±è¹ä	12	ÂüÄ¡¸¶¿ä»ï°¢±è¹ä	Q1	0	0.25	top	100	189.582	25	47.4
top_ÁÖ¸Ô¹ä±è¹ä·ù_Á¢½Ã_ÂüÄ¡¸¶¿ä»ï°¢±è¹ä_Q1_00021.JPG	train	train	ÂüÄ¡¸¶¿ä»ï°¢±è¹ä	12	ÂüÄ¡¸¶¿ä»ï°¢±è¹ä	Q1	0	0.25	top	100	189.582	25	47.4
top_ÁÖ¸Ô¹ä±è¹ä·ù_Á¢½Ã_ÂüÄ¡¸¶¿ä»ï°¢±è¹ä_Q1_00022.JPG	train	train	ÂüÄ¡¸¶¿ä»ï°¢±è¹ä	12	ÂüÄ¡¸¶¿ä»ï°¢±è¹ä	Q1	0	0.25	top	100	189.582	25	47.4
top_ÁÖ¸Ô¹ä±è¹ä·ù_Á¢½Ã_ÂüÄ¡¸¶¿ä»ï°¢±è¹ä_Q1_00024.JPG	train	train	ÂüÄ¡¸¶¿ä»ï°¢±è¹ä	12	ÂüÄ¡¸¶¿ä»ï°¢±è¹ä	Q1	0	0.25	top	100	189.582	25	47.4
top_ÁÖ¸Ô¹ä±è¹ä·ù_Á¢½Ã_ÂüÄ¡¸¶¿ä»ï°¢±è¹ä_Q1_00025.JPG	train	train	ÂüÄ¡¸¶¿ä»ï°¢±è¹ä	12	ÂüÄ¡¸¶¿ä»ï°¢±è¹ä	Q1	0	0.25	top	100	189.582	25	47.4
top_ÁÖ¸Ô¹ä±è¹ä·ù_Á¢½Ã_ÂüÄ¡¸¶¿ä»ï°¢±è¹ä_Q1_00026.JPG	train	train	ÂüÄ¡¸¶¿ä»ï°¢±è¹ä	12	ÂüÄ¡¸¶¿ä»ï°¢±è¹ä	Q1	0	0.25	top	100	189.582	25	47.4
top_ÁÖ¸Ô¹ä±è¹ä·ù_Á¢½Ã_ÂüÄ¡¸¶¿ä»ï°¢±è¹ä_Q1_00027.JPG	train	train	ÂüÄ¡¸¶¿ä»ï°¢±è¹ä	12	ÂüÄ¡¸¶¿ä»ï°¢±è¹ä	Q1	0	0.25	top	100	189.582	25	47.4
top_ÁÖ¸Ô¹ä±è¹ä·ù_Á¢½Ã_ÂüÄ¡¸¶¿ä»ï°¢±è¹ä_Q1_00028.JPG	train	train	ÂüÄ¡¸¶¿ä»ï°¢±è¹ä	12	ÂüÄ¡¸¶¿ä»ï°¢±è¹ä	Q1	0	0.25	top	100	189.582	25	47.4
top_ÁÖ¸Ô¹ä±è¹ä·ù_Á¢½Ã_ÂüÄ¡¸¶¿ä»ï°¢±è¹ä_Q1_00029.JPG	train	train	ÂüÄ¡¸¶¿ä»ï°¢±è¹ä	12	ÂüÄ¡¸¶¿ä»ï°¢±è¹ä	Q1	0	0.25	top	100	189.582	25	47.4
top_ÁÖ¸Ô¹ä±è¹ä·ù_Á¢½Ã_ÂüÄ¡¸¶¿ä»ï°¢±è¹ä_Q1_00030.JPG	train	train	ÂüÄ¡¸¶¿ä»ï°¢±è¹ä	12	ÂüÄ¡¸¶¿ä»ï°¢±è¹ä	Q1	0	0.25	top	100	189.582	25	47.4
top_ÁÖ¸Ô¹ä±è¹ä·ù_Á¢½Ã_ÂüÄ¡¸¶¿ä»ï°¢±è¹ä_Q1_00031.JPG	train	train	ÂüÄ¡¸¶¿ä»ï°¢±è¹ä	12	ÂüÄ¡¸¶¿ä»ï°¢±è¹ä	Q1	0	0.25	top	100	189.582	25	47.4
top_ÁÖ¸Ô¹ä±è¹ä·ù_Á¢½Ã_ÂüÄ¡¸¶¿ä»ï°¢±è¹ä_Q1_00032.JPG	train	train	ÂüÄ¡¸¶¿ä»ï°¢±è¹ä	12	ÂüÄ¡¸¶¿ä»ï°¢±è¹ä	Q1	0	0.25	top	100	189.582	25	47.4
top_ÁÖ¸Ô¹ä±è¹ä·ù_Á¢½Ã_ÂüÄ¡¸¶¿ä»ï°¢±è¹ä_Q1_00033.JPG	train	train	ÂüÄ¡¸¶¿ä»ï°¢±è¹ä	12	ÂüÄ¡¸¶¿ä»ï°¢±è¹ä	Q1	0	0.25	top	100	189.582	25	47.4
top_ÁÖ¸Ô¹ä±è¹ä·ù_Á¢½Ã_ÂüÄ¡¸¶¿ä»ï°¢±è¹ä_Q1_00034.JPG	train	train	ÂüÄ¡¸¶¿ä»ï°¢±è¹ä	12	ÂüÄ¡¸¶¿ä»ï°¢±è¹ä	Q1	0	0.25	top	100	189.582	25	47.4
top_ÁÖ¸Ô¹ä±è¹ä·ù_Á¢½Ã_ÂüÄ¡¸¶¿ä»ï°¢±è¹ä_Q1_00035.JPG	train	train	ÂüÄ¡¸¶¿ä»ï°¢±è¹ä	12	ÂüÄ¡¸¶¿ä»ï°¢±è¹ä	Q1	0	0.25	top	100	189.582	25	47.4
top_ÁÖ¸Ô¹ä±è¹ä·ù_Á¢½Ã_ÂüÄ¡¸¶¿ä»ï°¢±è¹ä_Q1_00038.JPG	train	train	ÂüÄ¡¸¶¿ä»ï°¢±è¹ä	12	ÂüÄ¡¸¶¿ä»ï°¢±è¹ä	Q1	0	0.25	top	100	189.582	25	47.4
top_ÁÖ¸Ô¹ä±è¹ä·ù_Á¢½Ã_ÂüÄ¡¸¶¿ä»ï°¢±è¹ä_Q1_00039.JPG	train	train	ÂüÄ¡¸¶¿ä»ï°¢±è¹ä	12	ÂüÄ¡¸¶¿ä»ï°¢±è¹ä	Q1	0	0.25	top	100	189.582	25	47.4
top_ÁÖ¸Ô¹ä±è¹ä·ù_Á¢½Ã_ÂüÄ¡¸¶¿ä»ï°¢±è¹ä_Q1_00040.JPG	train	train	ÂüÄ¡¸¶¿ä»ï°¢±è¹ä	12	ÂüÄ¡¸¶¿ä»ï°¢±è¹ä	Q1	0	0.25	top	100	189.582	25	47.4
top_ÁÖ¸Ô¹ä±è¹ä·ù_Á¢½Ã_ÂüÄ¡¸¶¿ä»ï°¢±è¹ä_Q1_00041.JPG	train	train	ÂüÄ¡¸¶¿ä»ï°¢±è¹ä	12	ÂüÄ¡¸¶¿ä»ï°¢±è¹ä	Q1	0	0.25	top	100	189.582	25	47.4
top_ÁÖ¸Ô¹ä±è¹ä·ù_Á¢½Ã_ÂüÄ¡¸¶¿ä»ï°¢±è¹ä_Q1_00042.JPG	train	train	ÂüÄ¡¸¶¿ä»ï°¢±è¹ä	12	ÂüÄ¡¸¶¿ä»ï°¢±è¹ä	Q1	0	0.25	top	100	189.582	25	47.4
top_ÁÖ¸Ô¹ä±è¹ä·ù_Á¢½Ã_ÂüÄ¡¸¶¿ä»ï°¢±è¹ä_Q1_00043.JPG	train	train	ÂüÄ¡¸¶¿ä»ï°¢±è¹ä	12	ÂüÄ¡¸¶¿ä»ï°¢±è¹ä	Q1	0	0.25	top	100	189.582	25	47.4
top_ÁÖ¸Ô¹ä±è¹ä·ù_Á¢½Ã_ÂüÄ¡¸¶¿ä»ï°¢±è¹ä_Q1_00044.JPG	train	train	ÂüÄ¡¸¶¿ä»ï°¢±è¹ä	12	ÂüÄ¡¸¶¿ä»ï°¢±è¹ä	Q1	0	0.25	top	100	189.582	25	47.4
top_ÁÖ¸Ô¹ä±è¹ä·ù_Á¢½Ã_ÂüÄ¡¸¶¿ä»ï°¢±è¹ä_Q1_00045.JPG	train	train	ÂüÄ¡¸¶¿ä»ï°¢±è¹ä	12	ÂüÄ¡¸¶¿ä»ï°¢±è¹ä	Q1	0	0.25	top	100	189.582	25	47.4
top_ÁÖ¸Ô¹ä±è¹ä·ù_Á¢½Ã_ÂüÄ¡¸¶¿ä»ï°¢±è¹ä_Q1_00046.JPG	train	train	ÂüÄ¡¸¶¿ä»ï°¢±è¹ä	12	ÂüÄ¡¸¶¿ä»ï°¢±è¹ä	Q1	0	0.25	top	100	189.582	25	47.4
top_ÁÖ¸Ô¹ä±è¹ä·ù_Á¢½Ã_ÂüÄ¡¸¶¿ä»ï°¢±è¹ä_Q1_00047.JPG	train	train	ÂüÄ¡¸¶¿ä»ï°¢±è¹ä	12	ÂüÄ¡¸¶¿ä»ï°¢±è¹ä	Q1	0	0.25	top	100	189.582	25	47.4
top_ÁÖ¸Ô¹ä±è¹ä·ù_Á¢½Ã_ÂüÄ¡¸¶¿ä»ï°¢±è¹ä_Q1_00048.JPG	train	train	ÂüÄ¡¸¶¿ä»ï°¢±è¹ä	12	ÂüÄ¡¸¶¿ä»ï°¢±è¹ä	Q1	0	0.25	top	100	189.582	25	47.4
top_ÁÖ¸Ô¹ä±è¹ä·ù_Á¢½Ã_ÂüÄ¡¸¶¿ä»ï°¢±è¹ä_Q1_00049.JPG	train	train	ÂüÄ¡¸¶¿ä»ï°¢±è¹ä	12	ÂüÄ¡¸¶¿ä»ï°¢±è¹ä	Q1	0	0.25	top	100	189.582	25	47.4
top_ÁÖ¸Ô¹ä±è¹ä·ù_Á¢½Ã_ÂüÄ¡¸¶¿ä»ï°¢±è¹ä_Q1_00051.JPG	train	train	ÂüÄ¡¸¶¿ä»ï°¢±è¹ä	12	ÂüÄ¡¸¶¿ä»ï°¢±è¹ä	Q1	0	0.25	top	100	189.582	25	47.4
top_ÁÖ¸Ô¹ä±è¹ä·ù_Á¢½Ã_ÂüÄ¡¸¶¿ä»ï°¢±è¹ä_Q1_00052.JPG	train	train	ÂüÄ¡¸¶¿ä»ï°¢±è¹ä	12	ÂüÄ¡¸¶¿ä»ï°¢±è¹ä	Q1	0	0.25	top	100	189.582	25	47.4
top_ÁÖ¸Ô¹ä±è¹ä·ù_Á¢½Ã_ÂüÄ¡¸¶¿ä»ï°¢±è¹ä_Q1_00053.JPG	train	train	ÂüÄ¡¸¶¿ä»ï°¢±è¹ä	12	ÂüÄ¡¸¶¿ä»ï°¢±è¹ä	Q1	0	0.25	top	100	189.582	25	47.4
side_ÁÖ¸Ô¹ä±è¹ä·ù_Á¢½Ã_ÂüÄ¡¸¶¿ä»ï°¢±è¹ä_Q2_00001.JPG	train	train	ÂüÄ¡¸¶¿ä»ï°¢±è¹ä	12	ÂüÄ¡¸¶¿ä»ï°¢±è¹ä	Q2	1	0.5	side	100	189.582	50	94.79
side_ÁÖ¸Ô¹ä±è¹ä·ù_Á¢½Ã_ÂüÄ¡¸¶¿ä»ï°¢±è¹ä_Q2_00003.JPG	train	train	ÂüÄ¡¸¶¿ä»ï°¢±è¹ä	12	ÂüÄ¡¸¶¿ä»ï°¢±è¹ä	Q2	1	0.5	side	100	189.582	50	94.79
side_ÁÖ¸Ô¹ä±è¹ä·ù_Á¢½Ã_ÂüÄ¡¸¶¿ä»ï°¢±è¹ä_Q2_00004.JPG	train	train	ÂüÄ¡¸¶¿ä»ï°¢±è¹ä	12	ÂüÄ¡¸¶¿ä»ï°¢±è¹ä	Q2	1	0.5	side	100	189.582	50	94.79
side_ÁÖ¸Ô¹ä±è¹ä·ù_Á¢½Ã_ÂüÄ¡¸¶¿ä»ï°¢±è¹ä_Q2_00005.JPG	train	train	ÂüÄ¡¸¶¿ä»ï°¢±è¹ä	12	ÂüÄ¡¸¶¿ä»ï°¢±è¹ä	Q2	1	0.5	side	100	189.582	50	94.79
side_ÁÖ¸Ô¹ä±è¹ä·ù_Á¢½Ã_ÂüÄ¡¸¶¿ä»ï°¢±è¹ä_Q2_00006.JPG	train	train	ÂüÄ¡¸¶¿ä»ï°¢±è¹ä	12	ÂüÄ¡¸¶¿ä»ï°¢±è¹ä	Q2	1	0.5	side	100	189.582	50	94.79
side_ÁÖ¸Ô¹ä±è¹ä·ù_Á¢½Ã_ÂüÄ¡¸¶¿ä»ï°¢±è¹ä_Q2_00007.JPG	train	train	ÂüÄ¡¸¶¿ä»ï°¢±è¹ä	12	ÂüÄ¡¸¶¿ä»ï°¢±è¹ä	Q2	1	0.5	side	100	189.582	50	94.79
side_ÁÖ¸Ô¹ä±è¹ä·ù_Á¢½Ã_ÂüÄ¡¸¶¿ä»ï°¢±è¹ä_Q2_00008.JPG	train	train	ÂüÄ¡¸¶¿ä»ï°¢±è¹ä	12	ÂüÄ¡¸¶¿ä»ï°¢±è¹ä	Q2	1	0.5	side	100	189.582	50	94.79
side_ÁÖ¸Ô¹ä±è¹ä·ù_Á¢½Ã_ÂüÄ¡¸¶¿ä»ï°¢±è¹ä_Q2_00009.JPG	train	train	ÂüÄ¡¸¶¿ä»ï°¢±è¹ä	12	ÂüÄ¡¸¶¿ä»ï°¢±è¹ä	Q2	1	0.5	side	100	189.582	50	94.79
side_ÁÖ¸Ô¹ä±è¹ä·ù_Á¢½Ã_ÂüÄ¡¸¶¿ä»ï°¢±è¹ä_Q2_00010.JPG	train	train	ÂüÄ¡¸¶¿ä»ï°¢±è¹ä	12	ÂüÄ¡¸¶¿ä»ï°¢±è¹ä	Q2	1	0.5	side	100	189.582	50	94.79
side_ÁÖ¸Ô¹ä±è¹ä·ù_Á¢½Ã_ÂüÄ¡¸¶¿ä»ï°¢±è¹ä_Q2_00011.JPG	train	train	ÂüÄ¡¸¶¿ä»ï°¢±è¹ä	12	ÂüÄ¡¸¶¿ä»ï°¢±è¹ä	Q2	1	0.5	side	100	189.582	50	94.79
side_ÁÖ¸Ô¹ä±è¹ä·ù_Á¢½Ã_ÂüÄ¡¸¶¿ä»ï°¢±è¹ä_Q2_00013.JPG	train	train	ÂüÄ¡¸¶¿ä»ï°¢±è¹ä	12	ÂüÄ¡¸¶¿ä»ï°¢±è¹ä	Q2	1	0.5	side	100	189.582	50	94.79
side_ÁÖ¸Ô¹ä±è¹ä·ù_Á¢½Ã_ÂüÄ¡¸¶¿ä»ï°¢±è¹ä_Q2_00014.JPG	train	train	ÂüÄ¡¸¶¿ä»ï°¢±è¹ä	12	ÂüÄ¡¸¶¿ä»ï°¢±è¹ä	Q2	1	0.5	side	100	189.582	50	94.79
side_ÁÖ¸Ô¹ä±è¹ä·ù_Á¢½Ã_ÂüÄ¡¸¶¿ä»ï°¢±è¹ä_Q2_00015.JPG	train	train	ÂüÄ¡¸¶¿ä»ï°¢±è¹ä	12	ÂüÄ¡¸¶¿ä»ï°¢±è¹ä	Q2	1	0.5	side	100	189.582	50	94.79
side_ÁÖ¸Ô¹ä±è¹ä·ù_Á¢½Ã_ÂüÄ¡¸¶¿ä»ï°¢±è¹ä_Q2_00016.JPG	train	train	ÂüÄ¡¸¶¿ä»ï°¢±è¹ä	12	ÂüÄ¡¸¶¿ä»ï°¢±è¹ä	Q2	1	0.5	side	100	189.582	50	94.79
side_ÁÖ¸Ô¹ä±è¹ä·ù_Á¢½Ã_ÂüÄ¡¸¶¿ä»ï°¢±è¹ä_Q2_00017.JPG	train	train	ÂüÄ¡¸¶¿ä»ï°¢±è¹ä	12	ÂüÄ¡¸¶¿ä»ï°¢±è¹ä	Q2	1	0.5	side	100	189.582	50	94.79
side_ÁÖ¸Ô¹ä±è¹ä·ù_Á¢½Ã_ÂüÄ¡¸¶¿ä»ï°¢±è¹ä_Q2_00018.JPG	train	train	ÂüÄ¡¸¶¿ä»ï°¢±è¹ä	12	ÂüÄ¡¸¶¿ä»ï°¢±è¹ä	Q2	1	0.5	side	100	189.582	50	94.79
side_ÁÖ¸Ô¹ä±è¹ä·ù_Á¢½Ã_ÂüÄ¡¸¶¿ä»ï°¢±è¹ä_Q2_00021.JPG	train	train	ÂüÄ¡¸¶¿ä»ï°¢±è¹ä	12	ÂüÄ¡¸¶¿ä»ï°¢±è¹ä	Q2	1	0.5	side	100	189.582	50	94.79
side_ÁÖ¸Ô¹ä±è¹ä·ù_Á¢½Ã_ÂüÄ¡¸¶¿ä»ï°¢±è¹ä_Q2_00022.JPG	train	train	ÂüÄ¡¸¶¿ä»ï°¢±è¹ä	12	ÂüÄ¡¸¶¿ä»ï°¢±è¹ä	Q2	1	0.5	side	100	189.582	50	94.79
side_ÁÖ¸Ô¹ä±è¹ä·ù_Á¢½Ã_ÂüÄ¡¸¶¿ä»ï°¢±è¹ä_Q2_00023.JPG	train	train	ÂüÄ¡¸¶¿ä»ï°¢±è¹ä	12	ÂüÄ¡¸¶¿ä»ï°¢±è¹ä	Q2	1	0.5	side	100	189.582	50	94.79
side_ÁÖ¸Ô¹ä±è¹ä·ù_Á¢½Ã_ÂüÄ¡¸¶¿ä»ï°¢±è¹ä_Q2_00025.JPG	train	train	ÂüÄ¡¸¶¿ä»ï°¢±è¹ä	12	ÂüÄ¡¸¶¿ä»ï°¢±è¹ä	Q2	1	0.5	side	100	189.582	50	94.79
side_ÁÖ¸Ô¹ä±è¹ä·ù_Á¢½Ã_ÂüÄ¡¸¶¿ä»ï°¢±è¹ä_Q2_00029.JPG	train	train	ÂüÄ¡¸¶¿ä»ï°¢±è¹ä	12	ÂüÄ¡¸¶¿ä»ï°¢±è¹ä	Q2	1	0.5	side	100	189.582	50	94.79
side_ÁÖ¸Ô¹ä±è¹ä·ù_Á¢½Ã_ÂüÄ¡¸¶¿ä»ï°¢±è¹ä_Q2_00030.JPG	train	train	ÂüÄ¡¸¶¿ä»ï°¢±è¹ä	12	ÂüÄ¡¸¶¿ä»ï°¢±è¹ä	Q2	1	0.5	side	100	189.582	50	94.79
side_ÁÖ¸Ô¹ä±è¹ä·ù_Á¢½Ã_ÂüÄ¡¸¶¿ä»ï°¢±è¹ä_Q2_00031.JPG	train	train	ÂüÄ¡¸¶¿ä»ï°¢±è¹ä	12	ÂüÄ¡¸¶¿ä»ï°¢±è¹ä	Q2	1	0.5	side	100	189.582	50	94.79
side_ÁÖ¸Ô¹ä±è¹ä·ù_Á¢½Ã_ÂüÄ¡¸¶¿ä»ï°¢±è¹ä_Q2_00032.JPG	train	train	ÂüÄ¡¸¶¿ä»ï°¢±è¹ä	12	ÂüÄ¡¸¶¿ä»ï°¢±è¹ä	Q2	1	0.5	side	100	189.582	50	94.79
side_ÁÖ¸Ô¹ä±è¹ä·ù_Á¢½Ã_ÂüÄ¡¸¶¿ä»ï°¢±è¹ä_Q2_00033.JPG	train	train	ÂüÄ¡¸¶¿ä»ï°¢±è¹ä	12	ÂüÄ¡¸¶¿ä»ï°¢±è¹ä	Q2	1	0.5	side	100	189.582	50	94.79
side_ÁÖ¸Ô¹ä±è¹ä·ù_Á¢½Ã_ÂüÄ¡¸¶¿ä»ï°¢±è¹ä_Q2_00034.JPG	train	train	ÂüÄ¡¸¶¿ä»ï°¢±è¹ä	12	ÂüÄ¡¸¶¿ä»ï°¢±è¹ä	Q2	1	0.5	side	100	189.582	50	94.79
side_ÁÖ¸Ô¹ä±è¹ä·ù_Á¢½Ã_ÂüÄ¡¸¶¿ä»ï°¢±è¹ä_Q2_00035.JPG	train	train	ÂüÄ¡¸¶¿ä»ï°¢±è¹ä	12	ÂüÄ¡¸¶¿ä»ï°¢±è¹ä	Q2	1	0.5	side	100	189.582	50	94.79
side_ÁÖ¸Ô¹ä±è¹ä·ù_Á¢½Ã_ÂüÄ¡¸¶¿ä»ï°¢±è¹ä_Q2_00036.JPG	train	train	ÂüÄ¡¸¶¿ä»ï°¢±è¹ä	12	ÂüÄ¡¸¶¿ä»ï°¢±è¹ä	Q2	1	0.5	side	100	189.582	50	94.79
side_ÁÖ¸Ô¹ä±è¹ä·ù_Á¢½Ã_ÂüÄ¡¸¶¿ä»ï°¢±è¹ä_Q2_00037.JPG	train	train	ÂüÄ¡¸¶¿ä»ï°¢±è¹ä	12	ÂüÄ¡¸¶¿ä»ï°¢±è¹ä	Q2	1	0.5	side	100	189.582	50	94.79
side_ÁÖ¸Ô¹ä±è¹ä·ù_Á¢½Ã_ÂüÄ¡¸¶¿ä»ï°¢±è¹ä_Q2_00038.JPG	train	train	ÂüÄ¡¸¶¿ä»ï°¢±è¹ä	12	ÂüÄ¡¸¶¿ä»ï°¢±è¹ä	Q2	1	0.5	side	100	189.582	50	94.79
side_ÁÖ¸Ô¹ä±è¹ä·ù_Á¢½Ã_ÂüÄ¡¸¶¿ä»ï°¢±è¹ä_Q2_00040.JPG	train	train	ÂüÄ¡¸¶¿ä»ï°¢±è¹ä	12	ÂüÄ¡¸¶¿ä»ï°¢±è¹ä	Q2	1	0.5	side	100	189.582	50	94.79
side_ÁÖ¸Ô¹ä±è¹ä·ù_Á¢½Ã_ÂüÄ¡¸¶¿ä»ï°¢±è¹ä_Q2_00041.JPG	train	train	ÂüÄ¡¸¶¿ä»ï°¢±è¹ä	12	ÂüÄ¡¸¶¿ä»ï°¢±è¹ä	Q2	1	0.5	side	100	189.582	50	94.79
side_ÁÖ¸Ô¹ä±è¹ä·ù_Á¢½Ã_ÂüÄ¡¸¶¿ä»ï°¢±è¹ä_Q2_00042.JPG	train	train	ÂüÄ¡¸¶¿ä»ï°¢±è¹ä	12	ÂüÄ¡¸¶¿ä»ï°¢±è¹ä	Q2	1	0.5	side	100	189.582	50	94.79
side_ÁÖ¸Ô¹ä±è¹ä·ù_Á¢½Ã_ÂüÄ¡¸¶¿ä»ï°¢±è¹ä_Q2_00043.JPG	train	train	ÂüÄ¡¸¶¿ä»ï°¢±è¹ä	12	ÂüÄ¡¸¶¿ä»ï°¢±è¹ä	Q2	1	0.5	side	100	189.582	50	94.79
side_ÁÖ¸Ô¹ä±è¹ä·ù_Á¢½Ã_ÂüÄ¡¸¶¿ä»ï°¢±è¹ä_Q2_00044.JPG	train	train	ÂüÄ¡¸¶¿ä»ï°¢±è¹ä	12	ÂüÄ¡¸¶¿ä»ï°¢±è¹ä	Q2	1	0.5	side	100	189.582	50	94.79
side_ÁÖ¸Ô¹ä±è¹ä·ù_Á¢½Ã_ÂüÄ¡¸¶¿ä»ï°¢±è¹ä_Q2_00045.JPG	train	train	ÂüÄ¡¸¶¿ä»ï°¢±è¹ä	12	ÂüÄ¡¸¶¿ä»ï°¢±è¹ä	Q2	1	0.5	side	100	189.582	50	94.79
side_ÁÖ¸Ô¹ä±è¹ä·ù_Á¢½Ã_ÂüÄ¡¸¶¿ä»ï°¢±è¹ä_Q2_00046.JPG	train	train	ÂüÄ¡¸¶¿ä»ï°¢±è¹ä	12	ÂüÄ¡¸¶¿ä»ï°¢±è¹ä	Q2	1	0.5	side	100	189.582	50	94.79
side_ÁÖ¸Ô¹ä±è¹ä·ù_Á¢½Ã_ÂüÄ¡¸¶¿ä»ï°¢±è¹ä_Q2_00048.JPG	train	train	ÂüÄ¡¸¶¿ä»ï°¢±è¹ä	12	ÂüÄ¡¸¶¿ä»ï°¢±è¹ä	Q2	1	0.5	side	100	189.582	50	94.79
side_ÁÖ¸Ô¹ä±è¹ä·ù_Á¢½Ã_ÂüÄ¡¸¶¿ä»ï°¢±è¹ä_Q2_00049.JPG	train	train	ÂüÄ¡¸¶¿ä»ï°¢±è¹ä	12	ÂüÄ¡¸¶¿ä»ï°¢±è¹ä	Q2	1	0.5	side	100	189.582	50	94.79
side_ÁÖ¸Ô¹ä±è¹ä·ù_Á¢½Ã_ÂüÄ¡¸¶¿ä»ï°¢±è¹ä_Q2_00050.JPG	train	train	ÂüÄ¡¸¶¿ä»ï°¢±è¹ä	12	ÂüÄ¡¸¶¿ä»ï°¢±è¹ä	Q2	1	0.5	side	100	189.582	50	94.79
side_ÁÖ¸Ô¹ä±è¹ä·ù_Á¢½Ã_ÂüÄ¡¸¶¿ä»ï°¢±è¹ä_Q2_00051.JPG	train	train	ÂüÄ¡¸¶¿ä»ï°¢±è¹ä	12	ÂüÄ¡¸¶¿ä»ï°¢±è¹ä	Q2	1	0.5	side	100	189.582	50	94.79
side_ÁÖ¸Ô¹ä±è¹ä·ù_Á¢½Ã_ÂüÄ¡¸¶¿ä»ï°¢±è¹ä_Q2_00052.JPG	train	train	ÂüÄ¡¸¶¿ä»ï°¢±è¹ä	12	ÂüÄ¡¸¶¿ä»ï°¢±è¹ä	Q2	1	0.5	side	100	189.582	50	94.79
side_ÁÖ¸Ô¹ä±è¹ä·ù_Á¢½Ã_ÂüÄ¡¸¶¿ä»ï°¢±è¹ä_Q2_00053.JPG	train	train	ÂüÄ¡¸¶¿ä»ï°¢±è¹ä	12	ÂüÄ¡¸¶¿ä»ï°¢±è¹ä	Q2	1	0.5	side	100	189.582	50	94.79
side_ÁÖ¸Ô¹ä±è¹ä·ù_Á¢½Ã_ÂüÄ¡¸¶¿ä»ï°¢±è¹ä_Q2_00054.JPG	train	train	ÂüÄ¡¸¶¿ä»ï°¢±è¹ä	12	ÂüÄ¡¸¶¿ä»ï°¢±è¹ä	Q2	1	0.5	side	100	189.582	50	94.79
top_ÁÖ¸Ô¹ä±è¹ä·ù_Á¢½Ã_ÂüÄ¡¸¶¿ä»ï°¢±è¹ä_Q2_00001.JPG	train	train	ÂüÄ¡¸¶¿ä»ï°¢±è¹ä	12	ÂüÄ¡¸¶¿ä»ï°¢±è¹ä	Q2	1	0.5	top	100	189.582	50	94.79
top_ÁÖ¸Ô¹ä±è¹ä·ù_Á¢½Ã_ÂüÄ¡¸¶¿ä»ï°¢±è¹ä_Q2_00003.JPG	train	train	ÂüÄ¡¸¶¿ä»ï°¢±è¹ä	12	ÂüÄ¡¸¶¿ä»ï°¢±è¹ä	Q2	1	0.5	top	100	189.582	50	94.79
top_ÁÖ¸Ô¹ä±è¹ä·ù_Á¢½Ã_ÂüÄ¡¸¶¿ä»ï°¢±è¹ä_Q2_00004.JPG	train	train	ÂüÄ¡¸¶¿ä»ï°¢±è¹ä	12	ÂüÄ¡¸¶¿ä»ï°¢±è¹ä	Q2	1	0.5	top	100	189.582	50	94.79
top_ÁÖ¸Ô¹ä±è¹ä·ù_Á¢½Ã_ÂüÄ¡¸¶¿ä»ï°¢±è¹ä_Q2_00007.JPG	train	train	ÂüÄ¡¸¶¿ä»ï°¢±è¹ä	12	ÂüÄ¡¸¶¿ä»ï°¢±è¹ä	Q2	1	0.5	top	100	189.582	50	94.79
top_ÁÖ¸Ô¹ä±è¹ä·ù_Á¢½Ã_ÂüÄ¡¸¶¿ä»ï°¢±è¹ä_Q2_00009.JPG	train	train	ÂüÄ¡¸¶¿ä»ï°¢±è¹ä	12	ÂüÄ¡¸¶¿ä»ï°¢±è¹ä	Q2	1	0.5	top	100	189.582	50	94.79
top_ÁÖ¸Ô¹ä±è¹ä·ù_Á¢½Ã_ÂüÄ¡¸¶¿ä»ï°¢±è¹ä_Q2_00010.JPG	train	train	ÂüÄ¡¸¶¿ä»ï°¢±è¹ä	12	ÂüÄ¡¸¶¿ä»ï°¢±è¹ä	Q2	1	0.5	top	100	189.582	50	94.79
top_ÁÖ¸Ô¹ä±è¹ä·ù_Á¢½Ã_ÂüÄ¡¸¶¿ä»ï°¢±è¹ä_Q2_00011.JPG	train	train	ÂüÄ¡¸¶¿ä»ï°¢±è¹ä	12	ÂüÄ¡¸¶¿ä»ï°¢±è¹ä	Q2	1	0.5	top	100	189.582	50	94.79
top_ÁÖ¸Ô¹ä±è¹ä·ù_Á¢½Ã_ÂüÄ¡¸¶¿ä»ï°¢±è¹ä_Q2_00012.JPG	train	train	ÂüÄ¡¸¶¿ä»ï°¢±è¹ä	12	ÂüÄ¡¸¶¿ä»ï°¢±è¹ä	Q2	1	0.5	top	100	189.582	50	94.79
top_ÁÖ¸Ô¹ä±è¹ä·ù_Á¢½Ã_ÂüÄ¡¸¶¿ä»ï°¢±è¹ä_Q2_00013.JPG	train	train	ÂüÄ¡¸¶¿ä»ï°¢±è¹ä	12	ÂüÄ¡¸¶¿ä»ï°¢±è¹ä	Q2	1	0.5	top	100	189.582	50	94.79
top_ÁÖ¸Ô¹ä±è¹ä·ù_Á¢½Ã_ÂüÄ¡¸¶¿ä»ï°¢±è¹ä_Q2_00015.JPG	train	train	ÂüÄ¡¸¶¿ä»ï°¢±è¹ä	12	ÂüÄ¡¸¶¿ä»ï°¢±è¹ä	Q2	1	0.5	top	100	189.582	50	94.79
top_ÁÖ¸Ô¹ä±è¹ä·ù_Á¢½Ã_ÂüÄ¡¸¶¿ä»ï°¢±è¹ä_Q2_00017.JPG	train	train	ÂüÄ¡¸¶¿ä»ï°¢±è¹ä	12	ÂüÄ¡¸¶¿ä»ï°¢±è¹ä	Q2	1	0.5	top	100	189.582	50	94.79
top_ÁÖ¸Ô¹ä±è¹ä·ù_Á¢½Ã_ÂüÄ¡¸¶¿ä»ï°¢±è¹ä_Q2_00018.JPG	train	train	ÂüÄ¡¸¶¿ä»ï°¢±è¹ä	12	ÂüÄ¡¸¶¿ä»ï°¢±è¹ä	Q2	1	0.5	top	100	189.582	50	94.79
top_ÁÖ¸Ô¹ä±è¹ä·ù_Á¢½Ã_ÂüÄ¡¸¶¿ä»ï°¢±è¹ä_Q2_00019.JPG	train	train	ÂüÄ¡¸¶¿ä»ï°¢±è¹ä	12	ÂüÄ¡¸¶¿ä»ï°¢±è¹ä	Q2	1	0.5	top	100	189.582	50	94.79
top_ÁÖ¸Ô¹ä±è¹ä·ù_Á¢½Ã_ÂüÄ¡¸¶¿ä»ï°¢±è¹ä_Q2_00021.JPG	train	train	ÂüÄ¡¸¶¿ä»ï°¢±è¹ä	12	ÂüÄ¡¸¶¿ä»ï°¢±è¹ä	Q2	1	0.5	top	100	189.582	50	94.79
top_ÁÖ¸Ô¹ä±è¹ä·ù_Á¢½Ã_ÂüÄ¡¸¶¿ä»ï°¢±è¹ä_Q2_00022.JPG	train	train	ÂüÄ¡¸¶¿ä»ï°¢±è¹ä	12	ÂüÄ¡¸¶¿ä»ï°¢±è¹ä	Q2	1	0.5	top	100	189.582	50	94.79
top_ÁÖ¸Ô¹ä±è¹ä·ù_Á¢½Ã_ÂüÄ¡¸¶¿ä»ï°¢±è¹ä_Q2_00023.JPG	train	train	ÂüÄ¡¸¶¿ä»ï°¢±è¹ä	12	ÂüÄ¡¸¶¿ä»ï°¢±è¹ä	Q2	1	0.5	top	100	189.582	50	94.79
top_ÁÖ¸Ô¹ä±è¹ä·ù_Á¢½Ã_ÂüÄ¡¸¶¿ä»ï°¢±è¹ä_Q2_00024.JPG	train	train	ÂüÄ¡¸¶¿ä»ï°¢±è¹ä	12	ÂüÄ¡¸¶¿ä»ï°¢±è¹ä	Q2	1	0.5	top	100	189.582	50	94.79
top_ÁÖ¸Ô¹ä±è¹ä·ù_Á¢½Ã_ÂüÄ¡¸¶¿ä»ï°¢±è¹ä_Q2_00025.JPG	train	train	ÂüÄ¡¸¶¿ä»ï°¢±è¹ä	12	ÂüÄ¡¸¶¿ä»ï°¢±è¹ä	Q2	1	0.5	top	100	189.582	50	94.79
top_ÁÖ¸Ô¹ä±è¹ä·ù_Á¢½Ã_ÂüÄ¡¸¶¿ä»ï°¢±è¹ä_Q2_00026.JPG	train	train	ÂüÄ¡¸¶¿ä»ï°¢±è¹ä	12	ÂüÄ¡¸¶¿ä»ï°¢±è¹ä	Q2	1	0.5	top	100	189.582	50	94.79
top_ÁÖ¸Ô¹ä±è¹ä·ù_Á¢½Ã_ÂüÄ¡¸¶¿ä»ï°¢±è¹ä_Q2_00027.JPG	train	train	ÂüÄ¡¸¶¿ä»ï°¢±è¹ä	12	ÂüÄ¡¸¶¿ä»ï°¢±è¹ä	Q2	1	0.5	top	100	189.582	50	94.79
top_ÁÖ¸Ô¹ä±è¹ä·ù_Á¢½Ã_ÂüÄ¡¸¶¿ä»ï°¢±è¹ä_Q2_00028.JPG	train	train	ÂüÄ¡¸¶¿ä»ï°¢±è¹ä	12	ÂüÄ¡¸¶¿ä»ï°¢±è¹ä	Q2	1	0.5	top	100	189.582	50	94.79
top_ÁÖ¸Ô¹ä±è¹ä·ù_Á¢½Ã_ÂüÄ¡¸¶¿ä»ï°¢±è¹ä_Q2_00029.JPG	train	train	ÂüÄ¡¸¶¿ä»ï°¢±è¹ä	12	ÂüÄ¡¸¶¿ä»ï°¢±è¹ä	Q2	1	0.5	top	100	189.582	50	94.79
top_ÁÖ¸Ô¹ä±è¹ä·ù_Á¢½Ã_ÂüÄ¡¸¶¿ä»ï°¢±è¹ä_Q2_00030.JPG	train	train	ÂüÄ¡¸¶¿ä»ï°¢±è¹ä	12	ÂüÄ¡¸¶¿ä»ï°¢±è¹ä	Q2	1	0.5	top	100	189.582	50	94.79
top_ÁÖ¸Ô¹ä±è¹ä·ù_Á¢½Ã_ÂüÄ¡¸¶¿ä»ï°¢±è¹ä_Q2_00033.JPG	train	train	ÂüÄ¡¸¶¿ä»ï°¢±è¹ä	12	ÂüÄ¡¸¶¿ä»ï°¢±è¹ä	Q2	1	0.5	top	100	189.582	50	94.79
top_ÁÖ¸Ô¹ä±è¹ä·ù_Á¢½Ã_ÂüÄ¡¸¶¿ä»ï°¢±è¹ä_Q2_00034.JPG	train	train	ÂüÄ¡¸¶¿ä»ï°¢±è¹ä	12	ÂüÄ¡¸¶¿ä»ï°¢±è¹ä	Q2	1	0.5	top	100	189.582	50	94.79
top_ÁÖ¸Ô¹ä±è¹ä·ù_Á¢½Ã_ÂüÄ¡¸¶¿ä»ï°¢±è¹ä_Q2_00035.JPG	train	train	ÂüÄ¡¸¶¿ä»ï°¢±è¹ä	12	ÂüÄ¡¸¶¿ä»ï°¢±è¹ä	Q2	1	0.5	top	100	189.582	50	94.79
top_ÁÖ¸Ô¹ä±è¹ä·ù_Á¢½Ã_ÂüÄ¡¸¶¿ä»ï°¢±è¹ä_Q2_00036.JPG	train	train	ÂüÄ¡¸¶¿ä»ï°¢±è¹ä	12	ÂüÄ¡¸¶¿ä»ï°¢±è¹ä	Q2	1	0.5	top	100	189.582	50	94.79
top_ÁÖ¸Ô¹ä±è¹ä·ù_Á¢½Ã_ÂüÄ¡¸¶¿ä»ï°¢±è¹ä_Q2_00037.JPG	train	train	ÂüÄ¡¸¶¿ä»ï°¢±è¹ä	12	ÂüÄ¡¸¶¿ä»ï°¢±è¹ä	Q2	1	0.5	top	100	189.582	50	94.79
top_ÁÖ¸Ô¹ä±è¹ä·ù_Á¢½Ã_ÂüÄ¡¸¶¿ä»ï°¢±è¹ä_Q2_00038.JPG	train	train	ÂüÄ¡¸¶¿ä»ï°¢±è¹ä	12	ÂüÄ¡¸¶¿ä»ï°¢±è¹ä	Q2	1	0.5	top	100	189.582	50	94.79
top_ÁÖ¸Ô¹ä±è¹ä·ù_Á¢½Ã_ÂüÄ¡¸¶¿ä»ï°¢±è¹ä_Q2_00039.JPG	train	train	ÂüÄ¡¸¶¿ä»ï°¢±è¹ä	12	ÂüÄ¡¸¶¿ä»ï°¢±è¹ä	Q2	1	0.5	top	100	189.582	50	94.79
top_ÁÖ¸Ô¹ä±è¹ä·ù_Á¢½Ã_ÂüÄ¡¸¶¿ä»ï°¢±è¹ä_Q2_00040.JPG	train	train	ÂüÄ¡¸¶¿ä»ï°¢±è¹ä	12	ÂüÄ¡¸¶¿ä»ï°¢±è¹ä	Q2	1	0.5	top	100	189.582	50	94.79
top_ÁÖ¸Ô¹ä±è¹ä·ù_Á¢½Ã_ÂüÄ¡¸¶¿ä»ï°¢±è¹ä_Q2_00041.JPG	train	train	ÂüÄ¡¸¶¿ä»ï°¢±è¹ä	12	ÂüÄ¡¸¶¿ä»ï°¢±è¹ä	Q2	1	0.5	top	100	189.582	50	94.79
top_ÁÖ¸Ô¹ä±è¹ä·ù_Á¢½Ã_ÂüÄ¡¸¶¿ä»ï°¢±è¹ä_Q2_00042.JPG	train	train	ÂüÄ¡¸¶¿ä»ï°¢±è¹ä	12	ÂüÄ¡¸¶¿ä»ï°¢±è¹ä	Q2	1	0.5	top	100	189.582	50	94.79
top_ÁÖ¸Ô¹ä±è¹ä·ù_Á¢½Ã_ÂüÄ¡¸¶¿ä»ï°¢±è¹ä_Q2_00043.JPG	train	train	ÂüÄ¡¸¶¿ä»ï°¢±è¹ä	12	ÂüÄ¡¸¶¿ä»ï°¢±è¹ä	Q2	1	0.5	top	100	189.582	50	94.79
top_ÁÖ¸Ô¹ä±è¹ä·ù_Á¢½Ã_ÂüÄ¡¸¶¿ä»ï°¢±è¹ä_Q2_00044.JPG	train	train	ÂüÄ¡¸¶¿ä»ï°¢±è¹ä	12	ÂüÄ¡¸¶¿ä»ï°¢±è¹ä	Q2	1	0.5	top	100	189.582	50	94.79
top_ÁÖ¸Ô¹ä±è¹ä·ù_Á¢½Ã_ÂüÄ¡¸¶¿ä»ï°¢±è¹ä_Q2_00045.JPG	train	train	ÂüÄ¡¸¶¿ä»ï°¢±è¹ä	12	ÂüÄ¡¸¶¿ä»ï°¢±è¹ä	Q2	1	0.5	top	100	189.582	50	94.79
top_ÁÖ¸Ô¹ä±è¹ä·ù_Á¢½Ã_ÂüÄ¡¸¶¿ä»ï°¢±è¹ä_Q2_00046.JPG	train	train	ÂüÄ¡¸¶¿ä»ï°¢±è¹ä	12	ÂüÄ¡¸¶¿ä»ï°¢±è¹ä	Q2	1	0.5	top	100	189.582	50	94.79
top_ÁÖ¸Ô¹ä±è¹ä·ù_Á¢½Ã_ÂüÄ¡¸¶¿ä»ï°¢±è¹ä_Q2_00049.JPG	train	train	ÂüÄ¡¸¶¿ä»ï°¢±è¹ä	12	ÂüÄ¡¸¶¿ä»ï°¢±è¹ä	Q2	1	0.5	top	100	189.582	50	94.79
top_ÁÖ¸Ô¹ä±è¹ä·ù_Á¢½Ã_ÂüÄ¡¸¶¿ä»ï°¢±è¹ä_Q2_00050.JPG	train	train	ÂüÄ¡¸¶¿ä»ï°¢±è¹ä	12	ÂüÄ¡¸¶¿ä»ï°¢±è¹ä	Q2	1	0.5	top	100	189.582	50	94.79
top_ÁÖ¸Ô¹ä±è¹ä·ù_Á¢½Ã_ÂüÄ¡¸¶¿ä»ï°¢±è¹ä_Q2_00051.JPG	train	train	ÂüÄ¡¸¶¿ä»ï°¢±è¹ä	12	ÂüÄ¡¸¶¿ä»ï°¢±è¹ä	Q2	1	0.5	top	100	189.582	50	94.79
top_ÁÖ¸Ô¹ä±è¹ä·ù_Á¢½Ã_ÂüÄ¡¸¶¿ä»ï°¢±è¹ä_Q2_00052.JPG	train	train	ÂüÄ¡¸¶¿ä»ï°¢±è¹ä	12	ÂüÄ¡¸¶¿ä»ï°¢±è¹ä	Q2	1	0.5	top	100	189.582	50	94.79
top_ÁÖ¸Ô¹ä±è¹ä·ù_Á¢½Ã_ÂüÄ¡¸¶¿ä»ï°¢±è¹ä_Q2_00053.JPG	train	train	ÂüÄ¡¸¶¿ä»ï°¢±è¹ä	12	ÂüÄ¡¸¶¿ä»ï°¢±è¹ä	Q2	1	0.5	top	100	189.582	50	94.79
top_ÁÖ¸Ô¹ä±è¹ä·ù_Á¢½Ã_ÂüÄ¡¸¶¿ä»ï°¢±è¹ä_Q2_00054.JPG	train	train	ÂüÄ¡¸¶¿ä»ï°¢±è¹ä	12	ÂüÄ¡¸¶¿ä»ï°¢±è¹ä	Q2	1	0.5	top	100	189.582	50	94.79
side_ÁÖ¸Ô¹ä±è¹ä·ù_Á¢½Ã_ÂüÄ¡¸¶¿ä»ï°¢±è¹ä_Q3_00001.JPG	train	train	ÂüÄ¡¸¶¿ä»ï°¢±è¹ä	12	ÂüÄ¡¸¶¿ä»ï°¢±è¹ä	Q3	2	0.75	side	100	189.582	75	142.19
side_ÁÖ¸Ô¹ä±è¹ä·ù_Á¢½Ã_ÂüÄ¡¸¶¿ä»ï°¢±è¹ä_Q3_00003.JPG	train	train	ÂüÄ¡¸¶¿ä»ï°¢±è¹ä	12	ÂüÄ¡¸¶¿ä»ï°¢±è¹ä	Q3	2	0.75	side	100	189.582	75	142.19
side_ÁÖ¸Ô¹ä±è¹ä·ù_Á¢½Ã_ÂüÄ¡¸¶¿ä»ï°¢±è¹ä_Q3_00005.JPG	train	train	ÂüÄ¡¸¶¿ä»ï°¢±è¹ä	12	ÂüÄ¡¸¶¿ä»ï°¢±è¹ä	Q3	2	0.75	side	100	189.582	75	142.19
side_ÁÖ¸Ô¹ä±è¹ä·ù_Á¢½Ã_ÂüÄ¡¸¶¿ä»ï°¢±è¹ä_Q3_00007.JPG	train	train	ÂüÄ¡¸¶¿ä»ï°¢±è¹ä	12	ÂüÄ¡¸¶¿ä»ï°¢±è¹ä	Q3	2	0.75	side	100	189.582	75	142.19
side_ÁÖ¸Ô¹ä±è¹ä·ù_Á¢½Ã_ÂüÄ¡¸¶¿ä»ï°¢±è¹ä_Q3_00008.JPG	train	train	ÂüÄ¡¸¶¿ä»ï°¢±è¹ä	12	ÂüÄ¡¸¶¿ä»ï°¢±è¹ä	Q3	2	0.75	side	100	189.582	75	142.19
side_ÁÖ¸Ô¹ä±è¹ä·ù_Á¢½Ã_ÂüÄ¡¸¶¿ä»ï°¢±è¹ä_Q3_00009.JPG	train	train	ÂüÄ¡¸¶¿ä»ï°¢±è¹ä	12	ÂüÄ¡¸¶¿ä»ï°¢±è¹ä	Q3	2	0.75	side	100	189.582	75	142.19
side_ÁÖ¸Ô¹ä±è¹ä·ù_Á¢½Ã_ÂüÄ¡¸¶¿ä»ï°¢±è¹ä_Q3_00010.JPG	train	train	ÂüÄ¡¸¶¿ä»ï°¢±è¹ä	12	ÂüÄ¡¸¶¿ä»ï°¢±è¹ä	Q3	2	0.75	side	100	189.582	75	142.19
side_ÁÖ¸Ô¹ä±è¹ä·ù_Á¢½Ã_ÂüÄ¡¸¶¿ä»ï°¢±è¹ä_Q3_00011.JPG	train	train	ÂüÄ¡¸¶¿ä»ï°¢±è¹ä	12	ÂüÄ¡¸¶¿ä»ï°¢±è¹ä	Q3	2	0.75	side	100	189.582	75	142.19
side_ÁÖ¸Ô¹ä±è¹ä·ù_Á¢½Ã_ÂüÄ¡¸¶¿ä»ï°¢±è¹ä_Q3_00013.JPG	train	train	ÂüÄ¡¸¶¿ä»ï°¢±è¹ä	12	ÂüÄ¡¸¶¿ä»ï°¢±è¹ä	Q3	2	0.75	side	100	189.582	75	142.19
side_ÁÖ¸Ô¹ä±è¹ä·ù_Á¢½Ã_ÂüÄ¡¸¶¿ä»ï°¢±è¹ä_Q3_00014.JPG	train	train	ÂüÄ¡¸¶¿ä»ï°¢±è¹ä	12	ÂüÄ¡¸¶¿ä»ï°¢±è¹ä	Q3	2	0.75	side	100	189.582	75	142.19
side_ÁÖ¸Ô¹ä±è¹ä·ù_Á¢½Ã_ÂüÄ¡¸¶¿ä»ï°¢±è¹ä_Q3_00015.JPG	train	train	ÂüÄ¡¸¶¿ä»ï°¢±è¹ä	12	ÂüÄ¡¸¶¿ä»ï°¢±è¹ä	Q3	2	0.75	side	100	189.582	75	142.19
side_ÁÖ¸Ô¹ä±è¹ä·ù_Á¢½Ã_ÂüÄ¡¸¶¿ä»ï°¢±è¹ä_Q3_00016.JPG	train	train	ÂüÄ¡¸¶¿ä»ï°¢±è¹ä	12	ÂüÄ¡¸¶¿ä»ï°¢±è¹ä	Q3	2	0.75	side	100	189.582	75	142.19
side_ÁÖ¸Ô¹ä±è¹ä·ù_Á¢½Ã_ÂüÄ¡¸¶¿ä»ï°¢±è¹ä_Q3_00017.JPG	train	train	ÂüÄ¡¸¶¿ä»ï°¢±è¹ä	12	ÂüÄ¡¸¶¿ä»ï°¢±è¹ä	Q3	2	0.75	side	100	189.582	75	142.19
side_ÁÖ¸Ô¹ä±è¹ä·ù_Á¢½Ã_ÂüÄ¡¸¶¿ä»ï°¢±è¹ä_Q3_00018.JPG	train	train	ÂüÄ¡¸¶¿ä»ï°¢±è¹ä	12	ÂüÄ¡¸¶¿ä»ï°¢±è¹ä	Q3	2	0.75	side	100	189.582	75	142.19
side_ÁÖ¸Ô¹ä±è¹ä·ù_Á¢½Ã_ÂüÄ¡¸¶¿ä»ï°¢±è¹ä_Q3_00020.JPG	train	train	ÂüÄ¡¸¶¿ä»ï°¢±è¹ä	12	ÂüÄ¡¸¶¿ä»ï°¢±è¹ä	Q3	2	0.75	side	100	189.582	75	142.19
side_ÁÖ¸Ô¹ä±è¹ä·ù_Á¢½Ã_ÂüÄ¡¸¶¿ä»ï°¢±è¹ä_Q3_00021.JPG	train	train	ÂüÄ¡¸¶¿ä»ï°¢±è¹ä	12	ÂüÄ¡¸¶¿ä»ï°¢±è¹ä	Q3	2	0.75	side	100	189.582	75	142.19
side_ÁÖ¸Ô¹ä±è¹ä·ù_Á¢½Ã_ÂüÄ¡¸¶¿ä»ï°¢±è¹ä_Q3_00023.JPG	train	train	ÂüÄ¡¸¶¿ä»ï°¢±è¹ä	12	ÂüÄ¡¸¶¿ä»ï°¢±è¹ä	Q3	2	0.75	side	100	189.582	75	142.19
side_ÁÖ¸Ô¹ä±è¹ä·ù_Á¢½Ã_ÂüÄ¡¸¶¿ä»ï°¢±è¹ä_Q3_00024.JPG	train	train	ÂüÄ¡¸¶¿ä»ï°¢±è¹ä	12	ÂüÄ¡¸¶¿ä»ï°¢±è¹ä	Q3	2	0.75	side	100	189.582	75	142.19
side_ÁÖ¸Ô¹ä±è¹ä·ù_Á¢½Ã_ÂüÄ¡¸¶¿ä»ï°¢±è¹ä_Q3_00025.JPG	train	train	ÂüÄ¡¸¶¿ä»ï°¢±è¹ä	12	ÂüÄ¡¸¶¿ä»ï°¢±è¹ä	Q3	2	0.75	side	100	189.582	75	142.19
side_ÁÖ¸Ô¹ä±è¹ä·ù_Á¢½Ã_ÂüÄ¡¸¶¿ä»ï°¢±è¹ä_Q3_00026.JPG	train	train	ÂüÄ¡¸¶¿ä»ï°¢±è¹ä	12	ÂüÄ¡¸¶¿ä»ï°¢±è¹ä	Q3	2	0.75	side	100	189.582	75	142.19
side_ÁÖ¸Ô¹ä±è¹ä·ù_Á¢½Ã_ÂüÄ¡¸¶¿ä»ï°¢±è¹ä_Q3_00027.JPG	train	train	ÂüÄ¡¸¶¿ä»ï°¢±è¹ä	12	ÂüÄ¡¸¶¿ä»ï°¢±è¹ä	Q3	2	0.75	side	100	189.582	75	142.19
side_ÁÖ¸Ô¹ä±è¹ä·ù_Á¢½Ã_ÂüÄ¡¸¶¿ä»ï°¢±è¹ä_Q3_00029.JPG	train	train	ÂüÄ¡¸¶¿ä»ï°¢±è¹ä	12	ÂüÄ¡¸¶¿ä»ï°¢±è¹ä	Q3	2	0.75	side	100	189.582	75	142.19
side_ÁÖ¸Ô¹ä±è¹ä·ù_Á¢½Ã_ÂüÄ¡¸¶¿ä»ï°¢±è¹ä_Q3_00030.JPG	train	train	ÂüÄ¡¸¶¿ä»ï°¢±è¹ä	12	ÂüÄ¡¸¶¿ä»ï°¢±è¹ä	Q3	2	0.75	side	100	189.582	75	142.19
side_ÁÖ¸Ô¹ä±è¹ä·ù_Á¢½Ã_ÂüÄ¡¸¶¿ä»ï°¢±è¹ä_Q3_00032.JPG	train	train	ÂüÄ¡¸¶¿ä»ï°¢±è¹ä	12	ÂüÄ¡¸¶¿ä»ï°¢±è¹ä	Q3	2	0.75	side	100	189.582	75	142.19
side_ÁÖ¸Ô¹ä±è¹ä·ù_Á¢½Ã_ÂüÄ¡¸¶¿ä»ï°¢±è¹ä_Q3_00033.JPG	train	train	ÂüÄ¡¸¶¿ä»ï°¢±è¹ä	12	ÂüÄ¡¸¶¿ä»ï°¢±è¹ä	Q3	2	0.75	side	100	189.582	75	142.19
side_ÁÖ¸Ô¹ä±è¹ä·ù_Á¢½Ã_ÂüÄ¡¸¶¿ä»ï°¢±è¹ä_Q3_00037.JPG	train	train	ÂüÄ¡¸¶¿ä»ï°¢±è¹ä	12	ÂüÄ¡¸¶¿ä»ï°¢±è¹ä	Q3	2	0.75	side	100	189.582	75	142.19
side_ÁÖ¸Ô¹ä±è¹ä·ù_Á¢½Ã_ÂüÄ¡¸¶¿ä»ï°¢±è¹ä_Q3_00038.JPG	train	train	ÂüÄ¡¸¶¿ä»ï°¢±è¹ä	12	ÂüÄ¡¸¶¿ä»ï°¢±è¹ä	Q3	2	0.75	side	100	189.582	75	142.19
side_ÁÖ¸Ô¹ä±è¹ä·ù_Á¢½Ã_ÂüÄ¡¸¶¿ä»ï°¢±è¹ä_Q3_00039.JPG	train	train	ÂüÄ¡¸¶¿ä»ï°¢±è¹ä	12	ÂüÄ¡¸¶¿ä»ï°¢±è¹ä	Q3	2	0.75	side	100	189.582	75	142.19
side_ÁÖ¸Ô¹ä±è¹ä·ù_Á¢½Ã_ÂüÄ¡¸¶¿ä»ï°¢±è¹ä_Q3_00040.JPG	train	train	ÂüÄ¡¸¶¿ä»ï°¢±è¹ä	12	ÂüÄ¡¸¶¿ä»ï°¢±è¹ä	Q3	2	0.75	side	100	189.582	75	142.19
side_ÁÖ¸Ô¹ä±è¹ä·ù_Á¢½Ã_ÂüÄ¡¸¶¿ä»ï°¢±è¹ä_Q3_00041.JPG	train	train	ÂüÄ¡¸¶¿ä»ï°¢±è¹ä	12	ÂüÄ¡¸¶¿ä»ï°¢±è¹ä	Q3	2	0.75	side	100	189.582	75	142.19
side_ÁÖ¸Ô¹ä±è¹ä·ù_Á¢½Ã_ÂüÄ¡¸¶¿ä»ï°¢±è¹ä_Q3_00042.JPG	train	train	ÂüÄ¡¸¶¿ä»ï°¢±è¹ä	12	ÂüÄ¡¸¶¿ä»ï°¢±è¹ä	Q3	2	0.75	side	100	189.582	75	142.19
side_ÁÖ¸Ô¹ä±è¹ä·ù_Á¢½Ã_ÂüÄ¡¸¶¿ä»ï°¢±è¹ä_Q3_00043.JPG	train	train	ÂüÄ¡¸¶¿ä»ï°¢±è¹ä	12	ÂüÄ¡¸¶¿ä»ï°¢±è¹ä	Q3	2	0.75	side	100	189.582	75	142.19
side_ÁÖ¸Ô¹ä±è¹ä·ù_Á¢½Ã_ÂüÄ¡¸¶¿ä»ï°¢±è¹ä_Q3_00044.JPG	train	train	ÂüÄ¡¸¶¿ä»ï°¢±è¹ä	12	ÂüÄ¡¸¶¿ä»ï°¢±è¹ä	Q3	2	0.75	side	100	189.582	75	142.19
side_ÁÖ¸Ô¹ä±è¹ä·ù_Á¢½Ã_ÂüÄ¡¸¶¿ä»ï°¢±è¹ä_Q3_00048.JPG	train	train	ÂüÄ¡¸¶¿ä»ï°¢±è¹ä	12	ÂüÄ¡¸¶¿ä»ï°¢±è¹ä	Q3	2	0.75	side	100	189.582	75	142.19
side_ÁÖ¸Ô¹ä±è¹ä·ù_Á¢½Ã_ÂüÄ¡¸¶¿ä»ï°¢±è¹ä_Q3_00049.JPG	train	train	ÂüÄ¡¸¶¿ä»ï°¢±è¹ä	12	ÂüÄ¡¸¶¿ä»ï°¢±è¹ä	Q3	2	0.75	side	100	189.582	75	142.19
side_ÁÖ¸Ô¹ä±è¹ä·ù_Á¢½Ã_ÂüÄ¡¸¶¿ä»ï°¢±è¹ä_Q3_00050.JPG	train	train	ÂüÄ¡¸¶¿ä»ï°¢±è¹ä	12	ÂüÄ¡¸¶¿ä»ï°¢±è¹ä	Q3	2	0.75	side	100	189.582	75	142.19
side_ÁÖ¸Ô¹ä±è¹ä·ù_Á¢½Ã_ÂüÄ¡¸¶¿ä»ï°¢±è¹ä_Q3_00051.JPG	train	train	ÂüÄ¡¸¶¿ä»ï°¢±è¹ä	12	ÂüÄ¡¸¶¿ä»ï°¢±è¹ä	Q3	2	0.75	side	100	189.582	75	142.19
side_ÁÖ¸Ô¹ä±è¹ä·ù_Á¢½Ã_ÂüÄ¡¸¶¿ä»ï°¢±è¹ä_Q3_00052.JPG	train	train	ÂüÄ¡¸¶¿ä»ï°¢±è¹ä	12	ÂüÄ¡¸¶¿ä»ï°¢±è¹ä	Q3	2	0.75	side	100	189.582	75	142.19
side_ÁÖ¸Ô¹ä±è¹ä·ù_Á¢½Ã_ÂüÄ¡¸¶¿ä»ï°¢±è¹ä_Q3_00053.JPG	train	train	ÂüÄ¡¸¶¿ä»ï°¢±è¹ä	12	ÂüÄ¡¸¶¿ä»ï°¢±è¹ä	Q3	2	0.75	side	100	189.582	75	142.19
side_ÁÖ¸Ô¹ä±è¹ä·ù_Á¢½Ã_ÂüÄ¡¸¶¿ä»ï°¢±è¹ä_Q3_00054.JPG	train	train	ÂüÄ¡¸¶¿ä»ï°¢±è¹ä	12	ÂüÄ¡¸¶¿ä»ï°¢±è¹ä	Q3	2	0.75	side	100	189.582	75	142.19
side_ÁÖ¸Ô¹ä±è¹ä·ù_Á¢½Ã_ÂüÄ¡¸¶¿ä»ï°¢±è¹ä_Q3_00055.JPG	train	train	ÂüÄ¡¸¶¿ä»ï°¢±è¹ä	12	ÂüÄ¡¸¶¿ä»ï°¢±è¹ä	Q3	2	0.75	side	100	189.582	75	142.19
top_ÁÖ¸Ô¹ä±è¹ä·ù_Á¢½Ã_ÂüÄ¡¸¶¿ä»ï°¢±è¹ä_Q3_00001.JPG	train	train	ÂüÄ¡¸¶¿ä»ï°¢±è¹ä	12	ÂüÄ¡¸¶¿ä»ï°¢±è¹ä	Q3	2	0.75	top	100	189.582	75	142.19
top_ÁÖ¸Ô¹ä±è¹ä·ù_Á¢½Ã_ÂüÄ¡¸¶¿ä»ï°¢±è¹ä_Q3_00002.JPG	train	train	ÂüÄ¡¸¶¿ä»ï°¢±è¹ä	12	ÂüÄ¡¸¶¿ä»ï°¢±è¹ä	Q3	2	0.75	top	100	189.582	75	142.19
top_ÁÖ¸Ô¹ä±è¹ä·ù_Á¢½Ã_ÂüÄ¡¸¶¿ä»ï°¢±è¹ä_Q3_00003.JPG	train	train	ÂüÄ¡¸¶¿ä»ï°¢±è¹ä	12	ÂüÄ¡¸¶¿ä»ï°¢±è¹ä	Q3	2	0.75	top	100	189.582	75	142.19
top_ÁÖ¸Ô¹ä±è¹ä·ù_Á¢½Ã_ÂüÄ¡¸¶¿ä»ï°¢±è¹ä_Q3_00005.JPG	train	train	ÂüÄ¡¸¶¿ä»ï°¢±è¹ä	12	ÂüÄ¡¸¶¿ä»ï°¢±è¹ä	Q3	2	0.75	top	100	189.582	75	142.19
top_ÁÖ¸Ô¹ä±è¹ä·ù_Á¢½Ã_ÂüÄ¡¸¶¿ä»ï°¢±è¹ä_Q3_00006.JPG	train	train	ÂüÄ¡¸¶¿ä»ï°¢±è¹ä	12	ÂüÄ¡¸¶¿ä»ï°¢±è¹ä	Q3	2	0.75	top	100	189.582	75	142.19
top_ÁÖ¸Ô¹ä±è¹ä·ù_Á¢½Ã_ÂüÄ¡¸¶¿ä»ï°¢±è¹ä_Q3_00007.JPG	train	train	ÂüÄ¡¸¶¿ä»ï°¢±è¹ä	12	ÂüÄ¡¸¶¿ä»ï°¢±è¹ä	Q3	2	0.75	top	100	189.582	75	142.19
top_ÁÖ¸Ô¹ä±è¹ä·ù_Á¢½Ã_ÂüÄ¡¸¶¿ä»ï°¢±è¹ä_Q3_00008.JPG	train	train	ÂüÄ¡¸¶¿ä»ï°¢±è¹ä	12	ÂüÄ¡¸¶¿ä»ï°¢±è¹ä	Q3	2	0.75	top	100	189.582	75	142.19
top_ÁÖ¸Ô¹ä±è¹ä·ù_Á¢½Ã_ÂüÄ¡¸¶¿ä»ï°¢±è¹ä_Q3_00009.JPG	train	train	ÂüÄ¡¸¶¿ä»ï°¢±è¹ä	12	ÂüÄ¡¸¶¿ä»ï°¢±è¹ä	Q3	2	0.75	top	100	189.582	75	142.19
top_ÁÖ¸Ô¹ä±è¹ä·ù_Á¢½Ã_ÂüÄ¡¸¶¿ä»ï°¢±è¹ä_Q3_00010.JPG	train	train	ÂüÄ¡¸¶¿ä»ï°¢±è¹ä	12	ÂüÄ¡¸¶¿ä»ï°¢±è¹ä	Q3	2	0.75	top	100	189.582	75	142.19
top_ÁÖ¸Ô¹ä±è¹ä·ù_Á¢½Ã_ÂüÄ¡¸¶¿ä»ï°¢±è¹ä_Q3_00012.JPG	train	train	ÂüÄ¡¸¶¿ä»ï°¢±è¹ä	12	ÂüÄ¡¸¶¿ä»ï°¢±è¹ä	Q3	2	0.75	top	100	189.582	75	142.19
top_ÁÖ¸Ô¹ä±è¹ä·ù_Á¢½Ã_ÂüÄ¡¸¶¿ä»ï°¢±è¹ä_Q3_00013.JPG	train	train	ÂüÄ¡¸¶¿ä»ï°¢±è¹ä	12	ÂüÄ¡¸¶¿ä»ï°¢±è¹ä	Q3	2	0.75	top	100	189.582	75	142.19
top_ÁÖ¸Ô¹ä±è¹ä·ù_Á¢½Ã_ÂüÄ¡¸¶¿ä»ï°¢±è¹ä_Q3_00014.JPG	train	train	ÂüÄ¡¸¶¿ä»ï°¢±è¹ä	12	ÂüÄ¡¸¶¿ä»ï°¢±è¹ä	Q3	2	0.75	top	100	189.582	75	142.19
top_ÁÖ¸Ô¹ä±è¹ä·ù_Á¢½Ã_ÂüÄ¡¸¶¿ä»ï°¢±è¹ä_Q3_00016.JPG	train	train	ÂüÄ¡¸¶¿ä»ï°¢±è¹ä	12	ÂüÄ¡¸¶¿ä»ï°¢±è¹ä	Q3	2	0.75	top	100	189.582	75	142.19
top_ÁÖ¸Ô¹ä±è¹ä·ù_Á¢½Ã_ÂüÄ¡¸¶¿ä»ï°¢±è¹ä_Q3_00017.JPG	train	train	ÂüÄ¡¸¶¿ä»ï°¢±è¹ä	12	ÂüÄ¡¸¶¿ä»ï°¢±è¹ä	Q3	2	0.75	top	100	189.582	75	142.19
top_ÁÖ¸Ô¹ä±è¹ä·ù_Á¢½Ã_ÂüÄ¡¸¶¿ä»ï°¢±è¹ä_Q3_00018.JPG	train	train	ÂüÄ¡¸¶¿ä»ï°¢±è¹ä	12	ÂüÄ¡¸¶¿ä»ï°¢±è¹ä	Q3	2	0.75	top	100	189.582	75	142.19
top_ÁÖ¸Ô¹ä±è¹ä·ù_Á¢½Ã_ÂüÄ¡¸¶¿ä»ï°¢±è¹ä_Q3_00019.JPG	train	train	ÂüÄ¡¸¶¿ä»ï°¢±è¹ä	12	ÂüÄ¡¸¶¿ä»ï°¢±è¹ä	Q3	2	0.75	top	100	189.582	75	142.19
top_ÁÖ¸Ô¹ä±è¹ä·ù_Á¢½Ã_ÂüÄ¡¸¶¿ä»ï°¢±è¹ä_Q3_00020.JPG	train	train	ÂüÄ¡¸¶¿ä»ï°¢±è¹ä	12	ÂüÄ¡¸¶¿ä»ï°¢±è¹ä	Q3	2	0.75	top	100	189.582	75	142.19
top_ÁÖ¸Ô¹ä±è¹ä·ù_Á¢½Ã_ÂüÄ¡¸¶¿ä»ï°¢±è¹ä_Q3_00021.JPG	train	train	ÂüÄ¡¸¶¿ä»ï°¢±è¹ä	12	ÂüÄ¡¸¶¿ä»ï°¢±è¹ä	Q3	2	0.75	top	100	189.582	75	142.19
top_ÁÖ¸Ô¹ä±è¹ä·ù_Á¢½Ã_ÂüÄ¡¸¶¿ä»ï°¢±è¹ä_Q3_00023.JPG	train	train	ÂüÄ¡¸¶¿ä»ï°¢±è¹ä	12	ÂüÄ¡¸¶¿ä»ï°¢±è¹ä	Q3	2	0.75	top	100	189.582	75	142.19
top_ÁÖ¸Ô¹ä±è¹ä·ù_Á¢½Ã_ÂüÄ¡¸¶¿ä»ï°¢±è¹ä_Q3_00024.JPG	train	train	ÂüÄ¡¸¶¿ä»ï°¢±è¹ä	12	ÂüÄ¡¸¶¿ä»ï°¢±è¹ä	Q3	2	0.75	top	100	189.582	75	142.19
top_ÁÖ¸Ô¹ä±è¹ä·ù_Á¢½Ã_ÂüÄ¡¸¶¿ä»ï°¢±è¹ä_Q3_00025.JPG	train	train	ÂüÄ¡¸¶¿ä»ï°¢±è¹ä	12	ÂüÄ¡¸¶¿ä»ï°¢±è¹ä	Q3	2	0.75	top	100	189.582	75	142.19
top_ÁÖ¸Ô¹ä±è¹ä·ù_Á¢½Ã_ÂüÄ¡¸¶¿ä»ï°¢±è¹ä_Q3_00026.JPG	train	train	ÂüÄ¡¸¶¿ä»ï°¢±è¹ä	12	ÂüÄ¡¸¶¿ä»ï°¢±è¹ä	Q3	2	0.75	top	100	189.582	75	142.19
top_ÁÖ¸Ô¹ä±è¹ä·ù_Á¢½Ã_ÂüÄ¡¸¶¿ä»ï°¢±è¹ä_Q3_00027.JPG	train	train	ÂüÄ¡¸¶¿ä»ï°¢±è¹ä	12	ÂüÄ¡¸¶¿ä»ï°¢±è¹ä	Q3	2	0.75	top	100	189.582	75	142.19
top_ÁÖ¸Ô¹ä±è¹ä·ù_Á¢½Ã_ÂüÄ¡¸¶¿ä»ï°¢±è¹ä_Q3_00028.JPG	train	train	ÂüÄ¡¸¶¿ä»ï°¢±è¹ä	12	ÂüÄ¡¸¶¿ä»ï°¢±è¹ä	Q3	2	0.75	top	100	189.582	75	142.19
top_ÁÖ¸Ô¹ä±è¹ä·ù_Á¢½Ã_ÂüÄ¡¸¶¿ä»ï°¢±è¹ä_Q3_00029.JPG	train	train	ÂüÄ¡¸¶¿ä»ï°¢±è¹ä	12	ÂüÄ¡¸¶¿ä»ï°¢±è¹ä	Q3	2	0.75	top	100	189.582	75	142.19
top_ÁÖ¸Ô¹ä±è¹ä·ù_Á¢½Ã_ÂüÄ¡¸¶¿ä»ï°¢±è¹ä_Q3_00030.JPG	train	train	ÂüÄ¡¸¶¿ä»ï°¢±è¹ä	12	ÂüÄ¡¸¶¿ä»ï°¢±è¹ä	Q3	2	0.75	top	100	189.582	75	142.19
top_ÁÖ¸Ô¹ä±è¹ä·ù_Á¢½Ã_ÂüÄ¡¸¶¿ä»ï°¢±è¹ä_Q3_00031.JPG	train	train	ÂüÄ¡¸¶¿ä»ï°¢±è¹ä	12	ÂüÄ¡¸¶¿ä»ï°¢±è¹ä	Q3	2	0.75	top	100	189.582	75	142.19
top_ÁÖ¸Ô¹ä±è¹ä·ù_Á¢½Ã_ÂüÄ¡¸¶¿ä»ï°¢±è¹ä_Q3_00033.JPG	train	train	ÂüÄ¡¸¶¿ä»ï°¢±è¹ä	12	ÂüÄ¡¸¶¿ä»ï°¢±è¹ä	Q3	2	0.75	top	100	189.582	75	142.19
top_ÁÖ¸Ô¹ä±è¹ä·ù_Á¢½Ã_ÂüÄ¡¸¶¿ä»ï°¢±è¹ä_Q3_00034.JPG	train	train	ÂüÄ¡¸¶¿ä»ï°¢±è¹ä	12	ÂüÄ¡¸¶¿ä»ï°¢±è¹ä	Q3	2	0.75	top	100	189.582	75	142.19
top_ÁÖ¸Ô¹ä±è¹ä·ù_Á¢½Ã_ÂüÄ¡¸¶¿ä»ï°¢±è¹ä_Q3_00035.JPG	train	train	ÂüÄ¡¸¶¿ä»ï°¢±è¹ä	12	ÂüÄ¡¸¶¿ä»ï°¢±è¹ä	Q3	2	0.75	top	100	189.582	75	142.19
top_ÁÖ¸Ô¹ä±è¹ä·ù_Á¢½Ã_ÂüÄ¡¸¶¿ä»ï°¢±è¹ä_Q3_00036.JPG	train	train	ÂüÄ¡¸¶¿ä»ï°¢±è¹ä	12	ÂüÄ¡¸¶¿ä»ï°¢±è¹ä	Q3	2	0.75	top	100	189.582	75	142.19
top_ÁÖ¸Ô¹ä±è¹ä·ù_Á¢½Ã_ÂüÄ¡¸¶¿ä»ï°¢±è¹ä_Q3_00037.JPG	train	train	ÂüÄ¡¸¶¿ä»ï°¢±è¹ä	12	ÂüÄ¡¸¶¿ä»ï°¢±è¹ä	Q3	2	0.75	top	100	189.582	75	142.19
top_ÁÖ¸Ô¹ä±è¹ä·ù_Á¢½Ã_ÂüÄ¡¸¶¿ä»ï°¢±è¹ä_Q3_00038.JPG	train	train	ÂüÄ¡¸¶¿ä»ï°¢±è¹ä	12	ÂüÄ¡¸¶¿ä»ï°¢±è¹ä	Q3	2	0.75	top	100	189.582	75	142.19
top_ÁÖ¸Ô¹ä±è¹ä·ù_Á¢½Ã_ÂüÄ¡¸¶¿ä»ï°¢±è¹ä_Q3_00040.JPG	train	train	ÂüÄ¡¸¶¿ä»ï°¢±è¹ä	12	ÂüÄ¡¸¶¿ä»ï°¢±è¹ä	Q3	2	0.75	top	100	189.582	75	142.19
top_ÁÖ¸Ô¹ä±è¹ä·ù_Á¢½Ã_ÂüÄ¡¸¶¿ä»ï°¢±è¹ä_Q3_00042.JPG	train	train	ÂüÄ¡¸¶¿ä»ï°¢±è¹ä	12	ÂüÄ¡¸¶¿ä»ï°¢±è¹ä	Q3	2	0.75	top	100	189.582	75	142.19
top_ÁÖ¸Ô¹ä±è¹ä·ù_Á¢½Ã_ÂüÄ¡¸¶¿ä»ï°¢±è¹ä_Q3_00043.JPG	train	train	ÂüÄ¡¸¶¿ä»ï°¢±è¹ä	12	ÂüÄ¡¸¶¿ä»ï°¢±è¹ä	Q3	2	0.75	top	100	189.582	75	142.19
top_ÁÖ¸Ô¹ä±è¹ä·ù_Á¢½Ã_ÂüÄ¡¸¶¿ä»ï°¢±è¹ä_Q3_00044.JPG	train	train	ÂüÄ¡¸¶¿ä»ï°¢±è¹ä	12	ÂüÄ¡¸¶¿ä»ï°¢±è¹ä	Q3	2	0.75	top	100	189.582	75	142.19
top_ÁÖ¸Ô¹ä±è¹ä·ù_Á¢½Ã_ÂüÄ¡¸¶¿ä»ï°¢±è¹ä_Q3_00045.JPG	train	train	ÂüÄ¡¸¶¿ä»ï°¢±è¹ä	12	ÂüÄ¡¸¶¿ä»ï°¢±è¹ä	Q3	2	0.75	top	100	189.582	75	142.19
top_ÁÖ¸Ô¹ä±è¹ä·ù_Á¢½Ã_ÂüÄ¡¸¶¿ä»ï°¢±è¹ä_Q3_00046.JPG	train	train	ÂüÄ¡¸¶¿ä»ï°¢±è¹ä	12	ÂüÄ¡¸¶¿ä»ï°¢±è¹ä	Q3	2	0.75	top	100	189.582	75	142.19
top_ÁÖ¸Ô¹ä±è¹ä·ù_Á¢½Ã_ÂüÄ¡¸¶¿ä»ï°¢±è¹ä_Q3_00048.JPG	train	train	ÂüÄ¡¸¶¿ä»ï°¢±è¹ä	12	ÂüÄ¡¸¶¿ä»ï°¢±è¹ä	Q3	2	0.75	top	100	189.582	75	142.19
top_ÁÖ¸Ô¹ä±è¹ä·ù_Á¢½Ã_ÂüÄ¡¸¶¿ä»ï°¢±è¹ä_Q3_00049.JPG	train	train	ÂüÄ¡¸¶¿ä»ï°¢±è¹ä	12	ÂüÄ¡¸¶¿ä»ï°¢±è¹ä	Q3	2	0.75	top	100	189.582	75	142.19
top_ÁÖ¸Ô¹ä±è¹ä·ù_Á¢½Ã_ÂüÄ¡¸¶¿ä»ï°¢±è¹ä_Q3_00050.JPG	train	train	ÂüÄ¡¸¶¿ä»ï°¢±è¹ä	12	ÂüÄ¡¸¶¿ä»ï°¢±è¹ä	Q3	2	0.75	top	100	189.582	75	142.19
top_ÁÖ¸Ô¹ä±è¹ä·ù_Á¢½Ã_ÂüÄ¡¸¶¿ä»ï°¢±è¹ä_Q3_00051.JPG	train	train	ÂüÄ¡¸¶¿ä»ï°¢±è¹ä	12	ÂüÄ¡¸¶¿ä»ï°¢±è¹ä	Q3	2	0.75	top	100	189.582	75	142.19
top_ÁÖ¸Ô¹ä±è¹ä·ù_Á¢½Ã_ÂüÄ¡¸¶¿ä»ï°¢±è¹ä_Q3_00052.JPG	train	train	ÂüÄ¡¸¶¿ä»ï°¢±è¹ä	12	ÂüÄ¡¸¶¿ä»ï°¢±è¹ä	Q3	2	0.75	top	100	189.582	75	142.19
top_ÁÖ¸Ô¹ä±è¹ä·ù_Á¢½Ã_ÂüÄ¡¸¶¿ä»ï°¢±è¹ä_Q3_00053.JPG	train	train	ÂüÄ¡¸¶¿ä»ï°¢±è¹ä	12	ÂüÄ¡¸¶¿ä»ï°¢±è¹ä	Q3	2	0.75	top	100	189.582	75	142.19
top_ÁÖ¸Ô¹ä±è¹ä·ù_Á¢½Ã_ÂüÄ¡¸¶¿ä»ï°¢±è¹ä_Q3_00054.JPG	train	train	ÂüÄ¡¸¶¿ä»ï°¢±è¹ä	12	ÂüÄ¡¸¶¿ä»ï°¢±è¹ä	Q3	2	0.75	top	100	189.582	75	142.19
top_ÁÖ¸Ô¹ä±è¹ä·ù_Á¢½Ã_ÂüÄ¡¸¶¿ä»ï°¢±è¹ä_Q3_00055.JPG	train	train	ÂüÄ¡¸¶¿ä»ï°¢±è¹ä	12	ÂüÄ¡¸¶¿ä»ï°¢±è¹ä	Q3	2	0.75	top	100	189.582	75	142.19
side_ÁÖ¸Ô¹ä±è¹ä·ù_Á¢½Ã_ÂüÄ¡¸¶¿ä»ï°¢±è¹ä_Q4_00001.JPG	train	train	ÂüÄ¡¸¶¿ä»ï°¢±è¹ä	12	ÂüÄ¡¸¶¿ä»ï°¢±è¹ä	Q4	3	1	side	100	189.582	100	189.58
side_ÁÖ¸Ô¹ä±è¹ä·ù_Á¢½Ã_ÂüÄ¡¸¶¿ä»ï°¢±è¹ä_Q4_00002.JPG	train	train	ÂüÄ¡¸¶¿ä»ï°¢±è¹ä	12	ÂüÄ¡¸¶¿ä»ï°¢±è¹ä	Q4	3	1	side	100	189.582	100	189.58
side_ÁÖ¸Ô¹ä±è¹ä·ù_Á¢½Ã_ÂüÄ¡¸¶¿ä»ï°¢±è¹ä_Q4_00003.JPG	train	train	ÂüÄ¡¸¶¿ä»ï°¢±è¹ä	12	ÂüÄ¡¸¶¿ä»ï°¢±è¹ä	Q4	3	1	side	100	189.582	100	189.58
side_ÁÖ¸Ô¹ä±è¹ä·ù_Á¢½Ã_ÂüÄ¡¸¶¿ä»ï°¢±è¹ä_Q4_00004.JPG	train	train	ÂüÄ¡¸¶¿ä»ï°¢±è¹ä	12	ÂüÄ¡¸¶¿ä»ï°¢±è¹ä	Q4	3	1	side	100	189.582	100	189.58
side_ÁÖ¸Ô¹ä±è¹ä·ù_Á¢½Ã_ÂüÄ¡¸¶¿ä»ï°¢±è¹ä_Q4_00006.JPG	train	train	ÂüÄ¡¸¶¿ä»ï°¢±è¹ä	12	ÂüÄ¡¸¶¿ä»ï°¢±è¹ä	Q4	3	1	side	100	189.582	100	189.58
side_ÁÖ¸Ô¹ä±è¹ä·ù_Á¢½Ã_ÂüÄ¡¸¶¿ä»ï°¢±è¹ä_Q4_00007.JPG	train	train	ÂüÄ¡¸¶¿ä»ï°¢±è¹ä	12	ÂüÄ¡¸¶¿ä»ï°¢±è¹ä	Q4	3	1	side	100	189.582	100	189.58
side_ÁÖ¸Ô¹ä±è¹ä·ù_Á¢½Ã_ÂüÄ¡¸¶¿ä»ï°¢±è¹ä_Q4_00008.JPG	train	train	ÂüÄ¡¸¶¿ä»ï°¢±è¹ä	12	ÂüÄ¡¸¶¿ä»ï°¢±è¹ä	Q4	3	1	side	100	189.582	100	189.58
side_ÁÖ¸Ô¹ä±è¹ä·ù_Á¢½Ã_ÂüÄ¡¸¶¿ä»ï°¢±è¹ä_Q4_00009.JPG	train	train	ÂüÄ¡¸¶¿ä»ï°¢±è¹ä	12	ÂüÄ¡¸¶¿ä»ï°¢±è¹ä	Q4	3	1	side	100	189.582	100	189.58
side_ÁÖ¸Ô¹ä±è¹ä·ù_Á¢½Ã_ÂüÄ¡¸¶¿ä»ï°¢±è¹ä_Q4_00011.JPG	train	train	ÂüÄ¡¸¶¿ä»ï°¢±è¹ä	12	ÂüÄ¡¸¶¿ä»ï°¢±è¹ä	Q4	3	1	side	100	189.582	100	189.58
side_ÁÖ¸Ô¹ä±è¹ä·ù_Á¢½Ã_ÂüÄ¡¸¶¿ä»ï°¢±è¹ä_Q4_00012.JPG	train	train	ÂüÄ¡¸¶¿ä»ï°¢±è¹ä	12	ÂüÄ¡¸¶¿ä»ï°¢±è¹ä	Q4	3	1	side	100	189.582	100	189.58
side_ÁÖ¸Ô¹ä±è¹ä·ù_Á¢½Ã_ÂüÄ¡¸¶¿ä»ï°¢±è¹ä_Q4_00014.JPG	train	train	ÂüÄ¡¸¶¿ä»ï°¢±è¹ä	12	ÂüÄ¡¸¶¿ä»ï°¢±è¹ä	Q4	3	1	side	100	189.582	100	189.58
side_ÁÖ¸Ô¹ä±è¹ä·ù_Á¢½Ã_ÂüÄ¡¸¶¿ä»ï°¢±è¹ä_Q4_00015.JPG	train	train	ÂüÄ¡¸¶¿ä»ï°¢±è¹ä	12	ÂüÄ¡¸¶¿ä»ï°¢±è¹ä	Q4	3	1	side	100	189.582	100	189.58
side_ÁÖ¸Ô¹ä±è¹ä·ù_Á¢½Ã_ÂüÄ¡¸¶¿ä»ï°¢±è¹ä_Q4_00016.JPG	train	train	ÂüÄ¡¸¶¿ä»ï°¢±è¹ä	12	ÂüÄ¡¸¶¿ä»ï°¢±è¹ä	Q4	3	1	side	100	189.582	100	189.58
side_ÁÖ¸Ô¹ä±è¹ä·ù_Á¢½Ã_ÂüÄ¡¸¶¿ä»ï°¢±è¹ä_Q4_00018.JPG	train	train	ÂüÄ¡¸¶¿ä»ï°¢±è¹ä	12	ÂüÄ¡¸¶¿ä»ï°¢±è¹ä	Q4	3	1	side	100	189.582	100	189.58
side_ÁÖ¸Ô¹ä±è¹ä·ù_Á¢½Ã_ÂüÄ¡¸¶¿ä»ï°¢±è¹ä_Q4_00020.JPG	train	train	ÂüÄ¡¸¶¿ä»ï°¢±è¹ä	12	ÂüÄ¡¸¶¿ä»ï°¢±è¹ä	Q4	3	1	side	100	189.582	100	189.58
side_ÁÖ¸Ô¹ä±è¹ä·ù_Á¢½Ã_ÂüÄ¡¸¶¿ä»ï°¢±è¹ä_Q4_00022.JPG	train	train	ÂüÄ¡¸¶¿ä»ï°¢±è¹ä	12	ÂüÄ¡¸¶¿ä»ï°¢±è¹ä	Q4	3	1	side	100	189.582	100	189.58
side_ÁÖ¸Ô¹ä±è¹ä·ù_Á¢½Ã_ÂüÄ¡¸¶¿ä»ï°¢±è¹ä_Q4_00023.JPG	train	train	ÂüÄ¡¸¶¿ä»ï°¢±è¹ä	12	ÂüÄ¡¸¶¿ä»ï°¢±è¹ä	Q4	3	1	side	100	189.582	100	189.58
side_ÁÖ¸Ô¹ä±è¹ä·ù_Á¢½Ã_ÂüÄ¡¸¶¿ä»ï°¢±è¹ä_Q4_00025.JPG	train	train	ÂüÄ¡¸¶¿ä»ï°¢±è¹ä	12	ÂüÄ¡¸¶¿ä»ï°¢±è¹ä	Q4	3	1	side	100	189.582	100	189.58
side_ÁÖ¸Ô¹ä±è¹ä·ù_Á¢½Ã_ÂüÄ¡¸¶¿ä»ï°¢±è¹ä_Q4_00026.JPG	train	train	ÂüÄ¡¸¶¿ä»ï°¢±è¹ä	12	ÂüÄ¡¸¶¿ä»ï°¢±è¹ä	Q4	3	1	side	100	189.582	100	189.58
side_ÁÖ¸Ô¹ä±è¹ä·ù_Á¢½Ã_ÂüÄ¡¸¶¿ä»ï°¢±è¹ä_Q4_00027.JPG	train	train	ÂüÄ¡¸¶¿ä»ï°¢±è¹ä	12	ÂüÄ¡¸¶¿ä»ï°¢±è¹ä	Q4	3	1	side	100	189.582	100	189.58
side_ÁÖ¸Ô¹ä±è¹ä·ù_Á¢½Ã_ÂüÄ¡¸¶¿ä»ï°¢±è¹ä_Q4_00028.JPG	train	train	ÂüÄ¡¸¶¿ä»ï°¢±è¹ä	12	ÂüÄ¡¸¶¿ä»ï°¢±è¹ä	Q4	3	1	side	100	189.582	100	189.58
side_ÁÖ¸Ô¹ä±è¹ä·ù_Á¢½Ã_ÂüÄ¡¸¶¿ä»ï°¢±è¹ä_Q4_00029.JPG	train	train	ÂüÄ¡¸¶¿ä»ï°¢±è¹ä	12	ÂüÄ¡¸¶¿ä»ï°¢±è¹ä	Q4	3	1	side	100	189.582	100	189.58
side_ÁÖ¸Ô¹ä±è¹ä·ù_Á¢½Ã_ÂüÄ¡¸¶¿ä»ï°¢±è¹ä_Q4_00030.JPG	train	train	ÂüÄ¡¸¶¿ä»ï°¢±è¹ä	12	ÂüÄ¡¸¶¿ä»ï°¢±è¹ä	Q4	3	1	side	100	189.582	100	189.58
side_ÁÖ¸Ô¹ä±è¹ä·ù_Á¢½Ã_ÂüÄ¡¸¶¿ä»ï°¢±è¹ä_Q4_00031.JPG	train	train	ÂüÄ¡¸¶¿ä»ï°¢±è¹ä	12	ÂüÄ¡¸¶¿ä»ï°¢±è¹ä	Q4	3	1	side	100	189.582	100	189.58
side_ÁÖ¸Ô¹ä±è¹ä·ù_Á¢½Ã_ÂüÄ¡¸¶¿ä»ï°¢±è¹ä_Q4_00032.JPG	train	train	ÂüÄ¡¸¶¿ä»ï°¢±è¹ä	12	ÂüÄ¡¸¶¿ä»ï°¢±è¹ä	Q4	3	1	side	100	189.582	100	189.58
side_ÁÖ¸Ô¹ä±è¹ä·ù_Á¢½Ã_ÂüÄ¡¸¶¿ä»ï°¢±è¹ä_Q4_00033.JPG	train	train	ÂüÄ¡¸¶¿ä»ï°¢±è¹ä	12	ÂüÄ¡¸¶¿ä»ï°¢±è¹ä	Q4	3	1	side	100	189.582	100	189.58
side_ÁÖ¸Ô¹ä±è¹ä·ù_Á¢½Ã_ÂüÄ¡¸¶¿ä»ï°¢±è¹ä_Q4_00034.JPG	train	train	ÂüÄ¡¸¶¿ä»ï°¢±è¹ä	12	ÂüÄ¡¸¶¿ä»ï°¢±è¹ä	Q4	3	1	side	100	189.582	100	189.58
side_ÁÖ¸Ô¹ä±è¹ä·ù_Á¢½Ã_ÂüÄ¡¸¶¿ä»ï°¢±è¹ä_Q4_00036.JPG	train	train	ÂüÄ¡¸¶¿ä»ï°¢±è¹ä	12	ÂüÄ¡¸¶¿ä»ï°¢±è¹ä	Q4	3	1	side	100	189.582	100	189.58
side_ÁÖ¸Ô¹ä±è¹ä·ù_Á¢½Ã_ÂüÄ¡¸¶¿ä»ï°¢±è¹ä_Q4_00039.JPG	train	train	ÂüÄ¡¸¶¿ä»ï°¢±è¹ä	12	ÂüÄ¡¸¶¿ä»ï°¢±è¹ä	Q4	3	1	side	100	189.582	100	189.58
side_ÁÖ¸Ô¹ä±è¹ä·ù_Á¢½Ã_ÂüÄ¡¸¶¿ä»ï°¢±è¹ä_Q4_00041.JPG	train	train	ÂüÄ¡¸¶¿ä»ï°¢±è¹ä	12	ÂüÄ¡¸¶¿ä»ï°¢±è¹ä	Q4	3	1	side	100	189.582	100	189.58
side_ÁÖ¸Ô¹ä±è¹ä·ù_Á¢½Ã_ÂüÄ¡¸¶¿ä»ï°¢±è¹ä_Q4_00042.JPG	train	train	ÂüÄ¡¸¶¿ä»ï°¢±è¹ä	12	ÂüÄ¡¸¶¿ä»ï°¢±è¹ä	Q4	3	1	side	100	189.582	100	189.58
side_ÁÖ¸Ô¹ä±è¹ä·ù_Á¢½Ã_ÂüÄ¡¸¶¿ä»ï°¢±è¹ä_Q4_00043.JPG	train	train	ÂüÄ¡¸¶¿ä»ï°¢±è¹ä	12	ÂüÄ¡¸¶¿ä»ï°¢±è¹ä	Q4	3	1	side	100	189.582	100	189.58
side_ÁÖ¸Ô¹ä±è¹ä·ù_Á¢½Ã_ÂüÄ¡¸¶¿ä»ï°¢±è¹ä_Q4_00047.JPG	train	train	ÂüÄ¡¸¶¿ä»ï°¢±è¹ä	12	ÂüÄ¡¸¶¿ä»ï°¢±è¹ä	Q4	3	1	side	100	189.582	100	189.58
side_ÁÖ¸Ô¹ä±è¹ä·ù_Á¢½Ã_ÂüÄ¡¸¶¿ä»ï°¢±è¹ä_Q4_00048.JPG	train	train	ÂüÄ¡¸¶¿ä»ï°¢±è¹ä	12	ÂüÄ¡¸¶¿ä»ï°¢±è¹ä	Q4	3	1	side	100	189.582	100	189.58
side_ÁÖ¸Ô¹ä±è¹ä·ù_Á¢½Ã_ÂüÄ¡¸¶¿ä»ï°¢±è¹ä_Q4_00049.JPG	train	train	ÂüÄ¡¸¶¿ä»ï°¢±è¹ä	12	ÂüÄ¡¸¶¿ä»ï°¢±è¹ä	Q4	3	1	side	100	189.582	100	189.58
side_ÁÖ¸Ô¹ä±è¹ä·ù_Á¢½Ã_ÂüÄ¡¸¶¿ä»ï°¢±è¹ä_Q4_00050.JPG	train	train	ÂüÄ¡¸¶¿ä»ï°¢±è¹ä	12	ÂüÄ¡¸¶¿ä»ï°¢±è¹ä	Q4	3	1	side	100	189.582	100	189.58
side_ÁÖ¸Ô¹ä±è¹ä·ù_Á¢½Ã_ÂüÄ¡¸¶¿ä»ï°¢±è¹ä_Q4_00051.JPG	train	train	ÂüÄ¡¸¶¿ä»ï°¢±è¹ä	12	ÂüÄ¡¸¶¿ä»ï°¢±è¹ä	Q4	3	1	side	100	189.582	100	189.58
side_ÁÖ¸Ô¹ä±è¹ä·ù_Á¢½Ã_ÂüÄ¡¸¶¿ä»ï°¢±è¹ä_Q4_00052.JPG	train	train	ÂüÄ¡¸¶¿ä»ï°¢±è¹ä	12	ÂüÄ¡¸¶¿ä»ï°¢±è¹ä	Q4	3	1	side	100	189.582	100	189.58
side_ÁÖ¸Ô¹ä±è¹ä·ù_Á¢½Ã_ÂüÄ¡¸¶¿ä»ï°¢±è¹ä_Q4_00053.JPG	train	train	ÂüÄ¡¸¶¿ä»ï°¢±è¹ä	12	ÂüÄ¡¸¶¿ä»ï°¢±è¹ä	Q4	3	1	side	100	189.582	100	189.58
side_ÁÖ¸Ô¹ä±è¹ä·ù_Á¢½Ã_ÂüÄ¡¸¶¿ä»ï°¢±è¹ä_Q4_00055.JPG	train	train	ÂüÄ¡¸¶¿ä»ï°¢±è¹ä	12	ÂüÄ¡¸¶¿ä»ï°¢±è¹ä	Q4	3	1	side	100	189.582	100	189.58
side_ÁÖ¸Ô¹ä±è¹ä·ù_Á¢½Ã_ÂüÄ¡¸¶¿ä»ï°¢±è¹ä_Q4_00056.JPG	train	train	ÂüÄ¡¸¶¿ä»ï°¢±è¹ä	12	ÂüÄ¡¸¶¿ä»ï°¢±è¹ä	Q4	3	1	side	100	189.582	100	189.58
side_ÁÖ¸Ô¹ä±è¹ä·ù_Á¢½Ã_ÂüÄ¡¸¶¿ä»ï°¢±è¹ä_Q4_00057.JPG	train	train	ÂüÄ¡¸¶¿ä»ï°¢±è¹ä	12	ÂüÄ¡¸¶¿ä»ï°¢±è¹ä	Q4	3	1	side	100	189.582	100	189.58
top_ÁÖ¸Ô¹ä±è¹ä·ù_Á¢½Ã_ÂüÄ¡¸¶¿ä»ï°¢±è¹ä_Q4_00001.JPG	train	train	ÂüÄ¡¸¶¿ä»ï°¢±è¹ä	12	ÂüÄ¡¸¶¿ä»ï°¢±è¹ä	Q4	3	1	top	100	189.582	100	189.58
top_ÁÖ¸Ô¹ä±è¹ä·ù_Á¢½Ã_ÂüÄ¡¸¶¿ä»ï°¢±è¹ä_Q4_00002.JPG	train	train	ÂüÄ¡¸¶¿ä»ï°¢±è¹ä	12	ÂüÄ¡¸¶¿ä»ï°¢±è¹ä	Q4	3	1	top	100	189.582	100	189.58
top_ÁÖ¸Ô¹ä±è¹ä·ù_Á¢½Ã_ÂüÄ¡¸¶¿ä»ï°¢±è¹ä_Q4_00003.JPG	train	train	ÂüÄ¡¸¶¿ä»ï°¢±è¹ä	12	ÂüÄ¡¸¶¿ä»ï°¢±è¹ä	Q4	3	1	top	100	189.582	100	189.58
top_ÁÖ¸Ô¹ä±è¹ä·ù_Á¢½Ã_ÂüÄ¡¸¶¿ä»ï°¢±è¹ä_Q4_00004.JPG	train	train	ÂüÄ¡¸¶¿ä»ï°¢±è¹ä	12	ÂüÄ¡¸¶¿ä»ï°¢±è¹ä	Q4	3	1	top	100	189.582	100	189.58
top_ÁÖ¸Ô¹ä±è¹ä·ù_Á¢½Ã_ÂüÄ¡¸¶¿ä»ï°¢±è¹ä_Q4_00005.JPG	train	train	ÂüÄ¡¸¶¿ä»ï°¢±è¹ä	12	ÂüÄ¡¸¶¿ä»ï°¢±è¹ä	Q4	3	1	top	100	189.582	100	189.58
top_ÁÖ¸Ô¹ä±è¹ä·ù_Á¢½Ã_ÂüÄ¡¸¶¿ä»ï°¢±è¹ä_Q4_00006.JPG	train	train	ÂüÄ¡¸¶¿ä»ï°¢±è¹ä	12	ÂüÄ¡¸¶¿ä»ï°¢±è¹ä	Q4	3	1	top	100	189.582	100	189.58
top_ÁÖ¸Ô¹ä±è¹ä·ù_Á¢½Ã_ÂüÄ¡¸¶¿ä»ï°¢±è¹ä_Q4_00007.JPG	train	train	ÂüÄ¡¸¶¿ä»ï°¢±è¹ä	12	ÂüÄ¡¸¶¿ä»ï°¢±è¹ä	Q4	3	1	top	100	189.582	100	189.58
top_ÁÖ¸Ô¹ä±è¹ä·ù_Á¢½Ã_ÂüÄ¡¸¶¿ä»ï°¢±è¹ä_Q4_00008.JPG	train	train	ÂüÄ¡¸¶¿ä»ï°¢±è¹ä	12	ÂüÄ¡¸¶¿ä»ï°¢±è¹ä	Q4	3	1	top	100	189.582	100	189.58
top_ÁÖ¸Ô¹ä±è¹ä·ù_Á¢½Ã_ÂüÄ¡¸¶¿ä»ï°¢±è¹ä_Q4_00009.JPG	train	train	ÂüÄ¡¸¶¿ä»ï°¢±è¹ä	12	ÂüÄ¡¸¶¿ä»ï°¢±è¹ä	Q4	3	1	top	100	189.582	100	189.58
top_ÁÖ¸Ô¹ä±è¹ä·ù_Á¢½Ã_ÂüÄ¡¸¶¿ä»ï°¢±è¹ä_Q4_00010.JPG	train	train	ÂüÄ¡¸¶¿ä»ï°¢±è¹ä	12	ÂüÄ¡¸¶¿ä»ï°¢±è¹ä	Q4	3	1	top	100	189.582	100	189.58
top_ÁÖ¸Ô¹ä±è¹ä·ù_Á¢½Ã_ÂüÄ¡¸¶¿ä»ï°¢±è¹ä_Q4_00011.JPG	train	train	ÂüÄ¡¸¶¿ä»ï°¢±è¹ä	12	ÂüÄ¡¸¶¿ä»ï°¢±è¹ä	Q4	3	1	top	100	189.582	100	189.58
top_ÁÖ¸Ô¹ä±è¹ä·ù_Á¢½Ã_ÂüÄ¡¸¶¿ä»ï°¢±è¹ä_Q4_00012.JPG	train	train	ÂüÄ¡¸¶¿ä»ï°¢±è¹ä	12	ÂüÄ¡¸¶¿ä»ï°¢±è¹ä	Q4	3	1	top	100	189.582	100	189.58
top_ÁÖ¸Ô¹ä±è¹ä·ù_Á¢½Ã_ÂüÄ¡¸¶¿ä»ï°¢±è¹ä_Q4_00013.JPG	train	train	ÂüÄ¡¸¶¿ä»ï°¢±è¹ä	12	ÂüÄ¡¸¶¿ä»ï°¢±è¹ä	Q4	3	1	top	100	189.582	100	189.58
top_ÁÖ¸Ô¹ä±è¹ä·ù_Á¢½Ã_ÂüÄ¡¸¶¿ä»ï°¢±è¹ä_Q4_00014.JPG	train	train	ÂüÄ¡¸¶¿ä»ï°¢±è¹ä	12	ÂüÄ¡¸¶¿ä»ï°¢±è¹ä	Q4	3	1	top	100	189.582	100	189.58
top_ÁÖ¸Ô¹ä±è¹ä·ù_Á¢½Ã_ÂüÄ¡¸¶¿ä»ï°¢±è¹ä_Q4_00015.JPG	train	train	ÂüÄ¡¸¶¿ä»ï°¢±è¹ä	12	ÂüÄ¡¸¶¿ä»ï°¢±è¹ä	Q4	3	1	top	100	189.582	100	189.58
top_ÁÖ¸Ô¹ä±è¹ä·ù_Á¢½Ã_ÂüÄ¡¸¶¿ä»ï°¢±è¹ä_Q4_00016.JPG	train	train	ÂüÄ¡¸¶¿ä»ï°¢±è¹ä	12	ÂüÄ¡¸¶¿ä»ï°¢±è¹ä	Q4	3	1	top	100	189.582	100	189.58
top_ÁÖ¸Ô¹ä±è¹ä·ù_Á¢½Ã_ÂüÄ¡¸¶¿ä»ï°¢±è¹ä_Q4_00017.JPG	train	train	ÂüÄ¡¸¶¿ä»ï°¢±è¹ä	12	ÂüÄ¡¸¶¿ä»ï°¢±è¹ä	Q4	3	1	top	100	189.582	100	189.58
top_ÁÖ¸Ô¹ä±è¹ä·ù_Á¢½Ã_ÂüÄ¡¸¶¿ä»ï°¢±è¹ä_Q4_00018.JPG	train	train	ÂüÄ¡¸¶¿ä»ï°¢±è¹ä	12	ÂüÄ¡¸¶¿ä»ï°¢±è¹ä	Q4	3	1	top	100	189.582	100	189.58
top_ÁÖ¸Ô¹ä±è¹ä·ù_Á¢½Ã_ÂüÄ¡¸¶¿ä»ï°¢±è¹ä_Q4_00021.JPG	train	train	ÂüÄ¡¸¶¿ä»ï°¢±è¹ä	12	ÂüÄ¡¸¶¿ä»ï°¢±è¹ä	Q4	3	1	top	100	189.582	100	189.58
top_ÁÖ¸Ô¹ä±è¹ä·ù_Á¢½Ã_ÂüÄ¡¸¶¿ä»ï°¢±è¹ä_Q4_00022.JPG	train	train	ÂüÄ¡¸¶¿ä»ï°¢±è¹ä	12	ÂüÄ¡¸¶¿ä»ï°¢±è¹ä	Q4	3	1	top	100	189.582	100	189.58
top_ÁÖ¸Ô¹ä±è¹ä·ù_Á¢½Ã_ÂüÄ¡¸¶¿ä»ï°¢±è¹ä_Q4_00024.JPG	train	train	ÂüÄ¡¸¶¿ä»ï°¢±è¹ä	12	ÂüÄ¡¸¶¿ä»ï°¢±è¹ä	Q4	3	1	top	100	189.582	100	189.58
top_ÁÖ¸Ô¹ä±è¹ä·ù_Á¢½Ã_ÂüÄ¡¸¶¿ä»ï°¢±è¹ä_Q4_00025.JPG	train	train	ÂüÄ¡¸¶¿ä»ï°¢±è¹ä	12	ÂüÄ¡¸¶¿ä»ï°¢±è¹ä	Q4	3	1	top	100	189.582	100	189.58
top_ÁÖ¸Ô¹ä±è¹ä·ù_Á¢½Ã_ÂüÄ¡¸¶¿ä»ï°¢±è¹ä_Q4_00026.JPG	train	train	ÂüÄ¡¸¶¿ä»ï°¢±è¹ä	12	ÂüÄ¡¸¶¿ä»ï°¢±è¹ä	Q4	3	1	top	100	189.582	100	189.58
top_ÁÖ¸Ô¹ä±è¹ä·ù_Á¢½Ã_ÂüÄ¡¸¶¿ä»ï°¢±è¹ä_Q4_00027.JPG	train	train	ÂüÄ¡¸¶¿ä»ï°¢±è¹ä	12	ÂüÄ¡¸¶¿ä»ï°¢±è¹ä	Q4	3	1	top	100	189.582	100	189.58
top_ÁÖ¸Ô¹ä±è¹ä·ù_Á¢½Ã_ÂüÄ¡¸¶¿ä»ï°¢±è¹ä_Q4_00029.JPG	train	train	ÂüÄ¡¸¶¿ä»ï°¢±è¹ä	12	ÂüÄ¡¸¶¿ä»ï°¢±è¹ä	Q4	3	1	top	100	189.582	100	189.58
top_ÁÖ¸Ô¹ä±è¹ä·ù_Á¢½Ã_ÂüÄ¡¸¶¿ä»ï°¢±è¹ä_Q4_00030.JPG	train	train	ÂüÄ¡¸¶¿ä»ï°¢±è¹ä	12	ÂüÄ¡¸¶¿ä»ï°¢±è¹ä	Q4	3	1	top	100	189.582	100	189.58
top_ÁÖ¸Ô¹ä±è¹ä·ù_Á¢½Ã_ÂüÄ¡¸¶¿ä»ï°¢±è¹ä_Q4_00032.JPG	train	train	ÂüÄ¡¸¶¿ä»ï°¢±è¹ä	12	ÂüÄ¡¸¶¿ä»ï°¢±è¹ä	Q4	3	1	top	100	189.582	100	189.58
top_ÁÖ¸Ô¹ä±è¹ä·ù_Á¢½Ã_ÂüÄ¡¸¶¿ä»ï°¢±è¹ä_Q4_00033.JPG	train	train	ÂüÄ¡¸¶¿ä»ï°¢±è¹ä	12	ÂüÄ¡¸¶¿ä»ï°¢±è¹ä	Q4	3	1	top	100	189.582	100	189.58
top_ÁÖ¸Ô¹ä±è¹ä·ù_Á¢½Ã_ÂüÄ¡¸¶¿ä»ï°¢±è¹ä_Q4_00036.JPG	train	train	ÂüÄ¡¸¶¿ä»ï°¢±è¹ä	12	ÂüÄ¡¸¶¿ä»ï°¢±è¹ä	Q4	3	1	top	100	189.582	100	189.58
top_ÁÖ¸Ô¹ä±è¹ä·ù_Á¢½Ã_ÂüÄ¡¸¶¿ä»ï°¢±è¹ä_Q4_00037.JPG	train	train	ÂüÄ¡¸¶¿ä»ï°¢±è¹ä	12	ÂüÄ¡¸¶¿ä»ï°¢±è¹ä	Q4	3	1	top	100	189.582	100	189.58
top_ÁÖ¸Ô¹ä±è¹ä·ù_Á¢½Ã_ÂüÄ¡¸¶¿ä»ï°¢±è¹ä_Q4_00038.JPG	train	train	ÂüÄ¡¸¶¿ä»ï°¢±è¹ä	12	ÂüÄ¡¸¶¿ä»ï°¢±è¹ä	Q4	3	1	top	100	189.582	100	189.58
top_ÁÖ¸Ô¹ä±è¹ä·ù_Á¢½Ã_ÂüÄ¡¸¶¿ä»ï°¢±è¹ä_Q4_00039.JPG	train	train	ÂüÄ¡¸¶¿ä»ï°¢±è¹ä	12	ÂüÄ¡¸¶¿ä»ï°¢±è¹ä	Q4	3	1	top	100	189.582	100	189.58
top_ÁÖ¸Ô¹ä±è¹ä·ù_Á¢½Ã_ÂüÄ¡¸¶¿ä»ï°¢±è¹ä_Q4_00040.JPG	train	train	ÂüÄ¡¸¶¿ä»ï°¢±è¹ä	12	ÂüÄ¡¸¶¿ä»ï°¢±è¹ä	Q4	3	1	top	100	189.582	100	189.58
top_ÁÖ¸Ô¹ä±è¹ä·ù_Á¢½Ã_ÂüÄ¡¸¶¿ä»ï°¢±è¹ä_Q4_00041.JPG	train	train	ÂüÄ¡¸¶¿ä»ï°¢±è¹ä	12	ÂüÄ¡¸¶¿ä»ï°¢±è¹ä	Q4	3	1	top	100	189.582	100	189.58
top_ÁÖ¸Ô¹ä±è¹ä·ù_Á¢½Ã_ÂüÄ¡¸¶¿ä»ï°¢±è¹ä_Q4_00042.JPG	train	train	ÂüÄ¡¸¶¿ä»ï°¢±è¹ä	12	ÂüÄ¡¸¶¿ä»ï°¢±è¹ä	Q4	3	1	top	100	189.582	100	189.58
top_ÁÖ¸Ô¹ä±è¹ä·ù_Á¢½Ã_ÂüÄ¡¸¶¿ä»ï°¢±è¹ä_Q4_00043.JPG	train	train	ÂüÄ¡¸¶¿ä»ï°¢±è¹ä	12	ÂüÄ¡¸¶¿ä»ï°¢±è¹ä	Q4	3	1	top	100	189.582	100	189.58
top_ÁÖ¸Ô¹ä±è¹ä·ù_Á¢½Ã_ÂüÄ¡¸¶¿ä»ï°¢±è¹ä_Q4_00044.JPG	train	train	ÂüÄ¡¸¶¿ä»ï°¢±è¹ä	12	ÂüÄ¡¸¶¿ä»ï°¢±è¹ä	Q4	3	1	top	100	189.582	100	189.58
top_ÁÖ¸Ô¹ä±è¹ä·ù_Á¢½Ã_ÂüÄ¡¸¶¿ä»ï°¢±è¹ä_Q4_00045.JPG	train	train	ÂüÄ¡¸¶¿ä»ï°¢±è¹ä	12	ÂüÄ¡¸¶¿ä»ï°¢±è¹ä	Q4	3	1	top	100	189.582	100	189.58
top_ÁÖ¸Ô¹ä±è¹ä·ù_Á¢½Ã_ÂüÄ¡¸¶¿ä»ï°¢±è¹ä_Q4_00046.JPG	train	train	ÂüÄ¡¸¶¿ä»ï°¢±è¹ä	12	ÂüÄ¡¸¶¿ä»ï°¢±è¹ä	Q4	3	1	top	100	189.582	100	189.58
top_ÁÖ¸Ô¹ä±è¹ä·ù_Á¢½Ã_ÂüÄ¡¸¶¿ä»ï°¢±è¹ä_Q4_00047.JPG	train	train	ÂüÄ¡¸¶¿ä»ï°¢±è¹ä	12	ÂüÄ¡¸¶¿ä»ï°¢±è¹ä	Q4	3	1	top	100	189.582	100	189.58
top_ÁÖ¸Ô¹ä±è¹ä·ù_Á¢½Ã_ÂüÄ¡¸¶¿ä»ï°¢±è¹ä_Q4_00048.JPG	train	train	ÂüÄ¡¸¶¿ä»ï°¢±è¹ä	12	ÂüÄ¡¸¶¿ä»ï°¢±è¹ä	Q4	3	1	top	100	189.582	100	189.58
top_ÁÖ¸Ô¹ä±è¹ä·ù_Á¢½Ã_ÂüÄ¡¸¶¿ä»ï°¢±è¹ä_Q4_00049.JPG	train	train	ÂüÄ¡¸¶¿ä»ï°¢±è¹ä	12	ÂüÄ¡¸¶¿ä»ï°¢±è¹ä	Q4	3	1	top	100	189.582	100	189.58
top_ÁÖ¸Ô¹ä±è¹ä·ù_Á¢½Ã_ÂüÄ¡¸¶¿ä»ï°¢±è¹ä_Q4_00050.JPG	train	train	ÂüÄ¡¸¶¿ä»ï°¢±è¹ä	12	ÂüÄ¡¸¶¿ä»ï°¢±è¹ä	Q4	3	1	top	100	189.582	100	189.58
top_ÁÖ¸Ô¹ä±è¹ä·ù_Á¢½Ã_ÂüÄ¡¸¶¿ä»ï°¢±è¹ä_Q4_00051.JPG	train	train	ÂüÄ¡¸¶¿ä»ï°¢±è¹ä	12	ÂüÄ¡¸¶¿ä»ï°¢±è¹ä	Q4	3	1	top	100	189.582	100	189.58
top_ÁÖ¸Ô¹ä±è¹ä·ù_Á¢½Ã_ÂüÄ¡¸¶¿ä»ï°¢±è¹ä_Q4_00052.JPG	train	train	ÂüÄ¡¸¶¿ä»ï°¢±è¹ä	12	ÂüÄ¡¸¶¿ä»ï°¢±è¹ä	Q4	3	1	top	100	189.582	100	189.58
top_ÁÖ¸Ô¹ä±è¹ä·ù_Á¢½Ã_ÂüÄ¡¸¶¿ä»ï°¢±è¹ä_Q4_00053.JPG	train	train	ÂüÄ¡¸¶¿ä»ï°¢±è¹ä	12	ÂüÄ¡¸¶¿ä»ï°¢±è¹ä	Q4	3	1	top	100	189.582	100	189.58
side_ÁÖ¸Ô¹ä±è¹ä·ù_Á¢½Ã_ÂüÄ¡¸¶¿ä»ï°¢±è¹ä_Q5_00001.JPG	train	train	ÂüÄ¡¸¶¿ä»ï°¢±è¹ä	12	ÂüÄ¡¸¶¿ä»ï°¢±è¹ä	Q5	4	1.25	side	100	189.582	125	236.98
side_ÁÖ¸Ô¹ä±è¹ä·ù_Á¢½Ã_ÂüÄ¡¸¶¿ä»ï°¢±è¹ä_Q5_00002.JPG	train	train	ÂüÄ¡¸¶¿ä»ï°¢±è¹ä	12	ÂüÄ¡¸¶¿ä»ï°¢±è¹ä	Q5	4	1.25	side	100	189.582	125	236.98
side_ÁÖ¸Ô¹ä±è¹ä·ù_Á¢½Ã_ÂüÄ¡¸¶¿ä»ï°¢±è¹ä_Q5_00005.JPG	train	train	ÂüÄ¡¸¶¿ä»ï°¢±è¹ä	12	ÂüÄ¡¸¶¿ä»ï°¢±è¹ä	Q5	4	1.25	side	100	189.582	125	236.98
side_ÁÖ¸Ô¹ä±è¹ä·ù_Á¢½Ã_ÂüÄ¡¸¶¿ä»ï°¢±è¹ä_Q5_00006.JPG	train	train	ÂüÄ¡¸¶¿ä»ï°¢±è¹ä	12	ÂüÄ¡¸¶¿ä»ï°¢±è¹ä	Q5	4	1.25	side	100	189.582	125	236.98
side_ÁÖ¸Ô¹ä±è¹ä·ù_Á¢½Ã_ÂüÄ¡¸¶¿ä»ï°¢±è¹ä_Q5_00008.JPG	train	train	ÂüÄ¡¸¶¿ä»ï°¢±è¹ä	12	ÂüÄ¡¸¶¿ä»ï°¢±è¹ä	Q5	4	1.25	side	100	189.582	125	236.98
side_ÁÖ¸Ô¹ä±è¹ä·ù_Á¢½Ã_ÂüÄ¡¸¶¿ä»ï°¢±è¹ä_Q5_00009.JPG	train	train	ÂüÄ¡¸¶¿ä»ï°¢±è¹ä	12	ÂüÄ¡¸¶¿ä»ï°¢±è¹ä	Q5	4	1.25	side	100	189.582	125	236.98
side_ÁÖ¸Ô¹ä±è¹ä·ù_Á¢½Ã_ÂüÄ¡¸¶¿ä»ï°¢±è¹ä_Q5_00010.JPG	train	train	ÂüÄ¡¸¶¿ä»ï°¢±è¹ä	12	ÂüÄ¡¸¶¿ä»ï°¢±è¹ä	Q5	4	1.25	side	100	189.582	125	236.98
side_ÁÖ¸Ô¹ä±è¹ä·ù_Á¢½Ã_ÂüÄ¡¸¶¿ä»ï°¢±è¹ä_Q5_00011.JPG	train	train	ÂüÄ¡¸¶¿ä»ï°¢±è¹ä	12	ÂüÄ¡¸¶¿ä»ï°¢±è¹ä	Q5	4	1.25	side	100	189.582	125	236.98
side_ÁÖ¸Ô¹ä±è¹ä·ù_Á¢½Ã_ÂüÄ¡¸¶¿ä»ï°¢±è¹ä_Q5_00012.JPG	train	train	ÂüÄ¡¸¶¿ä»ï°¢±è¹ä	12	ÂüÄ¡¸¶¿ä»ï°¢±è¹ä	Q5	4	1.25	side	100	189.582	125	236.98
side_ÁÖ¸Ô¹ä±è¹ä·ù_Á¢½Ã_ÂüÄ¡¸¶¿ä»ï°¢±è¹ä_Q5_00013.JPG	train	train	ÂüÄ¡¸¶¿ä»ï°¢±è¹ä	12	ÂüÄ¡¸¶¿ä»ï°¢±è¹ä	Q5	4	1.25	side	100	189.582	125	236.98
side_ÁÖ¸Ô¹ä±è¹ä·ù_Á¢½Ã_ÂüÄ¡¸¶¿ä»ï°¢±è¹ä_Q5_00014.JPG	train	train	ÂüÄ¡¸¶¿ä»ï°¢±è¹ä	12	ÂüÄ¡¸¶¿ä»ï°¢±è¹ä	Q5	4	1.25	side	100	189.582	125	236.98
side_ÁÖ¸Ô¹ä±è¹ä·ù_Á¢½Ã_ÂüÄ¡¸¶¿ä»ï°¢±è¹ä_Q5_00015.JPG	train	train	ÂüÄ¡¸¶¿ä»ï°¢±è¹ä	12	ÂüÄ¡¸¶¿ä»ï°¢±è¹ä	Q5	4	1.25	side	100	189.582	125	236.98
side_ÁÖ¸Ô¹ä±è¹ä·ù_Á¢½Ã_ÂüÄ¡¸¶¿ä»ï°¢±è¹ä_Q5_00016.JPG	train	train	ÂüÄ¡¸¶¿ä»ï°¢±è¹ä	12	ÂüÄ¡¸¶¿ä»ï°¢±è¹ä	Q5	4	1.25	side	100	189.582	125	236.98
side_ÁÖ¸Ô¹ä±è¹ä·ù_Á¢½Ã_ÂüÄ¡¸¶¿ä»ï°¢±è¹ä_Q5_00018.JPG	train	train	ÂüÄ¡¸¶¿ä»ï°¢±è¹ä	12	ÂüÄ¡¸¶¿ä»ï°¢±è¹ä	Q5	4	1.25	side	100	189.582	125	236.98
side_ÁÖ¸Ô¹ä±è¹ä·ù_Á¢½Ã_ÂüÄ¡¸¶¿ä»ï°¢±è¹ä_Q5_00019.JPG	train	train	ÂüÄ¡¸¶¿ä»ï°¢±è¹ä	12	ÂüÄ¡¸¶¿ä»ï°¢±è¹ä	Q5	4	1.25	side	100	189.582	125	236.98
side_ÁÖ¸Ô¹ä±è¹ä·ù_Á¢½Ã_ÂüÄ¡¸¶¿ä»ï°¢±è¹ä_Q5_00020.JPG	train	train	ÂüÄ¡¸¶¿ä»ï°¢±è¹ä	12	ÂüÄ¡¸¶¿ä»ï°¢±è¹ä	Q5	4	1.25	side	100	189.582	125	236.98
side_ÁÖ¸Ô¹ä±è¹ä·ù_Á¢½Ã_ÂüÄ¡¸¶¿ä»ï°¢±è¹ä_Q5_00023.JPG	train	train	ÂüÄ¡¸¶¿ä»ï°¢±è¹ä	12	ÂüÄ¡¸¶¿ä»ï°¢±è¹ä	Q5	4	1.25	side	100	189.582	125	236.98
side_ÁÖ¸Ô¹ä±è¹ä·ù_Á¢½Ã_ÂüÄ¡¸¶¿ä»ï°¢±è¹ä_Q5_00024.JPG	train	train	ÂüÄ¡¸¶¿ä»ï°¢±è¹ä	12	ÂüÄ¡¸¶¿ä»ï°¢±è¹ä	Q5	4	1.25	side	100	189.582	125	236.98
side_ÁÖ¸Ô¹ä±è¹ä·ù_Á¢½Ã_ÂüÄ¡¸¶¿ä»ï°¢±è¹ä_Q5_00025.JPG	train	train	ÂüÄ¡¸¶¿ä»ï°¢±è¹ä	12	ÂüÄ¡¸¶¿ä»ï°¢±è¹ä	Q5	4	1.25	side	100	189.582	125	236.98
side_ÁÖ¸Ô¹ä±è¹ä·ù_Á¢½Ã_ÂüÄ¡¸¶¿ä»ï°¢±è¹ä_Q5_00026.JPG	train	train	ÂüÄ¡¸¶¿ä»ï°¢±è¹ä	12	ÂüÄ¡¸¶¿ä»ï°¢±è¹ä	Q5	4	1.25	side	100	189.582	125	236.98
side_ÁÖ¸Ô¹ä±è¹ä·ù_Á¢½Ã_ÂüÄ¡¸¶¿ä»ï°¢±è¹ä_Q5_00027.JPG	train	train	ÂüÄ¡¸¶¿ä»ï°¢±è¹ä	12	ÂüÄ¡¸¶¿ä»ï°¢±è¹ä	Q5	4	1.25	side	100	189.582	125	236.98
side_ÁÖ¸Ô¹ä±è¹ä·ù_Á¢½Ã_ÂüÄ¡¸¶¿ä»ï°¢±è¹ä_Q5_00028.JPG	train	train	ÂüÄ¡¸¶¿ä»ï°¢±è¹ä	12	ÂüÄ¡¸¶¿ä»ï°¢±è¹ä	Q5	4	1.25	side	100	189.582	125	236.98
side_ÁÖ¸Ô¹ä±è¹ä·ù_Á¢½Ã_ÂüÄ¡¸¶¿ä»ï°¢±è¹ä_Q5_00030.JPG	train	train	ÂüÄ¡¸¶¿ä»ï°¢±è¹ä	12	ÂüÄ¡¸¶¿ä»ï°¢±è¹ä	Q5	4	1.25	side	100	189.582	125	236.98
side_ÁÖ¸Ô¹ä±è¹ä·ù_Á¢½Ã_ÂüÄ¡¸¶¿ä»ï°¢±è¹ä_Q5_00031.JPG	train	train	ÂüÄ¡¸¶¿ä»ï°¢±è¹ä	12	ÂüÄ¡¸¶¿ä»ï°¢±è¹ä	Q5	4	1.25	side	100	189.582	125	236.98
side_ÁÖ¸Ô¹ä±è¹ä·ù_Á¢½Ã_ÂüÄ¡¸¶¿ä»ï°¢±è¹ä_Q5_00032.JPG	train	train	ÂüÄ¡¸¶¿ä»ï°¢±è¹ä	12	ÂüÄ¡¸¶¿ä»ï°¢±è¹ä	Q5	4	1.25	side	100	189.582	125	236.98
side_ÁÖ¸Ô¹ä±è¹ä·ù_Á¢½Ã_ÂüÄ¡¸¶¿ä»ï°¢±è¹ä_Q5_00033.JPG	train	train	ÂüÄ¡¸¶¿ä»ï°¢±è¹ä	12	ÂüÄ¡¸¶¿ä»ï°¢±è¹ä	Q5	4	1.25	side	100	189.582	125	236.98
side_ÁÖ¸Ô¹ä±è¹ä·ù_Á¢½Ã_ÂüÄ¡¸¶¿ä»ï°¢±è¹ä_Q5_00036.JPG	train	train	ÂüÄ¡¸¶¿ä»ï°¢±è¹ä	12	ÂüÄ¡¸¶¿ä»ï°¢±è¹ä	Q5	4	1.25	side	100	189.582	125	236.98
side_ÁÖ¸Ô¹ä±è¹ä·ù_Á¢½Ã_ÂüÄ¡¸¶¿ä»ï°¢±è¹ä_Q5_00037.JPG	train	train	ÂüÄ¡¸¶¿ä»ï°¢±è¹ä	12	ÂüÄ¡¸¶¿ä»ï°¢±è¹ä	Q5	4	1.25	side	100	189.582	125	236.98
side_ÁÖ¸Ô¹ä±è¹ä·ù_Á¢½Ã_ÂüÄ¡¸¶¿ä»ï°¢±è¹ä_Q5_00039.JPG	train	train	ÂüÄ¡¸¶¿ä»ï°¢±è¹ä	12	ÂüÄ¡¸¶¿ä»ï°¢±è¹ä	Q5	4	1.25	side	100	189.582	125	236.98
side_ÁÖ¸Ô¹ä±è¹ä·ù_Á¢½Ã_ÂüÄ¡¸¶¿ä»ï°¢±è¹ä_Q5_00040.JPG	train	train	ÂüÄ¡¸¶¿ä»ï°¢±è¹ä	12	ÂüÄ¡¸¶¿ä»ï°¢±è¹ä	Q5	4	1.25	side	100	189.582	125	236.98
side_ÁÖ¸Ô¹ä±è¹ä·ù_Á¢½Ã_ÂüÄ¡¸¶¿ä»ï°¢±è¹ä_Q5_00041.JPG	train	train	ÂüÄ¡¸¶¿ä»ï°¢±è¹ä	12	ÂüÄ¡¸¶¿ä»ï°¢±è¹ä	Q5	4	1.25	side	100	189.582	125	236.98
side_ÁÖ¸Ô¹ä±è¹ä·ù_Á¢½Ã_ÂüÄ¡¸¶¿ä»ï°¢±è¹ä_Q5_00042.JPG	train	train	ÂüÄ¡¸¶¿ä»ï°¢±è¹ä	12	ÂüÄ¡¸¶¿ä»ï°¢±è¹ä	Q5	4	1.25	side	100	189.582	125	236.98
side_ÁÖ¸Ô¹ä±è¹ä·ù_Á¢½Ã_ÂüÄ¡¸¶¿ä»ï°¢±è¹ä_Q5_00043.JPG	train	train	ÂüÄ¡¸¶¿ä»ï°¢±è¹ä	12	ÂüÄ¡¸¶¿ä»ï°¢±è¹ä	Q5	4	1.25	side	100	189.582	125	236.98
side_ÁÖ¸Ô¹ä±è¹ä·ù_Á¢½Ã_ÂüÄ¡¸¶¿ä»ï°¢±è¹ä_Q5_00045.JPG	train	train	ÂüÄ¡¸¶¿ä»ï°¢±è¹ä	12	ÂüÄ¡¸¶¿ä»ï°¢±è¹ä	Q5	4	1.25	side	100	189.582	125	236.98
side_ÁÖ¸Ô¹ä±è¹ä·ù_Á¢½Ã_ÂüÄ¡¸¶¿ä»ï°¢±è¹ä_Q5_00046.JPG	train	train	ÂüÄ¡¸¶¿ä»ï°¢±è¹ä	12	ÂüÄ¡¸¶¿ä»ï°¢±è¹ä	Q5	4	1.25	side	100	189.582	125	236.98
side_ÁÖ¸Ô¹ä±è¹ä·ù_Á¢½Ã_ÂüÄ¡¸¶¿ä»ï°¢±è¹ä_Q5_00047.JPG	train	train	ÂüÄ¡¸¶¿ä»ï°¢±è¹ä	12	ÂüÄ¡¸¶¿ä»ï°¢±è¹ä	Q5	4	1.25	side	100	189.582	125	236.98
side_ÁÖ¸Ô¹ä±è¹ä·ù_Á¢½Ã_ÂüÄ¡¸¶¿ä»ï°¢±è¹ä_Q5_00048.JPG	train	train	ÂüÄ¡¸¶¿ä»ï°¢±è¹ä	12	ÂüÄ¡¸¶¿ä»ï°¢±è¹ä	Q5	4	1.25	side	100	189.582	125	236.98
side_ÁÖ¸Ô¹ä±è¹ä·ù_Á¢½Ã_ÂüÄ¡¸¶¿ä»ï°¢±è¹ä_Q5_00049.JPG	train	train	ÂüÄ¡¸¶¿ä»ï°¢±è¹ä	12	ÂüÄ¡¸¶¿ä»ï°¢±è¹ä	Q5	4	1.25	side	100	189.582	125	236.98
side_ÁÖ¸Ô¹ä±è¹ä·ù_Á¢½Ã_ÂüÄ¡¸¶¿ä»ï°¢±è¹ä_Q5_00050.JPG	train	train	ÂüÄ¡¸¶¿ä»ï°¢±è¹ä	12	ÂüÄ¡¸¶¿ä»ï°¢±è¹ä	Q5	4	1.25	side	100	189.582	125	236.98
side_ÁÖ¸Ô¹ä±è¹ä·ù_Á¢½Ã_ÂüÄ¡¸¶¿ä»ï°¢±è¹ä_Q5_00052.JPG	train	train	ÂüÄ¡¸¶¿ä»ï°¢±è¹ä	12	ÂüÄ¡¸¶¿ä»ï°¢±è¹ä	Q5	4	1.25	side	100	189.582	125	236.98
side_ÁÖ¸Ô¹ä±è¹ä·ù_Á¢½Ã_ÂüÄ¡¸¶¿ä»ï°¢±è¹ä_Q5_00053.JPG	train	train	ÂüÄ¡¸¶¿ä»ï°¢±è¹ä	12	ÂüÄ¡¸¶¿ä»ï°¢±è¹ä	Q5	4	1.25	side	100	189.582	125	236.98
side_ÁÖ¸Ô¹ä±è¹ä·ù_Á¢½Ã_ÂüÄ¡¸¶¿ä»ï°¢±è¹ä_Q5_00054.JPG	train	train	ÂüÄ¡¸¶¿ä»ï°¢±è¹ä	12	ÂüÄ¡¸¶¿ä»ï°¢±è¹ä	Q5	4	1.25	side	100	189.582	125	236.98
top_ÁÖ¸Ô¹ä±è¹ä·ù_Á¢½Ã_ÂüÄ¡¸¶¿ä»ï°¢±è¹ä_Q5_00001.JPG	train	train	ÂüÄ¡¸¶¿ä»ï°¢±è¹ä	12	ÂüÄ¡¸¶¿ä»ï°¢±è¹ä	Q5	4	1.25	top	100	189.582	125	236.98
top_ÁÖ¸Ô¹ä±è¹ä·ù_Á¢½Ã_ÂüÄ¡¸¶¿ä»ï°¢±è¹ä_Q5_00002.JPG	train	train	ÂüÄ¡¸¶¿ä»ï°¢±è¹ä	12	ÂüÄ¡¸¶¿ä»ï°¢±è¹ä	Q5	4	1.25	top	100	189.582	125	236.98
top_ÁÖ¸Ô¹ä±è¹ä·ù_Á¢½Ã_ÂüÄ¡¸¶¿ä»ï°¢±è¹ä_Q5_00003.JPG	train	train	ÂüÄ¡¸¶¿ä»ï°¢±è¹ä	12	ÂüÄ¡¸¶¿ä»ï°¢±è¹ä	Q5	4	1.25	top	100	189.582	125	236.98
top_ÁÖ¸Ô¹ä±è¹ä·ù_Á¢½Ã_ÂüÄ¡¸¶¿ä»ï°¢±è¹ä_Q5_00004.JPG	train	train	ÂüÄ¡¸¶¿ä»ï°¢±è¹ä	12	ÂüÄ¡¸¶¿ä»ï°¢±è¹ä	Q5	4	1.25	top	100	189.582	125	236.98
top_ÁÖ¸Ô¹ä±è¹ä·ù_Á¢½Ã_ÂüÄ¡¸¶¿ä»ï°¢±è¹ä_Q5_00005.JPG	train	train	ÂüÄ¡¸¶¿ä»ï°¢±è¹ä	12	ÂüÄ¡¸¶¿ä»ï°¢±è¹ä	Q5	4	1.25	top	100	189.582	125	236.98
top_ÁÖ¸Ô¹ä±è¹ä·ù_Á¢½Ã_ÂüÄ¡¸¶¿ä»ï°¢±è¹ä_Q5_00006.JPG	train	train	ÂüÄ¡¸¶¿ä»ï°¢±è¹ä	12	ÂüÄ¡¸¶¿ä»ï°¢±è¹ä	Q5	4	1.25	top	100	189.582	125	236.98
top_ÁÖ¸Ô¹ä±è¹ä·ù_Á¢½Ã_ÂüÄ¡¸¶¿ä»ï°¢±è¹ä_Q5_00007.JPG	train	train	ÂüÄ¡¸¶¿ä»ï°¢±è¹ä	12	ÂüÄ¡¸¶¿ä»ï°¢±è¹ä	Q5	4	1.25	top	100	189.582	125	236.98
top_ÁÖ¸Ô¹ä±è¹ä·ù_Á¢½Ã_ÂüÄ¡¸¶¿ä»ï°¢±è¹ä_Q5_00008.JPG	train	train	ÂüÄ¡¸¶¿ä»ï°¢±è¹ä	12	ÂüÄ¡¸¶¿ä»ï°¢±è¹ä	Q5	4	1.25	top	100	189.582	125	236.98
top_ÁÖ¸Ô¹ä±è¹ä·ù_Á¢½Ã_ÂüÄ¡¸¶¿ä»ï°¢±è¹ä_Q5_00009.JPG	train	train	ÂüÄ¡¸¶¿ä»ï°¢±è¹ä	12	ÂüÄ¡¸¶¿ä»ï°¢±è¹ä	Q5	4	1.25	top	100	189.582	125	236.98
top_ÁÖ¸Ô¹ä±è¹ä·ù_Á¢½Ã_ÂüÄ¡¸¶¿ä»ï°¢±è¹ä_Q5_00011.JPG	train	train	ÂüÄ¡¸¶¿ä»ï°¢±è¹ä	12	ÂüÄ¡¸¶¿ä»ï°¢±è¹ä	Q5	4	1.25	top	100	189.582	125	236.98
top_ÁÖ¸Ô¹ä±è¹ä·ù_Á¢½Ã_ÂüÄ¡¸¶¿ä»ï°¢±è¹ä_Q5_00012.JPG	train	train	ÂüÄ¡¸¶¿ä»ï°¢±è¹ä	12	ÂüÄ¡¸¶¿ä»ï°¢±è¹ä	Q5	4	1.25	top	100	189.582	125	236.98
top_ÁÖ¸Ô¹ä±è¹ä·ù_Á¢½Ã_ÂüÄ¡¸¶¿ä»ï°¢±è¹ä_Q5_00014.JPG	train	train	ÂüÄ¡¸¶¿ä»ï°¢±è¹ä	12	ÂüÄ¡¸¶¿ä»ï°¢±è¹ä	Q5	4	1.25	top	100	189.582	125	236.98
top_ÁÖ¸Ô¹ä±è¹ä·ù_Á¢½Ã_ÂüÄ¡¸¶¿ä»ï°¢±è¹ä_Q5_00015.JPG	train	train	ÂüÄ¡¸¶¿ä»ï°¢±è¹ä	12	ÂüÄ¡¸¶¿ä»ï°¢±è¹ä	Q5	4	1.25	top	100	189.582	125	236.98
top_ÁÖ¸Ô¹ä±è¹ä·ù_Á¢½Ã_ÂüÄ¡¸¶¿ä»ï°¢±è¹ä_Q5_00017.JPG	train	train	ÂüÄ¡¸¶¿ä»ï°¢±è¹ä	12	ÂüÄ¡¸¶¿ä»ï°¢±è¹ä	Q5	4	1.25	top	100	189.582	125	236.98
top_ÁÖ¸Ô¹ä±è¹ä·ù_Á¢½Ã_ÂüÄ¡¸¶¿ä»ï°¢±è¹ä_Q5_00018.JPG	train	train	ÂüÄ¡¸¶¿ä»ï°¢±è¹ä	12	ÂüÄ¡¸¶¿ä»ï°¢±è¹ä	Q5	4	1.25	top	100	189.582	125	236.98
top_ÁÖ¸Ô¹ä±è¹ä·ù_Á¢½Ã_ÂüÄ¡¸¶¿ä»ï°¢±è¹ä_Q5_00020.JPG	train	train	ÂüÄ¡¸¶¿ä»ï°¢±è¹ä	12	ÂüÄ¡¸¶¿ä»ï°¢±è¹ä	Q5	4	1.25	top	100	189.582	125	236.98
top_ÁÖ¸Ô¹ä±è¹ä·ù_Á¢½Ã_ÂüÄ¡¸¶¿ä»ï°¢±è¹ä_Q5_00021.JPG	train	train	ÂüÄ¡¸¶¿ä»ï°¢±è¹ä	12	ÂüÄ¡¸¶¿ä»ï°¢±è¹ä	Q5	4	1.25	top	100	189.582	125	236.98
top_ÁÖ¸Ô¹ä±è¹ä·ù_Á¢½Ã_ÂüÄ¡¸¶¿ä»ï°¢±è¹ä_Q5_00023.JPG	train	train	ÂüÄ¡¸¶¿ä»ï°¢±è¹ä	12	ÂüÄ¡¸¶¿ä»ï°¢±è¹ä	Q5	4	1.25	top	100	189.582	125	236.98
top_ÁÖ¸Ô¹ä±è¹ä·ù_Á¢½Ã_ÂüÄ¡¸¶¿ä»ï°¢±è¹ä_Q5_00024.JPG	train	train	ÂüÄ¡¸¶¿ä»ï°¢±è¹ä	12	ÂüÄ¡¸¶¿ä»ï°¢±è¹ä	Q5	4	1.25	top	100	189.582	125	236.98
top_ÁÖ¸Ô¹ä±è¹ä·ù_Á¢½Ã_ÂüÄ¡¸¶¿ä»ï°¢±è¹ä_Q5_00025.JPG	train	train	ÂüÄ¡¸¶¿ä»ï°¢±è¹ä	12	ÂüÄ¡¸¶¿ä»ï°¢±è¹ä	Q5	4	1.25	top	100	189.582	125	236.98
top_ÁÖ¸Ô¹ä±è¹ä·ù_Á¢½Ã_ÂüÄ¡¸¶¿ä»ï°¢±è¹ä_Q5_00027.JPG	train	train	ÂüÄ¡¸¶¿ä»ï°¢±è¹ä	12	ÂüÄ¡¸¶¿ä»ï°¢±è¹ä	Q5	4	1.25	top	100	189.582	125	236.98
top_ÁÖ¸Ô¹ä±è¹ä·ù_Á¢½Ã_ÂüÄ¡¸¶¿ä»ï°¢±è¹ä_Q5_00029.JPG	train	train	ÂüÄ¡¸¶¿ä»ï°¢±è¹ä	12	ÂüÄ¡¸¶¿ä»ï°¢±è¹ä	Q5	4	1.25	top	100	189.582	125	236.98
top_ÁÖ¸Ô¹ä±è¹ä·ù_Á¢½Ã_ÂüÄ¡¸¶¿ä»ï°¢±è¹ä_Q5_00030.JPG	train	train	ÂüÄ¡¸¶¿ä»ï°¢±è¹ä	12	ÂüÄ¡¸¶¿ä»ï°¢±è¹ä	Q5	4	1.25	top	100	189.582	125	236.98
top_ÁÖ¸Ô¹ä±è¹ä·ù_Á¢½Ã_ÂüÄ¡¸¶¿ä»ï°¢±è¹ä_Q5_00031.JPG	train	train	ÂüÄ¡¸¶¿ä»ï°¢±è¹ä	12	ÂüÄ¡¸¶¿ä»ï°¢±è¹ä	Q5	4	1.25	top	100	189.582	125	236.98
top_ÁÖ¸Ô¹ä±è¹ä·ù_Á¢½Ã_ÂüÄ¡¸¶¿ä»ï°¢±è¹ä_Q5_00032.JPG	train	train	ÂüÄ¡¸¶¿ä»ï°¢±è¹ä	12	ÂüÄ¡¸¶¿ä»ï°¢±è¹ä	Q5	4	1.25	top	100	189.582	125	236.98
top_ÁÖ¸Ô¹ä±è¹ä·ù_Á¢½Ã_ÂüÄ¡¸¶¿ä»ï°¢±è¹ä_Q5_00033.JPG	train	train	ÂüÄ¡¸¶¿ä»ï°¢±è¹ä	12	ÂüÄ¡¸¶¿ä»ï°¢±è¹ä	Q5	4	1.25	top	100	189.582	125	236.98
top_ÁÖ¸Ô¹ä±è¹ä·ù_Á¢½Ã_ÂüÄ¡¸¶¿ä»ï°¢±è¹ä_Q5_00034.JPG	train	train	ÂüÄ¡¸¶¿ä»ï°¢±è¹ä	12	ÂüÄ¡¸¶¿ä»ï°¢±è¹ä	Q5	4	1.25	top	100	189.582	125	236.98
top_ÁÖ¸Ô¹ä±è¹ä·ù_Á¢½Ã_ÂüÄ¡¸¶¿ä»ï°¢±è¹ä_Q5_00035.JPG	train	train	ÂüÄ¡¸¶¿ä»ï°¢±è¹ä	12	ÂüÄ¡¸¶¿ä»ï°¢±è¹ä	Q5	4	1.25	top	100	189.582	125	236.98
top_ÁÖ¸Ô¹ä±è¹ä·ù_Á¢½Ã_ÂüÄ¡¸¶¿ä»ï°¢±è¹ä_Q5_00036.JPG	train	train	ÂüÄ¡¸¶¿ä»ï°¢±è¹ä	12	ÂüÄ¡¸¶¿ä»ï°¢±è¹ä	Q5	4	1.25	top	100	189.582	125	236.98
top_ÁÖ¸Ô¹ä±è¹ä·ù_Á¢½Ã_ÂüÄ¡¸¶¿ä»ï°¢±è¹ä_Q5_00037.JPG	train	train	ÂüÄ¡¸¶¿ä»ï°¢±è¹ä	12	ÂüÄ¡¸¶¿ä»ï°¢±è¹ä	Q5	4	1.25	top	100	189.582	125	236.98
top_ÁÖ¸Ô¹ä±è¹ä·ù_Á¢½Ã_ÂüÄ¡¸¶¿ä»ï°¢±è¹ä_Q5_00039.JPG	train	train	ÂüÄ¡¸¶¿ä»ï°¢±è¹ä	12	ÂüÄ¡¸¶¿ä»ï°¢±è¹ä	Q5	4	1.25	top	100	189.582	125	236.98
top_ÁÖ¸Ô¹ä±è¹ä·ù_Á¢½Ã_ÂüÄ¡¸¶¿ä»ï°¢±è¹ä_Q5_00040.JPG	train	train	ÂüÄ¡¸¶¿ä»ï°¢±è¹ä	12	ÂüÄ¡¸¶¿ä»ï°¢±è¹ä	Q5	4	1.25	top	100	189.582	125	236.98
top_ÁÖ¸Ô¹ä±è¹ä·ù_Á¢½Ã_ÂüÄ¡¸¶¿ä»ï°¢±è¹ä_Q5_00041.JPG	train	train	ÂüÄ¡¸¶¿ä»ï°¢±è¹ä	12	ÂüÄ¡¸¶¿ä»ï°¢±è¹ä	Q5	4	1.25	top	100	189.582	125	236.98
top_ÁÖ¸Ô¹ä±è¹ä·ù_Á¢½Ã_ÂüÄ¡¸¶¿ä»ï°¢±è¹ä_Q5_00042.JPG	train	train	ÂüÄ¡¸¶¿ä»ï°¢±è¹ä	12	ÂüÄ¡¸¶¿ä»ï°¢±è¹ä	Q5	4	1.25	top	100	189.582	125	236.98
top_ÁÖ¸Ô¹ä±è¹ä·ù_Á¢½Ã_ÂüÄ¡¸¶¿ä»ï°¢±è¹ä_Q5_00043.JPG	train	train	ÂüÄ¡¸¶¿ä»ï°¢±è¹ä	12	ÂüÄ¡¸¶¿ä»ï°¢±è¹ä	Q5	4	1.25	top	100	189.582	125	236.98
top_ÁÖ¸Ô¹ä±è¹ä·ù_Á¢½Ã_ÂüÄ¡¸¶¿ä»ï°¢±è¹ä_Q5_00045.JPG	train	train	ÂüÄ¡¸¶¿ä»ï°¢±è¹ä	12	ÂüÄ¡¸¶¿ä»ï°¢±è¹ä	Q5	4	1.25	top	100	189.582	125	236.98
top_ÁÖ¸Ô¹ä±è¹ä·ù_Á¢½Ã_ÂüÄ¡¸¶¿ä»ï°¢±è¹ä_Q5_00046.JPG	train	train	ÂüÄ¡¸¶¿ä»ï°¢±è¹ä	12	ÂüÄ¡¸¶¿ä»ï°¢±è¹ä	Q5	4	1.25	top	100	189.582	125	236.98
top_ÁÖ¸Ô¹ä±è¹ä·ù_Á¢½Ã_ÂüÄ¡¸¶¿ä»ï°¢±è¹ä_Q5_00047.JPG	train	train	ÂüÄ¡¸¶¿ä»ï°¢±è¹ä	12	ÂüÄ¡¸¶¿ä»ï°¢±è¹ä	Q5	4	1.25	top	100	189.582	125	236.98
top_ÁÖ¸Ô¹ä±è¹ä·ù_Á¢½Ã_ÂüÄ¡¸¶¿ä»ï°¢±è¹ä_Q5_00048.JPG	train	train	ÂüÄ¡¸¶¿ä»ï°¢±è¹ä	12	ÂüÄ¡¸¶¿ä»ï°¢±è¹ä	Q5	4	1.25	top	100	189.582	125	236.98
top_ÁÖ¸Ô¹ä±è¹ä·ù_Á¢½Ã_ÂüÄ¡¸¶¿ä»ï°¢±è¹ä_Q5_00049.JPG	train	train	ÂüÄ¡¸¶¿ä»ï°¢±è¹ä	12	ÂüÄ¡¸¶¿ä»ï°¢±è¹ä	Q5	4	1.25	top	100	189.582	125	236.98
top_ÁÖ¸Ô¹ä±è¹ä·ù_Á¢½Ã_ÂüÄ¡¸¶¿ä»ï°¢±è¹ä_Q5_00051.JPG	train	train	ÂüÄ¡¸¶¿ä»ï°¢±è¹ä	12	ÂüÄ¡¸¶¿ä»ï°¢±è¹ä	Q5	4	1.25	top	100	189.582	125	236.98
top_ÁÖ¸Ô¹ä±è¹ä·ù_Á¢½Ã_ÂüÄ¡¸¶¿ä»ï°¢±è¹ä_Q5_00052.JPG	train	train	ÂüÄ¡¸¶¿ä»ï°¢±è¹ä	12	ÂüÄ¡¸¶¿ä»ï°¢±è¹ä	Q5	4	1.25	top	100	189.582	125	236.98
top_ÁÖ¸Ô¹ä±è¹ä·ù_Á¢½Ã_ÂüÄ¡¸¶¿ä»ï°¢±è¹ä_Q5_00053.JPG	train	train	ÂüÄ¡¸¶¿ä»ï°¢±è¹ä	12	ÂüÄ¡¸¶¿ä»ï°¢±è¹ä	Q5	4	1.25	top	100	189.582	125	236.98
top_ÁÖ¸Ô¹ä±è¹ä·ù_Á¢½Ã_ÂüÄ¡¸¶¿ä»ï°¢±è¹ä_Q5_00054.JPG	train	train	ÂüÄ¡¸¶¿ä»ï°¢±è¹ä	12	ÂüÄ¡¸¶¿ä»ï°¢±è¹ä	Q5	4	1.25	top	100	189.582	125	236.98
top_ÁÖ¸Ô¹ä±è¹ä·ù_Á¢½Ã_ÂüÄ¡¸¶¿ä»ï°¢±è¹ä_Q5_00055.JPG	train	train	ÂüÄ¡¸¶¿ä»ï°¢±è¹ä	12	ÂüÄ¡¸¶¿ä»ï°¢±è¹ä	Q5	4	1.25	top	100	189.582	125	236.98
top_ÁÖ¸Ô¹ä±è¹ä·ù_Á¢½Ã_ÂüÄ¡¸¶¿ä»ï°¢±è¹ä_Q5_00056.JPG	train	train	ÂüÄ¡¸¶¿ä»ï°¢±è¹ä	12	ÂüÄ¡¸¶¿ä»ï°¢±è¹ä	Q5	4	1.25	top	100	189.582	125	236.98
top_ÁÖ¸Ô¹ä±è¹ä·ù_Á¢½Ã_ÂüÄ¡¸¶¿ä»ï°¢±è¹ä_Q5_00057.JPG	train	train	ÂüÄ¡¸¶¿ä»ï°¢±è¹ä	12	ÂüÄ¡¸¶¿ä»ï°¢±è¹ä	Q5	4	1.25	top	100	189.582	125	236.98
side_¹ä·ù_¹ä±×¸©_Äá¹ä_Q1_00001.JPG	train	train	Äá¹ä	13	Äá¹ä	Q1	0	0.25	side	200	322.9	50	80.73
side_¹ä·ù_¹ä±×¸©_Äá¹ä_Q1_00004.JPG	train	train	Äá¹ä	13	Äá¹ä	Q1	0	0.25	side	200	322.9	50	80.73
side_¹ä·ù_¹ä±×¸©_Äá¹ä_Q1_00006.JPG	train	train	Äá¹ä	13	Äá¹ä	Q1	0	0.25	side	200	322.9	50	80.73
side_¹ä·ù_¹ä±×¸©_Äá¹ä_Q1_00007.JPG	train	train	Äá¹ä	13	Äá¹ä	Q1	0	0.25	side	200	322.9	50	80.73
side_¹ä·ù_¹ä±×¸©_Äá¹ä_Q1_00008.JPG	train	train	Äá¹ä	13	Äá¹ä	Q1	0	0.25	side	200	322.9	50	80.73
side_¹ä·ù_¹ä±×¸©_Äá¹ä_Q1_00009.JPG	train	train	Äá¹ä	13	Äá¹ä	Q1	0	0.25	side	200	322.9	50	80.73
side_¹ä·ù_¹ä±×¸©_Äá¹ä_Q1_00010.JPG	train	train	Äá¹ä	13	Äá¹ä	Q1	0	0.25	side	200	322.9	50	80.73
side_¹ä·ù_¹ä±×¸©_Äá¹ä_Q1_00011.JPG	train	train	Äá¹ä	13	Äá¹ä	Q1	0	0.25	side	200	322.9	50	80.73
side_¹ä·ù_¹ä±×¸©_Äá¹ä_Q1_00012.JPG	train	train	Äá¹ä	13	Äá¹ä	Q1	0	0.25	side	200	322.9	50	80.73
side_¹ä·ù_¹ä±×¸©_Äá¹ä_Q1_00013.JPG	train	train	Äá¹ä	13	Äá¹ä	Q1	0	0.25	side	200	322.9	50	80.73
side_¹ä·ù_¹ä±×¸©_Äá¹ä_Q1_00014.JPG	train	train	Äá¹ä	13	Äá¹ä	Q1	0	0.25	side	200	322.9	50	80.73
side_¹ä·ù_¹ä±×¸©_Äá¹ä_Q1_00015.JPG	train	train	Äá¹ä	13	Äá¹ä	Q1	0	0.25	side	200	322.9	50	80.73
side_¹ä·ù_¹ä±×¸©_Äá¹ä_Q1_00016.JPG	train	train	Äá¹ä	13	Äá¹ä	Q1	0	0.25	side	200	322.9	50	80.73
side_¹ä·ù_¹ä±×¸©_Äá¹ä_Q1_00017.JPG	train	train	Äá¹ä	13	Äá¹ä	Q1	0	0.25	side	200	322.9	50	80.73
side_¹ä·ù_¹ä±×¸©_Äá¹ä_Q1_00018.JPG	train	train	Äá¹ä	13	Äá¹ä	Q1	0	0.25	side	200	322.9	50	80.73
side_¹ä·ù_¹ä±×¸©_Äá¹ä_Q1_00019.JPG	train	train	Äá¹ä	13	Äá¹ä	Q1	0	0.25	side	200	322.9	50	80.73
side_¹ä·ù_¹ä±×¸©_Äá¹ä_Q1_00021.JPG	train	train	Äá¹ä	13	Äá¹ä	Q1	0	0.25	side	200	322.9	50	80.73
side_¹ä·ù_¹ä±×¸©_Äá¹ä_Q1_00022.JPG	train	train	Äá¹ä	13	Äá¹ä	Q1	0	0.25	side	200	322.9	50	80.73
side_¹ä·ù_¹ä±×¸©_Äá¹ä_Q1_00023.JPG	train	train	Äá¹ä	13	Äá¹ä	Q1	0	0.25	side	200	322.9	50	80.73
side_¹ä·ù_¹ä±×¸©_Äá¹ä_Q1_00024.JPG	train	train	Äá¹ä	13	Äá¹ä	Q1	0	0.25	side	200	322.9	50	80.73
side_¹ä·ù_¹ä±×¸©_Äá¹ä_Q1_00025.JPG	train	train	Äá¹ä	13	Äá¹ä	Q1	0	0.25	side	200	322.9	50	80.73
side_¹ä·ù_¹ä±×¸©_Äá¹ä_Q1_00026.JPG	train	train	Äá¹ä	13	Äá¹ä	Q1	0	0.25	side	200	322.9	50	80.73
side_¹ä·ù_¹ä±×¸©_Äá¹ä_Q1_00027.JPG	train	train	Äá¹ä	13	Äá¹ä	Q1	0	0.25	side	200	322.9	50	80.73
side_¹ä·ù_¹ä±×¸©_Äá¹ä_Q1_00028.JPG	train	train	Äá¹ä	13	Äá¹ä	Q1	0	0.25	side	200	322.9	50	80.73
side_¹ä·ù_¹ä±×¸©_Äá¹ä_Q1_00029.JPG	train	train	Äá¹ä	13	Äá¹ä	Q1	0	0.25	side	200	322.9	50	80.73
side_¹ä·ù_¹ä±×¸©_Äá¹ä_Q1_00031.JPG	train	train	Äá¹ä	13	Äá¹ä	Q1	0	0.25	side	200	322.9	50	80.73
side_¹ä·ù_¹ä±×¸©_Äá¹ä_Q1_00033.JPG	train	train	Äá¹ä	13	Äá¹ä	Q1	0	0.25	side	200	322.9	50	80.73
side_¹ä·ù_¹ä±×¸©_Äá¹ä_Q1_00034.JPG	train	train	Äá¹ä	13	Äá¹ä	Q1	0	0.25	side	200	322.9	50	80.73
side_¹ä·ù_¹ä±×¸©_Äá¹ä_Q1_00035.JPG	train	train	Äá¹ä	13	Äá¹ä	Q1	0	0.25	side	200	322.9	50	80.73
side_¹ä·ù_¹ä±×¸©_Äá¹ä_Q1_00036.JPG	train	train	Äá¹ä	13	Äá¹ä	Q1	0	0.25	side	200	322.9	50	80.73
side_¹ä·ù_¹ä±×¸©_Äá¹ä_Q1_00037.JPG	train	train	Äá¹ä	13	Äá¹ä	Q1	0	0.25	side	200	322.9	50	80.73
side_¹ä·ù_¹ä±×¸©_Äá¹ä_Q1_00038.JPG	train	train	Äá¹ä	13	Äá¹ä	Q1	0	0.25	side	200	322.9	50	80.73
side_¹ä·ù_¹ä±×¸©_Äá¹ä_Q1_00039.JPG	train	train	Äá¹ä	13	Äá¹ä	Q1	0	0.25	side	200	322.9	50	80.73
side_¹ä·ù_¹ä±×¸©_Äá¹ä_Q1_00040.JPG	train	train	Äá¹ä	13	Äá¹ä	Q1	0	0.25	side	200	322.9	50	80.73
side_¹ä·ù_¹ä±×¸©_Äá¹ä_Q1_00041.JPG	train	train	Äá¹ä	13	Äá¹ä	Q1	0	0.25	side	200	322.9	50	80.73
side_¹ä·ù_¹ä±×¸©_Äá¹ä_Q1_00042.JPG	train	train	Äá¹ä	13	Äá¹ä	Q1	0	0.25	side	200	322.9	50	80.73
side_¹ä·ù_¹ä±×¸©_Äá¹ä_Q1_00043.JPG	train	train	Äá¹ä	13	Äá¹ä	Q1	0	0.25	side	200	322.9	50	80.73
side_¹ä·ù_¹ä±×¸©_Äá¹ä_Q1_00045.JPG	train	train	Äá¹ä	13	Äá¹ä	Q1	0	0.25	side	200	322.9	50	80.73
side_¹ä·ù_¹ä±×¸©_Äá¹ä_Q1_00046.JPG	train	train	Äá¹ä	13	Äá¹ä	Q1	0	0.25	side	200	322.9	50	80.73
side_¹ä·ù_¹ä±×¸©_Äá¹ä_Q1_00048.JPG	train	train	Äá¹ä	13	Äá¹ä	Q1	0	0.25	side	200	322.9	50	80.73
side_¹ä·ù_¹ä±×¸©_Äá¹ä_Q1_00049.JPG	train	train	Äá¹ä	13	Äá¹ä	Q1	0	0.25	side	200	322.9	50	80.73
side_¹ä·ù_¹ä±×¸©_Äá¹ä_Q1_00050.JPG	train	train	Äá¹ä	13	Äá¹ä	Q1	0	0.25	side	200	322.9	50	80.73
side_¹ä·ù_¹ä±×¸©_Äá¹ä_Q1_00052.JPG	train	train	Äá¹ä	13	Äá¹ä	Q1	0	0.25	side	200	322.9	50	80.73
top_¹ä·ù_¹ä±×¸©_Äá¹ä_Q1_00001.JPG	train	train	Äá¹ä	13	Äá¹ä	Q1	0	0.25	top	200	322.9	50	80.73
top_¹ä·ù_¹ä±×¸©_Äá¹ä_Q1_00002.JPG	train	train	Äá¹ä	13	Äá¹ä	Q1	0	0.25	top	200	322.9	50	80.73
top_¹ä·ù_¹ä±×¸©_Äá¹ä_Q1_00005.JPG	train	train	Äá¹ä	13	Äá¹ä	Q1	0	0.25	top	200	322.9	50	80.73
top_¹ä·ù_¹ä±×¸©_Äá¹ä_Q1_00006.JPG	train	train	Äá¹ä	13	Äá¹ä	Q1	0	0.25	top	200	322.9	50	80.73
top_¹ä·ù_¹ä±×¸©_Äá¹ä_Q1_00007.JPG	train	train	Äá¹ä	13	Äá¹ä	Q1	0	0.25	top	200	322.9	50	80.73
top_¹ä·ù_¹ä±×¸©_Äá¹ä_Q1_00008.JPG	train	train	Äá¹ä	13	Äá¹ä	Q1	0	0.25	top	200	322.9	50	80.73
top_¹ä·ù_¹ä±×¸©_Äá¹ä_Q1_00009.JPG	train	train	Äá¹ä	13	Äá¹ä	Q1	0	0.25	top	200	322.9	50	80.73
top_¹ä·ù_¹ä±×¸©_Äá¹ä_Q1_00011.JPG	train	train	Äá¹ä	13	Äá¹ä	Q1	0	0.25	top	200	322.9	50	80.73
top_¹ä·ù_¹ä±×¸©_Äá¹ä_Q1_00012.JPG	train	train	Äá¹ä	13	Äá¹ä	Q1	0	0.25	top	200	322.9	50	80.73
top_¹ä·ù_¹ä±×¸©_Äá¹ä_Q1_00013.JPG	train	train	Äá¹ä	13	Äá¹ä	Q1	0	0.25	top	200	322.9	50	80.73
top_¹ä·ù_¹ä±×¸©_Äá¹ä_Q1_00014.JPG	train	train	Äá¹ä	13	Äá¹ä	Q1	0	0.25	top	200	322.9	50	80.73
top_¹ä·ù_¹ä±×¸©_Äá¹ä_Q1_00015.JPG	train	train	Äá¹ä	13	Äá¹ä	Q1	0	0.25	top	200	322.9	50	80.73
top_¹ä·ù_¹ä±×¸©_Äá¹ä_Q1_00016.JPG	train	train	Äá¹ä	13	Äá¹ä	Q1	0	0.25	top	200	322.9	50	80.73
top_¹ä·ù_¹ä±×¸©_Äá¹ä_Q1_00017.JPG	train	train	Äá¹ä	13	Äá¹ä	Q1	0	0.25	top	200	322.9	50	80.73
top_¹ä·ù_¹ä±×¸©_Äá¹ä_Q1_00018.JPG	train	train	Äá¹ä	13	Äá¹ä	Q1	0	0.25	top	200	322.9	50	80.73
top_¹ä·ù_¹ä±×¸©_Äá¹ä_Q1_00020.JPG	train	train	Äá¹ä	13	Äá¹ä	Q1	0	0.25	top	200	322.9	50	80.73
top_¹ä·ù_¹ä±×¸©_Äá¹ä_Q1_00021.JPG	train	train	Äá¹ä	13	Äá¹ä	Q1	0	0.25	top	200	322.9	50	80.73
top_¹ä·ù_¹ä±×¸©_Äá¹ä_Q1_00022.JPG	train	train	Äá¹ä	13	Äá¹ä	Q1	0	0.25	top	200	322.9	50	80.73
top_¹ä·ù_¹ä±×¸©_Äá¹ä_Q1_00023.JPG	train	train	Äá¹ä	13	Äá¹ä	Q1	0	0.25	top	200	322.9	50	80.73
top_¹ä·ù_¹ä±×¸©_Äá¹ä_Q1_00024.JPG	train	train	Äá¹ä	13	Äá¹ä	Q1	0	0.25	top	200	322.9	50	80.73
top_¹ä·ù_¹ä±×¸©_Äá¹ä_Q1_00026.JPG	train	train	Äá¹ä	13	Äá¹ä	Q1	0	0.25	top	200	322.9	50	80.73
top_¹ä·ù_¹ä±×¸©_Äá¹ä_Q1_00028.JPG	train	train	Äá¹ä	13	Äá¹ä	Q1	0	0.25	top	200	322.9	50	80.73
top_¹ä·ù_¹ä±×¸©_Äá¹ä_Q1_00029.JPG	train	train	Äá¹ä	13	Äá¹ä	Q1	0	0.25	top	200	322.9	50	80.73
top_¹ä·ù_¹ä±×¸©_Äá¹ä_Q1_00030.JPG	train	train	Äá¹ä	13	Äá¹ä	Q1	0	0.25	top	200	322.9	50	80.73
top_¹ä·ù_¹ä±×¸©_Äá¹ä_Q1_00031.JPG	train	train	Äá¹ä	13	Äá¹ä	Q1	0	0.25	top	200	322.9	50	80.73
top_¹ä·ù_¹ä±×¸©_Äá¹ä_Q1_00032.JPG	train	train	Äá¹ä	13	Äá¹ä	Q1	0	0.25	top	200	322.9	50	80.73
top_¹ä·ù_¹ä±×¸©_Äá¹ä_Q1_00033.JPG	train	train	Äá¹ä	13	Äá¹ä	Q1	0	0.25	top	200	322.9	50	80.73
top_¹ä·ù_¹ä±×¸©_Äá¹ä_Q1_00034.JPG	train	train	Äá¹ä	13	Äá¹ä	Q1	0	0.25	top	200	322.9	50	80.73
top_¹ä·ù_¹ä±×¸©_Äá¹ä_Q1_00036.JPG	train	train	Äá¹ä	13	Äá¹ä	Q1	0	0.25	top	200	322.9	50	80.73
top_¹ä·ù_¹ä±×¸©_Äá¹ä_Q1_00037.JPG	train	train	Äá¹ä	13	Äá¹ä	Q1	0	0.25	top	200	322.9	50	80.73
top_¹ä·ù_¹ä±×¸©_Äá¹ä_Q1_00038.JPG	train	train	Äá¹ä	13	Äá¹ä	Q1	0	0.25	top	200	322.9	50	80.73
top_¹ä·ù_¹ä±×¸©_Äá¹ä_Q1_00039.JPG	train	train	Äá¹ä	13	Äá¹ä	Q1	0	0.25	top	200	322.9	50	80.73
top_¹ä·ù_¹ä±×¸©_Äá¹ä_Q1_00042.JPG	train	train	Äá¹ä	13	Äá¹ä	Q1	0	0.25	top	200	322.9	50	80.73
top_¹ä·ù_¹ä±×¸©_Äá¹ä_Q1_00043.JPG	train	train	Äá¹ä	13	Äá¹ä	Q1	0	0.25	top	200	322.9	50	80.73
top_¹ä·ù_¹ä±×¸©_Äá¹ä_Q1_00044.JPG	train	train	Äá¹ä	13	Äá¹ä	Q1	0	0.25	top	200	322.9	50	80.73
top_¹ä·ù_¹ä±×¸©_Äá¹ä_Q1_00046.JPG	train	train	Äá¹ä	13	Äá¹ä	Q1	0	0.25	top	200	322.9	50	80.73
top_¹ä·ù_¹ä±×¸©_Äá¹ä_Q1_00047.JPG	train	train	Äá¹ä	13	Äá¹ä	Q1	0	0.25	top	200	322.9	50	80.73
top_¹ä·ù_¹ä±×¸©_Äá¹ä_Q1_00048.JPG	train	train	Äá¹ä	13	Äá¹ä	Q1	0	0.25	top	200	322.9	50	80.73
top_¹ä·ù_¹ä±×¸©_Äá¹ä_Q1_00050.JPG	train	train	Äá¹ä	13	Äá¹ä	Q1	0	0.25	top	200	322.9	50	80.73
top_¹ä·ù_¹ä±×¸©_Äá¹ä_Q1_00051.JPG	train	train	Äá¹ä	13	Äá¹ä	Q1	0	0.25	top	200	322.9	50	80.73
top_¹ä·ù_¹ä±×¸©_Äá¹ä_Q1_00052.JPG	train	train	Äá¹ä	13	Äá¹ä	Q1	0	0.25	top	200	322.9	50	80.73
top_¹ä·ù_¹ä±×¸©_Äá¹ä_Q1_00054.JPG	train	train	Äá¹ä	13	Äá¹ä	Q1	0	0.25	top	200	322.9	50	80.73
top_¹ä·ù_¹ä±×¸©_Äá¹ä_Q1_00055.JPG	train	train	Äá¹ä	13	Äá¹ä	Q1	0	0.25	top	200	322.9	50	80.73
side_¹ä·ù_¹ä±×¸©_Äá¹ä_Q2_00002.JPG	train	train	Äá¹ä	13	Äá¹ä	Q2	1	0.5	side	200	322.9	100	161.45
side_¹ä·ù_¹ä±×¸©_Äá¹ä_Q2_00003.JPG	train	train	Äá¹ä	13	Äá¹ä	Q2	1	0.5	side	200	322.9	100	161.45
side_¹ä·ù_¹ä±×¸©_Äá¹ä_Q2_00004.JPG	train	train	Äá¹ä	13	Äá¹ä	Q2	1	0.5	side	200	322.9	100	161.45
side_¹ä·ù_¹ä±×¸©_Äá¹ä_Q2_00005.JPG	train	train	Äá¹ä	13	Äá¹ä	Q2	1	0.5	side	200	322.9	100	161.45
side_¹ä·ù_¹ä±×¸©_Äá¹ä_Q2_00006.JPG	train	train	Äá¹ä	13	Äá¹ä	Q2	1	0.5	side	200	322.9	100	161.45
side_¹ä·ù_¹ä±×¸©_Äá¹ä_Q2_00008.JPG	train	train	Äá¹ä	13	Äá¹ä	Q2	1	0.5	side	200	322.9	100	161.45
side_¹ä·ù_¹ä±×¸©_Äá¹ä_Q2_00009.JPG	train	train	Äá¹ä	13	Äá¹ä	Q2	1	0.5	side	200	322.9	100	161.45
side_¹ä·ù_¹ä±×¸©_Äá¹ä_Q2_00010.JPG	train	train	Äá¹ä	13	Äá¹ä	Q2	1	0.5	side	200	322.9	100	161.45
side_¹ä·ù_¹ä±×¸©_Äá¹ä_Q2_00011.JPG	train	train	Äá¹ä	13	Äá¹ä	Q2	1	0.5	side	200	322.9	100	161.45
side_¹ä·ù_¹ä±×¸©_Äá¹ä_Q2_00012.JPG	train	train	Äá¹ä	13	Äá¹ä	Q2	1	0.5	side	200	322.9	100	161.45
side_¹ä·ù_¹ä±×¸©_Äá¹ä_Q2_00013.JPG	train	train	Äá¹ä	13	Äá¹ä	Q2	1	0.5	side	200	322.9	100	161.45
side_¹ä·ù_¹ä±×¸©_Äá¹ä_Q2_00015.JPG	train	train	Äá¹ä	13	Äá¹ä	Q2	1	0.5	side	200	322.9	100	161.45
side_¹ä·ù_¹ä±×¸©_Äá¹ä_Q2_00016.JPG	train	train	Äá¹ä	13	Äá¹ä	Q2	1	0.5	side	200	322.9	100	161.45
side_¹ä·ù_¹ä±×¸©_Äá¹ä_Q2_00017.JPG	train	train	Äá¹ä	13	Äá¹ä	Q2	1	0.5	side	200	322.9	100	161.45
side_¹ä·ù_¹ä±×¸©_Äá¹ä_Q2_00020.JPG	train	train	Äá¹ä	13	Äá¹ä	Q2	1	0.5	side	200	322.9	100	161.45
side_¹ä·ù_¹ä±×¸©_Äá¹ä_Q2_00021.JPG	train	train	Äá¹ä	13	Äá¹ä	Q2	1	0.5	side	200	322.9	100	161.45
side_¹ä·ù_¹ä±×¸©_Äá¹ä_Q2_00023.JPG	train	train	Äá¹ä	13	Äá¹ä	Q2	1	0.5	side	200	322.9	100	161.45
side_¹ä·ù_¹ä±×¸©_Äá¹ä_Q2_00024.JPG	train	train	Äá¹ä	13	Äá¹ä	Q2	1	0.5	side	200	322.9	100	161.45
side_¹ä·ù_¹ä±×¸©_Äá¹ä_Q2_00025.JPG	train	train	Äá¹ä	13	Äá¹ä	Q2	1	0.5	side	200	322.9	100	161.45
side_¹ä·ù_¹ä±×¸©_Äá¹ä_Q2_00027.JPG	train	train	Äá¹ä	13	Äá¹ä	Q2	1	0.5	side	200	322.9	100	161.45
side_¹ä·ù_¹ä±×¸©_Äá¹ä_Q2_00028.JPG	train	train	Äá¹ä	13	Äá¹ä	Q2	1	0.5	side	200	322.9	100	161.45
side_¹ä·ù_¹ä±×¸©_Äá¹ä_Q2_00029.JPG	train	train	Äá¹ä	13	Äá¹ä	Q2	1	0.5	side	200	322.9	100	161.45
side_¹ä·ù_¹ä±×¸©_Äá¹ä_Q2_00030.JPG	train	train	Äá¹ä	13	Äá¹ä	Q2	1	0.5	side	200	322.9	100	161.45
side_¹ä·ù_¹ä±×¸©_Äá¹ä_Q2_00031.JPG	train	train	Äá¹ä	13	Äá¹ä	Q2	1	0.5	side	200	322.9	100	161.45
side_¹ä·ù_¹ä±×¸©_Äá¹ä_Q2_00032.JPG	train	train	Äá¹ä	13	Äá¹ä	Q2	1	0.5	side	200	322.9	100	161.45
side_¹ä·ù_¹ä±×¸©_Äá¹ä_Q2_00033.JPG	train	train	Äá¹ä	13	Äá¹ä	Q2	1	0.5	side	200	322.9	100	161.45
side_¹ä·ù_¹ä±×¸©_Äá¹ä_Q2_00034.JPG	train	train	Äá¹ä	13	Äá¹ä	Q2	1	0.5	side	200	322.9	100	161.45
side_¹ä·ù_¹ä±×¸©_Äá¹ä_Q2_00035.JPG	train	train	Äá¹ä	13	Äá¹ä	Q2	1	0.5	side	200	322.9	100	161.45
side_¹ä·ù_¹ä±×¸©_Äá¹ä_Q2_00036.JPG	train	train	Äá¹ä	13	Äá¹ä	Q2	1	0.5	side	200	322.9	100	161.45
side_¹ä·ù_¹ä±×¸©_Äá¹ä_Q2_00037.JPG	train	train	Äá¹ä	13	Äá¹ä	Q2	1	0.5	side	200	322.9	100	161.45
side_¹ä·ù_¹ä±×¸©_Äá¹ä_Q2_00038.JPG	train	train	Äá¹ä	13	Äá¹ä	Q2	1	0.5	side	200	322.9	100	161.45
side_¹ä·ù_¹ä±×¸©_Äá¹ä_Q2_00039.JPG	train	train	Äá¹ä	13	Äá¹ä	Q2	1	0.5	side	200	322.9	100	161.45
side_¹ä·ù_¹ä±×¸©_Äá¹ä_Q2_00041.JPG	train	train	Äá¹ä	13	Äá¹ä	Q2	1	0.5	side	200	322.9	100	161.45
side_¹ä·ù_¹ä±×¸©_Äá¹ä_Q2_00042.JPG	train	train	Äá¹ä	13	Äá¹ä	Q2	1	0.5	side	200	322.9	100	161.45
side_¹ä·ù_¹ä±×¸©_Äá¹ä_Q2_00043.JPG	train	train	Äá¹ä	13	Äá¹ä	Q2	1	0.5	side	200	322.9	100	161.45
side_¹ä·ù_¹ä±×¸©_Äá¹ä_Q2_00045.JPG	train	train	Äá¹ä	13	Äá¹ä	Q2	1	0.5	side	200	322.9	100	161.45
side_¹ä·ù_¹ä±×¸©_Äá¹ä_Q2_00046.JPG	train	train	Äá¹ä	13	Äá¹ä	Q2	1	0.5	side	200	322.9	100	161.45
side_¹ä·ù_¹ä±×¸©_Äá¹ä_Q2_00047.JPG	train	train	Äá¹ä	13	Äá¹ä	Q2	1	0.5	side	200	322.9	100	161.45
side_¹ä·ù_¹ä±×¸©_Äá¹ä_Q2_00048.JPG	train	train	Äá¹ä	13	Äá¹ä	Q2	1	0.5	side	200	322.9	100	161.45
side_¹ä·ù_¹ä±×¸©_Äá¹ä_Q2_00049.JPG	train	train	Äá¹ä	13	Äá¹ä	Q2	1	0.5	side	200	322.9	100	161.45
side_¹ä·ù_¹ä±×¸©_Äá¹ä_Q2_00050.JPG	train	train	Äá¹ä	13	Äá¹ä	Q2	1	0.5	side	200	322.9	100	161.45
side_¹ä·ù_¹ä±×¸©_Äá¹ä_Q2_00051.JPG	train	train	Äá¹ä	13	Äá¹ä	Q2	1	0.5	side	200	322.9	100	161.45
side_¹ä·ù_¹ä±×¸©_Äá¹ä_Q2_00053.JPG	train	train	Äá¹ä	13	Äá¹ä	Q2	1	0.5	side	200	322.9	100	161.45
top_¹ä·ù_¹ä±×¸©_Äá¹ä_Q2_00001.JPG	train	train	Äá¹ä	13	Äá¹ä	Q2	1	0.5	top	200	322.9	100	161.45
top_¹ä·ù_¹ä±×¸©_Äá¹ä_Q2_00002.JPG	train	train	Äá¹ä	13	Äá¹ä	Q2	1	0.5	top	200	322.9	100	161.45
top_¹ä·ù_¹ä±×¸©_Äá¹ä_Q2_00004.JPG	train	train	Äá¹ä	13	Äá¹ä	Q2	1	0.5	top	200	322.9	100	161.45
top_¹ä·ù_¹ä±×¸©_Äá¹ä_Q2_00005.JPG	train	train	Äá¹ä	13	Äá¹ä	Q2	1	0.5	top	200	322.9	100	161.45
top_¹ä·ù_¹ä±×¸©_Äá¹ä_Q2_00006.JPG	train	train	Äá¹ä	13	Äá¹ä	Q2	1	0.5	top	200	322.9	100	161.45
top_¹ä·ù_¹ä±×¸©_Äá¹ä_Q2_00007.JPG	train	train	Äá¹ä	13	Äá¹ä	Q2	1	0.5	top	200	322.9	100	161.45
top_¹ä·ù_¹ä±×¸©_Äá¹ä_Q2_00008.JPG	train	train	Äá¹ä	13	Äá¹ä	Q2	1	0.5	top	200	322.9	100	161.45
top_¹ä·ù_¹ä±×¸©_Äá¹ä_Q2_00009.JPG	train	train	Äá¹ä	13	Äá¹ä	Q2	1	0.5	top	200	322.9	100	161.45
top_¹ä·ù_¹ä±×¸©_Äá¹ä_Q2_00012.JPG	train	train	Äá¹ä	13	Äá¹ä	Q2	1	0.5	top	200	322.9	100	161.45
top_¹ä·ù_¹ä±×¸©_Äá¹ä_Q2_00013.JPG	train	train	Äá¹ä	13	Äá¹ä	Q2	1	0.5	top	200	322.9	100	161.45
top_¹ä·ù_¹ä±×¸©_Äá¹ä_Q2_00014.JPG	train	train	Äá¹ä	13	Äá¹ä	Q2	1	0.5	top	200	322.9	100	161.45
top_¹ä·ù_¹ä±×¸©_Äá¹ä_Q2_00015.JPG	train	train	Äá¹ä	13	Äá¹ä	Q2	1	0.5	top	200	322.9	100	161.45
top_¹ä·ù_¹ä±×¸©_Äá¹ä_Q2_00016.JPG	train	train	Äá¹ä	13	Äá¹ä	Q2	1	0.5	top	200	322.9	100	161.45
top_¹ä·ù_¹ä±×¸©_Äá¹ä_Q2_00017.JPG	train	train	Äá¹ä	13	Äá¹ä	Q2	1	0.5	top	200	322.9	100	161.45
top_¹ä·ù_¹ä±×¸©_Äá¹ä_Q2_00018.JPG	train	train	Äá¹ä	13	Äá¹ä	Q2	1	0.5	top	200	322.9	100	161.45
top_¹ä·ù_¹ä±×¸©_Äá¹ä_Q2_00019.JPG	train	train	Äá¹ä	13	Äá¹ä	Q2	1	0.5	top	200	322.9	100	161.45
top_¹ä·ù_¹ä±×¸©_Äá¹ä_Q2_00021.JPG	train	train	Äá¹ä	13	Äá¹ä	Q2	1	0.5	top	200	322.9	100	161.45
top_¹ä·ù_¹ä±×¸©_Äá¹ä_Q2_00022.JPG	train	train	Äá¹ä	13	Äá¹ä	Q2	1	0.5	top	200	322.9	100	161.45
top_¹ä·ù_¹ä±×¸©_Äá¹ä_Q2_00023.JPG	train	train	Äá¹ä	13	Äá¹ä	Q2	1	0.5	top	200	322.9	100	161.45
top_¹ä·ù_¹ä±×¸©_Äá¹ä_Q2_00025.JPG	train	train	Äá¹ä	13	Äá¹ä	Q2	1	0.5	top	200	322.9	100	161.45
top_¹ä·ù_¹ä±×¸©_Äá¹ä_Q2_00026.JPG	train	train	Äá¹ä	13	Äá¹ä	Q2	1	0.5	top	200	322.9	100	161.45
top_¹ä·ù_¹ä±×¸©_Äá¹ä_Q2_00027.JPG	train	train	Äá¹ä	13	Äá¹ä	Q2	1	0.5	top	200	322.9	100	161.45
top_¹ä·ù_¹ä±×¸©_Äá¹ä_Q2_00030.JPG	train	train	Äá¹ä	13	Äá¹ä	Q2	1	0.5	top	200	322.9	100	161.45
top_¹ä·ù_¹ä±×¸©_Äá¹ä_Q2_00032.JPG	train	train	Äá¹ä	13	Äá¹ä	Q2	1	0.5	top	200	322.9	100	161.45
top_¹ä·ù_¹ä±×¸©_Äá¹ä_Q2_00033.JPG	train	train	Äá¹ä	13	Äá¹ä	Q2	1	0.5	top	200	322.9	100	161.45
top_¹ä·ù_¹ä±×¸©_Äá¹ä_Q2_00034.JPG	train	train	Äá¹ä	13	Äá¹ä	Q2	1	0.5	top	200	322.9	100	161.45
top_¹ä·ù_¹ä±×¸©_Äá¹ä_Q2_00035.JPG	train	train	Äá¹ä	13	Äá¹ä	Q2	1	0.5	top	200	322.9	100	161.45
top_¹ä·ù_¹ä±×¸©_Äá¹ä_Q2_00036.JPG	train	train	Äá¹ä	13	Äá¹ä	Q2	1	0.5	top	200	322.9	100	161.45
top_¹ä·ù_¹ä±×¸©_Äá¹ä_Q2_00037.JPG	train	train	Äá¹ä	13	Äá¹ä	Q2	1	0.5	top	200	322.9	100	161.45
top_¹ä·ù_¹ä±×¸©_Äá¹ä_Q2_00038.JPG	train	train	Äá¹ä	13	Äá¹ä	Q2	1	0.5	top	200	322.9	100	161.45
top_¹ä·ù_¹ä±×¸©_Äá¹ä_Q2_00039.JPG	train	train	Äá¹ä	13	Äá¹ä	Q2	1	0.5	top	200	322.9	100	161.45
top_¹ä·ù_¹ä±×¸©_Äá¹ä_Q2_00040.JPG	train	train	Äá¹ä	13	Äá¹ä	Q2	1	0.5	top	200	322.9	100	161.45
top_¹ä·ù_¹ä±×¸©_Äá¹ä_Q2_00041.JPG	train	train	Äá¹ä	13	Äá¹ä	Q2	1	0.5	top	200	322.9	100	161.45
top_¹ä·ù_¹ä±×¸©_Äá¹ä_Q2_00042.JPG	train	train	Äá¹ä	13	Äá¹ä	Q2	1	0.5	top	200	322.9	100	161.45
top_¹ä·ù_¹ä±×¸©_Äá¹ä_Q2_00044.JPG	train	train	Äá¹ä	13	Äá¹ä	Q2	1	0.5	top	200	322.9	100	161.45
top_¹ä·ù_¹ä±×¸©_Äá¹ä_Q2_00045.JPG	train	train	Äá¹ä	13	Äá¹ä	Q2	1	0.5	top	200	322.9	100	161.45
top_¹ä·ù_¹ä±×¸©_Äá¹ä_Q2_00046.JPG	train	train	Äá¹ä	13	Äá¹ä	Q2	1	0.5	top	200	322.9	100	161.45
top_¹ä·ù_¹ä±×¸©_Äá¹ä_Q2_00047.JPG	train	train	Äá¹ä	13	Äá¹ä	Q2	1	0.5	top	200	322.9	100	161.45
top_¹ä·ù_¹ä±×¸©_Äá¹ä_Q2_00048.JPG	train	train	Äá¹ä	13	Äá¹ä	Q2	1	0.5	top	200	322.9	100	161.45
top_¹ä·ù_¹ä±×¸©_Äá¹ä_Q2_00049.JPG	train	train	Äá¹ä	13	Äá¹ä	Q2	1	0.5	top	200	322.9	100	161.45
top_¹ä·ù_¹ä±×¸©_Äá¹ä_Q2_00051.JPG	train	train	Äá¹ä	13	Äá¹ä	Q2	1	0.5	top	200	322.9	100	161.45
top_¹ä·ù_¹ä±×¸©_Äá¹ä_Q2_00052.JPG	train	train	Äá¹ä	13	Äá¹ä	Q2	1	0.5	top	200	322.9	100	161.45
top_¹ä·ù_¹ä±×¸©_Äá¹ä_Q2_00054.JPG	train	train	Äá¹ä	13	Äá¹ä	Q2	1	0.5	top	200	322.9	100	161.45
side_¹ä·ù_¹ä±×¸©_Äá¹ä_Q3_00002.JPG	train	train	Äá¹ä	13	Äá¹ä	Q3	2	0.75	side	200	322.9	150	242.18
side_¹ä·ù_¹ä±×¸©_Äá¹ä_Q3_00006.JPG	train	train	Äá¹ä	13	Äá¹ä	Q3	2	0.75	side	200	322.9	150	242.18
side_¹ä·ù_¹ä±×¸©_Äá¹ä_Q3_00007.JPG	train	train	Äá¹ä	13	Äá¹ä	Q3	2	0.75	side	200	322.9	150	242.18
side_¹ä·ù_¹ä±×¸©_Äá¹ä_Q3_00008.JPG	train	train	Äá¹ä	13	Äá¹ä	Q3	2	0.75	side	200	322.9	150	242.18
side_¹ä·ù_¹ä±×¸©_Äá¹ä_Q3_00010.JPG	train	train	Äá¹ä	13	Äá¹ä	Q3	2	0.75	side	200	322.9	150	242.18
side_¹ä·ù_¹ä±×¸©_Äá¹ä_Q3_00011.JPG	train	train	Äá¹ä	13	Äá¹ä	Q3	2	0.75	side	200	322.9	150	242.18
side_¹ä·ù_¹ä±×¸©_Äá¹ä_Q3_00012.JPG	train	train	Äá¹ä	13	Äá¹ä	Q3	2	0.75	side	200	322.9	150	242.18
side_¹ä·ù_¹ä±×¸©_Äá¹ä_Q3_00014.JPG	train	train	Äá¹ä	13	Äá¹ä	Q3	2	0.75	side	200	322.9	150	242.18
side_¹ä·ù_¹ä±×¸©_Äá¹ä_Q3_00015.JPG	train	train	Äá¹ä	13	Äá¹ä	Q3	2	0.75	side	200	322.9	150	242.18
side_¹ä·ù_¹ä±×¸©_Äá¹ä_Q3_00019.JPG	train	train	Äá¹ä	13	Äá¹ä	Q3	2	0.75	side	200	322.9	150	242.18
side_¹ä·ù_¹ä±×¸©_Äá¹ä_Q3_00020.JPG	train	train	Äá¹ä	13	Äá¹ä	Q3	2	0.75	side	200	322.9	150	242.18
side_¹ä·ù_¹ä±×¸©_Äá¹ä_Q3_00021.JPG	train	train	Äá¹ä	13	Äá¹ä	Q3	2	0.75	side	200	322.9	150	242.18
side_¹ä·ù_¹ä±×¸©_Äá¹ä_Q3_00022.JPG	train	train	Äá¹ä	13	Äá¹ä	Q3	2	0.75	side	200	322.9	150	242.18
side_¹ä·ù_¹ä±×¸©_Äá¹ä_Q3_00023.JPG	train	train	Äá¹ä	13	Äá¹ä	Q3	2	0.75	side	200	322.9	150	242.18
side_¹ä·ù_¹ä±×¸©_Äá¹ä_Q3_00024.JPG	train	train	Äá¹ä	13	Äá¹ä	Q3	2	0.75	side	200	322.9	150	242.18
side_¹ä·ù_¹ä±×¸©_Äá¹ä_Q3_00025.JPG	train	train	Äá¹ä	13	Äá¹ä	Q3	2	0.75	side	200	322.9	150	242.18
side_¹ä·ù_¹ä±×¸©_Äá¹ä_Q3_00026.JPG	train	train	Äá¹ä	13	Äá¹ä	Q3	2	0.75	side	200	322.9	150	242.18
side_¹ä·ù_¹ä±×¸©_Äá¹ä_Q3_00027.JPG	train	train	Äá¹ä	13	Äá¹ä	Q3	2	0.75	side	200	322.9	150	242.18
side_¹ä·ù_¹ä±×¸©_Äá¹ä_Q3_00028.JPG	train	train	Äá¹ä	13	Äá¹ä	Q3	2	0.75	side	200	322.9	150	242.18
side_¹ä·ù_¹ä±×¸©_Äá¹ä_Q3_00029.JPG	train	train	Äá¹ä	13	Äá¹ä	Q3	2	0.75	side	200	322.9	150	242.18
side_¹ä·ù_¹ä±×¸©_Äá¹ä_Q3_00030.JPG	train	train	Äá¹ä	13	Äá¹ä	Q3	2	0.75	side	200	322.9	150	242.18
side_¹ä·ù_¹ä±×¸©_Äá¹ä_Q3_00032.JPG	train	train	Äá¹ä	13	Äá¹ä	Q3	2	0.75	side	200	322.9	150	242.18
side_¹ä·ù_¹ä±×¸©_Äá¹ä_Q3_00033.JPG	train	train	Äá¹ä	13	Äá¹ä	Q3	2	0.75	side	200	322.9	150	242.18
side_¹ä·ù_¹ä±×¸©_Äá¹ä_Q3_00035.JPG	train	train	Äá¹ä	13	Äá¹ä	Q3	2	0.75	side	200	322.9	150	242.18
side_¹ä·ù_¹ä±×¸©_Äá¹ä_Q3_00038.JPG	train	train	Äá¹ä	13	Äá¹ä	Q3	2	0.75	side	200	322.9	150	242.18
side_¹ä·ù_¹ä±×¸©_Äá¹ä_Q3_00039.JPG	train	train	Äá¹ä	13	Äá¹ä	Q3	2	0.75	side	200	322.9	150	242.18
side_¹ä·ù_¹ä±×¸©_Äá¹ä_Q3_00040.JPG	train	train	Äá¹ä	13	Äá¹ä	Q3	2	0.75	side	200	322.9	150	242.18
side_¹ä·ù_¹ä±×¸©_Äá¹ä_Q3_00041.JPG	train	train	Äá¹ä	13	Äá¹ä	Q3	2	0.75	side	200	322.9	150	242.18
side_¹ä·ù_¹ä±×¸©_Äá¹ä_Q3_00042.JPG	train	train	Äá¹ä	13	Äá¹ä	Q3	2	0.75	side	200	322.9	150	242.18
side_¹ä·ù_¹ä±×¸©_Äá¹ä_Q3_00043.JPG	train	train	Äá¹ä	13	Äá¹ä	Q3	2	0.75	side	200	322.9	150	242.18
side_¹ä·ù_¹ä±×¸©_Äá¹ä_Q3_00044.JPG	train	train	Äá¹ä	13	Äá¹ä	Q3	2	0.75	side	200	322.9	150	242.18
side_¹ä·ù_¹ä±×¸©_Äá¹ä_Q3_00045.JPG	train	train	Äá¹ä	13	Äá¹ä	Q3	2	0.75	side	200	322.9	150	242.18
side_¹ä·ù_¹ä±×¸©_Äá¹ä_Q3_00046.JPG	train	train	Äá¹ä	13	Äá¹ä	Q3	2	0.75	side	200	322.9	150	242.18
side_¹ä·ù_¹ä±×¸©_Äá¹ä_Q3_00047.JPG	train	train	Äá¹ä	13	Äá¹ä	Q3	2	0.75	side	200	322.9	150	242.18
side_¹ä·ù_¹ä±×¸©_Äá¹ä_Q3_00048.JPG	train	train	Äá¹ä	13	Äá¹ä	Q3	2	0.75	side	200	322.9	150	242.18
side_¹ä·ù_¹ä±×¸©_Äá¹ä_Q3_00049.JPG	train	train	Äá¹ä	13	Äá¹ä	Q3	2	0.75	side	200	322.9	150	242.18
side_¹ä·ù_¹ä±×¸©_Äá¹ä_Q3_00050.JPG	train	train	Äá¹ä	13	Äá¹ä	Q3	2	0.75	side	200	322.9	150	242.18
side_¹ä·ù_¹ä±×¸©_Äá¹ä_Q3_00051.JPG	train	train	Äá¹ä	13	Äá¹ä	Q3	2	0.75	side	200	322.9	150	242.18
side_¹ä·ù_¹ä±×¸©_Äá¹ä_Q3_00052.JPG	train	train	Äá¹ä	13	Äá¹ä	Q3	2	0.75	side	200	322.9	150	242.18
side_¹ä·ù_¹ä±×¸©_Äá¹ä_Q3_00053.JPG	train	train	Äá¹ä	13	Äá¹ä	Q3	2	0.75	side	200	322.9	150	242.18
top_¹ä·ù_¹ä±×¸©_Äá¹ä_Q3_00001.JPG	train	train	Äá¹ä	13	Äá¹ä	Q3	2	0.75	top	200	322.9	150	242.18
top_¹ä·ù_¹ä±×¸©_Äá¹ä_Q3_00003.JPG	train	train	Äá¹ä	13	Äá¹ä	Q3	2	0.75	top	200	322.9	150	242.18
top_¹ä·ù_¹ä±×¸©_Äá¹ä_Q3_00004.JPG	train	train	Äá¹ä	13	Äá¹ä	Q3	2	0.75	top	200	322.9	150	242.18
top_¹ä·ù_¹ä±×¸©_Äá¹ä_Q3_00005.JPG	train	train	Äá¹ä	13	Äá¹ä	Q3	2	0.75	top	200	322.9	150	242.18
top_¹ä·ù_¹ä±×¸©_Äá¹ä_Q3_00006.JPG	train	train	Äá¹ä	13	Äá¹ä	Q3	2	0.75	top	200	322.9	150	242.18
top_¹ä·ù_¹ä±×¸©_Äá¹ä_Q3_00008.JPG	train	train	Äá¹ä	13	Äá¹ä	Q3	2	0.75	top	200	322.9	150	242.18
top_¹ä·ù_¹ä±×¸©_Äá¹ä_Q3_00009.JPG	train	train	Äá¹ä	13	Äá¹ä	Q3	2	0.75	top	200	322.9	150	242.18
top_¹ä·ù_¹ä±×¸©_Äá¹ä_Q3_00010.JPG	train	train	Äá¹ä	13	Äá¹ä	Q3	2	0.75	top	200	322.9	150	242.18
top_¹ä·ù_¹ä±×¸©_Äá¹ä_Q3_00011.JPG	train	train	Äá¹ä	13	Äá¹ä	Q3	2	0.75	top	200	322.9	150	242.18
top_¹ä·ù_¹ä±×¸©_Äá¹ä_Q3_00012.JPG	train	train	Äá¹ä	13	Äá¹ä	Q3	2	0.75	top	200	322.9	150	242.18
top_¹ä·ù_¹ä±×¸©_Äá¹ä_Q3_00013.JPG	train	train	Äá¹ä	13	Äá¹ä	Q3	2	0.75	top	200	322.9	150	242.18
top_¹ä·ù_¹ä±×¸©_Äá¹ä_Q3_00014.JPG	train	train	Äá¹ä	13	Äá¹ä	Q3	2	0.75	top	200	322.9	150	242.18
top_¹ä·ù_¹ä±×¸©_Äá¹ä_Q3_00015.JPG	train	train	Äá¹ä	13	Äá¹ä	Q3	2	0.75	top	200	322.9	150	242.18
top_¹ä·ù_¹ä±×¸©_Äá¹ä_Q3_00016.JPG	train	train	Äá¹ä	13	Äá¹ä	Q3	2	0.75	top	200	322.9	150	242.18
top_¹ä·ù_¹ä±×¸©_Äá¹ä_Q3_00017.JPG	train	train	Äá¹ä	13	Äá¹ä	Q3	2	0.75	top	200	322.9	150	242.18
top_¹ä·ù_¹ä±×¸©_Äá¹ä_Q3_00018.JPG	train	train	Äá¹ä	13	Äá¹ä	Q3	2	0.75	top	200	322.9	150	242.18
top_¹ä·ù_¹ä±×¸©_Äá¹ä_Q3_00019.JPG	train	train	Äá¹ä	13	Äá¹ä	Q3	2	0.75	top	200	322.9	150	242.18
top_¹ä·ù_¹ä±×¸©_Äá¹ä_Q3_00020.JPG	train	train	Äá¹ä	13	Äá¹ä	Q3	2	0.75	top	200	322.9	150	242.18
top_¹ä·ù_¹ä±×¸©_Äá¹ä_Q3_00021.JPG	train	train	Äá¹ä	13	Äá¹ä	Q3	2	0.75	top	200	322.9	150	242.18
top_¹ä·ù_¹ä±×¸©_Äá¹ä_Q3_00023.JPG	train	train	Äá¹ä	13	Äá¹ä	Q3	2	0.75	top	200	322.9	150	242.18
top_¹ä·ù_¹ä±×¸©_Äá¹ä_Q3_00024.JPG	train	train	Äá¹ä	13	Äá¹ä	Q3	2	0.75	top	200	322.9	150	242.18
top_¹ä·ù_¹ä±×¸©_Äá¹ä_Q3_00025.JPG	train	train	Äá¹ä	13	Äá¹ä	Q3	2	0.75	top	200	322.9	150	242.18
top_¹ä·ù_¹ä±×¸©_Äá¹ä_Q3_00026.JPG	train	train	Äá¹ä	13	Äá¹ä	Q3	2	0.75	top	200	322.9	150	242.18
top_¹ä·ù_¹ä±×¸©_Äá¹ä_Q3_00027.JPG	train	train	Äá¹ä	13	Äá¹ä	Q3	2	0.75	top	200	322.9	150	242.18
top_¹ä·ù_¹ä±×¸©_Äá¹ä_Q3_00028.JPG	train	train	Äá¹ä	13	Äá¹ä	Q3	2	0.75	top	200	322.9	150	242.18
top_¹ä·ù_¹ä±×¸©_Äá¹ä_Q3_00029.JPG	train	train	Äá¹ä	13	Äá¹ä	Q3	2	0.75	top	200	322.9	150	242.18
top_¹ä·ù_¹ä±×¸©_Äá¹ä_Q3_00030.JPG	train	train	Äá¹ä	13	Äá¹ä	Q3	2	0.75	top	200	322.9	150	242.18
top_¹ä·ù_¹ä±×¸©_Äá¹ä_Q3_00031.JPG	train	train	Äá¹ä	13	Äá¹ä	Q3	2	0.75	top	200	322.9	150	242.18
top_¹ä·ù_¹ä±×¸©_Äá¹ä_Q3_00032.JPG	train	train	Äá¹ä	13	Äá¹ä	Q3	2	0.75	top	200	322.9	150	242.18
top_¹ä·ù_¹ä±×¸©_Äá¹ä_Q3_00033.JPG	train	train	Äá¹ä	13	Äá¹ä	Q3	2	0.75	top	200	322.9	150	242.18
top_¹ä·ù_¹ä±×¸©_Äá¹ä_Q3_00034.JPG	train	train	Äá¹ä	13	Äá¹ä	Q3	2	0.75	top	200	322.9	150	242.18
top_¹ä·ù_¹ä±×¸©_Äá¹ä_Q3_00036.JPG	train	train	Äá¹ä	13	Äá¹ä	Q3	2	0.75	top	200	322.9	150	242.18
top_¹ä·ù_¹ä±×¸©_Äá¹ä_Q3_00038.JPG	train	train	Äá¹ä	13	Äá¹ä	Q3	2	0.75	top	200	322.9	150	242.18
top_¹ä·ù_¹ä±×¸©_Äá¹ä_Q3_00040.JPG	train	train	Äá¹ä	13	Äá¹ä	Q3	2	0.75	top	200	322.9	150	242.18
top_¹ä·ù_¹ä±×¸©_Äá¹ä_Q3_00042.JPG	train	train	Äá¹ä	13	Äá¹ä	Q3	2	0.75	top	200	322.9	150	242.18
top_¹ä·ù_¹ä±×¸©_Äá¹ä_Q3_00043.JPG	train	train	Äá¹ä	13	Äá¹ä	Q3	2	0.75	top	200	322.9	150	242.18
top_¹ä·ù_¹ä±×¸©_Äá¹ä_Q3_00044.JPG	train	train	Äá¹ä	13	Äá¹ä	Q3	2	0.75	top	200	322.9	150	242.18
top_¹ä·ù_¹ä±×¸©_Äá¹ä_Q3_00045.JPG	train	train	Äá¹ä	13	Äá¹ä	Q3	2	0.75	top	200	322.9	150	242.18
top_¹ä·ù_¹ä±×¸©_Äá¹ä_Q3_00046.JPG	train	train	Äá¹ä	13	Äá¹ä	Q3	2	0.75	top	200	322.9	150	242.18
top_¹ä·ù_¹ä±×¸©_Äá¹ä_Q3_00047.JPG	train	train	Äá¹ä	13	Äá¹ä	Q3	2	0.75	top	200	322.9	150	242.18
top_¹ä·ù_¹ä±×¸©_Äá¹ä_Q3_00048.JPG	train	train	Äá¹ä	13	Äá¹ä	Q3	2	0.75	top	200	322.9	150	242.18
top_¹ä·ù_¹ä±×¸©_Äá¹ä_Q3_00049.JPG	train	train	Äá¹ä	13	Äá¹ä	Q3	2	0.75	top	200	322.9	150	242.18
top_¹ä·ù_¹ä±×¸©_Äá¹ä_Q3_00050.JPG	train	train	Äá¹ä	13	Äá¹ä	Q3	2	0.75	top	200	322.9	150	242.18
top_¹ä·ù_¹ä±×¸©_Äá¹ä_Q3_00052.JPG	train	train	Äá¹ä	13	Äá¹ä	Q3	2	0.75	top	200	322.9	150	242.18
top_¹ä·ù_¹ä±×¸©_Äá¹ä_Q3_00053.JPG	train	train	Äá¹ä	13	Äá¹ä	Q3	2	0.75	top	200	322.9	150	242.18
side_¹ä·ù_¹ä±×¸©_Äá¹ä_Q4_00001.JPG	train	train	Äá¹ä	13	Äá¹ä	Q4	3	1	side	200	322.9	200	322.9
side_¹ä·ù_¹ä±×¸©_Äá¹ä_Q4_00002.JPG	train	train	Äá¹ä	13	Äá¹ä	Q4	3	1	side	200	322.9	200	322.9
side_¹ä·ù_¹ä±×¸©_Äá¹ä_Q4_00004.JPG	train	train	Äá¹ä	13	Äá¹ä	Q4	3	1	side	200	322.9	200	322.9
side_¹ä·ù_¹ä±×¸©_Äá¹ä_Q4_00005.JPG	train	train	Äá¹ä	13	Äá¹ä	Q4	3	1	side	200	322.9	200	322.9
side_¹ä·ù_¹ä±×¸©_Äá¹ä_Q4_00006.JPG	train	train	Äá¹ä	13	Äá¹ä	Q4	3	1	side	200	322.9	200	322.9
side_¹ä·ù_¹ä±×¸©_Äá¹ä_Q4_00007.JPG	train	train	Äá¹ä	13	Äá¹ä	Q4	3	1	side	200	322.9	200	322.9
side_¹ä·ù_¹ä±×¸©_Äá¹ä_Q4_00008.JPG	train	train	Äá¹ä	13	Äá¹ä	Q4	3	1	side	200	322.9	200	322.9
side_¹ä·ù_¹ä±×¸©_Äá¹ä_Q4_00009.JPG	train	train	Äá¹ä	13	Äá¹ä	Q4	3	1	side	200	322.9	200	322.9
side_¹ä·ù_¹ä±×¸©_Äá¹ä_Q4_00010.JPG	train	train	Äá¹ä	13	Äá¹ä	Q4	3	1	side	200	322.9	200	322.9
side_¹ä·ù_¹ä±×¸©_Äá¹ä_Q4_00011.JPG	train	train	Äá¹ä	13	Äá¹ä	Q4	3	1	side	200	322.9	200	322.9
side_¹ä·ù_¹ä±×¸©_Äá¹ä_Q4_00012.JPG	train	train	Äá¹ä	13	Äá¹ä	Q4	3	1	side	200	322.9	200	322.9
side_¹ä·ù_¹ä±×¸©_Äá¹ä_Q4_00013.JPG	train	train	Äá¹ä	13	Äá¹ä	Q4	3	1	side	200	322.9	200	322.9
side_¹ä·ù_¹ä±×¸©_Äá¹ä_Q4_00014.JPG	train	train	Äá¹ä	13	Äá¹ä	Q4	3	1	side	200	322.9	200	322.9
side_¹ä·ù_¹ä±×¸©_Äá¹ä_Q4_00015.JPG	train	train	Äá¹ä	13	Äá¹ä	Q4	3	1	side	200	322.9	200	322.9
side_¹ä·ù_¹ä±×¸©_Äá¹ä_Q4_00017.JPG	train	train	Äá¹ä	13	Äá¹ä	Q4	3	1	side	200	322.9	200	322.9
side_¹ä·ù_¹ä±×¸©_Äá¹ä_Q4_00019.JPG	train	train	Äá¹ä	13	Äá¹ä	Q4	3	1	side	200	322.9	200	322.9
side_¹ä·ù_¹ä±×¸©_Äá¹ä_Q4_00020.JPG	train	train	Äá¹ä	13	Äá¹ä	Q4	3	1	side	200	322.9	200	322.9
side_¹ä·ù_¹ä±×¸©_Äá¹ä_Q4_00021.JPG	train	train	Äá¹ä	13	Äá¹ä	Q4	3	1	side	200	322.9	200	322.9
side_¹ä·ù_¹ä±×¸©_Äá¹ä_Q4_00022.JPG	train	train	Äá¹ä	13	Äá¹ä	Q4	3	1	side	200	322.9	200	322.9
side_¹ä·ù_¹ä±×¸©_Äá¹ä_Q4_00023.JPG	train	train	Äá¹ä	13	Äá¹ä	Q4	3	1	side	200	322.9	200	322.9
side_¹ä·ù_¹ä±×¸©_Äá¹ä_Q4_00024.JPG	train	train	Äá¹ä	13	Äá¹ä	Q4	3	1	side	200	322.9	200	322.9
side_¹ä·ù_¹ä±×¸©_Äá¹ä_Q4_00025.JPG	train	train	Äá¹ä	13	Äá¹ä	Q4	3	1	side	200	322.9	200	322.9
side_¹ä·ù_¹ä±×¸©_Äá¹ä_Q4_00027.JPG	train	train	Äá¹ä	13	Äá¹ä	Q4	3	1	side	200	322.9	200	322.9
side_¹ä·ù_¹ä±×¸©_Äá¹ä_Q4_00028.JPG	train	train	Äá¹ä	13	Äá¹ä	Q4	3	1	side	200	322.9	200	322.9
side_¹ä·ù_¹ä±×¸©_Äá¹ä_Q4_00029.JPG	train	train	Äá¹ä	13	Äá¹ä	Q4	3	1	side	200	322.9	200	322.9
side_¹ä·ù_¹ä±×¸©_Äá¹ä_Q4_00031.JPG	train	train	Äá¹ä	13	Äá¹ä	Q4	3	1	side	200	322.9	200	322.9
side_¹ä·ù_¹ä±×¸©_Äá¹ä_Q4_00033.JPG	train	train	Äá¹ä	13	Äá¹ä	Q4	3	1	side	200	322.9	200	322.9
side_¹ä·ù_¹ä±×¸©_Äá¹ä_Q4_00034.JPG	train	train	Äá¹ä	13	Äá¹ä	Q4	3	1	side	200	322.9	200	322.9
side_¹ä·ù_¹ä±×¸©_Äá¹ä_Q4_00035.JPG	train	train	Äá¹ä	13	Äá¹ä	Q4	3	1	side	200	322.9	200	322.9
side_¹ä·ù_¹ä±×¸©_Äá¹ä_Q4_00037.JPG	train	train	Äá¹ä	13	Äá¹ä	Q4	3	1	side	200	322.9	200	322.9
side_¹ä·ù_¹ä±×¸©_Äá¹ä_Q4_00038.JPG	train	train	Äá¹ä	13	Äá¹ä	Q4	3	1	side	200	322.9	200	322.9
side_¹ä·ù_¹ä±×¸©_Äá¹ä_Q4_00040.JPG	train	train	Äá¹ä	13	Äá¹ä	Q4	3	1	side	200	322.9	200	322.9
side_¹ä·ù_¹ä±×¸©_Äá¹ä_Q4_00041.JPG	train	train	Äá¹ä	13	Äá¹ä	Q4	3	1	side	200	322.9	200	322.9
side_¹ä·ù_¹ä±×¸©_Äá¹ä_Q4_00042.JPG	train	train	Äá¹ä	13	Äá¹ä	Q4	3	1	side	200	322.9	200	322.9
side_¹ä·ù_¹ä±×¸©_Äá¹ä_Q4_00043.JPG	train	train	Äá¹ä	13	Äá¹ä	Q4	3	1	side	200	322.9	200	322.9
side_¹ä·ù_¹ä±×¸©_Äá¹ä_Q4_00044.JPG	train	train	Äá¹ä	13	Äá¹ä	Q4	3	1	side	200	322.9	200	322.9
side_¹ä·ù_¹ä±×¸©_Äá¹ä_Q4_00045.JPG	train	train	Äá¹ä	13	Äá¹ä	Q4	3	1	side	200	322.9	200	322.9
side_¹ä·ù_¹ä±×¸©_Äá¹ä_Q4_00046.JPG	train	train	Äá¹ä	13	Äá¹ä	Q4	3	1	side	200	322.9	200	322.9
side_¹ä·ù_¹ä±×¸©_Äá¹ä_Q4_00048.JPG	train	train	Äá¹ä	13	Äá¹ä	Q4	3	1	side	200	322.9	200	322.9
side_¹ä·ù_¹ä±×¸©_Äá¹ä_Q4_00050.JPG	train	train	Äá¹ä	13	Äá¹ä	Q4	3	1	side	200	322.9	200	322.9
side_¹ä·ù_¹ä±×¸©_Äá¹ä_Q4_00051.JPG	train	train	Äá¹ä	13	Äá¹ä	Q4	3	1	side	200	322.9	200	322.9
side_¹ä·ù_¹ä±×¸©_Äá¹ä_Q4_00052.JPG	train	train	Äá¹ä	13	Äá¹ä	Q4	3	1	side	200	322.9	200	322.9
side_¹ä·ù_¹ä±×¸©_Äá¹ä_Q4_00053.JPG	train	train	Äá¹ä	13	Äá¹ä	Q4	3	1	side	200	322.9	200	322.9
top_¹ä·ù_¹ä±×¸©_Äá¹ä_Q4_00001.JPG	train	train	Äá¹ä	13	Äá¹ä	Q4	3	1	top	200	322.9	200	322.9
top_¹ä·ù_¹ä±×¸©_Äá¹ä_Q4_00002.JPG	train	train	Äá¹ä	13	Äá¹ä	Q4	3	1	top	200	322.9	200	322.9
top_¹ä·ù_¹ä±×¸©_Äá¹ä_Q4_00003.JPG	train	train	Äá¹ä	13	Äá¹ä	Q4	3	1	top	200	322.9	200	322.9
top_¹ä·ù_¹ä±×¸©_Äá¹ä_Q4_00004.JPG	train	train	Äá¹ä	13	Äá¹ä	Q4	3	1	top	200	322.9	200	322.9
top_¹ä·ù_¹ä±×¸©_Äá¹ä_Q4_00005.JPG	train	train	Äá¹ä	13	Äá¹ä	Q4	3	1	top	200	322.9	200	322.9
top_¹ä·ù_¹ä±×¸©_Äá¹ä_Q4_00007.JPG	train	train	Äá¹ä	13	Äá¹ä	Q4	3	1	top	200	322.9	200	322.9
top_¹ä·ù_¹ä±×¸©_Äá¹ä_Q4_00009.JPG	train	train	Äá¹ä	13	Äá¹ä	Q4	3	1	top	200	322.9	200	322.9
top_¹ä·ù_¹ä±×¸©_Äá¹ä_Q4_00011.JPG	train	train	Äá¹ä	13	Äá¹ä	Q4	3	1	top	200	322.9	200	322.9
top_¹ä·ù_¹ä±×¸©_Äá¹ä_Q4_00012.JPG	train	train	Äá¹ä	13	Äá¹ä	Q4	3	1	top	200	322.9	200	322.9
top_¹ä·ù_¹ä±×¸©_Äá¹ä_Q4_00013.JPG	train	train	Äá¹ä	13	Äá¹ä	Q4	3	1	top	200	322.9	200	322.9
top_¹ä·ù_¹ä±×¸©_Äá¹ä_Q4_00014.JPG	train	train	Äá¹ä	13	Äá¹ä	Q4	3	1	top	200	322.9	200	322.9
top_¹ä·ù_¹ä±×¸©_Äá¹ä_Q4_00015.JPG	train	train	Äá¹ä	13	Äá¹ä	Q4	3	1	top	200	322.9	200	322.9
top_¹ä·ù_¹ä±×¸©_Äá¹ä_Q4_00016.JPG	train	train	Äá¹ä	13	Äá¹ä	Q4	3	1	top	200	322.9	200	322.9
top_¹ä·ù_¹ä±×¸©_Äá¹ä_Q4_00018.JPG	train	train	Äá¹ä	13	Äá¹ä	Q4	3	1	top	200	322.9	200	322.9
top_¹ä·ù_¹ä±×¸©_Äá¹ä_Q4_00020.JPG	train	train	Äá¹ä	13	Äá¹ä	Q4	3	1	top	200	322.9	200	322.9
top_¹ä·ù_¹ä±×¸©_Äá¹ä_Q4_00021.JPG	train	train	Äá¹ä	13	Äá¹ä	Q4	3	1	top	200	322.9	200	322.9
top_¹ä·ù_¹ä±×¸©_Äá¹ä_Q4_00022.JPG	train	train	Äá¹ä	13	Äá¹ä	Q4	3	1	top	200	322.9	200	322.9
top_¹ä·ù_¹ä±×¸©_Äá¹ä_Q4_00023.JPG	train	train	Äá¹ä	13	Äá¹ä	Q4	3	1	top	200	322.9	200	322.9
top_¹ä·ù_¹ä±×¸©_Äá¹ä_Q4_00024.JPG	train	train	Äá¹ä	13	Äá¹ä	Q4	3	1	top	200	322.9	200	322.9
top_¹ä·ù_¹ä±×¸©_Äá¹ä_Q4_00025.JPG	train	train	Äá¹ä	13	Äá¹ä	Q4	3	1	top	200	322.9	200	322.9
top_¹ä·ù_¹ä±×¸©_Äá¹ä_Q4_00027.JPG	train	train	Äá¹ä	13	Äá¹ä	Q4	3	1	top	200	322.9	200	322.9
top_¹ä·ù_¹ä±×¸©_Äá¹ä_Q4_00028.JPG	train	train	Äá¹ä	13	Äá¹ä	Q4	3	1	top	200	322.9	200	322.9
top_¹ä·ù_¹ä±×¸©_Äá¹ä_Q4_00029.JPG	train	train	Äá¹ä	13	Äá¹ä	Q4	3	1	top	200	322.9	200	322.9
top_¹ä·ù_¹ä±×¸©_Äá¹ä_Q4_00030.JPG	train	train	Äá¹ä	13	Äá¹ä	Q4	3	1	top	200	322.9	200	322.9
top_¹ä·ù_¹ä±×¸©_Äá¹ä_Q4_00031.JPG	train	train	Äá¹ä	13	Äá¹ä	Q4	3	1	top	200	322.9	200	322.9
top_¹ä·ù_¹ä±×¸©_Äá¹ä_Q4_00032.JPG	train	train	Äá¹ä	13	Äá¹ä	Q4	3	1	top	200	322.9	200	322.9
top_¹ä·ù_¹ä±×¸©_Äá¹ä_Q4_00033.JPG	train	train	Äá¹ä	13	Äá¹ä	Q4	3	1	top	200	322.9	200	322.9
top_¹ä·ù_¹ä±×¸©_Äá¹ä_Q4_00034.JPG	train	train	Äá¹ä	13	Äá¹ä	Q4	3	1	top	200	322.9	200	322.9
top_¹ä·ù_¹ä±×¸©_Äá¹ä_Q4_00035.JPG	train	train	Äá¹ä	13	Äá¹ä	Q4	3	1	top	200	322.9	200	322.9
top_¹ä·ù_¹ä±×¸©_Äá¹ä_Q4_00036.JPG	train	train	Äá¹ä	13	Äá¹ä	Q4	3	1	top	200	322.9	200	322.9
top_¹ä·ù_¹ä±×¸©_Äá¹ä_Q4_00037.JPG	train	train	Äá¹ä	13	Äá¹ä	Q4	3	1	top	200	322.9	200	322.9
top_¹ä·ù_¹ä±×¸©_Äá¹ä_Q4_00038.JPG	train	train	Äá¹ä	13	Äá¹ä	Q4	3	1	top	200	322.9	200	322.9
top_¹ä·ù_¹ä±×¸©_Äá¹ä_Q4_00039.JPG	train	train	Äá¹ä	13	Äá¹ä	Q4	3	1	top	200	322.9	200	322.9
top_¹ä·ù_¹ä±×¸©_Äá¹ä_Q4_00040.JPG	train	train	Äá¹ä	13	Äá¹ä	Q4	3	1	top	200	322.9	200	322.9
top_¹ä·ù_¹ä±×¸©_Äá¹ä_Q4_00041.JPG	train	train	Äá¹ä	13	Äá¹ä	Q4	3	1	top	200	322.9	200	322.9
top_¹ä·ù_¹ä±×¸©_Äá¹ä_Q4_00042.JPG	train	train	Äá¹ä	13	Äá¹ä	Q4	3	1	top	200	322.9	200	322.9
top_¹ä·ù_¹ä±×¸©_Äá¹ä_Q4_00043.JPG	train	train	Äá¹ä	13	Äá¹ä	Q4	3	1	top	200	322.9	200	322.9
top_¹ä·ù_¹ä±×¸©_Äá¹ä_Q4_00045.JPG	train	train	Äá¹ä	13	Äá¹ä	Q4	3	1	top	200	322.9	200	322.9
top_¹ä·ù_¹ä±×¸©_Äá¹ä_Q4_00046.JPG	train	train	Äá¹ä	13	Äá¹ä	Q4	3	1	top	200	322.9	200	322.9
top_¹ä·ù_¹ä±×¸©_Äá¹ä_Q4_00048.JPG	train	train	Äá¹ä	13	Äá¹ä	Q4	3	1	top	200	322.9	200	322.9
top_¹ä·ù_¹ä±×¸©_Äá¹ä_Q4_00050.JPG	train	train	Äá¹ä	13	Äá¹ä	Q4	3	1	top	200	322.9	200	322.9
top_¹ä·ù_¹ä±×¸©_Äá¹ä_Q4_00051.JPG	train	train	Äá¹ä	13	Äá¹ä	Q4	3	1	top	200	322.9	200	322.9
top_¹ä·ù_¹ä±×¸©_Äá¹ä_Q4_00054.JPG	train	train	Äá¹ä	13	Äá¹ä	Q4	3	1	top	200	322.9	200	322.9
side_¹ä·ù_¹ä±×¸©_Äá¹ä_Q5_00001.JPG	train	train	Äá¹ä	13	Äá¹ä	Q5	4	1.25	side	200	322.9	250	403.63
side_¹ä·ù_¹ä±×¸©_Äá¹ä_Q5_00002.JPG	train	train	Äá¹ä	13	Äá¹ä	Q5	4	1.25	side	200	322.9	250	403.63
side_¹ä·ù_¹ä±×¸©_Äá¹ä_Q5_00004.JPG	train	train	Äá¹ä	13	Äá¹ä	Q5	4	1.25	side	200	322.9	250	403.63
side_¹ä·ù_¹ä±×¸©_Äá¹ä_Q5_00006.JPG	train	train	Äá¹ä	13	Äá¹ä	Q5	4	1.25	side	200	322.9	250	403.63
side_¹ä·ù_¹ä±×¸©_Äá¹ä_Q5_00007.JPG	train	train	Äá¹ä	13	Äá¹ä	Q5	4	1.25	side	200	322.9	250	403.63
side_¹ä·ù_¹ä±×¸©_Äá¹ä_Q5_00008.JPG	train	train	Äá¹ä	13	Äá¹ä	Q5	4	1.25	side	200	322.9	250	403.63
side_¹ä·ù_¹ä±×¸©_Äá¹ä_Q5_00009.JPG	train	train	Äá¹ä	13	Äá¹ä	Q5	4	1.25	side	200	322.9	250	403.63
side_¹ä·ù_¹ä±×¸©_Äá¹ä_Q5_00010.JPG	train	train	Äá¹ä	13	Äá¹ä	Q5	4	1.25	side	200	322.9	250	403.63
side_¹ä·ù_¹ä±×¸©_Äá¹ä_Q5_00011.JPG	train	train	Äá¹ä	13	Äá¹ä	Q5	4	1.25	side	200	322.9	250	403.63
side_¹ä·ù_¹ä±×¸©_Äá¹ä_Q5_00012.JPG	train	train	Äá¹ä	13	Äá¹ä	Q5	4	1.25	side	200	322.9	250	403.63
side_¹ä·ù_¹ä±×¸©_Äá¹ä_Q5_00013.JPG	train	train	Äá¹ä	13	Äá¹ä	Q5	4	1.25	side	200	322.9	250	403.63
side_¹ä·ù_¹ä±×¸©_Äá¹ä_Q5_00014.JPG	train	train	Äá¹ä	13	Äá¹ä	Q5	4	1.25	side	200	322.9	250	403.63
side_¹ä·ù_¹ä±×¸©_Äá¹ä_Q5_00016.JPG	train	train	Äá¹ä	13	Äá¹ä	Q5	4	1.25	side	200	322.9	250	403.63
side_¹ä·ù_¹ä±×¸©_Äá¹ä_Q5_00017.JPG	train	train	Äá¹ä	13	Äá¹ä	Q5	4	1.25	side	200	322.9	250	403.63
side_¹ä·ù_¹ä±×¸©_Äá¹ä_Q5_00018.JPG	train	train	Äá¹ä	13	Äá¹ä	Q5	4	1.25	side	200	322.9	250	403.63
side_¹ä·ù_¹ä±×¸©_Äá¹ä_Q5_00019.JPG	train	train	Äá¹ä	13	Äá¹ä	Q5	4	1.25	side	200	322.9	250	403.63
side_¹ä·ù_¹ä±×¸©_Äá¹ä_Q5_00020.JPG	train	train	Äá¹ä	13	Äá¹ä	Q5	4	1.25	side	200	322.9	250	403.63
side_¹ä·ù_¹ä±×¸©_Äá¹ä_Q5_00021.JPG	train	train	Äá¹ä	13	Äá¹ä	Q5	4	1.25	side	200	322.9	250	403.63
side_¹ä·ù_¹ä±×¸©_Äá¹ä_Q5_00022.JPG	train	train	Äá¹ä	13	Äá¹ä	Q5	4	1.25	side	200	322.9	250	403.63
side_¹ä·ù_¹ä±×¸©_Äá¹ä_Q5_00023.JPG	train	train	Äá¹ä	13	Äá¹ä	Q5	4	1.25	side	200	322.9	250	403.63
side_¹ä·ù_¹ä±×¸©_Äá¹ä_Q5_00025.JPG	train	train	Äá¹ä	13	Äá¹ä	Q5	4	1.25	side	200	322.9	250	403.63
side_¹ä·ù_¹ä±×¸©_Äá¹ä_Q5_00026.JPG	train	train	Äá¹ä	13	Äá¹ä	Q5	4	1.25	side	200	322.9	250	403.63
side_¹ä·ù_¹ä±×¸©_Äá¹ä_Q5_00027.JPG	train	train	Äá¹ä	13	Äá¹ä	Q5	4	1.25	side	200	322.9	250	403.63
side_¹ä·ù_¹ä±×¸©_Äá¹ä_Q5_00028.JPG	train	train	Äá¹ä	13	Äá¹ä	Q5	4	1.25	side	200	322.9	250	403.63
side_¹ä·ù_¹ä±×¸©_Äá¹ä_Q5_00029.JPG	train	train	Äá¹ä	13	Äá¹ä	Q5	4	1.25	side	200	322.9	250	403.63
side_¹ä·ù_¹ä±×¸©_Äá¹ä_Q5_00031.JPG	train	train	Äá¹ä	13	Äá¹ä	Q5	4	1.25	side	200	322.9	250	403.63
side_¹ä·ù_¹ä±×¸©_Äá¹ä_Q5_00034.JPG	train	train	Äá¹ä	13	Äá¹ä	Q5	4	1.25	side	200	322.9	250	403.63
side_¹ä·ù_¹ä±×¸©_Äá¹ä_Q5_00036.JPG	train	train	Äá¹ä	13	Äá¹ä	Q5	4	1.25	side	200	322.9	250	403.63
side_¹ä·ù_¹ä±×¸©_Äá¹ä_Q5_00037.JPG	train	train	Äá¹ä	13	Äá¹ä	Q5	4	1.25	side	200	322.9	250	403.63
side_¹ä·ù_¹ä±×¸©_Äá¹ä_Q5_00039.JPG	train	train	Äá¹ä	13	Äá¹ä	Q5	4	1.25	side	200	322.9	250	403.63
side_¹ä·ù_¹ä±×¸©_Äá¹ä_Q5_00040.JPG	train	train	Äá¹ä	13	Äá¹ä	Q5	4	1.25	side	200	322.9	250	403.63
side_¹ä·ù_¹ä±×¸©_Äá¹ä_Q5_00042.JPG	train	train	Äá¹ä	13	Äá¹ä	Q5	4	1.25	side	200	322.9	250	403.63
side_¹ä·ù_¹ä±×¸©_Äá¹ä_Q5_00043.JPG	train	train	Äá¹ä	13	Äá¹ä	Q5	4	1.25	side	200	322.9	250	403.63
side_¹ä·ù_¹ä±×¸©_Äá¹ä_Q5_00044.JPG	train	train	Äá¹ä	13	Äá¹ä	Q5	4	1.25	side	200	322.9	250	403.63
side_¹ä·ù_¹ä±×¸©_Äá¹ä_Q5_00045.JPG	train	train	Äá¹ä	13	Äá¹ä	Q5	4	1.25	side	200	322.9	250	403.63
side_¹ä·ù_¹ä±×¸©_Äá¹ä_Q5_00046.JPG	train	train	Äá¹ä	13	Äá¹ä	Q5	4	1.25	side	200	322.9	250	403.63
side_¹ä·ù_¹ä±×¸©_Äá¹ä_Q5_00047.JPG	train	train	Äá¹ä	13	Äá¹ä	Q5	4	1.25	side	200	322.9	250	403.63
side_¹ä·ù_¹ä±×¸©_Äá¹ä_Q5_00048.JPG	train	train	Äá¹ä	13	Äá¹ä	Q5	4	1.25	side	200	322.9	250	403.63
side_¹ä·ù_¹ä±×¸©_Äá¹ä_Q5_00050.JPG	train	train	Äá¹ä	13	Äá¹ä	Q5	4	1.25	side	200	322.9	250	403.63
side_¹ä·ù_¹ä±×¸©_Äá¹ä_Q5_00051.JPG	train	train	Äá¹ä	13	Äá¹ä	Q5	4	1.25	side	200	322.9	250	403.63
side_¹ä·ù_¹ä±×¸©_Äá¹ä_Q5_00052.JPG	train	train	Äá¹ä	13	Äá¹ä	Q5	4	1.25	side	200	322.9	250	403.63
side_¹ä·ù_¹ä±×¸©_Äá¹ä_Q5_00053.JPG	train	train	Äá¹ä	13	Äá¹ä	Q5	4	1.25	side	200	322.9	250	403.63
side_¹ä·ù_¹ä±×¸©_Äá¹ä_Q5_00054.JPG	train	train	Äá¹ä	13	Äá¹ä	Q5	4	1.25	side	200	322.9	250	403.63
side_¹ä·ù_¹ä±×¸©_Äá¹ä_Q5_00055.JPG	train	train	Äá¹ä	13	Äá¹ä	Q5	4	1.25	side	200	322.9	250	403.63
top_¹ä·ù_¹ä±×¸©_Äá¹ä_Q5_00001.JPG	train	train	Äá¹ä	13	Äá¹ä	Q5	4	1.25	top	200	322.9	250	403.63
top_¹ä·ù_¹ä±×¸©_Äá¹ä_Q5_00003.JPG	train	train	Äá¹ä	13	Äá¹ä	Q5	4	1.25	top	200	322.9	250	403.63
top_¹ä·ù_¹ä±×¸©_Äá¹ä_Q5_00004.JPG	train	train	Äá¹ä	13	Äá¹ä	Q5	4	1.25	top	200	322.9	250	403.63
top_¹ä·ù_¹ä±×¸©_Äá¹ä_Q5_00005.JPG	train	train	Äá¹ä	13	Äá¹ä	Q5	4	1.25	top	200	322.9	250	403.63
top_¹ä·ù_¹ä±×¸©_Äá¹ä_Q5_00006.JPG	train	train	Äá¹ä	13	Äá¹ä	Q5	4	1.25	top	200	322.9	250	403.63
top_¹ä·ù_¹ä±×¸©_Äá¹ä_Q5_00008.JPG	train	train	Äá¹ä	13	Äá¹ä	Q5	4	1.25	top	200	322.9	250	403.63
top_¹ä·ù_¹ä±×¸©_Äá¹ä_Q5_00009.JPG	train	train	Äá¹ä	13	Äá¹ä	Q5	4	1.25	top	200	322.9	250	403.63
top_¹ä·ù_¹ä±×¸©_Äá¹ä_Q5_00010.JPG	train	train	Äá¹ä	13	Äá¹ä	Q5	4	1.25	top	200	322.9	250	403.63
top_¹ä·ù_¹ä±×¸©_Äá¹ä_Q5_00013.JPG	train	train	Äá¹ä	13	Äá¹ä	Q5	4	1.25	top	200	322.9	250	403.63
top_¹ä·ù_¹ä±×¸©_Äá¹ä_Q5_00014.JPG	train	train	Äá¹ä	13	Äá¹ä	Q5	4	1.25	top	200	322.9	250	403.63
top_¹ä·ù_¹ä±×¸©_Äá¹ä_Q5_00016.JPG	train	train	Äá¹ä	13	Äá¹ä	Q5	4	1.25	top	200	322.9	250	403.63
top_¹ä·ù_¹ä±×¸©_Äá¹ä_Q5_00017.JPG	train	train	Äá¹ä	13	Äá¹ä	Q5	4	1.25	top	200	322.9	250	403.63
top_¹ä·ù_¹ä±×¸©_Äá¹ä_Q5_00018.JPG	train	train	Äá¹ä	13	Äá¹ä	Q5	4	1.25	top	200	322.9	250	403.63
top_¹ä·ù_¹ä±×¸©_Äá¹ä_Q5_00019.JPG	train	train	Äá¹ä	13	Äá¹ä	Q5	4	1.25	top	200	322.9	250	403.63
top_¹ä·ù_¹ä±×¸©_Äá¹ä_Q5_00020.JPG	train	train	Äá¹ä	13	Äá¹ä	Q5	4	1.25	top	200	322.9	250	403.63
top_¹ä·ù_¹ä±×¸©_Äá¹ä_Q5_00021.JPG	train	train	Äá¹ä	13	Äá¹ä	Q5	4	1.25	top	200	322.9	250	403.63
top_¹ä·ù_¹ä±×¸©_Äá¹ä_Q5_00022.JPG	train	train	Äá¹ä	13	Äá¹ä	Q5	4	1.25	top	200	322.9	250	403.63
top_¹ä·ù_¹ä±×¸©_Äá¹ä_Q5_00024.JPG	train	train	Äá¹ä	13	Äá¹ä	Q5	4	1.25	top	200	322.9	250	403.63
top_¹ä·ù_¹ä±×¸©_Äá¹ä_Q5_00025.JPG	train	train	Äá¹ä	13	Äá¹ä	Q5	4	1.25	top	200	322.9	250	403.63
top_¹ä·ù_¹ä±×¸©_Äá¹ä_Q5_00026.JPG	train	train	Äá¹ä	13	Äá¹ä	Q5	4	1.25	top	200	322.9	250	403.63
top_¹ä·ù_¹ä±×¸©_Äá¹ä_Q5_00028.JPG	train	train	Äá¹ä	13	Äá¹ä	Q5	4	1.25	top	200	322.9	250	403.63
top_¹ä·ù_¹ä±×¸©_Äá¹ä_Q5_00029.JPG	train	train	Äá¹ä	13	Äá¹ä	Q5	4	1.25	top	200	322.9	250	403.63
top_¹ä·ù_¹ä±×¸©_Äá¹ä_Q5_00030.JPG	train	train	Äá¹ä	13	Äá¹ä	Q5	4	1.25	top	200	322.9	250	403.63
top_¹ä·ù_¹ä±×¸©_Äá¹ä_Q5_00032.JPG	train	train	Äá¹ä	13	Äá¹ä	Q5	4	1.25	top	200	322.9	250	403.63
top_¹ä·ù_¹ä±×¸©_Äá¹ä_Q5_00033.JPG	train	train	Äá¹ä	13	Äá¹ä	Q5	4	1.25	top	200	322.9	250	403.63
top_¹ä·ù_¹ä±×¸©_Äá¹ä_Q5_00034.JPG	train	train	Äá¹ä	13	Äá¹ä	Q5	4	1.25	top	200	322.9	250	403.63
top_¹ä·ù_¹ä±×¸©_Äá¹ä_Q5_00035.JPG	train	train	Äá¹ä	13	Äá¹ä	Q5	4	1.25	top	200	322.9	250	403.63
top_¹ä·ù_¹ä±×¸©_Äá¹ä_Q5_00036.JPG	train	train	Äá¹ä	13	Äá¹ä	Q5	4	1.25	top	200	322.9	250	403.63
top_¹ä·ù_¹ä±×¸©_Äá¹ä_Q5_00037.JPG	train	train	Äá¹ä	13	Äá¹ä	Q5	4	1.25	top	200	322.9	250	403.63
top_¹ä·ù_¹ä±×¸©_Äá¹ä_Q5_00039.JPG	train	train	Äá¹ä	13	Äá¹ä	Q5	4	1.25	top	200	322.9	250	403.63
top_¹ä·ù_¹ä±×¸©_Äá¹ä_Q5_00040.JPG	train	train	Äá¹ä	13	Äá¹ä	Q5	4	1.25	top	200	322.9	250	403.63
top_¹ä·ù_¹ä±×¸©_Äá¹ä_Q5_00041.JPG	train	train	Äá¹ä	13	Äá¹ä	Q5	4	1.25	top	200	322.9	250	403.63
top_¹ä·ù_¹ä±×¸©_Äá¹ä_Q5_00042.JPG	train	train	Äá¹ä	13	Äá¹ä	Q5	4	1.25	top	200	322.9	250	403.63
top_¹ä·ù_¹ä±×¸©_Äá¹ä_Q5_00043.JPG	train	train	Äá¹ä	13	Äá¹ä	Q5	4	1.25	top	200	322.9	250	403.63
top_¹ä·ù_¹ä±×¸©_Äá¹ä_Q5_00044.JPG	train	train	Äá¹ä	13	Äá¹ä	Q5	4	1.25	top	200	322.9	250	403.63
top_¹ä·ù_¹ä±×¸©_Äá¹ä_Q5_00045.JPG	train	train	Äá¹ä	13	Äá¹ä	Q5	4	1.25	top	200	322.9	250	403.63
top_¹ä·ù_¹ä±×¸©_Äá¹ä_Q5_00047.JPG	train	train	Äá¹ä	13	Äá¹ä	Q5	4	1.25	top	200	322.9	250	403.63
top_¹ä·ù_¹ä±×¸©_Äá¹ä_Q5_00048.JPG	train	train	Äá¹ä	13	Äá¹ä	Q5	4	1.25	top	200	322.9	250	403.63
top_¹ä·ù_¹ä±×¸©_Äá¹ä_Q5_00050.JPG	train	train	Äá¹ä	13	Äá¹ä	Q5	4	1.25	top	200	322.9	250	403.63
top_¹ä·ù_¹ä±×¸©_Äá¹ä_Q5_00051.JPG	train	train	Äá¹ä	13	Äá¹ä	Q5	4	1.25	top	200	322.9	250	403.63
top_¹ä·ù_¹ä±×¸©_Äá¹ä_Q5_00052.JPG	train	train	Äá¹ä	13	Äá¹ä	Q5	4	1.25	top	200	322.9	250	403.63
top_¹ä·ù_¹ä±×¸©_Äá¹ä_Q5_00053.JPG	train	train	Äá¹ä	13	Äá¹ä	Q5	4	1.25	top	200	322.9	250	403.63
top_¹ä·ù_¹ä±×¸©_Äá¹ä_Q5_00054.JPG	train	train	Äá¹ä	13	Äá¹ä	Q5	4	1.25	top	200	322.9	250	403.63
top_¹ä·ù_¹ä±×¸©_Äá¹ä_Q5_00055.JPG	train	train	Äá¹ä	13	Äá¹ä	Q5	4	1.25	top	200	322.9	250	403.63
side_ÁÖ¸Ô¹ä±è¹ä·ù_Á¢½Ã_±è¹ä_Q1_00003.JPG	val	val	±è¹ä	0	ÀÏ¹Ý±è¹ä	Q1	0	0.25	side	200	348.87	50	87.22
side_ÁÖ¸Ô¹ä±è¹ä·ù_Á¢½Ã_±è¹ä_Q1_00020.JPG	val	val	±è¹ä	0	ÀÏ¹Ý±è¹ä	Q1	0	0.25	side	200	348.87	50	87.22
side_ÁÖ¸Ô¹ä±è¹ä·ù_Á¢½Ã_±è¹ä_Q1_00021.JPG	val	val	±è¹ä	0	ÀÏ¹Ý±è¹ä	Q1	0	0.25	side	200	348.87	50	87.22
side_ÁÖ¸Ô¹ä±è¹ä·ù_Á¢½Ã_±è¹ä_Q1_00025.JPG	val	val	±è¹ä	0	ÀÏ¹Ý±è¹ä	Q1	0	0.25	side	200	348.87	50	87.22
side_ÁÖ¸Ô¹ä±è¹ä·ù_Á¢½Ã_±è¹ä_Q1_00045.JPG	val	val	±è¹ä	0	ÀÏ¹Ý±è¹ä	Q1	0	0.25	side	200	348.87	50	87.22
side_ÁÖ¸Ô¹ä±è¹ä·ù_Á¢½Ã_±è¹ä_Q1_00052.JPG	val	val	±è¹ä	0	ÀÏ¹Ý±è¹ä	Q1	0	0.25	side	200	348.87	50	87.22
top_ÁÖ¸Ô¹ä±è¹ä·ù_Á¢½Ã_±è¹ä_Q1_00001.JPG	val	val	±è¹ä	0	ÀÏ¹Ý±è¹ä	Q1	0	0.25	top	200	348.87	50	87.22
top_ÁÖ¸Ô¹ä±è¹ä·ù_Á¢½Ã_±è¹ä_Q1_00007.JPG	val	val	±è¹ä	0	ÀÏ¹Ý±è¹ä	Q1	0	0.25	top	200	348.87	50	87.22
top_ÁÖ¸Ô¹ä±è¹ä·ù_Á¢½Ã_±è¹ä_Q1_00011.JPG	val	val	±è¹ä	0	ÀÏ¹Ý±è¹ä	Q1	0	0.25	top	200	348.87	50	87.22
top_ÁÖ¸Ô¹ä±è¹ä·ù_Á¢½Ã_±è¹ä_Q1_00023.JPG	val	val	±è¹ä	0	ÀÏ¹Ý±è¹ä	Q1	0	0.25	top	200	348.87	50	87.22
top_ÁÖ¸Ô¹ä±è¹ä·ù_Á¢½Ã_±è¹ä_Q1_00026.JPG	val	val	±è¹ä	0	ÀÏ¹Ý±è¹ä	Q1	0	0.25	top	200	348.87	50	87.22
side_ÁÖ¸Ô¹ä±è¹ä·ù_Á¢½Ã_±è¹ä_Q2_00003.JPG	val	val	±è¹ä	0	ÀÏ¹Ý±è¹ä	Q2	1	0.5	side	200	348.87	100	174.44
side_ÁÖ¸Ô¹ä±è¹ä·ù_Á¢½Ã_±è¹ä_Q2_00010.JPG	val	val	±è¹ä	0	ÀÏ¹Ý±è¹ä	Q2	1	0.5	side	200	348.87	100	174.44
side_ÁÖ¸Ô¹ä±è¹ä·ù_Á¢½Ã_±è¹ä_Q2_00012.JPG	val	val	±è¹ä	0	ÀÏ¹Ý±è¹ä	Q2	1	0.5	side	200	348.87	100	174.44
side_ÁÖ¸Ô¹ä±è¹ä·ù_Á¢½Ã_±è¹ä_Q2_00013.JPG	val	val	±è¹ä	0	ÀÏ¹Ý±è¹ä	Q2	1	0.5	side	200	348.87	100	174.44
side_ÁÖ¸Ô¹ä±è¹ä·ù_Á¢½Ã_±è¹ä_Q2_00025.JPG	val	val	±è¹ä	0	ÀÏ¹Ý±è¹ä	Q2	1	0.5	side	200	348.87	100	174.44
side_ÁÖ¸Ô¹ä±è¹ä·ù_Á¢½Ã_±è¹ä_Q2_00026.JPG	val	val	±è¹ä	0	ÀÏ¹Ý±è¹ä	Q2	1	0.5	side	200	348.87	100	174.44
side_ÁÖ¸Ô¹ä±è¹ä·ù_Á¢½Ã_±è¹ä_Q2_00030.JPG	val	val	±è¹ä	0	ÀÏ¹Ý±è¹ä	Q2	1	0.5	side	200	348.87	100	174.44
top_ÁÖ¸Ô¹ä±è¹ä·ù_Á¢½Ã_±è¹ä_Q2_00034.JPG	val	val	±è¹ä	0	ÀÏ¹Ý±è¹ä	Q2	1	0.5	top	200	348.87	100	174.44
top_ÁÖ¸Ô¹ä±è¹ä·ù_Á¢½Ã_±è¹ä_Q2_00036.JPG	val	val	±è¹ä	0	ÀÏ¹Ý±è¹ä	Q2	1	0.5	top	200	348.87	100	174.44
top_ÁÖ¸Ô¹ä±è¹ä·ù_Á¢½Ã_±è¹ä_Q2_00037.JPG	val	val	±è¹ä	0	ÀÏ¹Ý±è¹ä	Q2	1	0.5	top	200	348.87	100	174.44
top_ÁÖ¸Ô¹ä±è¹ä·ù_Á¢½Ã_±è¹ä_Q2_00043.JPG	val	val	±è¹ä	0	ÀÏ¹Ý±è¹ä	Q2	1	0.5	top	200	348.87	100	174.44
side_ÁÖ¸Ô¹ä±è¹ä·ù_Á¢½Ã_±è¹ä_Q3_00001.JPG	val	val	±è¹ä	0	ÀÏ¹Ý±è¹ä	Q3	2	0.75	side	200	348.87	150	261.65
side_ÁÖ¸Ô¹ä±è¹ä·ù_Á¢½Ã_±è¹ä_Q3_00016.JPG	val	val	±è¹ä	0	ÀÏ¹Ý±è¹ä	Q3	2	0.75	side	200	348.87	150	261.65
side_ÁÖ¸Ô¹ä±è¹ä·ù_Á¢½Ã_±è¹ä_Q3_00034.JPG	val	val	±è¹ä	0	ÀÏ¹Ý±è¹ä	Q3	2	0.75	side	200	348.87	150	261.65
side_ÁÖ¸Ô¹ä±è¹ä·ù_Á¢½Ã_±è¹ä_Q3_00044.JPG	val	val	±è¹ä	0	ÀÏ¹Ý±è¹ä	Q3	2	0.75	side	200	348.87	150	261.65
side_ÁÖ¸Ô¹ä±è¹ä·ù_Á¢½Ã_±è¹ä_Q3_00047.JPG	val	val	±è¹ä	0	ÀÏ¹Ý±è¹ä	Q3	2	0.75	side	200	348.87	150	261.65
side_ÁÖ¸Ô¹ä±è¹ä·ù_Á¢½Ã_±è¹ä_Q3_00048.JPG	val	val	±è¹ä	0	ÀÏ¹Ý±è¹ä	Q3	2	0.75	side	200	348.87	150	261.65
top_ÁÖ¸Ô¹ä±è¹ä·ù_Á¢½Ã_±è¹ä_Q3_00001.JPG	val	val	±è¹ä	0	ÀÏ¹Ý±è¹ä	Q3	2	0.75	top	200	348.87	150	261.65
top_ÁÖ¸Ô¹ä±è¹ä·ù_Á¢½Ã_±è¹ä_Q3_00024.JPG	val	val	±è¹ä	0	ÀÏ¹Ý±è¹ä	Q3	2	0.75	top	200	348.87	150	261.65
top_ÁÖ¸Ô¹ä±è¹ä·ù_Á¢½Ã_±è¹ä_Q3_00025.JPG	val	val	±è¹ä	0	ÀÏ¹Ý±è¹ä	Q3	2	0.75	top	200	348.87	150	261.65
top_ÁÖ¸Ô¹ä±è¹ä·ù_Á¢½Ã_±è¹ä_Q3_00041.JPG	val	val	±è¹ä	0	ÀÏ¹Ý±è¹ä	Q3	2	0.75	top	200	348.87	150	261.65
top_ÁÖ¸Ô¹ä±è¹ä·ù_Á¢½Ã_±è¹ä_Q3_00053.JPG	val	val	±è¹ä	0	ÀÏ¹Ý±è¹ä	Q3	2	0.75	top	200	348.87	150	261.65
side_ÁÖ¸Ô¹ä±è¹ä·ù_Á¢½Ã_±è¹ä_Q4_00015.JPG	val	val	±è¹ä	0	ÀÏ¹Ý±è¹ä	Q4	3	1	side	200	348.87	200	348.87
side_ÁÖ¸Ô¹ä±è¹ä·ù_Á¢½Ã_±è¹ä_Q4_00022.JPG	val	val	±è¹ä	0	ÀÏ¹Ý±è¹ä	Q4	3	1	side	200	348.87	200	348.87
side_ÁÖ¸Ô¹ä±è¹ä·ù_Á¢½Ã_±è¹ä_Q4_00024.JPG	val	val	±è¹ä	0	ÀÏ¹Ý±è¹ä	Q4	3	1	side	200	348.87	200	348.87
side_ÁÖ¸Ô¹ä±è¹ä·ù_Á¢½Ã_±è¹ä_Q4_00034.JPG	val	val	±è¹ä	0	ÀÏ¹Ý±è¹ä	Q4	3	1	side	200	348.87	200	348.87
side_ÁÖ¸Ô¹ä±è¹ä·ù_Á¢½Ã_±è¹ä_Q4_00040.JPG	val	val	±è¹ä	0	ÀÏ¹Ý±è¹ä	Q4	3	1	side	200	348.87	200	348.87
top_ÁÖ¸Ô¹ä±è¹ä·ù_Á¢½Ã_±è¹ä_Q4_00011.JPG	val	val	±è¹ä	0	ÀÏ¹Ý±è¹ä	Q4	3	1	top	200	348.87	200	348.87
top_ÁÖ¸Ô¹ä±è¹ä·ù_Á¢½Ã_±è¹ä_Q4_00014.JPG	val	val	±è¹ä	0	ÀÏ¹Ý±è¹ä	Q4	3	1	top	200	348.87	200	348.87
top_ÁÖ¸Ô¹ä±è¹ä·ù_Á¢½Ã_±è¹ä_Q4_00023.JPG	val	val	±è¹ä	0	ÀÏ¹Ý±è¹ä	Q4	3	1	top	200	348.87	200	348.87
top_ÁÖ¸Ô¹ä±è¹ä·ù_Á¢½Ã_±è¹ä_Q4_00033.JPG	val	val	±è¹ä	0	ÀÏ¹Ý±è¹ä	Q4	3	1	top	200	348.87	200	348.87
top_ÁÖ¸Ô¹ä±è¹ä·ù_Á¢½Ã_±è¹ä_Q4_00044.JPG	val	val	±è¹ä	0	ÀÏ¹Ý±è¹ä	Q4	3	1	top	200	348.87	200	348.87
top_ÁÖ¸Ô¹ä±è¹ä·ù_Á¢½Ã_±è¹ä_Q4_00050.JPG	val	val	±è¹ä	0	ÀÏ¹Ý±è¹ä	Q4	3	1	top	200	348.87	200	348.87
side_ÁÖ¸Ô¹ä±è¹ä·ù_Á¢½Ã_±è¹ä_Q5_00016.JPG	val	val	±è¹ä	0	ÀÏ¹Ý±è¹ä	Q5	4	1.25	side	200	348.87	250	436.09
side_ÁÖ¸Ô¹ä±è¹ä·ù_Á¢½Ã_±è¹ä_Q5_00023.JPG	val	val	±è¹ä	0	ÀÏ¹Ý±è¹ä	Q5	4	1.25	side	200	348.87	250	436.09
side_ÁÖ¸Ô¹ä±è¹ä·ù_Á¢½Ã_±è¹ä_Q5_00030.JPG	val	val	±è¹ä	0	ÀÏ¹Ý±è¹ä	Q5	4	1.25	side	200	348.87	250	436.09
side_ÁÖ¸Ô¹ä±è¹ä·ù_Á¢½Ã_±è¹ä_Q5_00031.JPG	val	val	±è¹ä	0	ÀÏ¹Ý±è¹ä	Q5	4	1.25	side	200	348.87	250	436.09
side_ÁÖ¸Ô¹ä±è¹ä·ù_Á¢½Ã_±è¹ä_Q5_00033.JPG	val	val	±è¹ä	0	ÀÏ¹Ý±è¹ä	Q5	4	1.25	side	200	348.87	250	436.09
side_ÁÖ¸Ô¹ä±è¹ä·ù_Á¢½Ã_±è¹ä_Q5_00050.JPG	val	val	±è¹ä	0	ÀÏ¹Ý±è¹ä	Q5	4	1.25	side	200	348.87	250	436.09
top_ÁÖ¸Ô¹ä±è¹ä·ù_Á¢½Ã_±è¹ä_Q5_00007.JPG	val	val	±è¹ä	0	ÀÏ¹Ý±è¹ä	Q5	4	1.25	top	200	348.87	250	436.09
top_ÁÖ¸Ô¹ä±è¹ä·ù_Á¢½Ã_±è¹ä_Q5_00028.JPG	val	val	±è¹ä	0	ÀÏ¹Ý±è¹ä	Q5	4	1.25	top	200	348.87	250	436.09
top_ÁÖ¸Ô¹ä±è¹ä·ù_Á¢½Ã_±è¹ä_Q5_00034.JPG	val	val	±è¹ä	0	ÀÏ¹Ý±è¹ä	Q5	4	1.25	top	200	348.87	250	436.09
top_ÁÖ¸Ô¹ä±è¹ä·ù_Á¢½Ã_±è¹ä_Q5_00035.JPG	val	val	±è¹ä	0	ÀÏ¹Ý±è¹ä	Q5	4	1.25	top	200	348.87	250	436.09
top_ÁÖ¸Ô¹ä±è¹ä·ù_Á¢½Ã_±è¹ä_Q5_00046.JPG	val	val	±è¹ä	0	ÀÏ¹Ý±è¹ä	Q5	4	1.25	top	200	348.87	250	436.09
side_ººÀ½¹ä·ù_³·°íÅ«ÆÄ½ºÅ¸º¼_±èÄ¡ººÀ½¹ä_Q1_00014.JPG	val	val	±èÄ¡ººÀ½¹ä	1	±èÄ¡ººÀ½¹ä	Q1	0	0.25	side	500	656.98	125	164.25
side_ººÀ½¹ä·ù_³·°íÅ«ÆÄ½ºÅ¸º¼_±èÄ¡ººÀ½¹ä_Q1_00018.JPG	val	val	±èÄ¡ººÀ½¹ä	1	±èÄ¡ººÀ½¹ä	Q1	0	0.25	side	500	656.98	125	164.25
side_ººÀ½¹ä·ù_³·°íÅ«ÆÄ½ºÅ¸º¼_±èÄ¡ººÀ½¹ä_Q1_00031.JPG	val	val	±èÄ¡ººÀ½¹ä	1	±èÄ¡ººÀ½¹ä	Q1	0	0.25	side	500	656.98	125	164.25
side_ººÀ½¹ä·ù_³·°íÅ«ÆÄ½ºÅ¸º¼_±èÄ¡ººÀ½¹ä_Q1_00032.JPG	val	val	±èÄ¡ººÀ½¹ä	1	±èÄ¡ººÀ½¹ä	Q1	0	0.25	side	500	656.98	125	164.25
side_ººÀ½¹ä·ù_³·°íÅ«ÆÄ½ºÅ¸º¼_±èÄ¡ººÀ½¹ä_Q1_00036.JPG	val	val	±èÄ¡ººÀ½¹ä	1	±èÄ¡ººÀ½¹ä	Q1	0	0.25	side	500	656.98	125	164.25
side_ººÀ½¹ä·ù_³·°íÅ«ÆÄ½ºÅ¸º¼_±èÄ¡ººÀ½¹ä_Q1_00054.JPG	val	val	±èÄ¡ººÀ½¹ä	1	±èÄ¡ººÀ½¹ä	Q1	0	0.25	side	500	656.98	125	164.25
top_ººÀ½¹ä·ù_³·°íÅ«ÆÄ½ºÅ¸º¼_±èÄ¡ººÀ½¹ä_Q1_00019.JPG	val	val	±èÄ¡ººÀ½¹ä	1	±èÄ¡ººÀ½¹ä	Q1	0	0.25	top	500	656.98	125	164.25
top_ººÀ½¹ä·ù_³·°íÅ«ÆÄ½ºÅ¸º¼_±èÄ¡ººÀ½¹ä_Q1_00028.JPG	val	val	±èÄ¡ººÀ½¹ä	1	±èÄ¡ººÀ½¹ä	Q1	0	0.25	top	500	656.98	125	164.25
top_ººÀ½¹ä·ù_³·°íÅ«ÆÄ½ºÅ¸º¼_±èÄ¡ººÀ½¹ä_Q1_00033.JPG	val	val	±èÄ¡ººÀ½¹ä	1	±èÄ¡ººÀ½¹ä	Q1	0	0.25	top	500	656.98	125	164.25
top_ººÀ½¹ä·ù_³·°íÅ«ÆÄ½ºÅ¸º¼_±èÄ¡ººÀ½¹ä_Q1_00042.JPG	val	val	±èÄ¡ººÀ½¹ä	1	±èÄ¡ººÀ½¹ä	Q1	0	0.25	top	500	656.98	125	164.25
top_ººÀ½¹ä·ù_³·°íÅ«ÆÄ½ºÅ¸º¼_±èÄ¡ººÀ½¹ä_Q1_00048.JPG	val	val	±èÄ¡ººÀ½¹ä	1	±èÄ¡ººÀ½¹ä	Q1	0	0.25	top	500	656.98	125	164.25
side_ººÀ½¹ä·ù_³·°íÅ«ÆÄ½ºÅ¸º¼_±èÄ¡ººÀ½¹ä_Q2_00001.JPG	val	val	±èÄ¡ººÀ½¹ä	1	±èÄ¡ººÀ½¹ä	Q2	1	0.5	side	500	656.98	250	328.49
side_ººÀ½¹ä·ù_³·°íÅ«ÆÄ½ºÅ¸º¼_±èÄ¡ººÀ½¹ä_Q2_00002.JPG	val	val	±èÄ¡ººÀ½¹ä	1	±èÄ¡ººÀ½¹ä	Q2	1	0.5	side	500	656.98	250	328.49
side_ººÀ½¹ä·ù_³·°íÅ«ÆÄ½ºÅ¸º¼_±èÄ¡ººÀ½¹ä_Q2_00017.JPG	val	val	±èÄ¡ººÀ½¹ä	1	±èÄ¡ººÀ½¹ä	Q2	1	0.5	side	500	656.98	250	328.49
side_ººÀ½¹ä·ù_³·°íÅ«ÆÄ½ºÅ¸º¼_±èÄ¡ººÀ½¹ä_Q2_00020.JPG	val	val	±èÄ¡ººÀ½¹ä	1	±èÄ¡ººÀ½¹ä	Q2	1	0.5	side	500	656.98	250	328.49
side_ººÀ½¹ä·ù_³·°íÅ«ÆÄ½ºÅ¸º¼_±èÄ¡ººÀ½¹ä_Q2_00029.JPG	val	val	±èÄ¡ººÀ½¹ä	1	±èÄ¡ººÀ½¹ä	Q2	1	0.5	side	500	656.98	250	328.49
side_ººÀ½¹ä·ù_³·°íÅ«ÆÄ½ºÅ¸º¼_±èÄ¡ººÀ½¹ä_Q2_00032.JPG	val	val	±èÄ¡ººÀ½¹ä	1	±èÄ¡ººÀ½¹ä	Q2	1	0.5	side	500	656.98	250	328.49
side_ººÀ½¹ä·ù_³·°íÅ«ÆÄ½ºÅ¸º¼_±èÄ¡ººÀ½¹ä_Q2_00040.JPG	val	val	±èÄ¡ººÀ½¹ä	1	±èÄ¡ººÀ½¹ä	Q2	1	0.5	side	500	656.98	250	328.49
top_ººÀ½¹ä·ù_³·°íÅ«ÆÄ½ºÅ¸º¼_±èÄ¡ººÀ½¹ä_Q2_00006.JPG	val	val	±èÄ¡ººÀ½¹ä	1	±èÄ¡ººÀ½¹ä	Q2	1	0.5	top	500	656.98	250	328.49
top_ººÀ½¹ä·ù_³·°íÅ«ÆÄ½ºÅ¸º¼_±èÄ¡ººÀ½¹ä_Q2_00025.JPG	val	val	±èÄ¡ººÀ½¹ä	1	±èÄ¡ººÀ½¹ä	Q2	1	0.5	top	500	656.98	250	328.49
top_ººÀ½¹ä·ù_³·°íÅ«ÆÄ½ºÅ¸º¼_±èÄ¡ººÀ½¹ä_Q2_00034.JPG	val	val	±èÄ¡ººÀ½¹ä	1	±èÄ¡ººÀ½¹ä	Q2	1	0.5	top	500	656.98	250	328.49
top_ººÀ½¹ä·ù_³·°íÅ«ÆÄ½ºÅ¸º¼_±èÄ¡ººÀ½¹ä_Q2_00036.JPG	val	val	±èÄ¡ººÀ½¹ä	1	±èÄ¡ººÀ½¹ä	Q2	1	0.5	top	500	656.98	250	328.49
side_ººÀ½¹ä·ù_³·°íÅ«ÆÄ½ºÅ¸º¼_±èÄ¡ººÀ½¹ä_Q3_00005.JPG	val	val	±èÄ¡ººÀ½¹ä	1	±èÄ¡ººÀ½¹ä	Q3	2	0.75	side	500	656.98	375	492.74
side_ººÀ½¹ä·ù_³·°íÅ«ÆÄ½ºÅ¸º¼_±èÄ¡ººÀ½¹ä_Q3_00014.JPG	val	val	±èÄ¡ººÀ½¹ä	1	±èÄ¡ººÀ½¹ä	Q3	2	0.75	side	500	656.98	375	492.74
side_ººÀ½¹ä·ù_³·°íÅ«ÆÄ½ºÅ¸º¼_±èÄ¡ººÀ½¹ä_Q3_00015.JPG	val	val	±èÄ¡ººÀ½¹ä	1	±èÄ¡ººÀ½¹ä	Q3	2	0.75	side	500	656.98	375	492.74
side_ººÀ½¹ä·ù_³·°íÅ«ÆÄ½ºÅ¸º¼_±èÄ¡ººÀ½¹ä_Q3_00045.JPG	val	val	±èÄ¡ººÀ½¹ä	1	±èÄ¡ººÀ½¹ä	Q3	2	0.75	side	500	656.98	375	492.74
side_ººÀ½¹ä·ù_³·°íÅ«ÆÄ½ºÅ¸º¼_±èÄ¡ººÀ½¹ä_Q3_00047.JPG	val	val	±èÄ¡ººÀ½¹ä	1	±èÄ¡ººÀ½¹ä	Q3	2	0.75	side	500	656.98	375	492.74
side_ººÀ½¹ä·ù_³·°íÅ«ÆÄ½ºÅ¸º¼_±èÄ¡ººÀ½¹ä_Q3_00050.JPG	val	val	±èÄ¡ººÀ½¹ä	1	±èÄ¡ººÀ½¹ä	Q3	2	0.75	side	500	656.98	375	492.74
top_ººÀ½¹ä·ù_³·°íÅ«ÆÄ½ºÅ¸º¼_±èÄ¡ººÀ½¹ä_Q3_00004.JPG	val	val	±èÄ¡ººÀ½¹ä	1	±èÄ¡ººÀ½¹ä	Q3	2	0.75	top	500	656.98	375	492.74
top_ººÀ½¹ä·ù_³·°íÅ«ÆÄ½ºÅ¸º¼_±èÄ¡ººÀ½¹ä_Q3_00007.JPG	val	val	±èÄ¡ººÀ½¹ä	1	±èÄ¡ººÀ½¹ä	Q3	2	0.75	top	500	656.98	375	492.74
top_ººÀ½¹ä·ù_³·°íÅ«ÆÄ½ºÅ¸º¼_±èÄ¡ººÀ½¹ä_Q3_00018.JPG	val	val	±èÄ¡ººÀ½¹ä	1	±èÄ¡ººÀ½¹ä	Q3	2	0.75	top	500	656.98	375	492.74
top_ººÀ½¹ä·ù_³·°íÅ«ÆÄ½ºÅ¸º¼_±èÄ¡ººÀ½¹ä_Q3_00042.JPG	val	val	±èÄ¡ººÀ½¹ä	1	±èÄ¡ººÀ½¹ä	Q3	2	0.75	top	500	656.98	375	492.74
top_ººÀ½¹ä·ù_³·°íÅ«ÆÄ½ºÅ¸º¼_±èÄ¡ººÀ½¹ä_Q3_00044.JPG	val	val	±èÄ¡ººÀ½¹ä	1	±èÄ¡ººÀ½¹ä	Q3	2	0.75	top	500	656.98	375	492.74
side_ººÀ½¹ä·ù_³·°íÅ«ÆÄ½ºÅ¸º¼_±èÄ¡ººÀ½¹ä_Q4_00016.JPG	val	val	±èÄ¡ººÀ½¹ä	1	±èÄ¡ººÀ½¹ä	Q4	3	1	side	500	656.98	500	656.98
side_ººÀ½¹ä·ù_³·°íÅ«ÆÄ½ºÅ¸º¼_±èÄ¡ººÀ½¹ä_Q4_00028.JPG	val	val	±èÄ¡ººÀ½¹ä	1	±èÄ¡ººÀ½¹ä	Q4	3	1	side	500	656.98	500	656.98
side_ººÀ½¹ä·ù_³·°íÅ«ÆÄ½ºÅ¸º¼_±èÄ¡ººÀ½¹ä_Q4_00031.JPG	val	val	±èÄ¡ººÀ½¹ä	1	±èÄ¡ººÀ½¹ä	Q4	3	1	side	500	656.98	500	656.98
side_ººÀ½¹ä·ù_³·°íÅ«ÆÄ½ºÅ¸º¼_±èÄ¡ººÀ½¹ä_Q4_00037.JPG	val	val	±èÄ¡ººÀ½¹ä	1	±èÄ¡ººÀ½¹ä	Q4	3	1	side	500	656.98	500	656.98
side_ººÀ½¹ä·ù_³·°íÅ«ÆÄ½ºÅ¸º¼_±èÄ¡ººÀ½¹ä_Q4_00052.JPG	val	val	±èÄ¡ººÀ½¹ä	1	±èÄ¡ººÀ½¹ä	Q4	3	1	side	500	656.98	500	656.98
top_ººÀ½¹ä·ù_³·°íÅ«ÆÄ½ºÅ¸º¼_±èÄ¡ººÀ½¹ä_Q4_00001.JPG	val	val	±èÄ¡ººÀ½¹ä	1	±èÄ¡ººÀ½¹ä	Q4	3	1	top	500	656.98	500	656.98
top_ººÀ½¹ä·ù_³·°íÅ«ÆÄ½ºÅ¸º¼_±èÄ¡ººÀ½¹ä_Q4_00006.JPG	val	val	±èÄ¡ººÀ½¹ä	1	±èÄ¡ººÀ½¹ä	Q4	3	1	top	500	656.98	500	656.98
top_ººÀ½¹ä·ù_³·°íÅ«ÆÄ½ºÅ¸º¼_±èÄ¡ººÀ½¹ä_Q4_00008.JPG	val	val	±èÄ¡ººÀ½¹ä	1	±èÄ¡ººÀ½¹ä	Q4	3	1	top	500	656.98	500	656.98
top_ººÀ½¹ä·ù_³·°íÅ«ÆÄ½ºÅ¸º¼_±èÄ¡ººÀ½¹ä_Q4_00026.JPG	val	val	±èÄ¡ººÀ½¹ä	1	±èÄ¡ººÀ½¹ä	Q4	3	1	top	500	656.98	500	656.98
top_ººÀ½¹ä·ù_³·°íÅ«ÆÄ½ºÅ¸º¼_±èÄ¡ººÀ½¹ä_Q4_00031.JPG	val	val	±èÄ¡ººÀ½¹ä	1	±èÄ¡ººÀ½¹ä	Q4	3	1	top	500	656.98	500	656.98
top_ººÀ½¹ä·ù_³·°íÅ«ÆÄ½ºÅ¸º¼_±èÄ¡ººÀ½¹ä_Q4_00051.JPG	val	val	±èÄ¡ººÀ½¹ä	1	±èÄ¡ººÀ½¹ä	Q4	3	1	top	500	656.98	500	656.98
side_ººÀ½¹ä·ù_³·°íÅ«ÆÄ½ºÅ¸º¼_±èÄ¡ººÀ½¹ä_Q5_00006.JPG	val	val	±èÄ¡ººÀ½¹ä	1	±èÄ¡ººÀ½¹ä	Q5	4	1.25	side	500	656.98	625	821.23
side_ººÀ½¹ä·ù_³·°íÅ«ÆÄ½ºÅ¸º¼_±èÄ¡ººÀ½¹ä_Q5_00007.JPG	val	val	±èÄ¡ººÀ½¹ä	1	±èÄ¡ººÀ½¹ä	Q5	4	1.25	side	500	656.98	625	821.23
side_ººÀ½¹ä·ù_³·°íÅ«ÆÄ½ºÅ¸º¼_±èÄ¡ººÀ½¹ä_Q5_00009.JPG	val	val	±èÄ¡ººÀ½¹ä	1	±èÄ¡ººÀ½¹ä	Q5	4	1.25	side	500	656.98	625	821.23
side_ººÀ½¹ä·ù_³·°íÅ«ÆÄ½ºÅ¸º¼_±èÄ¡ººÀ½¹ä_Q5_00036.JPG	val	val	±èÄ¡ººÀ½¹ä	1	±èÄ¡ººÀ½¹ä	Q5	4	1.25	side	500	656.98	625	821.23
side_ººÀ½¹ä·ù_³·°íÅ«ÆÄ½ºÅ¸º¼_±èÄ¡ººÀ½¹ä_Q5_00053.JPG	val	val	±èÄ¡ººÀ½¹ä	1	±èÄ¡ººÀ½¹ä	Q5	4	1.25	side	500	656.98	625	821.23
top_ººÀ½¹ä·ù_³·°íÅ«ÆÄ½ºÅ¸º¼_±èÄ¡ººÀ½¹ä_Q5_00007.JPG	val	val	±èÄ¡ººÀ½¹ä	1	±èÄ¡ººÀ½¹ä	Q5	4	1.25	top	500	656.98	625	821.23
top_ººÀ½¹ä·ù_³·°íÅ«ÆÄ½ºÅ¸º¼_±èÄ¡ººÀ½¹ä_Q5_00011.JPG	val	val	±èÄ¡ººÀ½¹ä	1	±èÄ¡ººÀ½¹ä	Q5	4	1.25	top	500	656.98	625	821.23
top_ººÀ½¹ä·ù_³·°íÅ«ÆÄ½ºÅ¸º¼_±èÄ¡ººÀ½¹ä_Q5_00025.JPG	val	val	±èÄ¡ººÀ½¹ä	1	±èÄ¡ººÀ½¹ä	Q5	4	1.25	top	500	656.98	625	821.23
top_ººÀ½¹ä·ù_³·°íÅ«ÆÄ½ºÅ¸º¼_±èÄ¡ººÀ½¹ä_Q5_00051.JPG	val	val	±èÄ¡ººÀ½¹ä	1	±èÄ¡ººÀ½¹ä	Q5	4	1.25	top	500	656.98	625	821.23
top_ººÀ½¹ä·ù_³·°íÅ«ÆÄ½ºÅ¸º¼_±èÄ¡ººÀ½¹ä_Q5_00054.JPG	val	val	±èÄ¡ººÀ½¹ä	1	±èÄ¡ººÀ½¹ä	Q5	4	1.25	top	500	656.98	625	821.23
top_ººÀ½¹ä·ù_³·°íÅ«ÆÄ½ºÅ¸º¼_±èÄ¡ººÀ½¹ä_Q5_00058.JPG	val	val	±èÄ¡ººÀ½¹ä	1	±èÄ¡ººÀ½¹ä	Q5	4	1.25	top	500	656.98	625	821.23
side_ººÀ½¹ä·ù_Á¢½Ã_»ï¼±ººÀ½¹ä_Q1_00004.JPG	val	val	»ï¼±ººÀ½¹ä	2	»ï¼±ººÀ½¹ä	Q1	0	0.25	side	400	683.617	100	170.9
side_ººÀ½¹ä·ù_Á¢½Ã_»ï¼±ººÀ½¹ä_Q1_00018.JPG	val	val	»ï¼±ººÀ½¹ä	2	»ï¼±ººÀ½¹ä	Q1	0	0.25	side	400	683.617	100	170.9
side_ººÀ½¹ä·ù_Á¢½Ã_»ï¼±ººÀ½¹ä_Q1_00021.JPG	val	val	»ï¼±ººÀ½¹ä	2	»ï¼±ººÀ½¹ä	Q1	0	0.25	side	400	683.617	100	170.9
side_ººÀ½¹ä·ù_Á¢½Ã_»ï¼±ººÀ½¹ä_Q1_00025.JPG	val	val	»ï¼±ººÀ½¹ä	2	»ï¼±ººÀ½¹ä	Q1	0	0.25	side	400	683.617	100	170.9
side_ººÀ½¹ä·ù_Á¢½Ã_»ï¼±ººÀ½¹ä_Q1_00042.JPG	val	val	»ï¼±ººÀ½¹ä	2	»ï¼±ººÀ½¹ä	Q1	0	0.25	side	400	683.617	100	170.9
side_ººÀ½¹ä·ù_Á¢½Ã_»ï¼±ººÀ½¹ä_Q1_00058.JPG	val	val	»ï¼±ººÀ½¹ä	2	»ï¼±ººÀ½¹ä	Q1	0	0.25	side	400	683.617	100	170.9
top_ººÀ½¹ä·ù_Á¢½Ã_»ï¼±ººÀ½¹ä_Q1_00007.JPG	val	val	»ï¼±ººÀ½¹ä	2	»ï¼±ººÀ½¹ä	Q1	0	0.25	top	400	683.617	100	170.9
top_ººÀ½¹ä·ù_Á¢½Ã_»ï¼±ººÀ½¹ä_Q1_00008.JPG	val	val	»ï¼±ººÀ½¹ä	2	»ï¼±ººÀ½¹ä	Q1	0	0.25	top	400	683.617	100	170.9
top_ººÀ½¹ä·ù_Á¢½Ã_»ï¼±ººÀ½¹ä_Q1_00016.JPG	val	val	»ï¼±ººÀ½¹ä	2	»ï¼±ººÀ½¹ä	Q1	0	0.25	top	400	683.617	100	170.9
top_ººÀ½¹ä·ù_Á¢½Ã_»ï¼±ººÀ½¹ä_Q1_00024.JPG	val	val	»ï¼±ººÀ½¹ä	2	»ï¼±ººÀ½¹ä	Q1	0	0.25	top	400	683.617	100	170.9
top_ººÀ½¹ä·ù_Á¢½Ã_»ï¼±ººÀ½¹ä_Q1_00032.JPG	val	val	»ï¼±ººÀ½¹ä	2	»ï¼±ººÀ½¹ä	Q1	0	0.25	top	400	683.617	100	170.9
top_ººÀ½¹ä·ù_Á¢½Ã_»ï¼±ººÀ½¹ä_Q1_00051.JPG	val	val	»ï¼±ººÀ½¹ä	2	»ï¼±ººÀ½¹ä	Q1	0	0.25	top	400	683.617	100	170.9
side_ººÀ½¹ä·ù_Á¢½Ã_»ï¼±ººÀ½¹ä_Q2_00011.JPG	val	val	»ï¼±ººÀ½¹ä	2	»ï¼±ººÀ½¹ä	Q2	1	0.5	side	400	683.617	200	341.81
side_ººÀ½¹ä·ù_Á¢½Ã_»ï¼±ººÀ½¹ä_Q2_00015.JPG	val	val	»ï¼±ººÀ½¹ä	2	»ï¼±ººÀ½¹ä	Q2	1	0.5	side	400	683.617	200	341.81
side_ººÀ½¹ä·ù_Á¢½Ã_»ï¼±ººÀ½¹ä_Q2_00016.JPG	val	val	»ï¼±ººÀ½¹ä	2	»ï¼±ººÀ½¹ä	Q2	1	0.5	side	400	683.617	200	341.81
side_ººÀ½¹ä·ù_Á¢½Ã_»ï¼±ººÀ½¹ä_Q2_00018.JPG	val	val	»ï¼±ººÀ½¹ä	2	»ï¼±ººÀ½¹ä	Q2	1	0.5	side	400	683.617	200	341.81
side_ººÀ½¹ä·ù_Á¢½Ã_»ï¼±ººÀ½¹ä_Q2_00027.JPG	val	val	»ï¼±ººÀ½¹ä	2	»ï¼±ººÀ½¹ä	Q2	1	0.5	side	400	683.617	200	341.81
side_ººÀ½¹ä·ù_Á¢½Ã_»ï¼±ººÀ½¹ä_Q2_00033.JPG	val	val	»ï¼±ººÀ½¹ä	2	»ï¼±ººÀ½¹ä	Q2	1	0.5	side	400	683.617	200	341.81
side_ººÀ½¹ä·ù_Á¢½Ã_»ï¼±ººÀ½¹ä_Q2_00035.JPG	val	val	»ï¼±ººÀ½¹ä	2	»ï¼±ººÀ½¹ä	Q2	1	0.5	side	400	683.617	200	341.81
side_ººÀ½¹ä·ù_Á¢½Ã_»ï¼±ººÀ½¹ä_Q2_00041.JPG	val	val	»ï¼±ººÀ½¹ä	2	»ï¼±ººÀ½¹ä	Q2	1	0.5	side	400	683.617	200	341.81
top_ººÀ½¹ä·ù_Á¢½Ã_»ï¼±ººÀ½¹ä_Q2_00036.JPG	val	val	»ï¼±ººÀ½¹ä	2	»ï¼±ººÀ½¹ä	Q2	1	0.5	top	400	683.617	200	341.81
top_ººÀ½¹ä·ù_Á¢½Ã_»ï¼±ººÀ½¹ä_Q2_00044.JPG	val	val	»ï¼±ººÀ½¹ä	2	»ï¼±ººÀ½¹ä	Q2	1	0.5	top	400	683.617	200	341.81
top_ººÀ½¹ä·ù_Á¢½Ã_»ï¼±ººÀ½¹ä_Q2_00049.JPG	val	val	»ï¼±ººÀ½¹ä	2	»ï¼±ººÀ½¹ä	Q2	1	0.5	top	400	683.617	200	341.81
side_ººÀ½¹ä·ù_Á¢½Ã_»ï¼±ººÀ½¹ä_Q3_00025.JPG	val	val	»ï¼±ººÀ½¹ä	2	»ï¼±ººÀ½¹ä	Q3	2	0.75	side	400	683.617	300	512.71
side_ººÀ½¹ä·ù_Á¢½Ã_»ï¼±ººÀ½¹ä_Q3_00029.JPG	val	val	»ï¼±ººÀ½¹ä	2	»ï¼±ººÀ½¹ä	Q3	2	0.75	side	400	683.617	300	512.71
side_ººÀ½¹ä·ù_Á¢½Ã_»ï¼±ººÀ½¹ä_Q3_00036.JPG	val	val	»ï¼±ººÀ½¹ä	2	»ï¼±ººÀ½¹ä	Q3	2	0.75	side	400	683.617	300	512.71
side_ººÀ½¹ä·ù_Á¢½Ã_»ï¼±ººÀ½¹ä_Q3_00045.JPG	val	val	»ï¼±ººÀ½¹ä	2	»ï¼±ººÀ½¹ä	Q3	2	0.75	side	400	683.617	300	512.71
top_ººÀ½¹ä·ù_Á¢½Ã_»ï¼±ººÀ½¹ä_Q3_00006.JPG	val	val	»ï¼±ººÀ½¹ä	2	»ï¼±ººÀ½¹ä	Q3	2	0.75	top	400	683.617	300	512.71
top_ººÀ½¹ä·ù_Á¢½Ã_»ï¼±ººÀ½¹ä_Q3_00012.JPG	val	val	»ï¼±ººÀ½¹ä	2	»ï¼±ººÀ½¹ä	Q3	2	0.75	top	400	683.617	300	512.71
top_ººÀ½¹ä·ù_Á¢½Ã_»ï¼±ººÀ½¹ä_Q3_00024.JPG	val	val	»ï¼±ººÀ½¹ä	2	»ï¼±ººÀ½¹ä	Q3	2	0.75	top	400	683.617	300	512.71
top_ººÀ½¹ä·ù_Á¢½Ã_»ï¼±ººÀ½¹ä_Q3_00042.JPG	val	val	»ï¼±ººÀ½¹ä	2	»ï¼±ººÀ½¹ä	Q3	2	0.75	top	400	683.617	300	512.71
top_ººÀ½¹ä·ù_Á¢½Ã_»ï¼±ººÀ½¹ä_Q3_00047.JPG	val	val	»ï¼±ººÀ½¹ä	2	»ï¼±ººÀ½¹ä	Q3	2	0.75	top	400	683.617	300	512.71
top_ººÀ½¹ä·ù_Á¢½Ã_»ï¼±ººÀ½¹ä_Q3_00051.JPG	val	val	»ï¼±ººÀ½¹ä	2	»ï¼±ººÀ½¹ä	Q3	2	0.75	top	400	683.617	300	512.71
top_ººÀ½¹ä·ù_Á¢½Ã_»ï¼±ººÀ½¹ä_Q3_00054.JPG	val	val	»ï¼±ººÀ½¹ä	2	»ï¼±ººÀ½¹ä	Q3	2	0.75	top	400	683.617	300	512.71
side_ººÀ½¹ä·ù_Á¢½Ã_»ï¼±ººÀ½¹ä_Q4_00009.JPG	val	val	»ï¼±ººÀ½¹ä	2	»ï¼±ººÀ½¹ä	Q4	3	1	side	400	683.617	400	683.62
side_ººÀ½¹ä·ù_Á¢½Ã_»ï¼±ººÀ½¹ä_Q4_00014.JPG	val	val	»ï¼±ººÀ½¹ä	2	»ï¼±ººÀ½¹ä	Q4	3	1	side	400	683.617	400	683.62
side_ººÀ½¹ä·ù_Á¢½Ã_»ï¼±ººÀ½¹ä_Q4_00016.JPG	val	val	»ï¼±ººÀ½¹ä	2	»ï¼±ººÀ½¹ä	Q4	3	1	side	400	683.617	400	683.62
top_ººÀ½¹ä·ù_Á¢½Ã_»ï¼±ººÀ½¹ä_Q4_00003.JPG	val	val	»ï¼±ººÀ½¹ä	2	»ï¼±ººÀ½¹ä	Q4	3	1	top	400	683.617	400	683.62
top_ººÀ½¹ä·ù_Á¢½Ã_»ï¼±ººÀ½¹ä_Q4_00010.JPG	val	val	»ï¼±ººÀ½¹ä	2	»ï¼±ººÀ½¹ä	Q4	3	1	top	400	683.617	400	683.62
top_ººÀ½¹ä·ù_Á¢½Ã_»ï¼±ººÀ½¹ä_Q4_00018.JPG	val	val	»ï¼±ººÀ½¹ä	2	»ï¼±ººÀ½¹ä	Q4	3	1	top	400	683.617	400	683.62
top_ººÀ½¹ä·ù_Á¢½Ã_»ï¼±ººÀ½¹ä_Q4_00022.JPG	val	val	»ï¼±ººÀ½¹ä	2	»ï¼±ººÀ½¹ä	Q4	3	1	top	400	683.617	400	683.62
top_ººÀ½¹ä·ù_Á¢½Ã_»ï¼±ººÀ½¹ä_Q4_00024.JPG	val	val	»ï¼±ººÀ½¹ä	2	»ï¼±ººÀ½¹ä	Q4	3	1	top	400	683.617	400	683.62
top_ººÀ½¹ä·ù_Á¢½Ã_»ï¼±ººÀ½¹ä_Q4_00026.JPG	val	val	»ï¼±ººÀ½¹ä	2	»ï¼±ººÀ½¹ä	Q4	3	1	top	400	683.617	400	683.62
top_ººÀ½¹ä·ù_Á¢½Ã_»ï¼±ººÀ½¹ä_Q4_00047.JPG	val	val	»ï¼±ººÀ½¹ä	2	»ï¼±ººÀ½¹ä	Q4	3	1	top	400	683.617	400	683.62
top_ººÀ½¹ä·ù_Á¢½Ã_»ï¼±ººÀ½¹ä_Q4_00051.JPG	val	val	»ï¼±ººÀ½¹ä	2	»ï¼±ººÀ½¹ä	Q4	3	1	top	400	683.617	400	683.62
side_ººÀ½¹ä·ù_Á¢½Ã_»ï¼±ººÀ½¹ä_Q5_00007.JPG	val	val	»ï¼±ººÀ½¹ä	2	»ï¼±ººÀ½¹ä	Q5	4	1.25	side	400	683.617	500	854.52
side_ººÀ½¹ä·ù_Á¢½Ã_»ï¼±ººÀ½¹ä_Q5_00013.JPG	val	val	»ï¼±ººÀ½¹ä	2	»ï¼±ººÀ½¹ä	Q5	4	1.25	side	400	683.617	500	854.52
side_ººÀ½¹ä·ù_Á¢½Ã_»ï¼±ººÀ½¹ä_Q5_00014.JPG	val	val	»ï¼±ººÀ½¹ä	2	»ï¼±ººÀ½¹ä	Q5	4	1.25	side	400	683.617	500	854.52
side_ººÀ½¹ä·ù_Á¢½Ã_»ï¼±ººÀ½¹ä_Q5_00026.JPG	val	val	»ï¼±ººÀ½¹ä	2	»ï¼±ººÀ½¹ä	Q5	4	1.25	side	400	683.617	500	854.52
side_ººÀ½¹ä·ù_Á¢½Ã_»ï¼±ººÀ½¹ä_Q5_00051.JPG	val	val	»ï¼±ººÀ½¹ä	2	»ï¼±ººÀ½¹ä	Q5	4	1.25	side	400	683.617	500	854.52
side_ººÀ½¹ä·ù_Á¢½Ã_»ï¼±ººÀ½¹ä_Q5_00054.JPG	val	val	»ï¼±ººÀ½¹ä	2	»ï¼±ººÀ½¹ä	Q5	4	1.25	side	400	683.617	500	854.52
side_ººÀ½¹ä·ù_Á¢½Ã_»ï¼±ººÀ½¹ä_Q5_00057.JPG	val	val	»ï¼±ººÀ½¹ä	2	»ï¼±ººÀ½¹ä	Q5	4	1.25	side	400	683.617	500	854.52
top_ººÀ½¹ä·ù_Á¢½Ã_»ï¼±ººÀ½¹ä_Q5_00006.JPG	val	val	»ï¼±ººÀ½¹ä	2	»ï¼±ººÀ½¹ä	Q5	4	1.25	top	400	683.617	500	854.52
top_ººÀ½¹ä·ù_Á¢½Ã_»ï¼±ººÀ½¹ä_Q5_00018.JPG	val	val	»ï¼±ººÀ½¹ä	2	»ï¼±ººÀ½¹ä	Q5	4	1.25	top	400	683.617	500	854.52
top_ººÀ½¹ä·ù_Á¢½Ã_»ï¼±ººÀ½¹ä_Q5_00037.JPG	val	val	»ï¼±ººÀ½¹ä	2	»ï¼±ººÀ½¹ä	Q5	4	1.25	top	400	683.617	500	854.52
top_ººÀ½¹ä·ù_Á¢½Ã_»ï¼±ººÀ½¹ä_Q5_00044.JPG	val	val	»ï¼±ººÀ½¹ä	2	»ï¼±ººÀ½¹ä	Q5	4	1.25	top	400	683.617	500	854.52
side_ººÀ½¹ä·ù_»ç°¢¹è´Þ_»õ¿ìººÀ½¹ä_Q1_00029.JPG	val	val	»õ¿ìººÀ½¹ä	3	»õ¿ìººÀ½¹ä	Q1	0	0.25	side	400	634.52	100	158.63
side_ººÀ½¹ä·ù_»ç°¢¹è´Þ_»õ¿ìººÀ½¹ä_Q1_00036.JPG	val	val	»õ¿ìººÀ½¹ä	3	»õ¿ìººÀ½¹ä	Q1	0	0.25	side	400	634.52	100	158.63
side_ººÀ½¹ä·ù_»ç°¢¹è´Þ_»õ¿ìººÀ½¹ä_Q1_00046.JPG	val	val	»õ¿ìººÀ½¹ä	3	»õ¿ìººÀ½¹ä	Q1	0	0.25	side	400	634.52	100	158.63
top_ººÀ½¹ä·ù_»ç°¢¹è´Þ_»õ¿ìººÀ½¹ä_Q1_00003.JPG	val	val	»õ¿ìººÀ½¹ä	3	»õ¿ìººÀ½¹ä	Q1	0	0.25	top	400	634.52	100	158.63
top_ººÀ½¹ä·ù_»ç°¢¹è´Þ_»õ¿ìººÀ½¹ä_Q1_00018.JPG	val	val	»õ¿ìººÀ½¹ä	3	»õ¿ìººÀ½¹ä	Q1	0	0.25	top	400	634.52	100	158.63
top_ººÀ½¹ä·ù_»ç°¢¹è´Þ_»õ¿ìººÀ½¹ä_Q1_00021.JPG	val	val	»õ¿ìººÀ½¹ä	3	»õ¿ìººÀ½¹ä	Q1	0	0.25	top	400	634.52	100	158.63
top_ººÀ½¹ä·ù_»ç°¢¹è´Þ_»õ¿ìººÀ½¹ä_Q1_00026.JPG	val	val	»õ¿ìººÀ½¹ä	3	»õ¿ìººÀ½¹ä	Q1	0	0.25	top	400	634.52	100	158.63
top_ººÀ½¹ä·ù_»ç°¢¹è´Þ_»õ¿ìººÀ½¹ä_Q1_00028.JPG	val	val	»õ¿ìººÀ½¹ä	3	»õ¿ìººÀ½¹ä	Q1	0	0.25	top	400	634.52	100	158.63
top_ººÀ½¹ä·ù_»ç°¢¹è´Þ_»õ¿ìººÀ½¹ä_Q1_00035.JPG	val	val	»õ¿ìººÀ½¹ä	3	»õ¿ìººÀ½¹ä	Q1	0	0.25	top	400	634.52	100	158.63
top_ººÀ½¹ä·ù_»ç°¢¹è´Þ_»õ¿ìººÀ½¹ä_Q1_00044.JPG	val	val	»õ¿ìººÀ½¹ä	3	»õ¿ìººÀ½¹ä	Q1	0	0.25	top	400	634.52	100	158.63
top_ººÀ½¹ä·ù_»ç°¢¹è´Þ_»õ¿ìººÀ½¹ä_Q1_00047.JPG	val	val	»õ¿ìººÀ½¹ä	3	»õ¿ìººÀ½¹ä	Q1	0	0.25	top	400	634.52	100	158.63
side_ººÀ½¹ä·ù_»ç°¢¹è´Þ_»õ¿ìººÀ½¹ä_Q2_00006.JPG	val	val	»õ¿ìººÀ½¹ä	3	»õ¿ìººÀ½¹ä	Q2	1	0.5	side	400	634.52	200	317.26
side_ººÀ½¹ä·ù_»ç°¢¹è´Þ_»õ¿ìººÀ½¹ä_Q2_00012.JPG	val	val	»õ¿ìººÀ½¹ä	3	»õ¿ìººÀ½¹ä	Q2	1	0.5	side	400	634.52	200	317.26
side_ººÀ½¹ä·ù_»ç°¢¹è´Þ_»õ¿ìººÀ½¹ä_Q2_00026.JPG	val	val	»õ¿ìººÀ½¹ä	3	»õ¿ìººÀ½¹ä	Q2	1	0.5	side	400	634.52	200	317.26
side_ººÀ½¹ä·ù_»ç°¢¹è´Þ_»õ¿ìººÀ½¹ä_Q2_00041.JPG	val	val	»õ¿ìººÀ½¹ä	3	»õ¿ìººÀ½¹ä	Q2	1	0.5	side	400	634.52	200	317.26
side_ººÀ½¹ä·ù_»ç°¢¹è´Þ_»õ¿ìººÀ½¹ä_Q2_00046.JPG	val	val	»õ¿ìººÀ½¹ä	3	»õ¿ìººÀ½¹ä	Q2	1	0.5	side	400	634.52	200	317.26
top_ººÀ½¹ä·ù_»ç°¢¹è´Þ_»õ¿ìººÀ½¹ä_Q2_00002.JPG	val	val	»õ¿ìººÀ½¹ä	3	»õ¿ìººÀ½¹ä	Q2	1	0.5	top	400	634.52	200	317.26
top_ººÀ½¹ä·ù_»ç°¢¹è´Þ_»õ¿ìººÀ½¹ä_Q2_00011.JPG	val	val	»õ¿ìººÀ½¹ä	3	»õ¿ìººÀ½¹ä	Q2	1	0.5	top	400	634.52	200	317.26
top_ººÀ½¹ä·ù_»ç°¢¹è´Þ_»õ¿ìººÀ½¹ä_Q2_00012.JPG	val	val	»õ¿ìººÀ½¹ä	3	»õ¿ìººÀ½¹ä	Q2	1	0.5	top	400	634.52	200	317.26
top_ººÀ½¹ä·ù_»ç°¢¹è´Þ_»õ¿ìººÀ½¹ä_Q2_00020.JPG	val	val	»õ¿ìººÀ½¹ä	3	»õ¿ìººÀ½¹ä	Q2	1	0.5	top	400	634.52	200	317.26
top_ººÀ½¹ä·ù_»ç°¢¹è´Þ_»õ¿ìººÀ½¹ä_Q2_00040.JPG	val	val	»õ¿ìººÀ½¹ä	3	»õ¿ìººÀ½¹ä	Q2	1	0.5	top	400	634.52	200	317.26
top_ººÀ½¹ä·ù_»ç°¢¹è´Þ_»õ¿ìººÀ½¹ä_Q2_00043.JPG	val	val	»õ¿ìººÀ½¹ä	3	»õ¿ìººÀ½¹ä	Q2	1	0.5	top	400	634.52	200	317.26
side_ººÀ½¹ä·ù_»ç°¢¹è´Þ_»õ¿ìººÀ½¹ä_Q3_00004.JPG	val	val	»õ¿ìººÀ½¹ä	3	»õ¿ìººÀ½¹ä	Q3	2	0.75	side	400	634.52	300	475.89
side_ººÀ½¹ä·ù_»ç°¢¹è´Þ_»õ¿ìººÀ½¹ä_Q3_00024.JPG	val	val	»õ¿ìººÀ½¹ä	3	»õ¿ìººÀ½¹ä	Q3	2	0.75	side	400	634.52	300	475.89
side_ººÀ½¹ä·ù_»ç°¢¹è´Þ_»õ¿ìººÀ½¹ä_Q3_00032.JPG	val	val	»õ¿ìººÀ½¹ä	3	»õ¿ìººÀ½¹ä	Q3	2	0.75	side	400	634.52	300	475.89
side_ººÀ½¹ä·ù_»ç°¢¹è´Þ_»õ¿ìººÀ½¹ä_Q3_00044.JPG	val	val	»õ¿ìººÀ½¹ä	3	»õ¿ìººÀ½¹ä	Q3	2	0.75	side	400	634.52	300	475.89
side_ººÀ½¹ä·ù_»ç°¢¹è´Þ_»õ¿ìººÀ½¹ä_Q3_00048.JPG	val	val	»õ¿ìººÀ½¹ä	3	»õ¿ìººÀ½¹ä	Q3	2	0.75	side	400	634.52	300	475.89
side_ººÀ½¹ä·ù_»ç°¢¹è´Þ_»õ¿ìººÀ½¹ä_Q3_00051.JPG	val	val	»õ¿ìººÀ½¹ä	3	»õ¿ìººÀ½¹ä	Q3	2	0.75	side	400	634.52	300	475.89
side_ººÀ½¹ä·ù_»ç°¢¹è´Þ_»õ¿ìººÀ½¹ä_Q3_00054.JPG	val	val	»õ¿ìººÀ½¹ä	3	»õ¿ìººÀ½¹ä	Q3	2	0.75	side	400	634.52	300	475.89
top_ººÀ½¹ä·ù_»ç°¢¹è´Þ_»õ¿ìººÀ½¹ä_Q3_00004.JPG	val	val	»õ¿ìººÀ½¹ä	3	»õ¿ìººÀ½¹ä	Q3	2	0.75	top	400	634.52	300	475.89
top_ººÀ½¹ä·ù_»ç°¢¹è´Þ_»õ¿ìººÀ½¹ä_Q3_00020.JPG	val	val	»õ¿ìººÀ½¹ä	3	»õ¿ìººÀ½¹ä	Q3	2	0.75	top	400	634.52	300	475.89
top_ººÀ½¹ä·ù_»ç°¢¹è´Þ_»õ¿ìººÀ½¹ä_Q3_00033.JPG	val	val	»õ¿ìººÀ½¹ä	3	»õ¿ìººÀ½¹ä	Q3	2	0.75	top	400	634.52	300	475.89
top_ººÀ½¹ä·ù_»ç°¢¹è´Þ_»õ¿ìººÀ½¹ä_Q3_00050.JPG	val	val	»õ¿ìººÀ½¹ä	3	»õ¿ìººÀ½¹ä	Q3	2	0.75	top	400	634.52	300	475.89
side_ººÀ½¹ä·ù_»ç°¢¹è´Þ_»õ¿ìººÀ½¹ä_Q4_00001.JPG	val	val	»õ¿ìººÀ½¹ä	3	»õ¿ìººÀ½¹ä	Q4	3	1	side	400	634.52	400	634.52
side_ººÀ½¹ä·ù_»ç°¢¹è´Þ_»õ¿ìººÀ½¹ä_Q4_00002.JPG	val	val	»õ¿ìººÀ½¹ä	3	»õ¿ìººÀ½¹ä	Q4	3	1	side	400	634.52	400	634.52
side_ººÀ½¹ä·ù_»ç°¢¹è´Þ_»õ¿ìººÀ½¹ä_Q4_00006.JPG	val	val	»õ¿ìººÀ½¹ä	3	»õ¿ìººÀ½¹ä	Q4	3	1	side	400	634.52	400	634.52
side_ººÀ½¹ä·ù_»ç°¢¹è´Þ_»õ¿ìººÀ½¹ä_Q4_00015.JPG	val	val	»õ¿ìººÀ½¹ä	3	»õ¿ìººÀ½¹ä	Q4	3	1	side	400	634.52	400	634.52
side_ººÀ½¹ä·ù_»ç°¢¹è´Þ_»õ¿ìººÀ½¹ä_Q4_00020.JPG	val	val	»õ¿ìººÀ½¹ä	3	»õ¿ìººÀ½¹ä	Q4	3	1	side	400	634.52	400	634.52
side_ººÀ½¹ä·ù_»ç°¢¹è´Þ_»õ¿ìººÀ½¹ä_Q4_00023.JPG	val	val	»õ¿ìººÀ½¹ä	3	»õ¿ìººÀ½¹ä	Q4	3	1	side	400	634.52	400	634.52
top_ººÀ½¹ä·ù_»ç°¢¹è´Þ_»õ¿ìººÀ½¹ä_Q4_00010.JPG	val	val	»õ¿ìººÀ½¹ä	3	»õ¿ìººÀ½¹ä	Q4	3	1	top	400	634.52	400	634.52
top_ººÀ½¹ä·ù_»ç°¢¹è´Þ_»õ¿ìººÀ½¹ä_Q4_00016.JPG	val	val	»õ¿ìººÀ½¹ä	3	»õ¿ìººÀ½¹ä	Q4	3	1	top	400	634.52	400	634.52
top_ººÀ½¹ä·ù_»ç°¢¹è´Þ_»õ¿ìººÀ½¹ä_Q4_00018.JPG	val	val	»õ¿ìººÀ½¹ä	3	»õ¿ìººÀ½¹ä	Q4	3	1	top	400	634.52	400	634.52
top_ººÀ½¹ä·ù_»ç°¢¹è´Þ_»õ¿ìººÀ½¹ä_Q4_00032.JPG	val	val	»õ¿ìººÀ½¹ä	3	»õ¿ìººÀ½¹ä	Q4	3	1	top	400	634.52	400	634.52
top_ººÀ½¹ä·ù_»ç°¢¹è´Þ_»õ¿ìººÀ½¹ä_Q4_00040.JPG	val	val	»õ¿ìººÀ½¹ä	3	»õ¿ìººÀ½¹ä	Q4	3	1	top	400	634.52	400	634.52
side_ººÀ½¹ä·ù_»ç°¢¹è´Þ_»õ¿ìººÀ½¹ä_Q5_00024.JPG	val	val	»õ¿ìººÀ½¹ä	3	»õ¿ìººÀ½¹ä	Q5	4	1.25	side	400	634.52	500	793.15
side_ººÀ½¹ä·ù_»ç°¢¹è´Þ_»õ¿ìººÀ½¹ä_Q5_00027.JPG	val	val	»õ¿ìººÀ½¹ä	3	»õ¿ìººÀ½¹ä	Q5	4	1.25	side	400	634.52	500	793.15
side_ººÀ½¹ä·ù_»ç°¢¹è´Þ_»õ¿ìººÀ½¹ä_Q5_00032.JPG	val	val	»õ¿ìººÀ½¹ä	3	»õ¿ìººÀ½¹ä	Q5	4	1.25	side	400	634.52	500	793.15
side_ººÀ½¹ä·ù_»ç°¢¹è´Þ_»õ¿ìººÀ½¹ä_Q5_00042.JPG	val	val	»õ¿ìººÀ½¹ä	3	»õ¿ìººÀ½¹ä	Q5	4	1.25	side	400	634.52	500	793.15
top_ººÀ½¹ä·ù_»ç°¢¹è´Þ_»õ¿ìººÀ½¹ä_Q5_00005.JPG	val	val	»õ¿ìººÀ½¹ä	3	»õ¿ìººÀ½¹ä	Q5	4	1.25	top	400	634.52	500	793.15
top_ººÀ½¹ä·ù_»ç°¢¹è´Þ_»õ¿ìººÀ½¹ä_Q5_00014.JPG	val	val	»õ¿ìººÀ½¹ä	3	»õ¿ìººÀ½¹ä	Q5	4	1.25	top	400	634.52	500	793.15
top_ººÀ½¹ä·ù_»ç°¢¹è´Þ_»õ¿ìººÀ½¹ä_Q5_00020.JPG	val	val	»õ¿ìººÀ½¹ä	3	»õ¿ìººÀ½¹ä	Q5	4	1.25	top	400	634.52	500	793.15
top_ººÀ½¹ä·ù_»ç°¢¹è´Þ_»õ¿ìººÀ½¹ä_Q5_00027.JPG	val	val	»õ¿ìººÀ½¹ä	3	»õ¿ìººÀ½¹ä	Q5	4	1.25	top	400	634.52	500	793.15
top_ººÀ½¹ä·ù_»ç°¢¹è´Þ_»õ¿ìººÀ½¹ä_Q5_00028.JPG	val	val	»õ¿ìººÀ½¹ä	3	»õ¿ìººÀ½¹ä	Q5	4	1.25	top	400	634.52	500	793.15
top_ººÀ½¹ä·ù_»ç°¢¹è´Þ_»õ¿ìººÀ½¹ä_Q5_00032.JPG	val	val	»õ¿ìººÀ½¹ä	3	»õ¿ìººÀ½¹ä	Q5	4	1.25	top	400	634.52	500	793.15
top_ººÀ½¹ä·ù_»ç°¢¹è´Þ_»õ¿ìººÀ½¹ä_Q5_00036.JPG	val	val	»õ¿ìººÀ½¹ä	3	»õ¿ìººÀ½¹ä	Q5	4	1.25	top	400	634.52	500	793.15
side_ÁÖ¸Ô¹ä±è¹ä·ù_»ç°¢¹è´Þ_¼Ò°í±â±è¹ä_Q1_00019.JPG	val	val	¼Ò°í±â±è¹ä	4	¼Ò°í±â±è¹ä	Q1	0	0.25	side	250	425.666	62.5	106.42
side_ÁÖ¸Ô¹ä±è¹ä·ù_»ç°¢¹è´Þ_¼Ò°í±â±è¹ä_Q1_00022.JPG	val	val	¼Ò°í±â±è¹ä	4	¼Ò°í±â±è¹ä	Q1	0	0.25	side	250	425.666	62.5	106.42
side_ÁÖ¸Ô¹ä±è¹ä·ù_»ç°¢¹è´Þ_¼Ò°í±â±è¹ä_Q1_00028.JPG	val	val	¼Ò°í±â±è¹ä	4	¼Ò°í±â±è¹ä	Q1	0	0.25	side	250	425.666	62.5	106.42
side_ÁÖ¸Ô¹ä±è¹ä·ù_»ç°¢¹è´Þ_¼Ò°í±â±è¹ä_Q1_00032.JPG	val	val	¼Ò°í±â±è¹ä	4	¼Ò°í±â±è¹ä	Q1	0	0.25	side	250	425.666	62.5	106.42
side_ÁÖ¸Ô¹ä±è¹ä·ù_»ç°¢¹è´Þ_¼Ò°í±â±è¹ä_Q1_00037.JPG	val	val	¼Ò°í±â±è¹ä	4	¼Ò°í±â±è¹ä	Q1	0	0.25	side	250	425.666	62.5	106.42
side_ÁÖ¸Ô¹ä±è¹ä·ù_»ç°¢¹è´Þ_¼Ò°í±â±è¹ä_Q1_00043.JPG	val	val	¼Ò°í±â±è¹ä	4	¼Ò°í±â±è¹ä	Q1	0	0.25	side	250	425.666	62.5	106.42
side_ÁÖ¸Ô¹ä±è¹ä·ù_»ç°¢¹è´Þ_¼Ò°í±â±è¹ä_Q1_00045.JPG	val	val	¼Ò°í±â±è¹ä	4	¼Ò°í±â±è¹ä	Q1	0	0.25	side	250	425.666	62.5	106.42
side_ÁÖ¸Ô¹ä±è¹ä·ù_»ç°¢¹è´Þ_¼Ò°í±â±è¹ä_Q1_00051.JPG	val	val	¼Ò°í±â±è¹ä	4	¼Ò°í±â±è¹ä	Q1	0	0.25	side	250	425.666	62.5	106.42
top_ÁÖ¸Ô¹ä±è¹ä·ù_»ç°¢¹è´Þ_¼Ò°í±â±è¹ä_Q1_00013.JPG	val	val	¼Ò°í±â±è¹ä	4	¼Ò°í±â±è¹ä	Q1	0	0.25	top	250	425.666	62.5	106.42
top_ÁÖ¸Ô¹ä±è¹ä·ù_»ç°¢¹è´Þ_¼Ò°í±â±è¹ä_Q1_00015.JPG	val	val	¼Ò°í±â±è¹ä	4	¼Ò°í±â±è¹ä	Q1	0	0.25	top	250	425.666	62.5	106.42
top_ÁÖ¸Ô¹ä±è¹ä·ù_»ç°¢¹è´Þ_¼Ò°í±â±è¹ä_Q1_00026.JPG	val	val	¼Ò°í±â±è¹ä	4	¼Ò°í±â±è¹ä	Q1	0	0.25	top	250	425.666	62.5	106.42
side_ÁÖ¸Ô¹ä±è¹ä·ù_»ç°¢¹è´Þ_¼Ò°í±â±è¹ä_Q2_00023.JPG	val	val	¼Ò°í±â±è¹ä	4	¼Ò°í±â±è¹ä	Q2	1	0.5	side	250	425.666	125	212.83
side_ÁÖ¸Ô¹ä±è¹ä·ù_»ç°¢¹è´Þ_¼Ò°í±â±è¹ä_Q2_00042.JPG	val	val	¼Ò°í±â±è¹ä	4	¼Ò°í±â±è¹ä	Q2	1	0.5	side	250	425.666	125	212.83
top_ÁÖ¸Ô¹ä±è¹ä·ù_»ç°¢¹è´Þ_¼Ò°í±â±è¹ä_Q2_00015.JPG	val	val	¼Ò°í±â±è¹ä	4	¼Ò°í±â±è¹ä	Q2	1	0.5	top	250	425.666	125	212.83
top_ÁÖ¸Ô¹ä±è¹ä·ù_»ç°¢¹è´Þ_¼Ò°í±â±è¹ä_Q2_00019.JPG	val	val	¼Ò°í±â±è¹ä	4	¼Ò°í±â±è¹ä	Q2	1	0.5	top	250	425.666	125	212.83
top_ÁÖ¸Ô¹ä±è¹ä·ù_»ç°¢¹è´Þ_¼Ò°í±â±è¹ä_Q2_00023.JPG	val	val	¼Ò°í±â±è¹ä	4	¼Ò°í±â±è¹ä	Q2	1	0.5	top	250	425.666	125	212.83
top_ÁÖ¸Ô¹ä±è¹ä·ù_»ç°¢¹è´Þ_¼Ò°í±â±è¹ä_Q2_00025.JPG	val	val	¼Ò°í±â±è¹ä	4	¼Ò°í±â±è¹ä	Q2	1	0.5	top	250	425.666	125	212.83
top_ÁÖ¸Ô¹ä±è¹ä·ù_»ç°¢¹è´Þ_¼Ò°í±â±è¹ä_Q2_00027.JPG	val	val	¼Ò°í±â±è¹ä	4	¼Ò°í±â±è¹ä	Q2	1	0.5	top	250	425.666	125	212.83
top_ÁÖ¸Ô¹ä±è¹ä·ù_»ç°¢¹è´Þ_¼Ò°í±â±è¹ä_Q2_00035.JPG	val	val	¼Ò°í±â±è¹ä	4	¼Ò°í±â±è¹ä	Q2	1	0.5	top	250	425.666	125	212.83
top_ÁÖ¸Ô¹ä±è¹ä·ù_»ç°¢¹è´Þ_¼Ò°í±â±è¹ä_Q2_00042.JPG	val	val	¼Ò°í±â±è¹ä	4	¼Ò°í±â±è¹ä	Q2	1	0.5	top	250	425.666	125	212.83
top_ÁÖ¸Ô¹ä±è¹ä·ù_»ç°¢¹è´Þ_¼Ò°í±â±è¹ä_Q2_00044.JPG	val	val	¼Ò°í±â±è¹ä	4	¼Ò°í±â±è¹ä	Q2	1	0.5	top	250	425.666	125	212.83
top_ÁÖ¸Ô¹ä±è¹ä·ù_»ç°¢¹è´Þ_¼Ò°í±â±è¹ä_Q2_00048.JPG	val	val	¼Ò°í±â±è¹ä	4	¼Ò°í±â±è¹ä	Q2	1	0.5	top	250	425.666	125	212.83
side_ÁÖ¸Ô¹ä±è¹ä·ù_»ç°¢¹è´Þ_¼Ò°í±â±è¹ä_Q3_00010.JPG	val	val	¼Ò°í±â±è¹ä	4	¼Ò°í±â±è¹ä	Q3	2	0.75	side	250	425.666	187.5	319.25
side_ÁÖ¸Ô¹ä±è¹ä·ù_»ç°¢¹è´Þ_¼Ò°í±â±è¹ä_Q3_00011.JPG	val	val	¼Ò°í±â±è¹ä	4	¼Ò°í±â±è¹ä	Q3	2	0.75	side	250	425.666	187.5	319.25
side_ÁÖ¸Ô¹ä±è¹ä·ù_»ç°¢¹è´Þ_¼Ò°í±â±è¹ä_Q3_00015.JPG	val	val	¼Ò°í±â±è¹ä	4	¼Ò°í±â±è¹ä	Q3	2	0.75	side	250	425.666	187.5	319.25
side_ÁÖ¸Ô¹ä±è¹ä·ù_»ç°¢¹è´Þ_¼Ò°í±â±è¹ä_Q3_00026.JPG	val	val	¼Ò°í±â±è¹ä	4	¼Ò°í±â±è¹ä	Q3	2	0.75	side	250	425.666	187.5	319.25
side_ÁÖ¸Ô¹ä±è¹ä·ù_»ç°¢¹è´Þ_¼Ò°í±â±è¹ä_Q3_00027.JPG	val	val	¼Ò°í±â±è¹ä	4	¼Ò°í±â±è¹ä	Q3	2	0.75	side	250	425.666	187.5	319.25
side_ÁÖ¸Ô¹ä±è¹ä·ù_»ç°¢¹è´Þ_¼Ò°í±â±è¹ä_Q3_00029.JPG	val	val	¼Ò°í±â±è¹ä	4	¼Ò°í±â±è¹ä	Q3	2	0.75	side	250	425.666	187.5	319.25
side_ÁÖ¸Ô¹ä±è¹ä·ù_»ç°¢¹è´Þ_¼Ò°í±â±è¹ä_Q3_00054.JPG	val	val	¼Ò°í±â±è¹ä	4	¼Ò°í±â±è¹ä	Q3	2	0.75	side	250	425.666	187.5	319.25
top_ÁÖ¸Ô¹ä±è¹ä·ù_»ç°¢¹è´Þ_¼Ò°í±â±è¹ä_Q3_00008.JPG	val	val	¼Ò°í±â±è¹ä	4	¼Ò°í±â±è¹ä	Q3	2	0.75	top	250	425.666	187.5	319.25
top_ÁÖ¸Ô¹ä±è¹ä·ù_»ç°¢¹è´Þ_¼Ò°í±â±è¹ä_Q3_00020.JPG	val	val	¼Ò°í±â±è¹ä	4	¼Ò°í±â±è¹ä	Q3	2	0.75	top	250	425.666	187.5	319.25
top_ÁÖ¸Ô¹ä±è¹ä·ù_»ç°¢¹è´Þ_¼Ò°í±â±è¹ä_Q3_00021.JPG	val	val	¼Ò°í±â±è¹ä	4	¼Ò°í±â±è¹ä	Q3	2	0.75	top	250	425.666	187.5	319.25
top_ÁÖ¸Ô¹ä±è¹ä·ù_»ç°¢¹è´Þ_¼Ò°í±â±è¹ä_Q3_00036.JPG	val	val	¼Ò°í±â±è¹ä	4	¼Ò°í±â±è¹ä	Q3	2	0.75	top	250	425.666	187.5	319.25
side_ÁÖ¸Ô¹ä±è¹ä·ù_»ç°¢¹è´Þ_¼Ò°í±â±è¹ä_Q4_00003.JPG	val	val	¼Ò°í±â±è¹ä	4	¼Ò°í±â±è¹ä	Q4	3	1	side	250	425.666	250	425.67
side_ÁÖ¸Ô¹ä±è¹ä·ù_»ç°¢¹è´Þ_¼Ò°í±â±è¹ä_Q4_00022.JPG	val	val	¼Ò°í±â±è¹ä	4	¼Ò°í±â±è¹ä	Q4	3	1	side	250	425.666	250	425.67
side_ÁÖ¸Ô¹ä±è¹ä·ù_»ç°¢¹è´Þ_¼Ò°í±â±è¹ä_Q4_00032.JPG	val	val	¼Ò°í±â±è¹ä	4	¼Ò°í±â±è¹ä	Q4	3	1	side	250	425.666	250	425.67
side_ÁÖ¸Ô¹ä±è¹ä·ù_»ç°¢¹è´Þ_¼Ò°í±â±è¹ä_Q4_00036.JPG	val	val	¼Ò°í±â±è¹ä	4	¼Ò°í±â±è¹ä	Q4	3	1	side	250	425.666	250	425.67
side_ÁÖ¸Ô¹ä±è¹ä·ù_»ç°¢¹è´Þ_¼Ò°í±â±è¹ä_Q4_00042.JPG	val	val	¼Ò°í±â±è¹ä	4	¼Ò°í±â±è¹ä	Q4	3	1	side	250	425.666	250	425.67
top_ÁÖ¸Ô¹ä±è¹ä·ù_»ç°¢¹è´Þ_¼Ò°í±â±è¹ä_Q4_00009.JPG	val	val	¼Ò°í±â±è¹ä	4	¼Ò°í±â±è¹ä	Q4	3	1	top	250	425.666	250	425.67
top_ÁÖ¸Ô¹ä±è¹ä·ù_»ç°¢¹è´Þ_¼Ò°í±â±è¹ä_Q4_00010.JPG	val	val	¼Ò°í±â±è¹ä	4	¼Ò°í±â±è¹ä	Q4	3	1	top	250	425.666	250	425.67
top_ÁÖ¸Ô¹ä±è¹ä·ù_»ç°¢¹è´Þ_¼Ò°í±â±è¹ä_Q4_00020.JPG	val	val	¼Ò°í±â±è¹ä	4	¼Ò°í±â±è¹ä	Q4	3	1	top	250	425.666	250	425.67
top_ÁÖ¸Ô¹ä±è¹ä·ù_»ç°¢¹è´Þ_¼Ò°í±â±è¹ä_Q4_00040.JPG	val	val	¼Ò°í±â±è¹ä	4	¼Ò°í±â±è¹ä	Q4	3	1	top	250	425.666	250	425.67
top_ÁÖ¸Ô¹ä±è¹ä·ù_»ç°¢¹è´Þ_¼Ò°í±â±è¹ä_Q4_00046.JPG	val	val	¼Ò°í±â±è¹ä	4	¼Ò°í±â±è¹ä	Q4	3	1	top	250	425.666	250	425.67
top_ÁÖ¸Ô¹ä±è¹ä·ù_»ç°¢¹è´Þ_¼Ò°í±â±è¹ä_Q4_00053.JPG	val	val	¼Ò°í±â±è¹ä	4	¼Ò°í±â±è¹ä	Q4	3	1	top	250	425.666	250	425.67
side_ÁÖ¸Ô¹ä±è¹ä·ù_»ç°¢¹è´Þ_¼Ò°í±â±è¹ä_Q5_00011.JPG	val	val	¼Ò°í±â±è¹ä	4	¼Ò°í±â±è¹ä	Q5	4	1.25	side	250	425.666	312.5	532.08
side_ÁÖ¸Ô¹ä±è¹ä·ù_»ç°¢¹è´Þ_¼Ò°í±â±è¹ä_Q5_00022.JPG	val	val	¼Ò°í±â±è¹ä	4	¼Ò°í±â±è¹ä	Q5	4	1.25	side	250	425.666	312.5	532.08
side_ÁÖ¸Ô¹ä±è¹ä·ù_»ç°¢¹è´Þ_¼Ò°í±â±è¹ä_Q5_00026.JPG	val	val	¼Ò°í±â±è¹ä	4	¼Ò°í±â±è¹ä	Q5	4	1.25	side	250	425.666	312.5	532.08
side_ÁÖ¸Ô¹ä±è¹ä·ù_»ç°¢¹è´Þ_¼Ò°í±â±è¹ä_Q5_00029.JPG	val	val	¼Ò°í±â±è¹ä	4	¼Ò°í±â±è¹ä	Q5	4	1.25	side	250	425.666	312.5	532.08
side_ÁÖ¸Ô¹ä±è¹ä·ù_»ç°¢¹è´Þ_¼Ò°í±â±è¹ä_Q5_00036.JPG	val	val	¼Ò°í±â±è¹ä	4	¼Ò°í±â±è¹ä	Q5	4	1.25	side	250	425.666	312.5	532.08
side_ÁÖ¸Ô¹ä±è¹ä·ù_»ç°¢¹è´Þ_¼Ò°í±â±è¹ä_Q5_00038.JPG	val	val	¼Ò°í±â±è¹ä	4	¼Ò°í±â±è¹ä	Q5	4	1.25	side	250	425.666	312.5	532.08
side_ÁÖ¸Ô¹ä±è¹ä·ù_»ç°¢¹è´Þ_¼Ò°í±â±è¹ä_Q5_00042.JPG	val	val	¼Ò°í±â±è¹ä	4	¼Ò°í±â±è¹ä	Q5	4	1.25	side	250	425.666	312.5	532.08
top_ÁÖ¸Ô¹ä±è¹ä·ù_»ç°¢¹è´Þ_¼Ò°í±â±è¹ä_Q5_00001.JPG	val	val	¼Ò°í±â±è¹ä	4	¼Ò°í±â±è¹ä	Q5	4	1.25	top	250	425.666	312.5	532.08
top_ÁÖ¸Ô¹ä±è¹ä·ù_»ç°¢¹è´Þ_¼Ò°í±â±è¹ä_Q5_00028.JPG	val	val	¼Ò°í±â±è¹ä	4	¼Ò°í±â±è¹ä	Q5	4	1.25	top	250	425.666	312.5	532.08
top_ÁÖ¸Ô¹ä±è¹ä·ù_»ç°¢¹è´Þ_¼Ò°í±â±è¹ä_Q5_00047.JPG	val	val	¼Ò°í±â±è¹ä	4	¼Ò°í±â±è¹ä	Q5	4	1.25	top	250	425.666	312.5	532.08
top_ÁÖ¸Ô¹ä±è¹ä·ù_»ç°¢¹è´Þ_¼Ò°í±â±è¹ä_Q5_00048.JPG	val	val	¼Ò°í±â±è¹ä	4	¼Ò°í±â±è¹ä	Q5	4	1.25	top	250	425.666	312.5	532.08
side_¹ä·ù_¿øÇü¹è´Þ_½Ò¹ä_Q1_00005.JPG	val	val	½Ò¹ä	5	½Ò¹ä	Q1	0	0.25	side	210	334.8	52.5	83.7
side_¹ä·ù_¿øÇü¹è´Þ_½Ò¹ä_Q1_00028.JPG	val	val	½Ò¹ä	5	½Ò¹ä	Q1	0	0.25	side	210	334.8	52.5	83.7
side_¹ä·ù_¿øÇü¹è´Þ_½Ò¹ä_Q1_00030.JPG	val	val	½Ò¹ä	5	½Ò¹ä	Q1	0	0.25	side	210	334.8	52.5	83.7
side_¹ä·ù_¿øÇü¹è´Þ_½Ò¹ä_Q1_00033.JPG	val	val	½Ò¹ä	5	½Ò¹ä	Q1	0	0.25	side	210	334.8	52.5	83.7
side_¹ä·ù_¿øÇü¹è´Þ_½Ò¹ä_Q1_00044.JPG	val	val	½Ò¹ä	5	½Ò¹ä	Q1	0	0.25	side	210	334.8	52.5	83.7
side_¹ä·ù_¿øÇü¹è´Þ_½Ò¹ä_Q1_00053.JPG	val	val	½Ò¹ä	5	½Ò¹ä	Q1	0	0.25	side	210	334.8	52.5	83.7
top_¹ä·ù_¿øÇü¹è´Þ_½Ò¹ä_Q1_00001.JPG	val	val	½Ò¹ä	5	½Ò¹ä	Q1	0	0.25	top	210	334.8	52.5	83.7
top_¹ä·ù_¿øÇü¹è´Þ_½Ò¹ä_Q1_00018.JPG	val	val	½Ò¹ä	5	½Ò¹ä	Q1	0	0.25	top	210	334.8	52.5	83.7
top_¹ä·ù_¿øÇü¹è´Þ_½Ò¹ä_Q1_00021.JPG	val	val	½Ò¹ä	5	½Ò¹ä	Q1	0	0.25	top	210	334.8	52.5	83.7
top_¹ä·ù_¿øÇü¹è´Þ_½Ò¹ä_Q1_00031.JPG	val	val	½Ò¹ä	5	½Ò¹ä	Q1	0	0.25	top	210	334.8	52.5	83.7
top_¹ä·ù_¿øÇü¹è´Þ_½Ò¹ä_Q1_00047.JPG	val	val	½Ò¹ä	5	½Ò¹ä	Q1	0	0.25	top	210	334.8	52.5	83.7
side_¹ä·ù_¿øÇü¹è´Þ_½Ò¹ä_Q2_00011.JPG	val	val	½Ò¹ä	5	½Ò¹ä	Q2	1	0.5	side	210	334.8	105	167.4
side_¹ä·ù_¿øÇü¹è´Þ_½Ò¹ä_Q2_00014.JPG	val	val	½Ò¹ä	5	½Ò¹ä	Q2	1	0.5	side	210	334.8	105	167.4
side_¹ä·ù_¿øÇü¹è´Þ_½Ò¹ä_Q2_00016.JPG	val	val	½Ò¹ä	5	½Ò¹ä	Q2	1	0.5	side	210	334.8	105	167.4
side_¹ä·ù_¿øÇü¹è´Þ_½Ò¹ä_Q2_00017.JPG	val	val	½Ò¹ä	5	½Ò¹ä	Q2	1	0.5	side	210	334.8	105	167.4
side_¹ä·ù_¿øÇü¹è´Þ_½Ò¹ä_Q2_00019.JPG	val	val	½Ò¹ä	5	½Ò¹ä	Q2	1	0.5	side	210	334.8	105	167.4
side_¹ä·ù_¿øÇü¹è´Þ_½Ò¹ä_Q2_00021.JPG	val	val	½Ò¹ä	5	½Ò¹ä	Q2	1	0.5	side	210	334.8	105	167.4
side_¹ä·ù_¿øÇü¹è´Þ_½Ò¹ä_Q2_00022.JPG	val	val	½Ò¹ä	5	½Ò¹ä	Q2	1	0.5	side	210	334.8	105	167.4
side_¹ä·ù_¿øÇü¹è´Þ_½Ò¹ä_Q2_00030.JPG	val	val	½Ò¹ä	5	½Ò¹ä	Q2	1	0.5	side	210	334.8	105	167.4
side_¹ä·ù_¿øÇü¹è´Þ_½Ò¹ä_Q2_00039.JPG	val	val	½Ò¹ä	5	½Ò¹ä	Q2	1	0.5	side	210	334.8	105	167.4
side_¹ä·ù_¿øÇü¹è´Þ_½Ò¹ä_Q2_00048.JPG	val	val	½Ò¹ä	5	½Ò¹ä	Q2	1	0.5	side	210	334.8	105	167.4
top_¹ä·ù_¿øÇü¹è´Þ_½Ò¹ä_Q2_00046.JPG	val	val	½Ò¹ä	5	½Ò¹ä	Q2	1	0.5	top	210	334.8	105	167.4
side_¹ä·ù_¿øÇü¹è´Þ_½Ò¹ä_Q3_00016.JPG	val	val	½Ò¹ä	5	½Ò¹ä	Q3	2	0.75	side	210	334.8	157.5	251.1
side_¹ä·ù_¿øÇü¹è´Þ_½Ò¹ä_Q3_00017.JPG	val	val	½Ò¹ä	5	½Ò¹ä	Q3	2	0.75	side	210	334.8	157.5	251.1
side_¹ä·ù_¿øÇü¹è´Þ_½Ò¹ä_Q3_00018.JPG	val	val	½Ò¹ä	5	½Ò¹ä	Q3	2	0.75	side	210	334.8	157.5	251.1
side_¹ä·ù_¿øÇü¹è´Þ_½Ò¹ä_Q3_00024.JPG	val	val	½Ò¹ä	5	½Ò¹ä	Q3	2	0.75	side	210	334.8	157.5	251.1
side_¹ä·ù_¿øÇü¹è´Þ_½Ò¹ä_Q3_00033.JPG	val	val	½Ò¹ä	5	½Ò¹ä	Q3	2	0.75	side	210	334.8	157.5	251.1
side_¹ä·ù_¿øÇü¹è´Þ_½Ò¹ä_Q3_00049.JPG	val	val	½Ò¹ä	5	½Ò¹ä	Q3	2	0.75	side	210	334.8	157.5	251.1
top_¹ä·ù_¿øÇü¹è´Þ_½Ò¹ä_Q3_00038.JPG	val	val	½Ò¹ä	5	½Ò¹ä	Q3	2	0.75	top	210	334.8	157.5	251.1
top_¹ä·ù_¿øÇü¹è´Þ_½Ò¹ä_Q3_00039.JPG	val	val	½Ò¹ä	5	½Ò¹ä	Q3	2	0.75	top	210	334.8	157.5	251.1
top_¹ä·ù_¿øÇü¹è´Þ_½Ò¹ä_Q3_00044.JPG	val	val	½Ò¹ä	5	½Ò¹ä	Q3	2	0.75	top	210	334.8	157.5	251.1
top_¹ä·ù_¿øÇü¹è´Þ_½Ò¹ä_Q3_00046.JPG	val	val	½Ò¹ä	5	½Ò¹ä	Q3	2	0.75	top	210	334.8	157.5	251.1
top_¹ä·ù_¿øÇü¹è´Þ_½Ò¹ä_Q3_00049.JPG	val	val	½Ò¹ä	5	½Ò¹ä	Q3	2	0.75	top	210	334.8	157.5	251.1
side_¹ä·ù_¿øÇü¹è´Þ_½Ò¹ä_Q4_00002.JPG	val	val	½Ò¹ä	5	½Ò¹ä	Q4	3	1	side	210	334.8	210	334.8
side_¹ä·ù_¿øÇü¹è´Þ_½Ò¹ä_Q4_00009.JPG	val	val	½Ò¹ä	5	½Ò¹ä	Q4	3	1	side	210	334.8	210	334.8
side_¹ä·ù_¿øÇü¹è´Þ_½Ò¹ä_Q4_00013.JPG	val	val	½Ò¹ä	5	½Ò¹ä	Q4	3	1	side	210	334.8	210	334.8
side_¹ä·ù_¿øÇü¹è´Þ_½Ò¹ä_Q4_00029.JPG	val	val	½Ò¹ä	5	½Ò¹ä	Q4	3	1	side	210	334.8	210	334.8
top_¹ä·ù_¿øÇü¹è´Þ_½Ò¹ä_Q4_00007.JPG	val	val	½Ò¹ä	5	½Ò¹ä	Q4	3	1	top	210	334.8	210	334.8
top_¹ä·ù_¿øÇü¹è´Þ_½Ò¹ä_Q4_00008.JPG	val	val	½Ò¹ä	5	½Ò¹ä	Q4	3	1	top	210	334.8	210	334.8
top_¹ä·ù_¿øÇü¹è´Þ_½Ò¹ä_Q4_00011.JPG	val	val	½Ò¹ä	5	½Ò¹ä	Q4	3	1	top	210	334.8	210	334.8
top_¹ä·ù_¿øÇü¹è´Þ_½Ò¹ä_Q4_00032.JPG	val	val	½Ò¹ä	5	½Ò¹ä	Q4	3	1	top	210	334.8	210	334.8
top_¹ä·ù_¿øÇü¹è´Þ_½Ò¹ä_Q4_00037.JPG	val	val	½Ò¹ä	5	½Ò¹ä	Q4	3	1	top	210	334.8	210	334.8
top_¹ä·ù_¿øÇü¹è´Þ_½Ò¹ä_Q4_00038.JPG	val	val	½Ò¹ä	5	½Ò¹ä	Q4	3	1	top	210	334.8	210	334.8
top_¹ä·ù_¿øÇü¹è´Þ_½Ò¹ä_Q4_00050.JPG	val	val	½Ò¹ä	5	½Ò¹ä	Q4	3	1	top	210	334.8	210	334.8
side_¹ä·ù_¿øÇü¹è´Þ_½Ò¹ä_Q5_00006.JPG	val	val	½Ò¹ä	5	½Ò¹ä	Q5	4	1.25	side	210	334.8	262.5	418.5
side_¹ä·ù_¿øÇü¹è´Þ_½Ò¹ä_Q5_00016.JPG	val	val	½Ò¹ä	5	½Ò¹ä	Q5	4	1.25	side	210	334.8	262.5	418.5
side_¹ä·ù_¿øÇü¹è´Þ_½Ò¹ä_Q5_00023.JPG	val	val	½Ò¹ä	5	½Ò¹ä	Q5	4	1.25	side	210	334.8	262.5	418.5
side_¹ä·ù_¿øÇü¹è´Þ_½Ò¹ä_Q5_00039.JPG	val	val	½Ò¹ä	5	½Ò¹ä	Q5	4	1.25	side	210	334.8	262.5	418.5
top_¹ä·ù_¿øÇü¹è´Þ_½Ò¹ä_Q5_00010.JPG	val	val	½Ò¹ä	5	½Ò¹ä	Q5	4	1.25	top	210	334.8	262.5	418.5
top_¹ä·ù_¿øÇü¹è´Þ_½Ò¹ä_Q5_00011.JPG	val	val	½Ò¹ä	5	½Ò¹ä	Q5	4	1.25	top	210	334.8	262.5	418.5
top_¹ä·ù_¿øÇü¹è´Þ_½Ò¹ä_Q5_00013.JPG	val	val	½Ò¹ä	5	½Ò¹ä	Q5	4	1.25	top	210	334.8	262.5	418.5
top_¹ä·ù_¿øÇü¹è´Þ_½Ò¹ä_Q5_00025.JPG	val	val	½Ò¹ä	5	½Ò¹ä	Q5	4	1.25	top	210	334.8	262.5	418.5
top_¹ä·ù_¿øÇü¹è´Þ_½Ò¹ä_Q5_00038.JPG	val	val	½Ò¹ä	5	½Ò¹ä	Q5	4	1.25	top	210	334.8	262.5	418.5
top_¹ä·ù_¿øÇü¹è´Þ_½Ò¹ä_Q5_00050.JPG	val	val	½Ò¹ä	5	½Ò¹ä	Q5	4	1.25	top	210	334.8	262.5	418.5
top_¹ä·ù_¿øÇü¹è´Þ_½Ò¹ä_Q5_00051.JPG	val	val	½Ò¹ä	5	½Ò¹ä	Q5	4	1.25	top	210	334.8	262.5	418.5
side_µ¹¼Ü¹ä·ù_µ¹¼Ü_¾Ë¹ä_Q1_00015.JPG	val	val	¾Ë¹ä	6	¾Ë¹ä	Q1	0	0.25	side	400	606.54	100	151.63
side_µ¹¼Ü¹ä·ù_µ¹¼Ü_¾Ë¹ä_Q1_00018.JPG	val	val	¾Ë¹ä	6	¾Ë¹ä	Q1	0	0.25	side	400	606.54	100	151.63
side_µ¹¼Ü¹ä·ù_µ¹¼Ü_¾Ë¹ä_Q1_00019.JPG	val	val	¾Ë¹ä	6	¾Ë¹ä	Q1	0	0.25	side	400	606.54	100	151.63
side_µ¹¼Ü¹ä·ù_µ¹¼Ü_¾Ë¹ä_Q1_00022.JPG	val	val	¾Ë¹ä	6	¾Ë¹ä	Q1	0	0.25	side	400	606.54	100	151.63
side_µ¹¼Ü¹ä·ù_µ¹¼Ü_¾Ë¹ä_Q1_00023.JPG	val	val	¾Ë¹ä	6	¾Ë¹ä	Q1	0	0.25	side	400	606.54	100	151.63
side_µ¹¼Ü¹ä·ù_µ¹¼Ü_¾Ë¹ä_Q1_00029.JPG	val	val	¾Ë¹ä	6	¾Ë¹ä	Q1	0	0.25	side	400	606.54	100	151.63
side_µ¹¼Ü¹ä·ù_µ¹¼Ü_¾Ë¹ä_Q1_00046.JPG	val	val	¾Ë¹ä	6	¾Ë¹ä	Q1	0	0.25	side	400	606.54	100	151.63
side_µ¹¼Ü¹ä·ù_µ¹¼Ü_¾Ë¹ä_Q1_00049.JPG	val	val	¾Ë¹ä	6	¾Ë¹ä	Q1	0	0.25	side	400	606.54	100	151.63
top_µ¹¼Ü¹ä·ù_µ¹¼Ü_¾Ë¹ä_Q1_00020.JPG	val	val	¾Ë¹ä	6	¾Ë¹ä	Q1	0	0.25	top	400	606.54	100	151.63
top_µ¹¼Ü¹ä·ù_µ¹¼Ü_¾Ë¹ä_Q1_00058.JPG	val	val	¾Ë¹ä	6	¾Ë¹ä	Q1	0	0.25	top	400	606.54	100	151.63
top_µ¹¼Ü¹ä·ù_µ¹¼Ü_¾Ë¹ä_Q1_00059.JPG	val	val	¾Ë¹ä	6	¾Ë¹ä	Q1	0	0.25	top	400	606.54	100	151.63
side_µ¹¼Ü¹ä·ù_µ¹¼Ü_¾Ë¹ä_Q2_00014.JPG	val	val	¾Ë¹ä	6	¾Ë¹ä	Q2	1	0.5	side	400	606.54	200	303.27
side_µ¹¼Ü¹ä·ù_µ¹¼Ü_¾Ë¹ä_Q2_00032.JPG	val	val	¾Ë¹ä	6	¾Ë¹ä	Q2	1	0.5	side	400	606.54	200	303.27
side_µ¹¼Ü¹ä·ù_µ¹¼Ü_¾Ë¹ä_Q2_00037.JPG	val	val	¾Ë¹ä	6	¾Ë¹ä	Q2	1	0.5	side	400	606.54	200	303.27
side_µ¹¼Ü¹ä·ù_µ¹¼Ü_¾Ë¹ä_Q2_00038.JPG	val	val	¾Ë¹ä	6	¾Ë¹ä	Q2	1	0.5	side	400	606.54	200	303.27
side_µ¹¼Ü¹ä·ù_µ¹¼Ü_¾Ë¹ä_Q2_00047.JPG	val	val	¾Ë¹ä	6	¾Ë¹ä	Q2	1	0.5	side	400	606.54	200	303.27
top_µ¹¼Ü¹ä·ù_µ¹¼Ü_¾Ë¹ä_Q2_00010.JPG	val	val	¾Ë¹ä	6	¾Ë¹ä	Q2	1	0.5	top	400	606.54	200	303.27
top_µ¹¼Ü¹ä·ù_µ¹¼Ü_¾Ë¹ä_Q2_00014.JPG	val	val	¾Ë¹ä	6	¾Ë¹ä	Q2	1	0.5	top	400	606.54	200	303.27
top_µ¹¼Ü¹ä·ù_µ¹¼Ü_¾Ë¹ä_Q2_00019.JPG	val	val	¾Ë¹ä	6	¾Ë¹ä	Q2	1	0.5	top	400	606.54	200	303.27
top_µ¹¼Ü¹ä·ù_µ¹¼Ü_¾Ë¹ä_Q2_00033.JPG	val	val	¾Ë¹ä	6	¾Ë¹ä	Q2	1	0.5	top	400	606.54	200	303.27
top_µ¹¼Ü¹ä·ù_µ¹¼Ü_¾Ë¹ä_Q2_00046.JPG	val	val	¾Ë¹ä	6	¾Ë¹ä	Q2	1	0.5	top	400	606.54	200	303.27
top_µ¹¼Ü¹ä·ù_µ¹¼Ü_¾Ë¹ä_Q2_00054.JPG	val	val	¾Ë¹ä	6	¾Ë¹ä	Q2	1	0.5	top	400	606.54	200	303.27
side_µ¹¼Ü¹ä·ù_µ¹¼Ü_¾Ë¹ä_Q3_00002.JPG	val	val	¾Ë¹ä	6	¾Ë¹ä	Q3	2	0.75	side	400	606.54	300	454.9
side_µ¹¼Ü¹ä·ù_µ¹¼Ü_¾Ë¹ä_Q3_00006.JPG	val	val	¾Ë¹ä	6	¾Ë¹ä	Q3	2	0.75	side	400	606.54	300	454.9
side_µ¹¼Ü¹ä·ù_µ¹¼Ü_¾Ë¹ä_Q3_00013.JPG	val	val	¾Ë¹ä	6	¾Ë¹ä	Q3	2	0.75	side	400	606.54	300	454.9
side_µ¹¼Ü¹ä·ù_µ¹¼Ü_¾Ë¹ä_Q3_00017.JPG	val	val	¾Ë¹ä	6	¾Ë¹ä	Q3	2	0.75	side	400	606.54	300	454.9
side_µ¹¼Ü¹ä·ù_µ¹¼Ü_¾Ë¹ä_Q3_00020.JPG	val	val	¾Ë¹ä	6	¾Ë¹ä	Q3	2	0.75	side	400	606.54	300	454.9
side_µ¹¼Ü¹ä·ù_µ¹¼Ü_¾Ë¹ä_Q3_00026.JPG	val	val	¾Ë¹ä	6	¾Ë¹ä	Q3	2	0.75	side	400	606.54	300	454.9
side_µ¹¼Ü¹ä·ù_µ¹¼Ü_¾Ë¹ä_Q3_00038.JPG	val	val	¾Ë¹ä	6	¾Ë¹ä	Q3	2	0.75	side	400	606.54	300	454.9
top_µ¹¼Ü¹ä·ù_µ¹¼Ü_¾Ë¹ä_Q3_00001.JPG	val	val	¾Ë¹ä	6	¾Ë¹ä	Q3	2	0.75	top	400	606.54	300	454.9
top_µ¹¼Ü¹ä·ù_µ¹¼Ü_¾Ë¹ä_Q3_00024.JPG	val	val	¾Ë¹ä	6	¾Ë¹ä	Q3	2	0.75	top	400	606.54	300	454.9
top_µ¹¼Ü¹ä·ù_µ¹¼Ü_¾Ë¹ä_Q3_00045.JPG	val	val	¾Ë¹ä	6	¾Ë¹ä	Q3	2	0.75	top	400	606.54	300	454.9
top_µ¹¼Ü¹ä·ù_µ¹¼Ü_¾Ë¹ä_Q3_00052.JPG	val	val	¾Ë¹ä	6	¾Ë¹ä	Q3	2	0.75	top	400	606.54	300	454.9
side_µ¹¼Ü¹ä·ù_µ¹¼Ü_¾Ë¹ä_Q4_00004.JPG	val	val	¾Ë¹ä	6	¾Ë¹ä	Q4	3	1	side	400	606.54	400	606.54
side_µ¹¼Ü¹ä·ù_µ¹¼Ü_¾Ë¹ä_Q4_00009.JPG	val	val	¾Ë¹ä	6	¾Ë¹ä	Q4	3	1	side	400	606.54	400	606.54
side_µ¹¼Ü¹ä·ù_µ¹¼Ü_¾Ë¹ä_Q4_00011.JPG	val	val	¾Ë¹ä	6	¾Ë¹ä	Q4	3	1	side	400	606.54	400	606.54
side_µ¹¼Ü¹ä·ù_µ¹¼Ü_¾Ë¹ä_Q4_00012.JPG	val	val	¾Ë¹ä	6	¾Ë¹ä	Q4	3	1	side	400	606.54	400	606.54
side_µ¹¼Ü¹ä·ù_µ¹¼Ü_¾Ë¹ä_Q4_00016.JPG	val	val	¾Ë¹ä	6	¾Ë¹ä	Q4	3	1	side	400	606.54	400	606.54
side_µ¹¼Ü¹ä·ù_µ¹¼Ü_¾Ë¹ä_Q4_00019.JPG	val	val	¾Ë¹ä	6	¾Ë¹ä	Q4	3	1	side	400	606.54	400	606.54
side_µ¹¼Ü¹ä·ù_µ¹¼Ü_¾Ë¹ä_Q4_00036.JPG	val	val	¾Ë¹ä	6	¾Ë¹ä	Q4	3	1	side	400	606.54	400	606.54
top_µ¹¼Ü¹ä·ù_µ¹¼Ü_¾Ë¹ä_Q4_00002.JPG	val	val	¾Ë¹ä	6	¾Ë¹ä	Q4	3	1	top	400	606.54	400	606.54
top_µ¹¼Ü¹ä·ù_µ¹¼Ü_¾Ë¹ä_Q4_00013.JPG	val	val	¾Ë¹ä	6	¾Ë¹ä	Q4	3	1	top	400	606.54	400	606.54
top_µ¹¼Ü¹ä·ù_µ¹¼Ü_¾Ë¹ä_Q4_00042.JPG	val	val	¾Ë¹ä	6	¾Ë¹ä	Q4	3	1	top	400	606.54	400	606.54
top_µ¹¼Ü¹ä·ù_µ¹¼Ü_¾Ë¹ä_Q4_00045.JPG	val	val	¾Ë¹ä	6	¾Ë¹ä	Q4	3	1	top	400	606.54	400	606.54
side_µ¹¼Ü¹ä·ù_µ¹¼Ü_¾Ë¹ä_Q5_00017.JPG	val	val	¾Ë¹ä	6	¾Ë¹ä	Q5	4	1.25	side	400	606.54	500	758.17
side_µ¹¼Ü¹ä·ù_µ¹¼Ü_¾Ë¹ä_Q5_00019.JPG	val	val	¾Ë¹ä	6	¾Ë¹ä	Q5	4	1.25	side	400	606.54	500	758.17
side_µ¹¼Ü¹ä·ù_µ¹¼Ü_¾Ë¹ä_Q5_00023.JPG	val	val	¾Ë¹ä	6	¾Ë¹ä	Q5	4	1.25	side	400	606.54	500	758.17
side_µ¹¼Ü¹ä·ù_µ¹¼Ü_¾Ë¹ä_Q5_00037.JPG	val	val	¾Ë¹ä	6	¾Ë¹ä	Q5	4	1.25	side	400	606.54	500	758.17
side_µ¹¼Ü¹ä·ù_µ¹¼Ü_¾Ë¹ä_Q5_00039.JPG	val	val	¾Ë¹ä	6	¾Ë¹ä	Q5	4	1.25	side	400	606.54	500	758.17
top_µ¹¼Ü¹ä·ù_µ¹¼Ü_¾Ë¹ä_Q5_00008.JPG	val	val	¾Ë¹ä	6	¾Ë¹ä	Q5	4	1.25	top	400	606.54	500	758.17
top_µ¹¼Ü¹ä·ù_µ¹¼Ü_¾Ë¹ä_Q5_00017.JPG	val	val	¾Ë¹ä	6	¾Ë¹ä	Q5	4	1.25	top	400	606.54	500	758.17
top_µ¹¼Ü¹ä·ù_µ¹¼Ü_¾Ë¹ä_Q5_00020.JPG	val	val	¾Ë¹ä	6	¾Ë¹ä	Q5	4	1.25	top	400	606.54	500	758.17
top_µ¹¼Ü¹ä·ù_µ¹¼Ü_¾Ë¹ä_Q5_00028.JPG	val	val	¾Ë¹ä	6	¾Ë¹ä	Q5	4	1.25	top	400	606.54	500	758.17
top_µ¹¼Ü¹ä·ù_µ¹¼Ü_¾Ë¹ä_Q5_00034.JPG	val	val	¾Ë¹ä	6	¾Ë¹ä	Q5	4	1.25	top	400	606.54	500	758.17
top_µ¹¼Ü¹ä·ù_µ¹¼Ü_¾Ë¹ä_Q5_00037.JPG	val	val	¾Ë¹ä	6	¾Ë¹ä	Q5	4	1.25	top	400	606.54	500	758.17
side_µ¹¼Ü¹ä·ù_µ¹¼Ü_¿µ¾çµ¹¼Ü¹ä_Q1_00011.JPG	val	val	¿µ¾çµ¹¼Ü¹ä	7	µ¹¼Ü¹ä	Q1	0	0.25	side	350	528.855	87.5	132.21
side_µ¹¼Ü¹ä·ù_µ¹¼Ü_¿µ¾çµ¹¼Ü¹ä_Q1_00014.JPG	val	val	¿µ¾çµ¹¼Ü¹ä	7	µ¹¼Ü¹ä	Q1	0	0.25	side	350	528.855	87.5	132.21
side_µ¹¼Ü¹ä·ù_µ¹¼Ü_¿µ¾çµ¹¼Ü¹ä_Q1_00015.JPG	val	val	¿µ¾çµ¹¼Ü¹ä	7	µ¹¼Ü¹ä	Q1	0	0.25	side	350	528.855	87.5	132.21
side_µ¹¼Ü¹ä·ù_µ¹¼Ü_¿µ¾çµ¹¼Ü¹ä_Q1_00036.JPG	val	val	¿µ¾çµ¹¼Ü¹ä	7	µ¹¼Ü¹ä	Q1	0	0.25	side	350	528.855	87.5	132.21
side_µ¹¼Ü¹ä·ù_µ¹¼Ü_¿µ¾çµ¹¼Ü¹ä_Q1_00047.JPG	val	val	¿µ¾çµ¹¼Ü¹ä	7	µ¹¼Ü¹ä	Q1	0	0.25	side	350	528.855	87.5	132.21
top_µ¹¼Ü¹ä·ù_µ¹¼Ü_¿µ¾çµ¹¼Ü¹ä_Q1_00009.JPG	val	val	¿µ¾çµ¹¼Ü¹ä	7	µ¹¼Ü¹ä	Q1	0	0.25	top	350	528.855	87.5	132.21
top_µ¹¼Ü¹ä·ù_µ¹¼Ü_¿µ¾çµ¹¼Ü¹ä_Q1_00025.JPG	val	val	¿µ¾çµ¹¼Ü¹ä	7	µ¹¼Ü¹ä	Q1	0	0.25	top	350	528.855	87.5	132.21
top_µ¹¼Ü¹ä·ù_µ¹¼Ü_¿µ¾çµ¹¼Ü¹ä_Q1_00032.JPG	val	val	¿µ¾çµ¹¼Ü¹ä	7	µ¹¼Ü¹ä	Q1	0	0.25	top	350	528.855	87.5	132.21
top_µ¹¼Ü¹ä·ù_µ¹¼Ü_¿µ¾çµ¹¼Ü¹ä_Q1_00040.JPG	val	val	¿µ¾çµ¹¼Ü¹ä	7	µ¹¼Ü¹ä	Q1	0	0.25	top	350	528.855	87.5	132.21
top_µ¹¼Ü¹ä·ù_µ¹¼Ü_¿µ¾çµ¹¼Ü¹ä_Q1_00044.JPG	val	val	¿µ¾çµ¹¼Ü¹ä	7	µ¹¼Ü¹ä	Q1	0	0.25	top	350	528.855	87.5	132.21
top_µ¹¼Ü¹ä·ù_µ¹¼Ü_¿µ¾çµ¹¼Ü¹ä_Q1_00049.JPG	val	val	¿µ¾çµ¹¼Ü¹ä	7	µ¹¼Ü¹ä	Q1	0	0.25	top	350	528.855	87.5	132.21
side_µ¹¼Ü¹ä·ù_µ¹¼Ü_¿µ¾çµ¹¼Ü¹ä_Q2_00012.JPG	val	val	¿µ¾çµ¹¼Ü¹ä	7	µ¹¼Ü¹ä	Q2	1	0.5	side	350	528.855	175	264.43
side_µ¹¼Ü¹ä·ù_µ¹¼Ü_¿µ¾çµ¹¼Ü¹ä_Q2_00013.JPG	val	val	¿µ¾çµ¹¼Ü¹ä	7	µ¹¼Ü¹ä	Q2	1	0.5	side	350	528.855	175	264.43
side_µ¹¼Ü¹ä·ù_µ¹¼Ü_¿µ¾çµ¹¼Ü¹ä_Q2_00015.JPG	val	val	¿µ¾çµ¹¼Ü¹ä	7	µ¹¼Ü¹ä	Q2	1	0.5	side	350	528.855	175	264.43
side_µ¹¼Ü¹ä·ù_µ¹¼Ü_¿µ¾çµ¹¼Ü¹ä_Q2_00044.JPG	val	val	¿µ¾çµ¹¼Ü¹ä	7	µ¹¼Ü¹ä	Q2	1	0.5	side	350	528.855	175	264.43
top_µ¹¼Ü¹ä·ù_µ¹¼Ü_¿µ¾çµ¹¼Ü¹ä_Q2_00005.JPG	val	val	¿µ¾çµ¹¼Ü¹ä	7	µ¹¼Ü¹ä	Q2	1	0.5	top	350	528.855	175	264.43
top_µ¹¼Ü¹ä·ù_µ¹¼Ü_¿µ¾çµ¹¼Ü¹ä_Q2_00006.JPG	val	val	¿µ¾çµ¹¼Ü¹ä	7	µ¹¼Ü¹ä	Q2	1	0.5	top	350	528.855	175	264.43
top_µ¹¼Ü¹ä·ù_µ¹¼Ü_¿µ¾çµ¹¼Ü¹ä_Q2_00009.JPG	val	val	¿µ¾çµ¹¼Ü¹ä	7	µ¹¼Ü¹ä	Q2	1	0.5	top	350	528.855	175	264.43
top_µ¹¼Ü¹ä·ù_µ¹¼Ü_¿µ¾çµ¹¼Ü¹ä_Q2_00025.JPG	val	val	¿µ¾çµ¹¼Ü¹ä	7	µ¹¼Ü¹ä	Q2	1	0.5	top	350	528.855	175	264.43
top_µ¹¼Ü¹ä·ù_µ¹¼Ü_¿µ¾çµ¹¼Ü¹ä_Q2_00027.JPG	val	val	¿µ¾çµ¹¼Ü¹ä	7	µ¹¼Ü¹ä	Q2	1	0.5	top	350	528.855	175	264.43
top_µ¹¼Ü¹ä·ù_µ¹¼Ü_¿µ¾çµ¹¼Ü¹ä_Q2_00041.JPG	val	val	¿µ¾çµ¹¼Ü¹ä	7	µ¹¼Ü¹ä	Q2	1	0.5	top	350	528.855	175	264.43
top_µ¹¼Ü¹ä·ù_µ¹¼Ü_¿µ¾çµ¹¼Ü¹ä_Q2_00051.JPG	val	val	¿µ¾çµ¹¼Ü¹ä	7	µ¹¼Ü¹ä	Q2	1	0.5	top	350	528.855	175	264.43
side_µ¹¼Ü¹ä·ù_µ¹¼Ü_¿µ¾çµ¹¼Ü¹ä_Q3_00022.JPG	val	val	¿µ¾çµ¹¼Ü¹ä	7	µ¹¼Ü¹ä	Q3	2	0.75	side	350	528.855	262.5	396.64
side_µ¹¼Ü¹ä·ù_µ¹¼Ü_¿µ¾çµ¹¼Ü¹ä_Q3_00029.JPG	val	val	¿µ¾çµ¹¼Ü¹ä	7	µ¹¼Ü¹ä	Q3	2	0.75	side	350	528.855	262.5	396.64
side_µ¹¼Ü¹ä·ù_µ¹¼Ü_¿µ¾çµ¹¼Ü¹ä_Q3_00036.JPG	val	val	¿µ¾çµ¹¼Ü¹ä	7	µ¹¼Ü¹ä	Q3	2	0.75	side	350	528.855	262.5	396.64
side_µ¹¼Ü¹ä·ù_µ¹¼Ü_¿µ¾çµ¹¼Ü¹ä_Q3_00047.JPG	val	val	¿µ¾çµ¹¼Ü¹ä	7	µ¹¼Ü¹ä	Q3	2	0.75	side	350	528.855	262.5	396.64
side_µ¹¼Ü¹ä·ù_µ¹¼Ü_¿µ¾çµ¹¼Ü¹ä_Q3_00049.JPG	val	val	¿µ¾çµ¹¼Ü¹ä	7	µ¹¼Ü¹ä	Q3	2	0.75	side	350	528.855	262.5	396.64
top_µ¹¼Ü¹ä·ù_µ¹¼Ü_¿µ¾çµ¹¼Ü¹ä_Q3_00019.JPG	val	val	¿µ¾çµ¹¼Ü¹ä	7	µ¹¼Ü¹ä	Q3	2	0.75	top	350	528.855	262.5	396.64
top_µ¹¼Ü¹ä·ù_µ¹¼Ü_¿µ¾çµ¹¼Ü¹ä_Q3_00021.JPG	val	val	¿µ¾çµ¹¼Ü¹ä	7	µ¹¼Ü¹ä	Q3	2	0.75	top	350	528.855	262.5	396.64
top_µ¹¼Ü¹ä·ù_µ¹¼Ü_¿µ¾çµ¹¼Ü¹ä_Q3_00023.JPG	val	val	¿µ¾çµ¹¼Ü¹ä	7	µ¹¼Ü¹ä	Q3	2	0.75	top	350	528.855	262.5	396.64
top_µ¹¼Ü¹ä·ù_µ¹¼Ü_¿µ¾çµ¹¼Ü¹ä_Q3_00024.JPG	val	val	¿µ¾çµ¹¼Ü¹ä	7	µ¹¼Ü¹ä	Q3	2	0.75	top	350	528.855	262.5	396.64
top_µ¹¼Ü¹ä·ù_µ¹¼Ü_¿µ¾çµ¹¼Ü¹ä_Q3_00027.JPG	val	val	¿µ¾çµ¹¼Ü¹ä	7	µ¹¼Ü¹ä	Q3	2	0.75	top	350	528.855	262.5	396.64
top_µ¹¼Ü¹ä·ù_µ¹¼Ü_¿µ¾çµ¹¼Ü¹ä_Q3_00055.JPG	val	val	¿µ¾çµ¹¼Ü¹ä	7	µ¹¼Ü¹ä	Q3	2	0.75	top	350	528.855	262.5	396.64
side_µ¹¼Ü¹ä·ù_µ¹¼Ü_¿µ¾çµ¹¼Ü¹ä_Q4_00002.JPG	val	val	¿µ¾çµ¹¼Ü¹ä	7	µ¹¼Ü¹ä	Q4	3	1	side	350	528.855	350	528.86
side_µ¹¼Ü¹ä·ù_µ¹¼Ü_¿µ¾çµ¹¼Ü¹ä_Q4_00004.JPG	val	val	¿µ¾çµ¹¼Ü¹ä	7	µ¹¼Ü¹ä	Q4	3	1	side	350	528.855	350	528.86
side_µ¹¼Ü¹ä·ù_µ¹¼Ü_¿µ¾çµ¹¼Ü¹ä_Q4_00008.JPG	val	val	¿µ¾çµ¹¼Ü¹ä	7	µ¹¼Ü¹ä	Q4	3	1	side	350	528.855	350	528.86
side_µ¹¼Ü¹ä·ù_µ¹¼Ü_¿µ¾çµ¹¼Ü¹ä_Q4_00009.JPG	val	val	¿µ¾çµ¹¼Ü¹ä	7	µ¹¼Ü¹ä	Q4	3	1	side	350	528.855	350	528.86
side_µ¹¼Ü¹ä·ù_µ¹¼Ü_¿µ¾çµ¹¼Ü¹ä_Q4_00028.JPG	val	val	¿µ¾çµ¹¼Ü¹ä	7	µ¹¼Ü¹ä	Q4	3	1	side	350	528.855	350	528.86
side_µ¹¼Ü¹ä·ù_µ¹¼Ü_¿µ¾çµ¹¼Ü¹ä_Q4_00041.JPG	val	val	¿µ¾çµ¹¼Ü¹ä	7	µ¹¼Ü¹ä	Q4	3	1	side	350	528.855	350	528.86
top_µ¹¼Ü¹ä·ù_µ¹¼Ü_¿µ¾çµ¹¼Ü¹ä_Q4_00001.JPG	val	val	¿µ¾çµ¹¼Ü¹ä	7	µ¹¼Ü¹ä	Q4	3	1	top	350	528.855	350	528.86
top_µ¹¼Ü¹ä·ù_µ¹¼Ü_¿µ¾çµ¹¼Ü¹ä_Q4_00015.JPG	val	val	¿µ¾çµ¹¼Ü¹ä	7	µ¹¼Ü¹ä	Q4	3	1	top	350	528.855	350	528.86
top_µ¹¼Ü¹ä·ù_µ¹¼Ü_¿µ¾çµ¹¼Ü¹ä_Q4_00034.JPG	val	val	¿µ¾çµ¹¼Ü¹ä	7	µ¹¼Ü¹ä	Q4	3	1	top	350	528.855	350	528.86
top_µ¹¼Ü¹ä·ù_µ¹¼Ü_¿µ¾çµ¹¼Ü¹ä_Q4_00048.JPG	val	val	¿µ¾çµ¹¼Ü¹ä	7	µ¹¼Ü¹ä	Q4	3	1	top	350	528.855	350	528.86
side_µ¹¼Ü¹ä·ù_µ¹¼Ü_¿µ¾çµ¹¼Ü¹ä_Q5_00004.JPG	val	val	¿µ¾çµ¹¼Ü¹ä	7	µ¹¼Ü¹ä	Q5	4	1.25	side	350	528.855	437.5	661.07
side_µ¹¼Ü¹ä·ù_µ¹¼Ü_¿µ¾çµ¹¼Ü¹ä_Q5_00008.JPG	val	val	¿µ¾çµ¹¼Ü¹ä	7	µ¹¼Ü¹ä	Q5	4	1.25	side	350	528.855	437.5	661.07
side_µ¹¼Ü¹ä·ù_µ¹¼Ü_¿µ¾çµ¹¼Ü¹ä_Q5_00015.JPG	val	val	¿µ¾çµ¹¼Ü¹ä	7	µ¹¼Ü¹ä	Q5	4	1.25	side	350	528.855	437.5	661.07
side_µ¹¼Ü¹ä·ù_µ¹¼Ü_¿µ¾çµ¹¼Ü¹ä_Q5_00020.JPG	val	val	¿µ¾çµ¹¼Ü¹ä	7	µ¹¼Ü¹ä	Q5	4	1.25	side	350	528.855	437.5	661.07
side_µ¹¼Ü¹ä·ù_µ¹¼Ü_¿µ¾çµ¹¼Ü¹ä_Q5_00023.JPG	val	val	¿µ¾çµ¹¼Ü¹ä	7	µ¹¼Ü¹ä	Q5	4	1.25	side	350	528.855	437.5	661.07
side_µ¹¼Ü¹ä·ù_µ¹¼Ü_¿µ¾çµ¹¼Ü¹ä_Q5_00024.JPG	val	val	¿µ¾çµ¹¼Ü¹ä	7	µ¹¼Ü¹ä	Q5	4	1.25	side	350	528.855	437.5	661.07
side_µ¹¼Ü¹ä·ù_µ¹¼Ü_¿µ¾çµ¹¼Ü¹ä_Q5_00028.JPG	val	val	¿µ¾çµ¹¼Ü¹ä	7	µ¹¼Ü¹ä	Q5	4	1.25	side	350	528.855	437.5	661.07
side_µ¹¼Ü¹ä·ù_µ¹¼Ü_¿µ¾çµ¹¼Ü¹ä_Q5_00039.JPG	val	val	¿µ¾çµ¹¼Ü¹ä	7	µ¹¼Ü¹ä	Q5	4	1.25	side	350	528.855	437.5	661.07
side_µ¹¼Ü¹ä·ù_µ¹¼Ü_¿µ¾çµ¹¼Ü¹ä_Q5_00049.JPG	val	val	¿µ¾çµ¹¼Ü¹ä	7	µ¹¼Ü¹ä	Q5	4	1.25	side	350	528.855	437.5	661.07
top_µ¹¼Ü¹ä·ù_µ¹¼Ü_¿µ¾çµ¹¼Ü¹ä_Q5_00013.JPG	val	val	¿µ¾çµ¹¼Ü¹ä	7	µ¹¼Ü¹ä	Q5	4	1.25	top	350	528.855	437.5	661.07
top_µ¹¼Ü¹ä·ù_µ¹¼Ü_¿µ¾çµ¹¼Ü¹ä_Q5_00022.JPG	val	val	¿µ¾çµ¹¼Ü¹ä	7	µ¹¼Ü¹ä	Q5	4	1.25	top	350	528.855	437.5	661.07
top_µ¹¼Ü¹ä·ù_µ¹¼Ü_¿µ¾çµ¹¼Ü¹ä_Q5_00039.JPG	val	val	¿µ¾çµ¹¼Ü¹ä	7	µ¹¼Ü¹ä	Q5	4	1.25	top	350	528.855	437.5	661.07
side_ºñºö¹äµ¤¹ä·ù_Á¢½Ã_ÀâÅÁ¹ä_Q1_00009.JPG	val	val	ÀâÅÁ¹ä	8	ÀâÅÁ¹ä	Q1	0	0.25	side	750	737.23	187.5	184.31
side_ºñºö¹äµ¤¹ä·ù_Á¢½Ã_ÀâÅÁ¹ä_Q1_00020.JPG	val	val	ÀâÅÁ¹ä	8	ÀâÅÁ¹ä	Q1	0	0.25	side	750	737.23	187.5	184.31
side_ºñºö¹äµ¤¹ä·ù_Á¢½Ã_ÀâÅÁ¹ä_Q1_00027.JPG	val	val	ÀâÅÁ¹ä	8	ÀâÅÁ¹ä	Q1	0	0.25	side	750	737.23	187.5	184.31
side_ºñºö¹äµ¤¹ä·ù_Á¢½Ã_ÀâÅÁ¹ä_Q1_00030.JPG	val	val	ÀâÅÁ¹ä	8	ÀâÅÁ¹ä	Q1	0	0.25	side	750	737.23	187.5	184.31
side_ºñºö¹äµ¤¹ä·ù_Á¢½Ã_ÀâÅÁ¹ä_Q1_00034.JPG	val	val	ÀâÅÁ¹ä	8	ÀâÅÁ¹ä	Q1	0	0.25	side	750	737.23	187.5	184.31
side_ºñºö¹äµ¤¹ä·ù_Á¢½Ã_ÀâÅÁ¹ä_Q1_00036.JPG	val	val	ÀâÅÁ¹ä	8	ÀâÅÁ¹ä	Q1	0	0.25	side	750	737.23	187.5	184.31
side_ºñºö¹äµ¤¹ä·ù_Á¢½Ã_ÀâÅÁ¹ä_Q1_00046.JPG	val	val	ÀâÅÁ¹ä	8	ÀâÅÁ¹ä	Q1	0	0.25	side	750	737.23	187.5	184.31
side_ºñºö¹äµ¤¹ä·ù_Á¢½Ã_ÀâÅÁ¹ä_Q1_00049.JPG	val	val	ÀâÅÁ¹ä	8	ÀâÅÁ¹ä	Q1	0	0.25	side	750	737.23	187.5	184.31
top_ºñºö¹äµ¤¹ä·ù_Á¢½Ã_ÀâÅÁ¹ä_Q1_00004.JPG	val	val	ÀâÅÁ¹ä	8	ÀâÅÁ¹ä	Q1	0	0.25	top	750	737.23	187.5	184.31
top_ºñºö¹äµ¤¹ä·ù_Á¢½Ã_ÀâÅÁ¹ä_Q1_00013.JPG	val	val	ÀâÅÁ¹ä	8	ÀâÅÁ¹ä	Q1	0	0.25	top	750	737.23	187.5	184.31
top_ºñºö¹äµ¤¹ä·ù_Á¢½Ã_ÀâÅÁ¹ä_Q1_00024.JPG	val	val	ÀâÅÁ¹ä	8	ÀâÅÁ¹ä	Q1	0	0.25	top	750	737.23	187.5	184.31
side_ºñºö¹äµ¤¹ä·ù_Á¢½Ã_ÀâÅÁ¹ä_Q2_00014.JPG	val	val	ÀâÅÁ¹ä	8	ÀâÅÁ¹ä	Q2	1	0.5	side	750	737.23	375	368.62
side_ºñºö¹äµ¤¹ä·ù_Á¢½Ã_ÀâÅÁ¹ä_Q2_00026.JPG	val	val	ÀâÅÁ¹ä	8	ÀâÅÁ¹ä	Q2	1	0.5	side	750	737.23	375	368.62
side_ºñºö¹äµ¤¹ä·ù_Á¢½Ã_ÀâÅÁ¹ä_Q2_00027.JPG	val	val	ÀâÅÁ¹ä	8	ÀâÅÁ¹ä	Q2	1	0.5	side	750	737.23	375	368.62
side_ºñºö¹äµ¤¹ä·ù_Á¢½Ã_ÀâÅÁ¹ä_Q2_00038.JPG	val	val	ÀâÅÁ¹ä	8	ÀâÅÁ¹ä	Q2	1	0.5	side	750	737.23	375	368.62
side_ºñºö¹äµ¤¹ä·ù_Á¢½Ã_ÀâÅÁ¹ä_Q2_00043.JPG	val	val	ÀâÅÁ¹ä	8	ÀâÅÁ¹ä	Q2	1	0.5	side	750	737.23	375	368.62
top_ºñºö¹äµ¤¹ä·ù_Á¢½Ã_ÀâÅÁ¹ä_Q2_00007.JPG	val	val	ÀâÅÁ¹ä	8	ÀâÅÁ¹ä	Q2	1	0.5	top	750	737.23	375	368.62
top_ºñºö¹äµ¤¹ä·ù_Á¢½Ã_ÀâÅÁ¹ä_Q2_00013.JPG	val	val	ÀâÅÁ¹ä	8	ÀâÅÁ¹ä	Q2	1	0.5	top	750	737.23	375	368.62
top_ºñºö¹äµ¤¹ä·ù_Á¢½Ã_ÀâÅÁ¹ä_Q2_00029.JPG	val	val	ÀâÅÁ¹ä	8	ÀâÅÁ¹ä	Q2	1	0.5	top	750	737.23	375	368.62
top_ºñºö¹äµ¤¹ä·ù_Á¢½Ã_ÀâÅÁ¹ä_Q2_00033.JPG	val	val	ÀâÅÁ¹ä	8	ÀâÅÁ¹ä	Q2	1	0.5	top	750	737.23	375	368.62
top_ºñºö¹äµ¤¹ä·ù_Á¢½Ã_ÀâÅÁ¹ä_Q2_00035.JPG	val	val	ÀâÅÁ¹ä	8	ÀâÅÁ¹ä	Q2	1	0.5	top	750	737.23	375	368.62
top_ºñºö¹äµ¤¹ä·ù_Á¢½Ã_ÀâÅÁ¹ä_Q2_00039.JPG	val	val	ÀâÅÁ¹ä	8	ÀâÅÁ¹ä	Q2	1	0.5	top	750	737.23	375	368.62
side_ºñºö¹äµ¤¹ä·ù_Á¢½Ã_ÀâÅÁ¹ä_Q3_00014.JPG	val	val	ÀâÅÁ¹ä	8	ÀâÅÁ¹ä	Q3	2	0.75	side	750	737.23	562.5	552.92
side_ºñºö¹äµ¤¹ä·ù_Á¢½Ã_ÀâÅÁ¹ä_Q3_00030.JPG	val	val	ÀâÅÁ¹ä	8	ÀâÅÁ¹ä	Q3	2	0.75	side	750	737.23	562.5	552.92
side_ºñºö¹äµ¤¹ä·ù_Á¢½Ã_ÀâÅÁ¹ä_Q3_00039.JPG	val	val	ÀâÅÁ¹ä	8	ÀâÅÁ¹ä	Q3	2	0.75	side	750	737.23	562.5	552.92
top_ºñºö¹äµ¤¹ä·ù_Á¢½Ã_ÀâÅÁ¹ä_Q3_00008.JPG	val	val	ÀâÅÁ¹ä	8	ÀâÅÁ¹ä	Q3	2	0.75	top	750	737.23	562.5	552.92
top_ºñºö¹äµ¤¹ä·ù_Á¢½Ã_ÀâÅÁ¹ä_Q3_00012.JPG	val	val	ÀâÅÁ¹ä	8	ÀâÅÁ¹ä	Q3	2	0.75	top	750	737.23	562.5	552.92
top_ºñºö¹äµ¤¹ä·ù_Á¢½Ã_ÀâÅÁ¹ä_Q3_00014.JPG	val	val	ÀâÅÁ¹ä	8	ÀâÅÁ¹ä	Q3	2	0.75	top	750	737.23	562.5	552.92
top_ºñºö¹äµ¤¹ä·ù_Á¢½Ã_ÀâÅÁ¹ä_Q3_00015.JPG	val	val	ÀâÅÁ¹ä	8	ÀâÅÁ¹ä	Q3	2	0.75	top	750	737.23	562.5	552.92
top_ºñºö¹äµ¤¹ä·ù_Á¢½Ã_ÀâÅÁ¹ä_Q3_00031.JPG	val	val	ÀâÅÁ¹ä	8	ÀâÅÁ¹ä	Q3	2	0.75	top	750	737.23	562.5	552.92
top_ºñºö¹äµ¤¹ä·ù_Á¢½Ã_ÀâÅÁ¹ä_Q3_00034.JPG	val	val	ÀâÅÁ¹ä	8	ÀâÅÁ¹ä	Q3	2	0.75	top	750	737.23	562.5	552.92
top_ºñºö¹äµ¤¹ä·ù_Á¢½Ã_ÀâÅÁ¹ä_Q3_00036.JPG	val	val	ÀâÅÁ¹ä	8	ÀâÅÁ¹ä	Q3	2	0.75	top	750	737.23	562.5	552.92
top_ºñºö¹äµ¤¹ä·ù_Á¢½Ã_ÀâÅÁ¹ä_Q3_00045.JPG	val	val	ÀâÅÁ¹ä	8	ÀâÅÁ¹ä	Q3	2	0.75	top	750	737.23	562.5	552.92
side_ºñºö¹äµ¤¹ä·ù_Á¢½Ã_ÀâÅÁ¹ä_Q4_00006.JPG	val	val	ÀâÅÁ¹ä	8	ÀâÅÁ¹ä	Q4	3	1	side	750	737.23	750	737.23
side_ºñºö¹äµ¤¹ä·ù_Á¢½Ã_ÀâÅÁ¹ä_Q4_00008.JPG	val	val	ÀâÅÁ¹ä	8	ÀâÅÁ¹ä	Q4	3	1	side	750	737.23	750	737.23
side_ºñºö¹äµ¤¹ä·ù_Á¢½Ã_ÀâÅÁ¹ä_Q4_00015.JPG	val	val	ÀâÅÁ¹ä	8	ÀâÅÁ¹ä	Q4	3	1	side	750	737.23	750	737.23
side_ºñºö¹äµ¤¹ä·ù_Á¢½Ã_ÀâÅÁ¹ä_Q4_00018.JPG	val	val	ÀâÅÁ¹ä	8	ÀâÅÁ¹ä	Q4	3	1	side	750	737.23	750	737.23
side_ºñºö¹äµ¤¹ä·ù_Á¢½Ã_ÀâÅÁ¹ä_Q4_00020.JPG	val	val	ÀâÅÁ¹ä	8	ÀâÅÁ¹ä	Q4	3	1	side	750	737.23	750	737.23
side_ºñºö¹äµ¤¹ä·ù_Á¢½Ã_ÀâÅÁ¹ä_Q4_00026.JPG	val	val	ÀâÅÁ¹ä	8	ÀâÅÁ¹ä	Q4	3	1	side	750	737.23	750	737.23
side_ºñºö¹äµ¤¹ä·ù_Á¢½Ã_ÀâÅÁ¹ä_Q4_00027.JPG	val	val	ÀâÅÁ¹ä	8	ÀâÅÁ¹ä	Q4	3	1	side	750	737.23	750	737.23
side_ºñºö¹äµ¤¹ä·ù_Á¢½Ã_ÀâÅÁ¹ä_Q4_00039.JPG	val	val	ÀâÅÁ¹ä	8	ÀâÅÁ¹ä	Q4	3	1	side	750	737.23	750	737.23
top_ºñºö¹äµ¤¹ä·ù_Á¢½Ã_ÀâÅÁ¹ä_Q4_00022.JPG	val	val	ÀâÅÁ¹ä	8	ÀâÅÁ¹ä	Q4	3	1	top	750	737.23	750	737.23
top_ºñºö¹äµ¤¹ä·ù_Á¢½Ã_ÀâÅÁ¹ä_Q4_00027.JPG	val	val	ÀâÅÁ¹ä	8	ÀâÅÁ¹ä	Q4	3	1	top	750	737.23	750	737.23
top_ºñºö¹äµ¤¹ä·ù_Á¢½Ã_ÀâÅÁ¹ä_Q4_00043.JPG	val	val	ÀâÅÁ¹ä	8	ÀâÅÁ¹ä	Q4	3	1	top	750	737.23	750	737.23
side_ºñºö¹äµ¤¹ä·ù_Á¢½Ã_ÀâÅÁ¹ä_Q5_00008.JPG	val	val	ÀâÅÁ¹ä	8	ÀâÅÁ¹ä	Q5	4	1.25	side	750	737.23	937.5	921.54
side_ºñºö¹äµ¤¹ä·ù_Á¢½Ã_ÀâÅÁ¹ä_Q5_00015.JPG	val	val	ÀâÅÁ¹ä	8	ÀâÅÁ¹ä	Q5	4	1.25	side	750	737.23	937.5	921.54
side_ºñºö¹äµ¤¹ä·ù_Á¢½Ã_ÀâÅÁ¹ä_Q5_00020.JPG	val	val	ÀâÅÁ¹ä	8	ÀâÅÁ¹ä	Q5	4	1.25	side	750	737.23	937.5	921.54
side_ºñºö¹äµ¤¹ä·ù_Á¢½Ã_ÀâÅÁ¹ä_Q5_00029.JPG	val	val	ÀâÅÁ¹ä	8	ÀâÅÁ¹ä	Q5	4	1.25	side	750	737.23	937.5	921.54
side_ºñºö¹äµ¤¹ä·ù_Á¢½Ã_ÀâÅÁ¹ä_Q5_00032.JPG	val	val	ÀâÅÁ¹ä	8	ÀâÅÁ¹ä	Q5	4	1.25	side	750	737.23	937.5	921.54
side_ºñºö¹äµ¤¹ä·ù_Á¢½Ã_ÀâÅÁ¹ä_Q5_00048.JPG	val	val	ÀâÅÁ¹ä	8	ÀâÅÁ¹ä	Q5	4	1.25	side	750	737.23	937.5	921.54
side_ºñºö¹äµ¤¹ä·ù_Á¢½Ã_ÀâÅÁ¹ä_Q5_00054.JPG	val	val	ÀâÅÁ¹ä	8	ÀâÅÁ¹ä	Q5	4	1.25	side	750	737.23	937.5	921.54
top_ºñºö¹äµ¤¹ä·ù_Á¢½Ã_ÀâÅÁ¹ä_Q5_00002.JPG	val	val	ÀâÅÁ¹ä	8	ÀâÅÁ¹ä	Q5	4	1.25	top	750	737.23	937.5	921.54
top_ºñºö¹äµ¤¹ä·ù_Á¢½Ã_ÀâÅÁ¹ä_Q5_00023.JPG	val	val	ÀâÅÁ¹ä	8	ÀâÅÁ¹ä	Q5	4	1.25	top	750	737.23	937.5	921.54
top_ºñºö¹äµ¤¹ä·ù_Á¢½Ã_ÀâÅÁ¹ä_Q5_00029.JPG	val	val	ÀâÅÁ¹ä	8	ÀâÅÁ¹ä	Q5	4	1.25	top	750	737.23	937.5	921.54
top_ºñºö¹äµ¤¹ä·ù_Á¢½Ã_ÀâÅÁ¹ä_Q5_00036.JPG	val	val	ÀâÅÁ¹ä	8	ÀâÅÁ¹ä	Q5	4	1.25	top	750	737.23	937.5	921.54
side_ºñºö¹äµ¤¹ä·ù_³Ã¸é±â_ÀüÁÖºñºö¹ä_Q1_00004.JPG	val	val	ÀüÁÖºñºö¹ä	9	ÀüÁÖºñºö¹ä	Q1	0	0.25	side	450	662.192	112.5	165.55
side_ºñºö¹äµ¤¹ä·ù_³Ã¸é±â_ÀüÁÖºñºö¹ä_Q1_00011.JPG	val	val	ÀüÁÖºñºö¹ä	9	ÀüÁÖºñºö¹ä	Q1	0	0.25	side	450	662.192	112.5	165.55
side_ºñºö¹äµ¤¹ä·ù_³Ã¸é±â_ÀüÁÖºñºö¹ä_Q1_00012.JPG	val	val	ÀüÁÖºñºö¹ä	9	ÀüÁÖºñºö¹ä	Q1	0	0.25	side	450	662.192	112.5	165.55
side_ºñºö¹äµ¤¹ä·ù_³Ã¸é±â_ÀüÁÖºñºö¹ä_Q1_00022.JPG	val	val	ÀüÁÖºñºö¹ä	9	ÀüÁÖºñºö¹ä	Q1	0	0.25	side	450	662.192	112.5	165.55
side_ºñºö¹äµ¤¹ä·ù_³Ã¸é±â_ÀüÁÖºñºö¹ä_Q1_00023.JPG	val	val	ÀüÁÖºñºö¹ä	9	ÀüÁÖºñºö¹ä	Q1	0	0.25	side	450	662.192	112.5	165.55
side_ºñºö¹äµ¤¹ä·ù_³Ã¸é±â_ÀüÁÖºñºö¹ä_Q1_00031.JPG	val	val	ÀüÁÖºñºö¹ä	9	ÀüÁÖºñºö¹ä	Q1	0	0.25	side	450	662.192	112.5	165.55
side_ºñºö¹äµ¤¹ä·ù_³Ã¸é±â_ÀüÁÖºñºö¹ä_Q1_00050.JPG	val	val	ÀüÁÖºñºö¹ä	9	ÀüÁÖºñºö¹ä	Q1	0	0.25	side	450	662.192	112.5	165.55
top_ºñºö¹äµ¤¹ä·ù_³Ã¸é±â_ÀüÁÖºñºö¹ä_Q1_00006.JPG	val	val	ÀüÁÖºñºö¹ä	9	ÀüÁÖºñºö¹ä	Q1	0	0.25	top	450	662.192	112.5	165.55
top_ºñºö¹äµ¤¹ä·ù_³Ã¸é±â_ÀüÁÖºñºö¹ä_Q1_00011.JPG	val	val	ÀüÁÖºñºö¹ä	9	ÀüÁÖºñºö¹ä	Q1	0	0.25	top	450	662.192	112.5	165.55
top_ºñºö¹äµ¤¹ä·ù_³Ã¸é±â_ÀüÁÖºñºö¹ä_Q1_00029.JPG	val	val	ÀüÁÖºñºö¹ä	9	ÀüÁÖºñºö¹ä	Q1	0	0.25	top	450	662.192	112.5	165.55
top_ºñºö¹äµ¤¹ä·ù_³Ã¸é±â_ÀüÁÖºñºö¹ä_Q1_00051.JPG	val	val	ÀüÁÖºñºö¹ä	9	ÀüÁÖºñºö¹ä	Q1	0	0.25	top	450	662.192	112.5	165.55
side_ºñºö¹äµ¤¹ä·ù_³Ã¸é±â_ÀüÁÖºñºö¹ä_Q2_00001.JPG	val	val	ÀüÁÖºñºö¹ä	9	ÀüÁÖºñºö¹ä	Q2	1	0.5	side	450	662.192	225	331.1
side_ºñºö¹äµ¤¹ä·ù_³Ã¸é±â_ÀüÁÖºñºö¹ä_Q2_00003.JPG	val	val	ÀüÁÖºñºö¹ä	9	ÀüÁÖºñºö¹ä	Q2	1	0.5	side	450	662.192	225	331.1
side_ºñºö¹äµ¤¹ä·ù_³Ã¸é±â_ÀüÁÖºñºö¹ä_Q2_00009.JPG	val	val	ÀüÁÖºñºö¹ä	9	ÀüÁÖºñºö¹ä	Q2	1	0.5	side	450	662.192	225	331.1
side_ºñºö¹äµ¤¹ä·ù_³Ã¸é±â_ÀüÁÖºñºö¹ä_Q2_00015.JPG	val	val	ÀüÁÖºñºö¹ä	9	ÀüÁÖºñºö¹ä	Q2	1	0.5	side	450	662.192	225	331.1
side_ºñºö¹äµ¤¹ä·ù_³Ã¸é±â_ÀüÁÖºñºö¹ä_Q2_00044.JPG	val	val	ÀüÁÖºñºö¹ä	9	ÀüÁÖºñºö¹ä	Q2	1	0.5	side	450	662.192	225	331.1
top_ºñºö¹äµ¤¹ä·ù_³Ã¸é±â_ÀüÁÖºñºö¹ä_Q2_00009.JPG	val	val	ÀüÁÖºñºö¹ä	9	ÀüÁÖºñºö¹ä	Q2	1	0.5	top	450	662.192	225	331.1
top_ºñºö¹äµ¤¹ä·ù_³Ã¸é±â_ÀüÁÖºñºö¹ä_Q2_00013.JPG	val	val	ÀüÁÖºñºö¹ä	9	ÀüÁÖºñºö¹ä	Q2	1	0.5	top	450	662.192	225	331.1
top_ºñºö¹äµ¤¹ä·ù_³Ã¸é±â_ÀüÁÖºñºö¹ä_Q2_00031.JPG	val	val	ÀüÁÖºñºö¹ä	9	ÀüÁÖºñºö¹ä	Q2	1	0.5	top	450	662.192	225	331.1
top_ºñºö¹äµ¤¹ä·ù_³Ã¸é±â_ÀüÁÖºñºö¹ä_Q2_00035.JPG	val	val	ÀüÁÖºñºö¹ä	9	ÀüÁÖºñºö¹ä	Q2	1	0.5	top	450	662.192	225	331.1
top_ºñºö¹äµ¤¹ä·ù_³Ã¸é±â_ÀüÁÖºñºö¹ä_Q2_00046.JPG	val	val	ÀüÁÖºñºö¹ä	9	ÀüÁÖºñºö¹ä	Q2	1	0.5	top	450	662.192	225	331.1
top_ºñºö¹äµ¤¹ä·ù_³Ã¸é±â_ÀüÁÖºñºö¹ä_Q2_00047.JPG	val	val	ÀüÁÖºñºö¹ä	9	ÀüÁÖºñºö¹ä	Q2	1	0.5	top	450	662.192	225	331.1
side_ºñºö¹äµ¤¹ä·ù_³Ã¸é±â_ÀüÁÖºñºö¹ä_Q3_00003.JPG	val	val	ÀüÁÖºñºö¹ä	9	ÀüÁÖºñºö¹ä	Q3	2	0.75	side	450	662.192	337.5	496.64
side_ºñºö¹äµ¤¹ä·ù_³Ã¸é±â_ÀüÁÖºñºö¹ä_Q3_00009.JPG	val	val	ÀüÁÖºñºö¹ä	9	ÀüÁÖºñºö¹ä	Q3	2	0.75	side	450	662.192	337.5	496.64
side_ºñºö¹äµ¤¹ä·ù_³Ã¸é±â_ÀüÁÖºñºö¹ä_Q3_00014.JPG	val	val	ÀüÁÖºñºö¹ä	9	ÀüÁÖºñºö¹ä	Q3	2	0.75	side	450	662.192	337.5	496.64
side_ºñºö¹äµ¤¹ä·ù_³Ã¸é±â_ÀüÁÖºñºö¹ä_Q3_00026.JPG	val	val	ÀüÁÖºñºö¹ä	9	ÀüÁÖºñºö¹ä	Q3	2	0.75	side	450	662.192	337.5	496.64
side_ºñºö¹äµ¤¹ä·ù_³Ã¸é±â_ÀüÁÖºñºö¹ä_Q3_00031.JPG	val	val	ÀüÁÖºñºö¹ä	9	ÀüÁÖºñºö¹ä	Q3	2	0.75	side	450	662.192	337.5	496.64
side_ºñºö¹äµ¤¹ä·ù_³Ã¸é±â_ÀüÁÖºñºö¹ä_Q3_00033.JPG	val	val	ÀüÁÖºñºö¹ä	9	ÀüÁÖºñºö¹ä	Q3	2	0.75	side	450	662.192	337.5	496.64
side_ºñºö¹äµ¤¹ä·ù_³Ã¸é±â_ÀüÁÖºñºö¹ä_Q3_00040.JPG	val	val	ÀüÁÖºñºö¹ä	9	ÀüÁÖºñºö¹ä	Q3	2	0.75	side	450	662.192	337.5	496.64
side_ºñºö¹äµ¤¹ä·ù_³Ã¸é±â_ÀüÁÖºñºö¹ä_Q3_00051.JPG	val	val	ÀüÁÖºñºö¹ä	9	ÀüÁÖºñºö¹ä	Q3	2	0.75	side	450	662.192	337.5	496.64
top_ºñºö¹äµ¤¹ä·ù_³Ã¸é±â_ÀüÁÖºñºö¹ä_Q3_00009.JPG	val	val	ÀüÁÖºñºö¹ä	9	ÀüÁÖºñºö¹ä	Q3	2	0.75	top	450	662.192	337.5	496.64
top_ºñºö¹äµ¤¹ä·ù_³Ã¸é±â_ÀüÁÖºñºö¹ä_Q3_00019.JPG	val	val	ÀüÁÖºñºö¹ä	9	ÀüÁÖºñºö¹ä	Q3	2	0.75	top	450	662.192	337.5	496.64
top_ºñºö¹äµ¤¹ä·ù_³Ã¸é±â_ÀüÁÖºñºö¹ä_Q3_00030.JPG	val	val	ÀüÁÖºñºö¹ä	9	ÀüÁÖºñºö¹ä	Q3	2	0.75	top	450	662.192	337.5	496.64
side_ºñºö¹äµ¤¹ä·ù_³Ã¸é±â_ÀüÁÖºñºö¹ä_Q4_00003.JPG	val	val	ÀüÁÖºñºö¹ä	9	ÀüÁÖºñºö¹ä	Q4	3	1	side	450	662.192	450	662.19
side_ºñºö¹äµ¤¹ä·ù_³Ã¸é±â_ÀüÁÖºñºö¹ä_Q4_00016.JPG	val	val	ÀüÁÖºñºö¹ä	9	ÀüÁÖºñºö¹ä	Q4	3	1	side	450	662.192	450	662.19
side_ºñºö¹äµ¤¹ä·ù_³Ã¸é±â_ÀüÁÖºñºö¹ä_Q4_00034.JPG	val	val	ÀüÁÖºñºö¹ä	9	ÀüÁÖºñºö¹ä	Q4	3	1	side	450	662.192	450	662.19
side_ºñºö¹äµ¤¹ä·ù_³Ã¸é±â_ÀüÁÖºñºö¹ä_Q4_00044.JPG	val	val	ÀüÁÖºñºö¹ä	9	ÀüÁÖºñºö¹ä	Q4	3	1	side	450	662.192	450	662.19
top_ºñºö¹äµ¤¹ä·ù_³Ã¸é±â_ÀüÁÖºñºö¹ä_Q4_00018.JPG	val	val	ÀüÁÖºñºö¹ä	9	ÀüÁÖºñºö¹ä	Q4	3	1	top	450	662.192	450	662.19
top_ºñºö¹äµ¤¹ä·ù_³Ã¸é±â_ÀüÁÖºñºö¹ä_Q4_00025.JPG	val	val	ÀüÁÖºñºö¹ä	9	ÀüÁÖºñºö¹ä	Q4	3	1	top	450	662.192	450	662.19
top_ºñºö¹äµ¤¹ä·ù_³Ã¸é±â_ÀüÁÖºñºö¹ä_Q4_00029.JPG	val	val	ÀüÁÖºñºö¹ä	9	ÀüÁÖºñºö¹ä	Q4	3	1	top	450	662.192	450	662.19
top_ºñºö¹äµ¤¹ä·ù_³Ã¸é±â_ÀüÁÖºñºö¹ä_Q4_00045.JPG	val	val	ÀüÁÖºñºö¹ä	9	ÀüÁÖºñºö¹ä	Q4	3	1	top	450	662.192	450	662.19
top_ºñºö¹äµ¤¹ä·ù_³Ã¸é±â_ÀüÁÖºñºö¹ä_Q4_00047.JPG	val	val	ÀüÁÖºñºö¹ä	9	ÀüÁÖºñºö¹ä	Q4	3	1	top	450	662.192	450	662.19
top_ºñºö¹äµ¤¹ä·ù_³Ã¸é±â_ÀüÁÖºñºö¹ä_Q4_00051.JPG	val	val	ÀüÁÖºñºö¹ä	9	ÀüÁÖºñºö¹ä	Q4	3	1	top	450	662.192	450	662.19
top_ºñºö¹äµ¤¹ä·ù_³Ã¸é±â_ÀüÁÖºñºö¹ä_Q4_00053.JPG	val	val	ÀüÁÖºñºö¹ä	9	ÀüÁÖºñºö¹ä	Q4	3	1	top	450	662.192	450	662.19
side_ºñºö¹äµ¤¹ä·ù_³Ã¸é±â_ÀüÁÖºñºö¹ä_Q5_00009.JPG	val	val	ÀüÁÖºñºö¹ä	9	ÀüÁÖºñºö¹ä	Q5	4	1.25	side	450	662.192	562.5	827.74
side_ºñºö¹äµ¤¹ä·ù_³Ã¸é±â_ÀüÁÖºñºö¹ä_Q5_00025.JPG	val	val	ÀüÁÖºñºö¹ä	9	ÀüÁÖºñºö¹ä	Q5	4	1.25	side	450	662.192	562.5	827.74
side_ºñºö¹äµ¤¹ä·ù_³Ã¸é±â_ÀüÁÖºñºö¹ä_Q5_00030.JPG	val	val	ÀüÁÖºñºö¹ä	9	ÀüÁÖºñºö¹ä	Q5	4	1.25	side	450	662.192	562.5	827.74
side_ºñºö¹äµ¤¹ä·ù_³Ã¸é±â_ÀüÁÖºñºö¹ä_Q5_00039.JPG	val	val	ÀüÁÖºñºö¹ä	9	ÀüÁÖºñºö¹ä	Q5	4	1.25	side	450	662.192	562.5	827.74
side_ºñºö¹äµ¤¹ä·ù_³Ã¸é±â_ÀüÁÖºñºö¹ä_Q5_00053.JPG	val	val	ÀüÁÖºñºö¹ä	9	ÀüÁÖºñºö¹ä	Q5	4	1.25	side	450	662.192	562.5	827.74
top_ºñºö¹äµ¤¹ä·ù_³Ã¸é±â_ÀüÁÖºñºö¹ä_Q5_00008.JPG	val	val	ÀüÁÖºñºö¹ä	9	ÀüÁÖºñºö¹ä	Q5	4	1.25	top	450	662.192	562.5	827.74
top_ºñºö¹äµ¤¹ä·ù_³Ã¸é±â_ÀüÁÖºñºö¹ä_Q5_00018.JPG	val	val	ÀüÁÖºñºö¹ä	9	ÀüÁÖºñºö¹ä	Q5	4	1.25	top	450	662.192	562.5	827.74
top_ºñºö¹äµ¤¹ä·ù_³Ã¸é±â_ÀüÁÖºñºö¹ä_Q5_00032.JPG	val	val	ÀüÁÖºñºö¹ä	9	ÀüÁÖºñºö¹ä	Q5	4	1.25	top	450	662.192	562.5	827.74
top_ºñºö¹äµ¤¹ä·ù_³Ã¸é±â_ÀüÁÖºñºö¹ä_Q5_00036.JPG	val	val	ÀüÁÖºñºö¹ä	9	ÀüÁÖºñºö¹ä	Q5	4	1.25	top	450	662.192	562.5	827.74
top_ºñºö¹äµ¤¹ä·ù_³Ã¸é±â_ÀüÁÖºñºö¹ä_Q5_00040.JPG	val	val	ÀüÁÖºñºö¹ä	9	ÀüÁÖºñºö¹ä	Q5	4	1.25	top	450	662.192	562.5	827.74
top_ºñºö¹äµ¤¹ä·ù_³Ã¸é±â_ÀüÁÖºñºö¹ä_Q5_00047.JPG	val	val	ÀüÁÖºñºö¹ä	9	ÀüÁÖºñºö¹ä	Q5	4	1.25	top	450	662.192	562.5	827.74
side_±¹·ù_¶Ò¹è±â_ÀüÁÖÄá³ª¹°±¹¹ä_Q1_00002.JPG	val	val	ÀüÁÖÄá³ª¹°±¹¹ä	10	ÀüÁÖÄá³ª¹°±¹¹ä	Q1	0	0.25	side	900	432.38	225	108.09
side_±¹·ù_¶Ò¹è±â_ÀüÁÖÄá³ª¹°±¹¹ä_Q1_00021.JPG	val	val	ÀüÁÖÄá³ª¹°±¹¹ä	10	ÀüÁÖÄá³ª¹°±¹¹ä	Q1	0	0.25	side	900	432.38	225	108.09
side_±¹·ù_¶Ò¹è±â_ÀüÁÖÄá³ª¹°±¹¹ä_Q1_00025.JPG	val	val	ÀüÁÖÄá³ª¹°±¹¹ä	10	ÀüÁÖÄá³ª¹°±¹¹ä	Q1	0	0.25	side	900	432.38	225	108.09
side_±¹·ù_¶Ò¹è±â_ÀüÁÖÄá³ª¹°±¹¹ä_Q1_00038.JPG	val	val	ÀüÁÖÄá³ª¹°±¹¹ä	10	ÀüÁÖÄá³ª¹°±¹¹ä	Q1	0	0.25	side	900	432.38	225	108.09
side_±¹·ù_¶Ò¹è±â_ÀüÁÖÄá³ª¹°±¹¹ä_Q1_00045.JPG	val	val	ÀüÁÖÄá³ª¹°±¹¹ä	10	ÀüÁÖÄá³ª¹°±¹¹ä	Q1	0	0.25	side	900	432.38	225	108.09
top_±¹·ù_¶Ò¹è±â_ÀüÁÖÄá³ª¹°±¹¹ä_Q1_00013.JPG	val	val	ÀüÁÖÄá³ª¹°±¹¹ä	10	ÀüÁÖÄá³ª¹°±¹¹ä	Q1	0	0.25	top	900	432.38	225	108.09
top_±¹·ù_¶Ò¹è±â_ÀüÁÖÄá³ª¹°±¹¹ä_Q1_00020.JPG	val	val	ÀüÁÖÄá³ª¹°±¹¹ä	10	ÀüÁÖÄá³ª¹°±¹¹ä	Q1	0	0.25	top	900	432.38	225	108.09
top_±¹·ù_¶Ò¹è±â_ÀüÁÖÄá³ª¹°±¹¹ä_Q1_00036.JPG	val	val	ÀüÁÖÄá³ª¹°±¹¹ä	10	ÀüÁÖÄá³ª¹°±¹¹ä	Q1	0	0.25	top	900	432.38	225	108.09
top_±¹·ù_¶Ò¹è±â_ÀüÁÖÄá³ª¹°±¹¹ä_Q1_00039.JPG	val	val	ÀüÁÖÄá³ª¹°±¹¹ä	10	ÀüÁÖÄá³ª¹°±¹¹ä	Q1	0	0.25	top	900	432.38	225	108.09
top_±¹·ù_¶Ò¹è±â_ÀüÁÖÄá³ª¹°±¹¹ä_Q1_00047.JPG	val	val	ÀüÁÖÄá³ª¹°±¹¹ä	10	ÀüÁÖÄá³ª¹°±¹¹ä	Q1	0	0.25	top	900	432.38	225	108.09
top_±¹·ù_¶Ò¹è±â_ÀüÁÖÄá³ª¹°±¹¹ä_Q1_00048.JPG	val	val	ÀüÁÖÄá³ª¹°±¹¹ä	10	ÀüÁÖÄá³ª¹°±¹¹ä	Q1	0	0.25	top	900	432.38	225	108.09
side_±¹·ù_¶Ò¹è±â_ÀüÁÖÄá³ª¹°±¹¹ä_Q2_00003.JPG	val	val	ÀüÁÖÄá³ª¹°±¹¹ä	10	ÀüÁÖÄá³ª¹°±¹¹ä	Q2	1	0.5	side	900	432.38	450	216.19
side_±¹·ù_¶Ò¹è±â_ÀüÁÖÄá³ª¹°±¹¹ä_Q2_00011.JPG	val	val	ÀüÁÖÄá³ª¹°±¹¹ä	10	ÀüÁÖÄá³ª¹°±¹¹ä	Q2	1	0.5	side	900	432.38	450	216.19
side_±¹·ù_¶Ò¹è±â_ÀüÁÖÄá³ª¹°±¹¹ä_Q2_00026.JPG	val	val	ÀüÁÖÄá³ª¹°±¹¹ä	10	ÀüÁÖÄá³ª¹°±¹¹ä	Q2	1	0.5	side	900	432.38	450	216.19
top_±¹·ù_¶Ò¹è±â_ÀüÁÖÄá³ª¹°±¹¹ä_Q2_00008.JPG	val	val	ÀüÁÖÄá³ª¹°±¹¹ä	10	ÀüÁÖÄá³ª¹°±¹¹ä	Q2	1	0.5	top	900	432.38	450	216.19
top_±¹·ù_¶Ò¹è±â_ÀüÁÖÄá³ª¹°±¹¹ä_Q2_00010.JPG	val	val	ÀüÁÖÄá³ª¹°±¹¹ä	10	ÀüÁÖÄá³ª¹°±¹¹ä	Q2	1	0.5	top	900	432.38	450	216.19
top_±¹·ù_¶Ò¹è±â_ÀüÁÖÄá³ª¹°±¹¹ä_Q2_00021.JPG	val	val	ÀüÁÖÄá³ª¹°±¹¹ä	10	ÀüÁÖÄá³ª¹°±¹¹ä	Q2	1	0.5	top	900	432.38	450	216.19
top_±¹·ù_¶Ò¹è±â_ÀüÁÖÄá³ª¹°±¹¹ä_Q2_00026.JPG	val	val	ÀüÁÖÄá³ª¹°±¹¹ä	10	ÀüÁÖÄá³ª¹°±¹¹ä	Q2	1	0.5	top	900	432.38	450	216.19
top_±¹·ù_¶Ò¹è±â_ÀüÁÖÄá³ª¹°±¹¹ä_Q2_00036.JPG	val	val	ÀüÁÖÄá³ª¹°±¹¹ä	10	ÀüÁÖÄá³ª¹°±¹¹ä	Q2	1	0.5	top	900	432.38	450	216.19
top_±¹·ù_¶Ò¹è±â_ÀüÁÖÄá³ª¹°±¹¹ä_Q2_00046.JPG	val	val	ÀüÁÖÄá³ª¹°±¹¹ä	10	ÀüÁÖÄá³ª¹°±¹¹ä	Q2	1	0.5	top	900	432.38	450	216.19
top_±¹·ù_¶Ò¹è±â_ÀüÁÖÄá³ª¹°±¹¹ä_Q2_00048.JPG	val	val	ÀüÁÖÄá³ª¹°±¹¹ä	10	ÀüÁÖÄá³ª¹°±¹¹ä	Q2	1	0.5	top	900	432.38	450	216.19
top_±¹·ù_¶Ò¹è±â_ÀüÁÖÄá³ª¹°±¹¹ä_Q2_00049.JPG	val	val	ÀüÁÖÄá³ª¹°±¹¹ä	10	ÀüÁÖÄá³ª¹°±¹¹ä	Q2	1	0.5	top	900	432.38	450	216.19
side_±¹·ù_¶Ò¹è±â_ÀüÁÖÄá³ª¹°±¹¹ä_Q3_00005.JPG	val	val	ÀüÁÖÄá³ª¹°±¹¹ä	10	ÀüÁÖÄá³ª¹°±¹¹ä	Q3	2	0.75	side	900	432.38	675	324.28
side_±¹·ù_¶Ò¹è±â_ÀüÁÖÄá³ª¹°±¹¹ä_Q3_00006.JPG	val	val	ÀüÁÖÄá³ª¹°±¹¹ä	10	ÀüÁÖÄá³ª¹°±¹¹ä	Q3	2	0.75	side	900	432.38	675	324.28
side_±¹·ù_¶Ò¹è±â_ÀüÁÖÄá³ª¹°±¹¹ä_Q3_00019.JPG	val	val	ÀüÁÖÄá³ª¹°±¹¹ä	10	ÀüÁÖÄá³ª¹°±¹¹ä	Q3	2	0.75	side	900	432.38	675	324.28
top_±¹·ù_¶Ò¹è±â_ÀüÁÖÄá³ª¹°±¹¹ä_Q3_00011.JPG	val	val	ÀüÁÖÄá³ª¹°±¹¹ä	10	ÀüÁÖÄá³ª¹°±¹¹ä	Q3	2	0.75	top	900	432.38	675	324.28
top_±¹·ù_¶Ò¹è±â_ÀüÁÖÄá³ª¹°±¹¹ä_Q3_00015.JPG	val	val	ÀüÁÖÄá³ª¹°±¹¹ä	10	ÀüÁÖÄá³ª¹°±¹¹ä	Q3	2	0.75	top	900	432.38	675	324.28
top_±¹·ù_¶Ò¹è±â_ÀüÁÖÄá³ª¹°±¹¹ä_Q3_00027.JPG	val	val	ÀüÁÖÄá³ª¹°±¹¹ä	10	ÀüÁÖÄá³ª¹°±¹¹ä	Q3	2	0.75	top	900	432.38	675	324.28
top_±¹·ù_¶Ò¹è±â_ÀüÁÖÄá³ª¹°±¹¹ä_Q3_00029.JPG	val	val	ÀüÁÖÄá³ª¹°±¹¹ä	10	ÀüÁÖÄá³ª¹°±¹¹ä	Q3	2	0.75	top	900	432.38	675	324.28
top_±¹·ù_¶Ò¹è±â_ÀüÁÖÄá³ª¹°±¹¹ä_Q3_00034.JPG	val	val	ÀüÁÖÄá³ª¹°±¹¹ä	10	ÀüÁÖÄá³ª¹°±¹¹ä	Q3	2	0.75	top	900	432.38	675	324.28
top_±¹·ù_¶Ò¹è±â_ÀüÁÖÄá³ª¹°±¹¹ä_Q3_00036.JPG	val	val	ÀüÁÖÄá³ª¹°±¹¹ä	10	ÀüÁÖÄá³ª¹°±¹¹ä	Q3	2	0.75	top	900	432.38	675	324.28
top_±¹·ù_¶Ò¹è±â_ÀüÁÖÄá³ª¹°±¹¹ä_Q3_00037.JPG	val	val	ÀüÁÖÄá³ª¹°±¹¹ä	10	ÀüÁÖÄá³ª¹°±¹¹ä	Q3	2	0.75	top	900	432.38	675	324.28
top_±¹·ù_¶Ò¹è±â_ÀüÁÖÄá³ª¹°±¹¹ä_Q3_00043.JPG	val	val	ÀüÁÖÄá³ª¹°±¹¹ä	10	ÀüÁÖÄá³ª¹°±¹¹ä	Q3	2	0.75	top	900	432.38	675	324.28
side_±¹·ù_¶Ò¹è±â_ÀüÁÖÄá³ª¹°±¹¹ä_Q4_00002.JPG	val	val	ÀüÁÖÄá³ª¹°±¹¹ä	10	ÀüÁÖÄá³ª¹°±¹¹ä	Q4	3	1	side	900	432.38	900	432.38
side_±¹·ù_¶Ò¹è±â_ÀüÁÖÄá³ª¹°±¹¹ä_Q4_00013.JPG	val	val	ÀüÁÖÄá³ª¹°±¹¹ä	10	ÀüÁÖÄá³ª¹°±¹¹ä	Q4	3	1	side	900	432.38	900	432.38
side_±¹·ù_¶Ò¹è±â_ÀüÁÖÄá³ª¹°±¹¹ä_Q4_00030.JPG	val	val	ÀüÁÖÄá³ª¹°±¹¹ä	10	ÀüÁÖÄá³ª¹°±¹¹ä	Q4	3	1	side	900	432.38	900	432.38
side_±¹·ù_¶Ò¹è±â_ÀüÁÖÄá³ª¹°±¹¹ä_Q4_00041.JPG	val	val	ÀüÁÖÄá³ª¹°±¹¹ä	10	ÀüÁÖÄá³ª¹°±¹¹ä	Q4	3	1	side	900	432.38	900	432.38
side_±¹·ù_¶Ò¹è±â_ÀüÁÖÄá³ª¹°±¹¹ä_Q4_00042.JPG	val	val	ÀüÁÖÄá³ª¹°±¹¹ä	10	ÀüÁÖÄá³ª¹°±¹¹ä	Q4	3	1	side	900	432.38	900	432.38
side_±¹·ù_¶Ò¹è±â_ÀüÁÖÄá³ª¹°±¹¹ä_Q4_00047.JPG	val	val	ÀüÁÖÄá³ª¹°±¹¹ä	10	ÀüÁÖÄá³ª¹°±¹¹ä	Q4	3	1	side	900	432.38	900	432.38
top_±¹·ù_¶Ò¹è±â_ÀüÁÖÄá³ª¹°±¹¹ä_Q4_00003.JPG	val	val	ÀüÁÖÄá³ª¹°±¹¹ä	10	ÀüÁÖÄá³ª¹°±¹¹ä	Q4	3	1	top	900	432.38	900	432.38
top_±¹·ù_¶Ò¹è±â_ÀüÁÖÄá³ª¹°±¹¹ä_Q4_00009.JPG	val	val	ÀüÁÖÄá³ª¹°±¹¹ä	10	ÀüÁÖÄá³ª¹°±¹¹ä	Q4	3	1	top	900	432.38	900	432.38
top_±¹·ù_¶Ò¹è±â_ÀüÁÖÄá³ª¹°±¹¹ä_Q4_00011.JPG	val	val	ÀüÁÖÄá³ª¹°±¹¹ä	10	ÀüÁÖÄá³ª¹°±¹¹ä	Q4	3	1	top	900	432.38	900	432.38
top_±¹·ù_¶Ò¹è±â_ÀüÁÖÄá³ª¹°±¹¹ä_Q4_00018.JPG	val	val	ÀüÁÖÄá³ª¹°±¹¹ä	10	ÀüÁÖÄá³ª¹°±¹¹ä	Q4	3	1	top	900	432.38	900	432.38
top_±¹·ù_¶Ò¹è±â_ÀüÁÖÄá³ª¹°±¹¹ä_Q4_00034.JPG	val	val	ÀüÁÖÄá³ª¹°±¹¹ä	10	ÀüÁÖÄá³ª¹°±¹¹ä	Q4	3	1	top	900	432.38	900	432.38
side_±¹·ù_¶Ò¹è±â_ÀüÁÖÄá³ª¹°±¹¹ä_Q5_00001.JPG	val	val	ÀüÁÖÄá³ª¹°±¹¹ä	10	ÀüÁÖÄá³ª¹°±¹¹ä	Q5	4	1.25	side	900	432.38	1125	540.48
side_±¹·ù_¶Ò¹è±â_ÀüÁÖÄá³ª¹°±¹¹ä_Q5_00028.JPG	val	val	ÀüÁÖÄá³ª¹°±¹¹ä	10	ÀüÁÖÄá³ª¹°±¹¹ä	Q5	4	1.25	side	900	432.38	1125	540.48
side_±¹·ù_¶Ò¹è±â_ÀüÁÖÄá³ª¹°±¹¹ä_Q5_00031.JPG	val	val	ÀüÁÖÄá³ª¹°±¹¹ä	10	ÀüÁÖÄá³ª¹°±¹¹ä	Q5	4	1.25	side	900	432.38	1125	540.48
side_±¹·ù_¶Ò¹è±â_ÀüÁÖÄá³ª¹°±¹¹ä_Q5_00038.JPG	val	val	ÀüÁÖÄá³ª¹°±¹¹ä	10	ÀüÁÖÄá³ª¹°±¹¹ä	Q5	4	1.25	side	900	432.38	1125	540.48
side_±¹·ù_¶Ò¹è±â_ÀüÁÖÄá³ª¹°±¹¹ä_Q5_00056.JPG	val	val	ÀüÁÖÄá³ª¹°±¹¹ä	10	ÀüÁÖÄá³ª¹°±¹¹ä	Q5	4	1.25	side	900	432.38	1125	540.48
top_±¹·ù_¶Ò¹è±â_ÀüÁÖÄá³ª¹°±¹¹ä_Q5_00017.JPG	val	val	ÀüÁÖÄá³ª¹°±¹¹ä	10	ÀüÁÖÄá³ª¹°±¹¹ä	Q5	4	1.25	top	900	432.38	1125	540.48
top_±¹·ù_¶Ò¹è±â_ÀüÁÖÄá³ª¹°±¹¹ä_Q5_00021.JPG	val	val	ÀüÁÖÄá³ª¹°±¹¹ä	10	ÀüÁÖÄá³ª¹°±¹¹ä	Q5	4	1.25	top	900	432.38	1125	540.48
top_±¹·ù_¶Ò¹è±â_ÀüÁÖÄá³ª¹°±¹¹ä_Q5_00023.JPG	val	val	ÀüÁÖÄá³ª¹°±¹¹ä	10	ÀüÁÖÄá³ª¹°±¹¹ä	Q5	4	1.25	top	900	432.38	1125	540.48
top_±¹·ù_¶Ò¹è±â_ÀüÁÖÄá³ª¹°±¹¹ä_Q5_00033.JPG	val	val	ÀüÁÖÄá³ª¹°±¹¹ä	10	ÀüÁÖÄá³ª¹°±¹¹ä	Q5	4	1.25	top	900	432.38	1125	540.48
top_±¹·ù_¶Ò¹è±â_ÀüÁÖÄá³ª¹°±¹¹ä_Q5_00044.JPG	val	val	ÀüÁÖÄá³ª¹°±¹¹ä	10	ÀüÁÖÄá³ª¹°±¹¹ä	Q5	4	1.25	top	900	432.38	1125	540.48
top_±¹·ù_¶Ò¹è±â_ÀüÁÖÄá³ª¹°±¹¹ä_Q5_00053.JPG	val	val	ÀüÁÖÄá³ª¹°±¹¹ä	10	ÀüÁÖÄá³ª¹°±¹¹ä	Q5	4	1.25	top	900	432.38	1125	540.48
side_ºñºö¹äµ¤¹ä·ù_¿øÇü¹è´Þ_Á¦À°µ¤¹ä_Q1_00016.JPG	val	val	Á¦À°µ¤¹ä	11	Á¦À°µ¤¹ä	Q1	0	0.25	side	500	796.94	125	199.24
side_ºñºö¹äµ¤¹ä·ù_¿øÇü¹è´Þ_Á¦À°µ¤¹ä_Q1_00019.JPG	val	val	Á¦À°µ¤¹ä	11	Á¦À°µ¤¹ä	Q1	0	0.25	side	500	796.94	125	199.24
side_ºñºö¹äµ¤¹ä·ù_¿øÇü¹è´Þ_Á¦À°µ¤¹ä_Q1_00039.JPG	val	val	Á¦À°µ¤¹ä	11	Á¦À°µ¤¹ä	Q1	0	0.25	side	500	796.94	125	199.24
side_ºñºö¹äµ¤¹ä·ù_¿øÇü¹è´Þ_Á¦À°µ¤¹ä_Q1_00043.JPG	val	val	Á¦À°µ¤¹ä	11	Á¦À°µ¤¹ä	Q1	0	0.25	side	500	796.94	125	199.24
side_ºñºö¹äµ¤¹ä·ù_¿øÇü¹è´Þ_Á¦À°µ¤¹ä_Q1_00048.JPG	val	val	Á¦À°µ¤¹ä	11	Á¦À°µ¤¹ä	Q1	0	0.25	side	500	796.94	125	199.24
side_ºñºö¹äµ¤¹ä·ù_¿øÇü¹è´Þ_Á¦À°µ¤¹ä_Q1_00052.JPG	val	val	Á¦À°µ¤¹ä	11	Á¦À°µ¤¹ä	Q1	0	0.25	side	500	796.94	125	199.24
top_ºñºö¹äµ¤¹ä·ù_¿øÇü¹è´Þ_Á¦À°µ¤¹ä_Q1_00003.JPG	val	val	Á¦À°µ¤¹ä	11	Á¦À°µ¤¹ä	Q1	0	0.25	top	500	796.94	125	199.24
top_ºñºö¹äµ¤¹ä·ù_¿øÇü¹è´Þ_Á¦À°µ¤¹ä_Q1_00009.JPG	val	val	Á¦À°µ¤¹ä	11	Á¦À°µ¤¹ä	Q1	0	0.25	top	500	796.94	125	199.24
top_ºñºö¹äµ¤¹ä·ù_¿øÇü¹è´Þ_Á¦À°µ¤¹ä_Q1_00025.JPG	val	val	Á¦À°µ¤¹ä	11	Á¦À°µ¤¹ä	Q1	0	0.25	top	500	796.94	125	199.24
top_ºñºö¹äµ¤¹ä·ù_¿øÇü¹è´Þ_Á¦À°µ¤¹ä_Q1_00041.JPG	val	val	Á¦À°µ¤¹ä	11	Á¦À°µ¤¹ä	Q1	0	0.25	top	500	796.94	125	199.24
top_ºñºö¹äµ¤¹ä·ù_¿øÇü¹è´Þ_Á¦À°µ¤¹ä_Q1_00047.JPG	val	val	Á¦À°µ¤¹ä	11	Á¦À°µ¤¹ä	Q1	0	0.25	top	500	796.94	125	199.24
side_ºñºö¹äµ¤¹ä·ù_¿øÇü¹è´Þ_Á¦À°µ¤¹ä_Q2_00003.JPG	val	val	Á¦À°µ¤¹ä	11	Á¦À°µ¤¹ä	Q2	1	0.5	side	500	796.94	250	398.47
side_ºñºö¹äµ¤¹ä·ù_¿øÇü¹è´Þ_Á¦À°µ¤¹ä_Q2_00005.JPG	val	val	Á¦À°µ¤¹ä	11	Á¦À°µ¤¹ä	Q2	1	0.5	side	500	796.94	250	398.47
side_ºñºö¹äµ¤¹ä·ù_¿øÇü¹è´Þ_Á¦À°µ¤¹ä_Q2_00006.JPG	val	val	Á¦À°µ¤¹ä	11	Á¦À°µ¤¹ä	Q2	1	0.5	side	500	796.94	250	398.47
side_ºñºö¹äµ¤¹ä·ù_¿øÇü¹è´Þ_Á¦À°µ¤¹ä_Q2_00025.JPG	val	val	Á¦À°µ¤¹ä	11	Á¦À°µ¤¹ä	Q2	1	0.5	side	500	796.94	250	398.47
side_ºñºö¹äµ¤¹ä·ù_¿øÇü¹è´Þ_Á¦À°µ¤¹ä_Q2_00026.JPG	val	val	Á¦À°µ¤¹ä	11	Á¦À°µ¤¹ä	Q2	1	0.5	side	500	796.94	250	398.47
side_ºñºö¹äµ¤¹ä·ù_¿øÇü¹è´Þ_Á¦À°µ¤¹ä_Q2_00039.JPG	val	val	Á¦À°µ¤¹ä	11	Á¦À°µ¤¹ä	Q2	1	0.5	side	500	796.94	250	398.47
side_ºñºö¹äµ¤¹ä·ù_¿øÇü¹è´Þ_Á¦À°µ¤¹ä_Q2_00042.JPG	val	val	Á¦À°µ¤¹ä	11	Á¦À°µ¤¹ä	Q2	1	0.5	side	500	796.94	250	398.47
top_ºñºö¹äµ¤¹ä·ù_¿øÇü¹è´Þ_Á¦À°µ¤¹ä_Q2_00002.JPG	val	val	Á¦À°µ¤¹ä	11	Á¦À°µ¤¹ä	Q2	1	0.5	top	500	796.94	250	398.47
top_ºñºö¹äµ¤¹ä·ù_¿øÇü¹è´Þ_Á¦À°µ¤¹ä_Q2_00016.JPG	val	val	Á¦À°µ¤¹ä	11	Á¦À°µ¤¹ä	Q2	1	0.5	top	500	796.94	250	398.47
top_ºñºö¹äµ¤¹ä·ù_¿øÇü¹è´Þ_Á¦À°µ¤¹ä_Q2_00037.JPG	val	val	Á¦À°µ¤¹ä	11	Á¦À°µ¤¹ä	Q2	1	0.5	top	500	796.94	250	398.47
top_ºñºö¹äµ¤¹ä·ù_¿øÇü¹è´Þ_Á¦À°µ¤¹ä_Q2_00048.JPG	val	val	Á¦À°µ¤¹ä	11	Á¦À°µ¤¹ä	Q2	1	0.5	top	500	796.94	250	398.47
side_ºñºö¹äµ¤¹ä·ù_¿øÇü¹è´Þ_Á¦À°µ¤¹ä_Q3_00004.JPG	val	val	Á¦À°µ¤¹ä	11	Á¦À°µ¤¹ä	Q3	2	0.75	side	500	796.94	375	597.71
side_ºñºö¹äµ¤¹ä·ù_¿øÇü¹è´Þ_Á¦À°µ¤¹ä_Q3_00008.JPG	val	val	Á¦À°µ¤¹ä	11	Á¦À°µ¤¹ä	Q3	2	0.75	side	500	796.94	375	597.71
side_ºñºö¹äµ¤¹ä·ù_¿øÇü¹è´Þ_Á¦À°µ¤¹ä_Q3_00032.JPG	val	val	Á¦À°µ¤¹ä	11	Á¦À°µ¤¹ä	Q3	2	0.75	side	500	796.94	375	597.71
top_ºñºö¹äµ¤¹ä·ù_¿øÇü¹è´Þ_Á¦À°µ¤¹ä_Q3_00010.JPG	val	val	Á¦À°µ¤¹ä	11	Á¦À°µ¤¹ä	Q3	2	0.75	top	500	796.94	375	597.71
top_ºñºö¹äµ¤¹ä·ù_¿øÇü¹è´Þ_Á¦À°µ¤¹ä_Q3_00015.JPG	val	val	Á¦À°µ¤¹ä	11	Á¦À°µ¤¹ä	Q3	2	0.75	top	500	796.94	375	597.71
top_ºñºö¹äµ¤¹ä·ù_¿øÇü¹è´Þ_Á¦À°µ¤¹ä_Q3_00016.JPG	val	val	Á¦À°µ¤¹ä	11	Á¦À°µ¤¹ä	Q3	2	0.75	top	500	796.94	375	597.71
top_ºñºö¹äµ¤¹ä·ù_¿øÇü¹è´Þ_Á¦À°µ¤¹ä_Q3_00019.JPG	val	val	Á¦À°µ¤¹ä	11	Á¦À°µ¤¹ä	Q3	2	0.75	top	500	796.94	375	597.71
top_ºñºö¹äµ¤¹ä·ù_¿øÇü¹è´Þ_Á¦À°µ¤¹ä_Q3_00023.JPG	val	val	Á¦À°µ¤¹ä	11	Á¦À°µ¤¹ä	Q3	2	0.75	top	500	796.94	375	597.71
top_ºñºö¹äµ¤¹ä·ù_¿øÇü¹è´Þ_Á¦À°µ¤¹ä_Q3_00027.JPG	val	val	Á¦À°µ¤¹ä	11	Á¦À°µ¤¹ä	Q3	2	0.75	top	500	796.94	375	597.71
top_ºñºö¹äµ¤¹ä·ù_¿øÇü¹è´Þ_Á¦À°µ¤¹ä_Q3_00048.JPG	val	val	Á¦À°µ¤¹ä	11	Á¦À°µ¤¹ä	Q3	2	0.75	top	500	796.94	375	597.71
top_ºñºö¹äµ¤¹ä·ù_¿øÇü¹è´Þ_Á¦À°µ¤¹ä_Q3_00052.JPG	val	val	Á¦À°µ¤¹ä	11	Á¦À°µ¤¹ä	Q3	2	0.75	top	500	796.94	375	597.71
side_ºñºö¹äµ¤¹ä·ù_¿øÇü¹è´Þ_Á¦À°µ¤¹ä_Q4_00006.JPG	val	val	Á¦À°µ¤¹ä	11	Á¦À°µ¤¹ä	Q4	3	1	side	500	796.94	500	796.94
side_ºñºö¹äµ¤¹ä·ù_¿øÇü¹è´Þ_Á¦À°µ¤¹ä_Q4_00010.JPG	val	val	Á¦À°µ¤¹ä	11	Á¦À°µ¤¹ä	Q4	3	1	side	500	796.94	500	796.94
side_ºñºö¹äµ¤¹ä·ù_¿øÇü¹è´Þ_Á¦À°µ¤¹ä_Q4_00014.JPG	val	val	Á¦À°µ¤¹ä	11	Á¦À°µ¤¹ä	Q4	3	1	side	500	796.94	500	796.94
side_ºñºö¹äµ¤¹ä·ù_¿øÇü¹è´Þ_Á¦À°µ¤¹ä_Q4_00023.JPG	val	val	Á¦À°µ¤¹ä	11	Á¦À°µ¤¹ä	Q4	3	1	side	500	796.94	500	796.94
side_ºñºö¹äµ¤¹ä·ù_¿øÇü¹è´Þ_Á¦À°µ¤¹ä_Q4_00044.JPG	val	val	Á¦À°µ¤¹ä	11	Á¦À°µ¤¹ä	Q4	3	1	side	500	796.94	500	796.94
top_ºñºö¹äµ¤¹ä·ù_¿øÇü¹è´Þ_Á¦À°µ¤¹ä_Q4_00028.JPG	val	val	Á¦À°µ¤¹ä	11	Á¦À°µ¤¹ä	Q4	3	1	top	500	796.94	500	796.94
top_ºñºö¹äµ¤¹ä·ù_¿øÇü¹è´Þ_Á¦À°µ¤¹ä_Q4_00030.JPG	val	val	Á¦À°µ¤¹ä	11	Á¦À°µ¤¹ä	Q4	3	1	top	500	796.94	500	796.94
top_ºñºö¹äµ¤¹ä·ù_¿øÇü¹è´Þ_Á¦À°µ¤¹ä_Q4_00031.JPG	val	val	Á¦À°µ¤¹ä	11	Á¦À°µ¤¹ä	Q4	3	1	top	500	796.94	500	796.94
top_ºñºö¹äµ¤¹ä·ù_¿øÇü¹è´Þ_Á¦À°µ¤¹ä_Q4_00032.JPG	val	val	Á¦À°µ¤¹ä	11	Á¦À°µ¤¹ä	Q4	3	1	top	500	796.94	500	796.94
top_ºñºö¹äµ¤¹ä·ù_¿øÇü¹è´Þ_Á¦À°µ¤¹ä_Q4_00034.JPG	val	val	Á¦À°µ¤¹ä	11	Á¦À°µ¤¹ä	Q4	3	1	top	500	796.94	500	796.94
top_ºñºö¹äµ¤¹ä·ù_¿øÇü¹è´Þ_Á¦À°µ¤¹ä_Q4_00045.JPG	val	val	Á¦À°µ¤¹ä	11	Á¦À°µ¤¹ä	Q4	3	1	top	500	796.94	500	796.94
side_ºñºö¹äµ¤¹ä·ù_¿øÇü¹è´Þ_Á¦À°µ¤¹ä_Q5_00008.JPG	val	val	Á¦À°µ¤¹ä	11	Á¦À°µ¤¹ä	Q5	4	1.25	side	500	796.94	625	996.18
side_ºñºö¹äµ¤¹ä·ù_¿øÇü¹è´Þ_Á¦À°µ¤¹ä_Q5_00030.JPG	val	val	Á¦À°µ¤¹ä	11	Á¦À°µ¤¹ä	Q5	4	1.25	side	500	796.94	625	996.18
side_ºñºö¹äµ¤¹ä·ù_¿øÇü¹è´Þ_Á¦À°µ¤¹ä_Q5_00042.JPG	val	val	Á¦À°µ¤¹ä	11	Á¦À°µ¤¹ä	Q5	4	1.25	side	500	796.94	625	996.18
side_ºñºö¹äµ¤¹ä·ù_¿øÇü¹è´Þ_Á¦À°µ¤¹ä_Q5_00044.JPG	val	val	Á¦À°µ¤¹ä	11	Á¦À°µ¤¹ä	Q5	4	1.25	side	500	796.94	625	996.18
top_ºñºö¹äµ¤¹ä·ù_¿øÇü¹è´Þ_Á¦À°µ¤¹ä_Q5_00003.JPG	val	val	Á¦À°µ¤¹ä	11	Á¦À°µ¤¹ä	Q5	4	1.25	top	500	796.94	625	996.18
top_ºñºö¹äµ¤¹ä·ù_¿øÇü¹è´Þ_Á¦À°µ¤¹ä_Q5_00007.JPG	val	val	Á¦À°µ¤¹ä	11	Á¦À°µ¤¹ä	Q5	4	1.25	top	500	796.94	625	996.18
top_ºñºö¹äµ¤¹ä·ù_¿øÇü¹è´Þ_Á¦À°µ¤¹ä_Q5_00009.JPG	val	val	Á¦À°µ¤¹ä	11	Á¦À°µ¤¹ä	Q5	4	1.25	top	500	796.94	625	996.18
top_ºñºö¹äµ¤¹ä·ù_¿øÇü¹è´Þ_Á¦À°µ¤¹ä_Q5_00021.JPG	val	val	Á¦À°µ¤¹ä	11	Á¦À°µ¤¹ä	Q5	4	1.25	top	500	796.94	625	996.18
top_ºñºö¹äµ¤¹ä·ù_¿øÇü¹è´Þ_Á¦À°µ¤¹ä_Q5_00032.JPG	val	val	Á¦À°µ¤¹ä	11	Á¦À°µ¤¹ä	Q5	4	1.25	top	500	796.94	625	996.18
top_ºñºö¹äµ¤¹ä·ù_¿øÇü¹è´Þ_Á¦À°µ¤¹ä_Q5_00048.JPG	val	val	Á¦À°µ¤¹ä	11	Á¦À°µ¤¹ä	Q5	4	1.25	top	500	796.94	625	996.18
top_ºñºö¹äµ¤¹ä·ù_¿øÇü¹è´Þ_Á¦À°µ¤¹ä_Q5_00049.JPG	val	val	Á¦À°µ¤¹ä	11	Á¦À°µ¤¹ä	Q5	4	1.25	top	500	796.94	625	996.18
side_ÁÖ¸Ô¹ä±è¹ä·ù_Á¢½Ã_ÂüÄ¡¸¶¿ä»ï°¢±è¹ä_Q1_00011.JPG	val	val	ÂüÄ¡¸¶¿ä»ï°¢±è¹ä	12	ÂüÄ¡¸¶¿ä»ï°¢±è¹ä	Q1	0	0.25	side	100	189.582	25	47.4
side_ÁÖ¸Ô¹ä±è¹ä·ù_Á¢½Ã_ÂüÄ¡¸¶¿ä»ï°¢±è¹ä_Q1_00022.JPG	val	val	ÂüÄ¡¸¶¿ä»ï°¢±è¹ä	12	ÂüÄ¡¸¶¿ä»ï°¢±è¹ä	Q1	0	0.25	side	100	189.582	25	47.4
side_ÁÖ¸Ô¹ä±è¹ä·ù_Á¢½Ã_ÂüÄ¡¸¶¿ä»ï°¢±è¹ä_Q1_00023.JPG	val	val	ÂüÄ¡¸¶¿ä»ï°¢±è¹ä	12	ÂüÄ¡¸¶¿ä»ï°¢±è¹ä	Q1	0	0.25	side	100	189.582	25	47.4
side_ÁÖ¸Ô¹ä±è¹ä·ù_Á¢½Ã_ÂüÄ¡¸¶¿ä»ï°¢±è¹ä_Q1_00026.JPG	val	val	ÂüÄ¡¸¶¿ä»ï°¢±è¹ä	12	ÂüÄ¡¸¶¿ä»ï°¢±è¹ä	Q1	0	0.25	side	100	189.582	25	47.4
side_ÁÖ¸Ô¹ä±è¹ä·ù_Á¢½Ã_ÂüÄ¡¸¶¿ä»ï°¢±è¹ä_Q1_00031.JPG	val	val	ÂüÄ¡¸¶¿ä»ï°¢±è¹ä	12	ÂüÄ¡¸¶¿ä»ï°¢±è¹ä	Q1	0	0.25	side	100	189.582	25	47.4
side_ÁÖ¸Ô¹ä±è¹ä·ù_Á¢½Ã_ÂüÄ¡¸¶¿ä»ï°¢±è¹ä_Q1_00034.JPG	val	val	ÂüÄ¡¸¶¿ä»ï°¢±è¹ä	12	ÂüÄ¡¸¶¿ä»ï°¢±è¹ä	Q1	0	0.25	side	100	189.582	25	47.4
side_ÁÖ¸Ô¹ä±è¹ä·ù_Á¢½Ã_ÂüÄ¡¸¶¿ä»ï°¢±è¹ä_Q1_00040.JPG	val	val	ÂüÄ¡¸¶¿ä»ï°¢±è¹ä	12	ÂüÄ¡¸¶¿ä»ï°¢±è¹ä	Q1	0	0.25	side	100	189.582	25	47.4
side_ÁÖ¸Ô¹ä±è¹ä·ù_Á¢½Ã_ÂüÄ¡¸¶¿ä»ï°¢±è¹ä_Q1_00053.JPG	val	val	ÂüÄ¡¸¶¿ä»ï°¢±è¹ä	12	ÂüÄ¡¸¶¿ä»ï°¢±è¹ä	Q1	0	0.25	side	100	189.582	25	47.4
top_ÁÖ¸Ô¹ä±è¹ä·ù_Á¢½Ã_ÂüÄ¡¸¶¿ä»ï°¢±è¹ä_Q1_00015.JPG	val	val	ÂüÄ¡¸¶¿ä»ï°¢±è¹ä	12	ÂüÄ¡¸¶¿ä»ï°¢±è¹ä	Q1	0	0.25	top	100	189.582	25	47.4
top_ÁÖ¸Ô¹ä±è¹ä·ù_Á¢½Ã_ÂüÄ¡¸¶¿ä»ï°¢±è¹ä_Q1_00018.JPG	val	val	ÂüÄ¡¸¶¿ä»ï°¢±è¹ä	12	ÂüÄ¡¸¶¿ä»ï°¢±è¹ä	Q1	0	0.25	top	100	189.582	25	47.4
top_ÁÖ¸Ô¹ä±è¹ä·ù_Á¢½Ã_ÂüÄ¡¸¶¿ä»ï°¢±è¹ä_Q1_00050.JPG	val	val	ÂüÄ¡¸¶¿ä»ï°¢±è¹ä	12	ÂüÄ¡¸¶¿ä»ï°¢±è¹ä	Q1	0	0.25	top	100	189.582	25	47.4
side_ÁÖ¸Ô¹ä±è¹ä·ù_Á¢½Ã_ÂüÄ¡¸¶¿ä»ï°¢±è¹ä_Q2_00019.JPG	val	val	ÂüÄ¡¸¶¿ä»ï°¢±è¹ä	12	ÂüÄ¡¸¶¿ä»ï°¢±è¹ä	Q2	1	0.5	side	100	189.582	50	94.79
side_ÁÖ¸Ô¹ä±è¹ä·ù_Á¢½Ã_ÂüÄ¡¸¶¿ä»ï°¢±è¹ä_Q2_00024.JPG	val	val	ÂüÄ¡¸¶¿ä»ï°¢±è¹ä	12	ÂüÄ¡¸¶¿ä»ï°¢±è¹ä	Q2	1	0.5	side	100	189.582	50	94.79
side_ÁÖ¸Ô¹ä±è¹ä·ù_Á¢½Ã_ÂüÄ¡¸¶¿ä»ï°¢±è¹ä_Q2_00026.JPG	val	val	ÂüÄ¡¸¶¿ä»ï°¢±è¹ä	12	ÂüÄ¡¸¶¿ä»ï°¢±è¹ä	Q2	1	0.5	side	100	189.582	50	94.79
side_ÁÖ¸Ô¹ä±è¹ä·ù_Á¢½Ã_ÂüÄ¡¸¶¿ä»ï°¢±è¹ä_Q2_00027.JPG	val	val	ÂüÄ¡¸¶¿ä»ï°¢±è¹ä	12	ÂüÄ¡¸¶¿ä»ï°¢±è¹ä	Q2	1	0.5	side	100	189.582	50	94.79
side_ÁÖ¸Ô¹ä±è¹ä·ù_Á¢½Ã_ÂüÄ¡¸¶¿ä»ï°¢±è¹ä_Q2_00047.JPG	val	val	ÂüÄ¡¸¶¿ä»ï°¢±è¹ä	12	ÂüÄ¡¸¶¿ä»ï°¢±è¹ä	Q2	1	0.5	side	100	189.582	50	94.79
top_ÁÖ¸Ô¹ä±è¹ä·ù_Á¢½Ã_ÂüÄ¡¸¶¿ä»ï°¢±è¹ä_Q2_00005.JPG	val	val	ÂüÄ¡¸¶¿ä»ï°¢±è¹ä	12	ÂüÄ¡¸¶¿ä»ï°¢±è¹ä	Q2	1	0.5	top	100	189.582	50	94.79
top_ÁÖ¸Ô¹ä±è¹ä·ù_Á¢½Ã_ÂüÄ¡¸¶¿ä»ï°¢±è¹ä_Q2_00014.JPG	val	val	ÂüÄ¡¸¶¿ä»ï°¢±è¹ä	12	ÂüÄ¡¸¶¿ä»ï°¢±è¹ä	Q2	1	0.5	top	100	189.582	50	94.79
top_ÁÖ¸Ô¹ä±è¹ä·ù_Á¢½Ã_ÂüÄ¡¸¶¿ä»ï°¢±è¹ä_Q2_00016.JPG	val	val	ÂüÄ¡¸¶¿ä»ï°¢±è¹ä	12	ÂüÄ¡¸¶¿ä»ï°¢±è¹ä	Q2	1	0.5	top	100	189.582	50	94.79
top_ÁÖ¸Ô¹ä±è¹ä·ù_Á¢½Ã_ÂüÄ¡¸¶¿ä»ï°¢±è¹ä_Q2_00020.JPG	val	val	ÂüÄ¡¸¶¿ä»ï°¢±è¹ä	12	ÂüÄ¡¸¶¿ä»ï°¢±è¹ä	Q2	1	0.5	top	100	189.582	50	94.79
top_ÁÖ¸Ô¹ä±è¹ä·ù_Á¢½Ã_ÂüÄ¡¸¶¿ä»ï°¢±è¹ä_Q2_00032.JPG	val	val	ÂüÄ¡¸¶¿ä»ï°¢±è¹ä	12	ÂüÄ¡¸¶¿ä»ï°¢±è¹ä	Q2	1	0.5	top	100	189.582	50	94.79
top_ÁÖ¸Ô¹ä±è¹ä·ù_Á¢½Ã_ÂüÄ¡¸¶¿ä»ï°¢±è¹ä_Q2_00048.JPG	val	val	ÂüÄ¡¸¶¿ä»ï°¢±è¹ä	12	ÂüÄ¡¸¶¿ä»ï°¢±è¹ä	Q2	1	0.5	top	100	189.582	50	94.79
side_ÁÖ¸Ô¹ä±è¹ä·ù_Á¢½Ã_ÂüÄ¡¸¶¿ä»ï°¢±è¹ä_Q3_00004.JPG	val	val	ÂüÄ¡¸¶¿ä»ï°¢±è¹ä	12	ÂüÄ¡¸¶¿ä»ï°¢±è¹ä	Q3	2	0.75	side	100	189.582	75	142.19
side_ÁÖ¸Ô¹ä±è¹ä·ù_Á¢½Ã_ÂüÄ¡¸¶¿ä»ï°¢±è¹ä_Q3_00006.JPG	val	val	ÂüÄ¡¸¶¿ä»ï°¢±è¹ä	12	ÂüÄ¡¸¶¿ä»ï°¢±è¹ä	Q3	2	0.75	side	100	189.582	75	142.19
side_ÁÖ¸Ô¹ä±è¹ä·ù_Á¢½Ã_ÂüÄ¡¸¶¿ä»ï°¢±è¹ä_Q3_00019.JPG	val	val	ÂüÄ¡¸¶¿ä»ï°¢±è¹ä	12	ÂüÄ¡¸¶¿ä»ï°¢±è¹ä	Q3	2	0.75	side	100	189.582	75	142.19
side_ÁÖ¸Ô¹ä±è¹ä·ù_Á¢½Ã_ÂüÄ¡¸¶¿ä»ï°¢±è¹ä_Q3_00022.JPG	val	val	ÂüÄ¡¸¶¿ä»ï°¢±è¹ä	12	ÂüÄ¡¸¶¿ä»ï°¢±è¹ä	Q3	2	0.75	side	100	189.582	75	142.19
side_ÁÖ¸Ô¹ä±è¹ä·ù_Á¢½Ã_ÂüÄ¡¸¶¿ä»ï°¢±è¹ä_Q3_00028.JPG	val	val	ÂüÄ¡¸¶¿ä»ï°¢±è¹ä	12	ÂüÄ¡¸¶¿ä»ï°¢±è¹ä	Q3	2	0.75	side	100	189.582	75	142.19
side_ÁÖ¸Ô¹ä±è¹ä·ù_Á¢½Ã_ÂüÄ¡¸¶¿ä»ï°¢±è¹ä_Q3_00036.JPG	val	val	ÂüÄ¡¸¶¿ä»ï°¢±è¹ä	12	ÂüÄ¡¸¶¿ä»ï°¢±è¹ä	Q3	2	0.75	side	100	189.582	75	142.19
side_ÁÖ¸Ô¹ä±è¹ä·ù_Á¢½Ã_ÂüÄ¡¸¶¿ä»ï°¢±è¹ä_Q3_00046.JPG	val	val	ÂüÄ¡¸¶¿ä»ï°¢±è¹ä	12	ÂüÄ¡¸¶¿ä»ï°¢±è¹ä	Q3	2	0.75	side	100	189.582	75	142.19
top_ÁÖ¸Ô¹ä±è¹ä·ù_Á¢½Ã_ÂüÄ¡¸¶¿ä»ï°¢±è¹ä_Q3_00004.JPG	val	val	ÂüÄ¡¸¶¿ä»ï°¢±è¹ä	12	ÂüÄ¡¸¶¿ä»ï°¢±è¹ä	Q3	2	0.75	top	100	189.582	75	142.19
top_ÁÖ¸Ô¹ä±è¹ä·ù_Á¢½Ã_ÂüÄ¡¸¶¿ä»ï°¢±è¹ä_Q3_00011.JPG	val	val	ÂüÄ¡¸¶¿ä»ï°¢±è¹ä	12	ÂüÄ¡¸¶¿ä»ï°¢±è¹ä	Q3	2	0.75	top	100	189.582	75	142.19
top_ÁÖ¸Ô¹ä±è¹ä·ù_Á¢½Ã_ÂüÄ¡¸¶¿ä»ï°¢±è¹ä_Q3_00022.JPG	val	val	ÂüÄ¡¸¶¿ä»ï°¢±è¹ä	12	ÂüÄ¡¸¶¿ä»ï°¢±è¹ä	Q3	2	0.75	top	100	189.582	75	142.19
top_ÁÖ¸Ô¹ä±è¹ä·ù_Á¢½Ã_ÂüÄ¡¸¶¿ä»ï°¢±è¹ä_Q3_00039.JPG	val	val	ÂüÄ¡¸¶¿ä»ï°¢±è¹ä	12	ÂüÄ¡¸¶¿ä»ï°¢±è¹ä	Q3	2	0.75	top	100	189.582	75	142.19
side_ÁÖ¸Ô¹ä±è¹ä·ù_Á¢½Ã_ÂüÄ¡¸¶¿ä»ï°¢±è¹ä_Q4_00010.JPG	val	val	ÂüÄ¡¸¶¿ä»ï°¢±è¹ä	12	ÂüÄ¡¸¶¿ä»ï°¢±è¹ä	Q4	3	1	side	100	189.582	100	189.58
side_ÁÖ¸Ô¹ä±è¹ä·ù_Á¢½Ã_ÂüÄ¡¸¶¿ä»ï°¢±è¹ä_Q4_00017.JPG	val	val	ÂüÄ¡¸¶¿ä»ï°¢±è¹ä	12	ÂüÄ¡¸¶¿ä»ï°¢±è¹ä	Q4	3	1	side	100	189.582	100	189.58
side_ÁÖ¸Ô¹ä±è¹ä·ù_Á¢½Ã_ÂüÄ¡¸¶¿ä»ï°¢±è¹ä_Q4_00019.JPG	val	val	ÂüÄ¡¸¶¿ä»ï°¢±è¹ä	12	ÂüÄ¡¸¶¿ä»ï°¢±è¹ä	Q4	3	1	side	100	189.582	100	189.58
side_ÁÖ¸Ô¹ä±è¹ä·ù_Á¢½Ã_ÂüÄ¡¸¶¿ä»ï°¢±è¹ä_Q4_00021.JPG	val	val	ÂüÄ¡¸¶¿ä»ï°¢±è¹ä	12	ÂüÄ¡¸¶¿ä»ï°¢±è¹ä	Q4	3	1	side	100	189.582	100	189.58
side_ÁÖ¸Ô¹ä±è¹ä·ù_Á¢½Ã_ÂüÄ¡¸¶¿ä»ï°¢±è¹ä_Q4_00024.JPG	val	val	ÂüÄ¡¸¶¿ä»ï°¢±è¹ä	12	ÂüÄ¡¸¶¿ä»ï°¢±è¹ä	Q4	3	1	side	100	189.582	100	189.58
side_ÁÖ¸Ô¹ä±è¹ä·ù_Á¢½Ã_ÂüÄ¡¸¶¿ä»ï°¢±è¹ä_Q4_00037.JPG	val	val	ÂüÄ¡¸¶¿ä»ï°¢±è¹ä	12	ÂüÄ¡¸¶¿ä»ï°¢±è¹ä	Q4	3	1	side	100	189.582	100	189.58
side_ÁÖ¸Ô¹ä±è¹ä·ù_Á¢½Ã_ÂüÄ¡¸¶¿ä»ï°¢±è¹ä_Q4_00038.JPG	val	val	ÂüÄ¡¸¶¿ä»ï°¢±è¹ä	12	ÂüÄ¡¸¶¿ä»ï°¢±è¹ä	Q4	3	1	side	100	189.582	100	189.58
side_ÁÖ¸Ô¹ä±è¹ä·ù_Á¢½Ã_ÂüÄ¡¸¶¿ä»ï°¢±è¹ä_Q4_00044.JPG	val	val	ÂüÄ¡¸¶¿ä»ï°¢±è¹ä	12	ÂüÄ¡¸¶¿ä»ï°¢±è¹ä	Q4	3	1	side	100	189.582	100	189.58
top_ÁÖ¸Ô¹ä±è¹ä·ù_Á¢½Ã_ÂüÄ¡¸¶¿ä»ï°¢±è¹ä_Q4_00019.JPG	val	val	ÂüÄ¡¸¶¿ä»ï°¢±è¹ä	12	ÂüÄ¡¸¶¿ä»ï°¢±è¹ä	Q4	3	1	top	100	189.582	100	189.58
top_ÁÖ¸Ô¹ä±è¹ä·ù_Á¢½Ã_ÂüÄ¡¸¶¿ä»ï°¢±è¹ä_Q4_00034.JPG	val	val	ÂüÄ¡¸¶¿ä»ï°¢±è¹ä	12	ÂüÄ¡¸¶¿ä»ï°¢±è¹ä	Q4	3	1	top	100	189.582	100	189.58
top_ÁÖ¸Ô¹ä±è¹ä·ù_Á¢½Ã_ÂüÄ¡¸¶¿ä»ï°¢±è¹ä_Q4_00035.JPG	val	val	ÂüÄ¡¸¶¿ä»ï°¢±è¹ä	12	ÂüÄ¡¸¶¿ä»ï°¢±è¹ä	Q4	3	1	top	100	189.582	100	189.58
side_ÁÖ¸Ô¹ä±è¹ä·ù_Á¢½Ã_ÂüÄ¡¸¶¿ä»ï°¢±è¹ä_Q5_00007.JPG	val	val	ÂüÄ¡¸¶¿ä»ï°¢±è¹ä	12	ÂüÄ¡¸¶¿ä»ï°¢±è¹ä	Q5	4	1.25	side	100	189.582	125	236.98
side_ÁÖ¸Ô¹ä±è¹ä·ù_Á¢½Ã_ÂüÄ¡¸¶¿ä»ï°¢±è¹ä_Q5_00017.JPG	val	val	ÂüÄ¡¸¶¿ä»ï°¢±è¹ä	12	ÂüÄ¡¸¶¿ä»ï°¢±è¹ä	Q5	4	1.25	side	100	189.582	125	236.98
side_ÁÖ¸Ô¹ä±è¹ä·ù_Á¢½Ã_ÂüÄ¡¸¶¿ä»ï°¢±è¹ä_Q5_00021.JPG	val	val	ÂüÄ¡¸¶¿ä»ï°¢±è¹ä	12	ÂüÄ¡¸¶¿ä»ï°¢±è¹ä	Q5	4	1.25	side	100	189.582	125	236.98
side_ÁÖ¸Ô¹ä±è¹ä·ù_Á¢½Ã_ÂüÄ¡¸¶¿ä»ï°¢±è¹ä_Q5_00029.JPG	val	val	ÂüÄ¡¸¶¿ä»ï°¢±è¹ä	12	ÂüÄ¡¸¶¿ä»ï°¢±è¹ä	Q5	4	1.25	side	100	189.582	125	236.98
side_ÁÖ¸Ô¹ä±è¹ä·ù_Á¢½Ã_ÂüÄ¡¸¶¿ä»ï°¢±è¹ä_Q5_00051.JPG	val	val	ÂüÄ¡¸¶¿ä»ï°¢±è¹ä	12	ÂüÄ¡¸¶¿ä»ï°¢±è¹ä	Q5	4	1.25	side	100	189.582	125	236.98
top_ÁÖ¸Ô¹ä±è¹ä·ù_Á¢½Ã_ÂüÄ¡¸¶¿ä»ï°¢±è¹ä_Q5_00010.JPG	val	val	ÂüÄ¡¸¶¿ä»ï°¢±è¹ä	12	ÂüÄ¡¸¶¿ä»ï°¢±è¹ä	Q5	4	1.25	top	100	189.582	125	236.98
top_ÁÖ¸Ô¹ä±è¹ä·ù_Á¢½Ã_ÂüÄ¡¸¶¿ä»ï°¢±è¹ä_Q5_00022.JPG	val	val	ÂüÄ¡¸¶¿ä»ï°¢±è¹ä	12	ÂüÄ¡¸¶¿ä»ï°¢±è¹ä	Q5	4	1.25	top	100	189.582	125	236.98
top_ÁÖ¸Ô¹ä±è¹ä·ù_Á¢½Ã_ÂüÄ¡¸¶¿ä»ï°¢±è¹ä_Q5_00028.JPG	val	val	ÂüÄ¡¸¶¿ä»ï°¢±è¹ä	12	ÂüÄ¡¸¶¿ä»ï°¢±è¹ä	Q5	4	1.25	top	100	189.582	125	236.98
top_ÁÖ¸Ô¹ä±è¹ä·ù_Á¢½Ã_ÂüÄ¡¸¶¿ä»ï°¢±è¹ä_Q5_00038.JPG	val	val	ÂüÄ¡¸¶¿ä»ï°¢±è¹ä	12	ÂüÄ¡¸¶¿ä»ï°¢±è¹ä	Q5	4	1.25	top	100	189.582	125	236.98
top_ÁÖ¸Ô¹ä±è¹ä·ù_Á¢½Ã_ÂüÄ¡¸¶¿ä»ï°¢±è¹ä_Q5_00044.JPG	val	val	ÂüÄ¡¸¶¿ä»ï°¢±è¹ä	12	ÂüÄ¡¸¶¿ä»ï°¢±è¹ä	Q5	4	1.25	top	100	189.582	125	236.98
top_ÁÖ¸Ô¹ä±è¹ä·ù_Á¢½Ã_ÂüÄ¡¸¶¿ä»ï°¢±è¹ä_Q5_00050.JPG	val	val	ÂüÄ¡¸¶¿ä»ï°¢±è¹ä	12	ÂüÄ¡¸¶¿ä»ï°¢±è¹ä	Q5	4	1.25	top	100	189.582	125	236.98
side_¹ä·ù_¹ä±×¸©_Äá¹ä_Q1_00002.JPG	val	val	Äá¹ä	13	Äá¹ä	Q1	0	0.25	side	200	322.9	50	80.73
side_¹ä·ù_¹ä±×¸©_Äá¹ä_Q1_00005.JPG	val	val	Äá¹ä	13	Äá¹ä	Q1	0	0.25	side	200	322.9	50	80.73
side_¹ä·ù_¹ä±×¸©_Äá¹ä_Q1_00030.JPG	val	val	Äá¹ä	13	Äá¹ä	Q1	0	0.25	side	200	322.9	50	80.73
side_¹ä·ù_¹ä±×¸©_Äá¹ä_Q1_00047.JPG	val	val	Äá¹ä	13	Äá¹ä	Q1	0	0.25	side	200	322.9	50	80.73
side_¹ä·ù_¹ä±×¸©_Äá¹ä_Q1_00051.JPG	val	val	Äá¹ä	13	Äá¹ä	Q1	0	0.25	side	200	322.9	50	80.73
top_¹ä·ù_¹ä±×¸©_Äá¹ä_Q1_00003.JPG	val	val	Äá¹ä	13	Äá¹ä	Q1	0	0.25	top	200	322.9	50	80.73
top_¹ä·ù_¹ä±×¸©_Äá¹ä_Q1_00004.JPG	val	val	Äá¹ä	13	Äá¹ä	Q1	0	0.25	top	200	322.9	50	80.73
top_¹ä·ù_¹ä±×¸©_Äá¹ä_Q1_00019.JPG	val	val	Äá¹ä	13	Äá¹ä	Q1	0	0.25	top	200	322.9	50	80.73
top_¹ä·ù_¹ä±×¸©_Äá¹ä_Q1_00027.JPG	val	val	Äá¹ä	13	Äá¹ä	Q1	0	0.25	top	200	322.9	50	80.73
top_¹ä·ù_¹ä±×¸©_Äá¹ä_Q1_00049.JPG	val	val	Äá¹ä	13	Äá¹ä	Q1	0	0.25	top	200	322.9	50	80.73
top_¹ä·ù_¹ä±×¸©_Äá¹ä_Q1_00053.JPG	val	val	Äá¹ä	13	Äá¹ä	Q1	0	0.25	top	200	322.9	50	80.73
side_¹ä·ù_¹ä±×¸©_Äá¹ä_Q2_00001.JPG	val	val	Äá¹ä	13	Äá¹ä	Q2	1	0.5	side	200	322.9	100	161.45
side_¹ä·ù_¹ä±×¸©_Äá¹ä_Q2_00007.JPG	val	val	Äá¹ä	13	Äá¹ä	Q2	1	0.5	side	200	322.9	100	161.45
side_¹ä·ù_¹ä±×¸©_Äá¹ä_Q2_00018.JPG	val	val	Äá¹ä	13	Äá¹ä	Q2	1	0.5	side	200	322.9	100	161.45
side_¹ä·ù_¹ä±×¸©_Äá¹ä_Q2_00022.JPG	val	val	Äá¹ä	13	Äá¹ä	Q2	1	0.5	side	200	322.9	100	161.45
side_¹ä·ù_¹ä±×¸©_Äá¹ä_Q2_00026.JPG	val	val	Äá¹ä	13	Äá¹ä	Q2	1	0.5	side	200	322.9	100	161.45
side_¹ä·ù_¹ä±×¸©_Äá¹ä_Q2_00052.JPG	val	val	Äá¹ä	13	Äá¹ä	Q2	1	0.5	side	200	322.9	100	161.45
top_¹ä·ù_¹ä±×¸©_Äá¹ä_Q2_00003.JPG	val	val	Äá¹ä	13	Äá¹ä	Q2	1	0.5	top	200	322.9	100	161.45
top_¹ä·ù_¹ä±×¸©_Äá¹ä_Q2_00011.JPG	val	val	Äá¹ä	13	Äá¹ä	Q2	1	0.5	top	200	322.9	100	161.45
top_¹ä·ù_¹ä±×¸©_Äá¹ä_Q2_00024.JPG	val	val	Äá¹ä	13	Äá¹ä	Q2	1	0.5	top	200	322.9	100	161.45
top_¹ä·ù_¹ä±×¸©_Äá¹ä_Q2_00050.JPG	val	val	Äá¹ä	13	Äá¹ä	Q2	1	0.5	top	200	322.9	100	161.45
top_¹ä·ù_¹ä±×¸©_Äá¹ä_Q2_00053.JPG	val	val	Äá¹ä	13	Äá¹ä	Q2	1	0.5	top	200	322.9	100	161.45
side_¹ä·ù_¹ä±×¸©_Äá¹ä_Q3_00003.JPG	val	val	Äá¹ä	13	Äá¹ä	Q3	2	0.75	side	200	322.9	150	242.18
side_¹ä·ù_¹ä±×¸©_Äá¹ä_Q3_00005.JPG	val	val	Äá¹ä	13	Äá¹ä	Q3	2	0.75	side	200	322.9	150	242.18
side_¹ä·ù_¹ä±×¸©_Äá¹ä_Q3_00009.JPG	val	val	Äá¹ä	13	Äá¹ä	Q3	2	0.75	side	200	322.9	150	242.18
side_¹ä·ù_¹ä±×¸©_Äá¹ä_Q3_00016.JPG	val	val	Äá¹ä	13	Äá¹ä	Q3	2	0.75	side	200	322.9	150	242.18
side_¹ä·ù_¹ä±×¸©_Äá¹ä_Q3_00017.JPG	val	val	Äá¹ä	13	Äá¹ä	Q3	2	0.75	side	200	322.9	150	242.18
side_¹ä·ù_¹ä±×¸©_Äá¹ä_Q3_00036.JPG	val	val	Äá¹ä	13	Äá¹ä	Q3	2	0.75	side	200	322.9	150	242.18
side_¹ä·ù_¹ä±×¸©_Äá¹ä_Q3_00037.JPG	val	val	Äá¹ä	13	Äá¹ä	Q3	2	0.75	side	200	322.9	150	242.18
top_¹ä·ù_¹ä±×¸©_Äá¹ä_Q3_00022.JPG	val	val	Äá¹ä	13	Äá¹ä	Q3	2	0.75	top	200	322.9	150	242.18
top_¹ä·ù_¹ä±×¸©_Äá¹ä_Q3_00037.JPG	val	val	Äá¹ä	13	Äá¹ä	Q3	2	0.75	top	200	322.9	150	242.18
top_¹ä·ù_¹ä±×¸©_Äá¹ä_Q3_00039.JPG	val	val	Äá¹ä	13	Äá¹ä	Q3	2	0.75	top	200	322.9	150	242.18
top_¹ä·ù_¹ä±×¸©_Äá¹ä_Q3_00051.JPG	val	val	Äá¹ä	13	Äá¹ä	Q3	2	0.75	top	200	322.9	150	242.18
side_¹ä·ù_¹ä±×¸©_Äá¹ä_Q4_00018.JPG	val	val	Äá¹ä	13	Äá¹ä	Q4	3	1	side	200	322.9	200	322.9
side_¹ä·ù_¹ä±×¸©_Äá¹ä_Q4_00026.JPG	val	val	Äá¹ä	13	Äá¹ä	Q4	3	1	side	200	322.9	200	322.9
side_¹ä·ù_¹ä±×¸©_Äá¹ä_Q4_00032.JPG	val	val	Äá¹ä	13	Äá¹ä	Q4	3	1	side	200	322.9	200	322.9
side_¹ä·ù_¹ä±×¸©_Äá¹ä_Q4_00047.JPG	val	val	Äá¹ä	13	Äá¹ä	Q4	3	1	side	200	322.9	200	322.9
side_¹ä·ù_¹ä±×¸©_Äá¹ä_Q4_00049.JPG	val	val	Äá¹ä	13	Äá¹ä	Q4	3	1	side	200	322.9	200	322.9
top_¹ä·ù_¹ä±×¸©_Äá¹ä_Q4_00006.JPG	val	val	Äá¹ä	13	Äá¹ä	Q4	3	1	top	200	322.9	200	322.9
top_¹ä·ù_¹ä±×¸©_Äá¹ä_Q4_00019.JPG	val	val	Äá¹ä	13	Äá¹ä	Q4	3	1	top	200	322.9	200	322.9
top_¹ä·ù_¹ä±×¸©_Äá¹ä_Q4_00026.JPG	val	val	Äá¹ä	13	Äá¹ä	Q4	3	1	top	200	322.9	200	322.9
top_¹ä·ù_¹ä±×¸©_Äá¹ä_Q4_00047.JPG	val	val	Äá¹ä	13	Äá¹ä	Q4	3	1	top	200	322.9	200	322.9
top_¹ä·ù_¹ä±×¸©_Äá¹ä_Q4_00052.JPG	val	val	Äá¹ä	13	Äá¹ä	Q4	3	1	top	200	322.9	200	322.9
top_¹ä·ù_¹ä±×¸©_Äá¹ä_Q4_00053.JPG	val	val	Äá¹ä	13	Äá¹ä	Q4	3	1	top	200	322.9	200	322.9
side_¹ä·ù_¹ä±×¸©_Äá¹ä_Q5_00005.JPG	val	val	Äá¹ä	13	Äá¹ä	Q5	4	1.25	side	200	322.9	250	403.63
side_¹ä·ù_¹ä±×¸©_Äá¹ä_Q5_00015.JPG	val	val	Äá¹ä	13	Äá¹ä	Q5	4	1.25	side	200	322.9	250	403.63
side_¹ä·ù_¹ä±×¸©_Äá¹ä_Q5_00032.JPG	val	val	Äá¹ä	13	Äá¹ä	Q5	4	1.25	side	200	322.9	250	403.63
side_¹ä·ù_¹ä±×¸©_Äá¹ä_Q5_00033.JPG	val	val	Äá¹ä	13	Äá¹ä	Q5	4	1.25	side	200	322.9	250	403.63
side_¹ä·ù_¹ä±×¸©_Äá¹ä_Q5_00041.JPG	val	val	Äá¹ä	13	Äá¹ä	Q5	4	1.25	side	200	322.9	250	403.63
side_¹ä·ù_¹ä±×¸©_Äá¹ä_Q5_00049.JPG	val	val	Äá¹ä	13	Äá¹ä	Q5	4	1.25	side	200	322.9	250	403.63
top_¹ä·ù_¹ä±×¸©_Äá¹ä_Q5_00002.JPG	val	val	Äá¹ä	13	Äá¹ä	Q5	4	1.25	top	200	322.9	250	403.63
top_¹ä·ù_¹ä±×¸©_Äá¹ä_Q5_00011.JPG	val	val	Äá¹ä	13	Äá¹ä	Q5	4	1.25	top	200	322.9	250	403.63
top_¹ä·ù_¹ä±×¸©_Äá¹ä_Q5_00012.JPG	val	val	Äá¹ä	13	Äá¹ä	Q5	4	1.25	top	200	322.9	250	403.63
top_¹ä·ù_¹ä±×¸©_Äá¹ä_Q5_00038.JPG	val	val	Äá¹ä	13	Äá¹ä	Q5	4	1.25	top	200	322.9	250	403.63
top_¹ä·ù_¹ä±×¸©_Äá¹ä_Q5_00046.JPG	val	val	Äá¹ä	13	Äá¹ä	Q5	4	1.25	top	200	322.9	250	403.63
